ite,Acuracia,tExecS,MediaAcCumulativa,MediaTCumulativa
1,78.41554293825408,0.3597240447998047,78.41554293825408,0.3597240447998047
2,78.41554293825408,0.3341526985168457,78.41554293825408,0.3469383716583252
3,78.20706174591909,0.3324389457702636,78.34604920747574,0.342105229695638
4,78.21149751596877,0.3263630867004394,78.312411284599,0.3381696939468384
5,78.41554293825408,0.336904764175415,78.33303761533001,0.3379167079925537
6,78.41554293825408,0.3362810611724853,78.34678850248402,0.337644100189209
7,78.41554293825408,0.3091633319854736,78.35661056473688,0.3335754190172468
8,78.41554293825408,0.3204562664031982,78.36397711142652,0.3319355249404907
9,78.14939673527324,0.360518217086792,78.3401348474095,0.3351113796234131
10,78.41554293825408,0.3282535076141357,78.34767565649395,0.3344255924224854
11,78.41554293825408,0.3228495121002197,78.35384540938122,0.3333732214840976
12,78.41554293825408,0.3280527591705322,78.35898687012063,0.3329298496246338
13,78.41554293825408,0.3448586463928222,78.36333733690012,0.3338474493760329
14,78.41554293825408,0.3340764045715332,78.3670663084254,0.33386380331856863
15,78.41554293825408,0.3307952880859375,78.3702980837473,0.3336592356363932
16,78.41554293825408,0.3270308971405029,78.37312588715398,0.3332449644804001
17,78.41554293825408,0.3172550201416015,78.37562100780691,0.3323043795192943
18,78.41554293825408,0.3231244087219238,78.37783889283176,0.3317943811416626
19,78.41554293825408,0.3209834098815918,78.37982331627504,0.33122538265429047
20,78.41554293825408,0.3238413333892822,78.38160929737398,0.33085618019104
21,78.41554293825408,0.327409029006958,78.38322518503495,0.3306920301346552
22,78.41554293825408,0.3365638256072998,78.38469417381762,0.3309589299288663
23,78.41554293825408,0.3276641368865967,78.3860354244453,0.33081567805746326
24,78.41554293825408,0.3395569324493408,78.38726490418732,0.3311798969904582
25,78.41554293825408,0.3312947750091553,78.38839602555,0.33118449211120604
26,78.41554293825408,0.3422114849090576,78.38944013757707,0.33160860721881574
27,78.41554293825408,0.3360633850097656,78.39040690797252,0.3317735989888509
28,78.41554293825408,0.3357217311859131,78.3913046233397,0.33191460371017456
29,78.13165365507452,0.3314805030822754,78.38235114167539,0.3318996347230056
30,78.41554293825408,0.3327028751373291,78.38345753489467,0.33192640940348306
31,78.41554293825408,0.3175549507141113,78.38449254790626,0.3314628139618904
32,78.28246983676365,0.3341202735900879,78.38130433818306,0.3315458595752716
33,78.41554293825408,0.3167805671691894,78.38234187151853,0.331098426472057
34,78.41554293825408,0.3360271453857422,78.38331837348134,0.3312433887930477
35,78.41554293825408,0.3244223594665527,78.38423907533199,0.3310485022408622
36,78.41554293825408,0.3231184482574463,78.38510862707983,0.3308282229635451
37,78.41554293825408,0.3359737396240234,78.38593117603048,0.3309672909813958
38,78.41554293825408,0.3308315277099609,78.38671043293111,0.3309637182637265
39,78.41554293825408,0.3202118873596191,78.38744972793938,0.3306880302918263
40,78.41554293825408,0.3297479152679443,78.38815205819725,0.33066452741622926
41,78.20262597586941,0.3241169452667236,78.38362703179901,0.33050483029063155
42,78.41554293825408,0.3280029296875,78.38438693433366,0.33044526122865225
43,78.41554293825408,0.3365676403045654,78.38511149256436,0.3305876421373944
44,78.41554293825408,0.3344147205352783,78.38580311633004,0.3306746211918918
45,78.41554293825408,0.3309803009033203,78.38646400126169,0.33068141407436796
46,78.41554293825408,0.3303892612457275,78.38709615206587,0.33067506292591925
47,78.41554293825408,0.3180019855499267,78.38770140283582,0.3304054229817492
48,78.41554293825408,0.3172588348388672,78.3882814348237,0.33013153572877246
49,78.41554293825408,0.3344137668609619,78.38883779203657,0.33021892820085796
50,78.41554293825408,0.3237373828887939,78.38937189496092,0.3300892972946167
51,78.41554293825408,0.33614182472229,78.38988505267254,0.33020797430300247
52,78.41554293825408,0.3321216106414795,78.3903784735491,0.3302447750018193
53,78.41554293825408,0.3168568611145019,78.39085327476997,0.32999217285300203
54,78.41554293825408,0.3092246055603027,78.39131049076042,0.32960758827350756
55,78.41554293825408,0.3218393325805664,78.39175108071485,0.3294663472609086
56,78.41554293825408,0.3289833068847656,78.39217593531377,0.3294577215399061
57,78.41554293825408,0.331845760345459,78.3925858827338,0.32949961695754737
58,78.41554293825408,0.3269295692443847,78.39298169403587,0.32945530579007903
59,78.41554293825408,0.3330349922180176,78.39336408800568,0.32951597844140007
60,78.41554293825408,0.3204412460327148,78.39373373550983,0.3293647329012553
61,78.20706174591909,0.3245337009429931,78.39067353895916,0.32928553565603785
62,78.41554293825408,0.328441858291626,78.39107465830264,0.32927192795661187
63,78.41554293825408,0.3310160636901855,78.39146304369869,0.3292996126507956
64,78.41554293825408,0.3197603225708008,78.39183929205113,0.32915056124329567
65,78.41554293825408,0.3310489654541015,78.39220396353119,0.32917976746192346
66,78.41554293825408,0.329202651977539,78.39255758436032,0.32918011419700854
67,78.41554293825408,0.3294532299041748,78.39290064934382,0.32918419055084686
68,78.41554293825408,0.3257577419281006,78.39323362418074,0.3291338016005123
69,78.41554293825408,0.3283703327178955,78.39355694757312,0.3291227368340976
70,78.2514194464159,0.3292765617370605,78.39152641184229,0.32912493433271134
71,78.41554293825408,0.322033166885376,78.39186467277767,0.32902505028415735
72,78.41554293825408,0.3173828125,78.39219353757596,0.32886335253715515
73,78.41554293825408,0.3301687240600586,78.39251339237978,0.32888123433883876
74,78.41554293825408,0.3308329582214355,78.39282460245917,0.3289076089859009
75,78.41554293825408,0.323563814163208,78.3931275136031,0.32883635838826497
76,78.41554293825408,0.3208100795745849,78.39342245340114,0.32873074945650604
77,78.41554293825408,0.3367652893066406,78.39370973242522,0.3288350941298844
78,78.41554293825408,0.3275620937347412,78.39398964532046,0.32881877361199796
79,78.41554293825408,0.3494281768798828,78.3942624718133,0.32907965213437623
80,78.41554293825408,0.3325049877166748,78.39452847764382,0.32912246882915497
81,78.41554293825408,0.3323860168457031,78.39478791542913,0.32916275954540863
82,78.41554293825408,0.3339033126831054,78.39504102546358,0.3292205711690391
83,78.24698367636623,0.3389902114868164,78.39325720198049,0.32933827767889184
84,78.20706174591909,0.3560514450073242,78.39104058940833,0.3296562915756589
85,78.41554293825408,0.3369746208190918,78.39132885233593,0.3297423895667581
86,78.41554293825408,0.3307726383209228,78.39161041147453,0.3297543692034344
87,78.41554293825408,0.3198881149291992,78.39188549798924,0.3296409639818915
88,78.41554293825408,0.3288908004760742,78.3921543325377,0.32963243939659814
89,78.41554293825408,0.3302454948425293,78.39241712586036,0.32963932766003556
90,78.41554293825408,0.329357385635376,78.39267407933141,0.32963619497087265
91,78.41554293825408,0.3287761211395263,78.39292538547342,0.32962674361008865
92,78.41554293825408,0.325641393661499,78.39317122843843,0.3295834245889083
93,78.10503903477644,0.335878849029541,78.39007303280766,0.3296511173248291
94,78.41554293825408,0.3337571620941162,78.39034398924858,0.32969479865216195
95,78.41554293825408,0.3263118267059326,78.39060924134338,0.329659188421149
96,78.41554293825408,0.333625316619873,78.39086896735287,0.3297005022565524
97,78.41554293825408,0.3343343734741211,78.39112333818692,0.32974827412477475
98,78.23367636621718,0.3259596824645996,78.38951673643211,0.3297096150262015
99,78.41554293825408,0.328254222869873,78.38977962735962,0.3296949140953295
100,78.41554293825408,0.3297548294067383,78.39003726046856,0.3296955132484436
101,78.41554293825408,0.3334827423095703,78.39028979193179,0.3297330105658805
102,78.41554293825408,0.3237035274505615,78.39053737179769,0.3296738979863186
103,78.41554293825408,0.3321831226348877,78.39078014428758,0.3296982593906736
104,78.41554293825408,0.3432369232177734,78.39101824807571,0.3298284388505496
105,78.41554293825408,0.3160490989685058,78.39125181655359,0.3296972070421491
106,78.41554293825408,0.3306837081909179,78.39148097807907,0.3297065136567602
107,78.41554293825408,0.3330745697021484,78.39170585621154,0.32973799081606286
108,78.41554293825408,0.3364777565002441,78.39192656993416,0.32980039605387934
109,78.41554293825408,0.3232724666595459,78.39214323386369,0.32974050679338085
110,78.41554293825408,0.3397371768951416,78.39235595844904,0.3298313856124878
111,78.20706174591909,0.3201892375946045,78.39068664121905,0.32974451941412847
112,78.41554293825408,0.3296053409576416,78.39090857244257,0.3297432767493384
113,78.41554293825408,0.3288953304290771,78.39112657567983,0.3297357727996016
114,78.41554293825408,0.317117691040039,78.39134075429891,0.32962508787188616
115,78.41554293825408,0.3333702087402344,78.39155120807243,0.32965765414030657
116,78.41554293825408,0.3233437538146972,78.39175803333261,0.3296032239650858
117,78.41554293825408,0.320969820022583,78.39196132311825,0.32952943418779945
118,78.41554293825408,0.3177835941314697,78.39216116731433,0.3294298931703729
119,78.41554293825408,0.3296124935150146,78.3923576527844,0.3294314276270506
120,78.41554293825408,0.3313429355621338,78.39255086349664,0.32944735685984294
121,78.41554293825408,0.3440556526184082,78.39274088064339,0.3295680865768559
122,78.41554293825408,0.3382415771484375,78.39292778275495,0.3296391807618688
123,78.41554293825408,0.3370957374572754,78.39311164580779,0.32969980317402664
124,78.41554293825408,0.33217453956604,78.3932925433275,0.32971976072557513
125,78.41554293825408,0.323601484298706,78.39347054648692,0.32967081451416014
126,78.41554293825408,0.3346273899078369,78.39364572419935,0.32971015241410995
127,78.41554293825408,0.3315634727478027,78.39381814320765,0.3297247454876036
128,78.41554293825408,0.3369216918945312,78.39398786816895,0.32978097163140774
129,78.41554293825408,0.3354289531707763,78.3941549617355,0.3298247544340385
130,78.41554293825408,0.3263437747955322,78.3943194846318,0.32979797766758845
131,78.41554293825408,0.329927921295166,78.39448149572814,0.32979896960367683
132,78.41554293825408,0.3441841602325439,78.39464105211091,0.3299079483205622
133,78.41554293825408,0.3286635875701904,78.39479820914957,0.32989859222469475
134,78.41554293825408,0.3359391689300537,78.39495302056079,0.32994367115533174
135,78.41554293825408,0.3277351856231689,78.39510553846964,0.32992731200324166
136,78.41554293825408,0.337644100189209,78.39525581346804,0.32998405309284434
137,78.41554293825408,0.3218262195587158,78.39540389467086,0.3299245068626682
138,78.41554293825408,0.3324921131134033,78.39554982976928,0.3299431127050649
139,78.41554293825408,0.3412425518035888,78.39569366508212,0.33002440363383123
140,78.41554293825408,0.3292937278747558,78.39583544560477,0.3300191845212664
141,78.41554293825408,0.3285088539123535,78.39597521505618,0.3300084729566642
142,78.41554293825408,0.3359484672546386,78.39611301592377,0.33005030390242457
143,78.41554293825408,0.3347282409667969,78.3962488895065,0.33008301674902857
144,78.13165365507452,0.3285367488861084,78.39441142260073,0.3300722787777583
145,78.41554293825408,0.3259415626525879,78.39455715719143,0.3300437910803433
146,78.41554293825408,0.3259522914886474,78.39470089541788,0.33001576711053715
147,78.41554293825408,0.3349709510803222,78.3948426780222,0.33004947584502553
148,78.41554293825408,0.312840461730957,78.39498254464539,0.32993319872263316
149,78.41554293825408,0.3340942859649658,78.39512053386424,0.32996112548264883
150,78.41554293825408,0.3266363143920898,78.39525668322683,0.32993896007537843
151,78.41554293825408,0.3247888088226318,78.39539102928661,0.3299048531134397
152,78.41554293825408,0.3315780162811279,78.39552360763508,0.3299158607658587
153,78.41554293825408,0.3216836452484131,78.39565445293324,0.3298620554356793
154,78.41554293825408,0.3311755657196045,78.39578359894182,0.32987058472323727
155,78.41554293825408,0.3241550922393799,78.39591107855028,0.3298337105781801
156,78.41554293825408,0.33135986328125,78.39603692380479,0.329843493608328
157,78.41554293825408,0.3238203525543213,78.39616116593503,0.32980512965257003
158,78.41554293825408,0.3307483196258545,78.39628383538009,0.32981109920936297
159,78.41554293825408,0.3354525566101074,78.39640496181326,0.3298465800735186
160,78.41554293825408,0.3224003314971924,78.39652457416601,0.32980004101991656
161,78.41554293825408,0.3186664581298828,78.39664270065101,0.32973088833115854
162,78.41554293825408,0.3334293365478515,78.39675936878437,0.3297537182584221
163,78.41554293825408,0.3326485157012939,78.39687460540688,0.32977147775193666
164,78.41554293825408,0.3328068256378174,78.39698843670473,0.329789985970753
165,78.41554293825408,0.3265235424041748,78.39710088822926,0.3297701893430768
166,78.28246983676365,0.3363137245178222,78.39641033972646,0.3298096082296716
167,78.41554293825408,0.3310179710388183,78.39652490618471,0.3298168439351156
168,78.41554293825408,0.3310091495513916,78.39663810875655,0.32982394099235535
169,78.41554293825408,0.3310670852661133,78.39674997165298,0.329831296875632
170,78.41554293825408,0.3317737579345703,78.39686051851534,0.3298427231171552
171,78.29134137686302,0.3173160552978515,78.39624344751152,0.3297694677497908
172,78.41554293825408,0.3254034519195556,78.39635565385305,0.32974408393682436
173,78.41554293825408,0.328937292098999,78.39646656301143,0.32973942040018955
174,78.41554293825408,0.3391511440277099,78.3965761973519,0.32979351076586494
175,78.41554293825408,0.3274803161621094,78.39668457872848,0.32978029251098634
176,78.41554293825408,0.3163504600524902,78.39679172849851,0.3297039866447449
177,78.41554293825408,0.3334720134735107,78.39689766753668,0.32972527493191306
178,78.41554293825408,0.3295655250549316,78.39700241624857,0.32972437746069405
179,78.2514194464159,0.3358345031738281,78.39618910356795,0.32975851224121433
180,78.41554293825408,0.3299152851104736,78.39629662487175,0.32975938320159914
181,78.41554293825408,0.3271985054016113,78.39640295809485,0.32974523470546657
182,78.41554293825408,0.3338818550109863,78.396508122821,0.329767963388464
183,78.41554293825408,0.3303732872009277,78.39661213820588,0.3297712711688599
184,78.41554293825408,0.3287351131439209,78.39671502298874,0.32976563987524615
185,78.41554293825408,0.3227405548095703,78.3968167955037,0.3297276664424587
186,78.41554293825408,0.332566499710083,78.39691747369052,0.32974292898690827
187,78.41554293825408,0.3339607715606689,78.3970170751053,0.32976548429478936
188,78.41554293825408,0.3334512710571289,78.39711561693055,0.3297850895435252
189,78.41554293825408,0.3318004608154297,78.39721311598518,0.3297957528835882
190,78.41554293825408,0.3318471908569336,78.39730958873396,0.3298065499255532
191,78.41554293825408,0.3246915340423584,78.39740505129689,0.329779769737683
192,78.07398864442867,0.3254752159118652,78.39572059084445,0.3297573501865069
193,78.41554293825408,0.3380851745605469,78.3958232973077,0.3298004995355952
194,78.41554293825408,0.3275256156921386,78.39592494494144,0.32978877333021656
195,78.41554293825408,0.3246488571166992,78.39602555003535,0.32976241478553187
196,78.41554293825408,0.3347206115722656,78.39612512854667,0.32978771170791316
197,78.41554293825408,0.3408029079437256,78.39622369610863,0.3298436264096178
198,78.41554293825408,0.3318204879760742,78.39632126803866,0.3298536105589433
199,78.41554293825408,0.3297905921936035,78.39641785934627,0.32985329388374063
200,78.2514194464159,0.3299436569213867,78.39569286728162,0.32985374569892884
201,78.41554293825408,0.3343610763549804,78.39579162385363,0.32987617022955595
202,78.41554293825408,0.3331446647644043,78.39588940263778,0.32989235089557006
203,78.41554293825408,0.331418514251709,78.39598621808416,0.3298998689416594
204,78.41554293825408,0.3299169540405273,78.3960820843595,0.32989995269214406
205,78.41554293825408,0.3297176361083984,78.39617701535411,0.32989906334295505
206,78.41554293825408,0.3322887420654297,78.39627102468857,0.32991066372510297
207,78.41554293825408,0.3233559131622314,78.39636412572028,0.32987899826344663
208,78.41554293825408,0.3241727352142334,78.39645633154977,0.3298515643064792
209,78.04293825408091,0.3239955902099609,78.39476485749489,0.32982354529166336
210,78.41554293825408,0.3285379409790039,78.39486380073662,0.329817423366365
211,78.41554293825408,0.3280560970306396,78.3949618061277,0.3298090758481862
212,78.41554293825408,0.3362843990325928,78.39505888693962,0.3298396198254711
213,78.41554293825408,0.3375768661499023,78.39515505619462,0.3298759449255858
214,78.41554293825408,0.3271844387054443,78.39525032667154,0.329863367793716
215,78.41554293825408,0.3315644264221191,78.39534471091147,0.32987127969431324
216,78.41554293825408,0.3332865238189697,78.39543822122324,0.32988709100970515
217,78.41554293825408,0.3311975002288818,78.39553086968883,0.32989312976186724
218,78.41554293825408,0.3334131240844726,78.3956226681685,0.329909276524815
219,78.41554293825408,0.3372838497161865,78.39571362830588,0.32994295037500393
220,78.41554293825408,0.3388280868530273,78.39580376153292,0.32998333735899493
221,78.41554293825408,0.3321983814239502,78.39589307907465,0.3299933601828182
222,78.41554293825408,0.3347666263580322,78.39598159195384,0.3300148613818057
223,78.41554293825408,0.327559232711792,78.39606931099556,0.33000384959404777
224,78.41554293825408,0.3251254558563232,78.39615624683154,0.3299820710505758
225,78.41554293825408,0.3276045322418213,78.39624240990453,0.3299715042114258
226,78.41554293825408,0.3341941833496094,78.39632781047246,0.3299901886323912
227,78.41554293825408,0.329960823059082,78.39641245861247,0.3299900592686321
228,78.41554293825408,0.3355429172515869,78.39649636422494,0.33001441390890823
229,78.41554293825408,0.3316998481750488,78.3965795370373,0.33002177388386955
230,78.41554293825408,0.3353350162506103,78.39666198660781,0.330044874937638
231,78.41554293825408,0.3281338214874267,78.39674372232923,0.33003660197897905
232,78.22036905606812,0.3353943824768066,78.3959834866988,0.3300596958604352
233,78.41554293825408,0.330507755279541,78.39606743284281,0.33006161886223395
234,78.41554293825408,0.3349447250366211,78.39615066149842,0.33008248683733815
235,78.2514194464159,0.3338391780853271,78.39553478398743,0.3300984727575424
236,78.41554293825408,0.3339900970458984,78.39561956430212,0.33011496269096763
237,78.41554293825408,0.3241603374481201,78.39570362917112,0.33008983768994293
238,78.41554293825408,0.3352694511413574,78.39578698761265,0.33011160077167157
239,78.41554293825408,0.3355059623718261,78.39586964849401,0.33013417132229983
240,78.41554293825408,0.3351237773895263,78.39595162053469,0.33015496134757993
241,78.41554293825408,0.3309416770935058,78.39603291230945,0.3301582257282685
242,78.41554293825408,0.3369417190551758,78.39611353225138,0.33018625669242924
243,78.41554293825408,0.3264482021331787,78.39619348865469,0.33017087375185616
244,78.41554293825408,0.3340308666229248,78.39627278967764,0.3301866933947704
245,78.41554293825408,0.3406324386596679,78.39635144334531,0.33022932908972913
246,78.41554293825408,0.3147203922271728,78.39642945755226,0.3301662846309383
247,78.41554293825408,0.3302481174468994,78.39650684006523,0.3301666159378855
248,78.41554293825408,0.3328068256378174,78.39658359852567,0.33017726194474006
249,78.41554293825408,0.3288605213165283,78.3966597404523,0.3301719738297673
250,78.41554293825408,0.337785005569458,78.39673527324351,0.33020242595672605
251,78.41554293825408,0.3156535625457763,78.39681020417981,0.33014446235747924
252,77.90099361249113,0.3333818912506103,78.39484267802231,0.33015730929753134
253,78.41554293825408,0.3280675411224365,78.39492449723272,0.33014904934427014
254,78.41554293825408,0.3293256759643554,78.39500567219737,0.33014580771679014
255,78.41554293825408,0.3272449970245361,78.39508621049563,0.3301344319885852
256,78.41554293825408,0.3348016738891601,78.39516611958845,0.33015266340225935
257,78.41554293825408,0.3312044143676758,78.39524540682062,0.3301567558184672
258,78.41554293825408,0.3307774066925049,78.39532407942308,0.33015916144200996
259,78.41554293825408,0.3306095600128174,78.3954021445151,0.33016090043263085
260,78.41554293825408,0.3317263126373291,78.3954796091064,0.33016692124880276
261,78.41554293825408,0.338139533996582,78.39555648009932,0.3301974676577981
262,78.41554293825408,0.3245484828948974,78.39563276429075,0.33017590664725266
263,78.41554293825408,0.330524206161499,78.39570846837427,0.33017723098000645
264,78.41554293825408,0.336376428604126,78.39578359894199,0.3302007127891887
265,78.41554293825408,0.3248233795166015,78.39585816248658,0.3301804209655186
266,78.41554293825408,0.3427457809448242,78.395932165403,0.3302276591609295
267,78.41554293825408,0.3231754302978515,78.39600561399047,0.3302012463187457
268,78.41554293825408,0.3457326889038086,78.39607851445413,0.3302591994627198
269,78.41554293825408,0.3365166187286377,78.39615087290693,0.3302824612443775
270,78.41554293825408,0.3230106830596924,78.39622269537118,0.33025552873258235
271,78.41554293825408,0.3711512088775635,78.39629398778035,0.33040643530138303
272,78.41554293825408,0.3533773422241211,78.39636475598063,0.3304908871650696
273,78.41554293825408,0.3492133617401123,78.39643500573254,0.33055946765801847
274,78.41554293825408,0.3295199871063232,78.39650474271255,0.33055567393337726
275,78.41554293825408,0.3372797966003418,78.39657397251453,0.3305801252885298
276,78.41554293825408,0.3329935073852539,78.39664270065127,0.33058886942656146
277,78.41554293825408,0.3326911926269531,78.39671093255598,0.33059645904100327
278,78.41554293825408,0.3344032764434814,78.39677867358368,0.33061015262878196
279,78.41554293825408,0.3264403343200683,78.39684592901261,0.3305952070434461
280,78.26029098651526,0.3331372737884521,78.39635823278941,0.3306042858532497
281,78.41554293825408,0.3418765068054199,78.39642650576259,0.3306444005185599
282,78.41554293825408,0.3105146884918213,78.3964942945303,0.3305730185610183
283,78.41554293825408,0.3305790424346924,78.39656160422544,0.330573039846791
284,78.41554293825408,0.336292028427124,78.39662843990865,0.33059317713052455
285,78.41554293825408,0.334709882736206,78.39669480656951,0.33060762171159713
286,78.13165365507452,0.3273565769195556,78.39576808925659,0.33059625442211443
287,78.41554293825408,0.3414802551269531,78.39583699116947,0.3306341777695181
288,78.41554293825408,0.3623342514038086,78.39590541459685,0.33074424746963715
289,78.41554293825408,0.3326685428619385,78.3959733645057,0.3307509059312022
290,78.41554293825408,0.3283758163452148,78.3960408457945,0.3307427159671126
291,78.26472675656494,0.3331315517425537,78.39558959462877,0.3307509250247601
292,78.41554293825408,0.3441121578216553,78.39565792799735,0.33079668267132484
293,78.41554293825408,0.3349835872650146,78.39572579492656,0.3308109724480951
294,78.41554293825408,0.3341104984283447,78.39579320017597,0.33082219532557894
295,78.41554293825408,0.3309304714202881,78.39586014844066,0.33082256236318813
296,78.41554293825408,0.3299348354339599,78.39592664435219,0.33081956328572454
297,78.41554293825408,0.3281848430633545,78.39599269247981,0.3308106921738647
298,78.41554293825408,0.3240115642547607,78.39605829733141,0.33078787630836437
299,78.41554293825408,0.334486722946167,78.39612346335457,0.3308002470329055
300,78.41554293825408,0.3309681415557861,78.39618819493757,0.3308008066813151
301,78.41554293825408,0.3384151458740234,78.39625249641038,0.3308261034892643
302,78.41554293825408,0.3484654426574707,78.39631637204563,0.33088451189710605
303,78.41554293825408,0.342989444732666,78.39637982605953,0.3309244621704907
304,78.41554293825408,0.3438687324523926,78.3964428626128,0.3309670420069444
305,78.0207594038325,0.3439221382141113,78.39521111356763,0.33100951773221376
306,78.24698367636623,0.3451228141784668,78.39472671017808,0.331055639616025
307,78.41554293825408,0.3384823799133301,78.39479451548127,0.3310798309524983
308,78.41554293825408,0.3573276996612549,78.39486188049027,0.3311650513054489
309,78.41554293825408,0.3464813232421875,78.3949288094798,0.3312146185285451
310,78.41554293825408,0.3486769199371338,78.3949953066694,0.3312709485330889
311,78.41554293825408,0.3344631195068359,78.39506137622433,0.3312812127484386
312,78.41554293825408,0.3302888870239258,78.39512702225649,0.3312780322172703
313,78.41554293825408,0.3355543613433838,78.39519224882517,0.33129169461064445
314,78.41554293825408,0.3393940925598144,78.395257059938,0.3313174984257692
315,78.41554293825408,0.3413143157958984,78.39532145955171,0.3313492343539283
316,78.41554293825408,0.3213257789611816,78.39538545157293,0.33131751455838165
317,78.41554293825408,0.3528141975402832,78.39544903985899,0.3313853274384508
318,78.41554293825408,0.3326852321624756,78.39551222821873,0.33138941518915527
319,78.41554293825408,0.3370356559753418,78.3955750204132,0.331407115003532
320,78.41554293825408,0.3332350254058838,78.39563742015646,0.3314128272235394
321,78.41554293825408,0.3449048995971679,78.39569943111627,0.33145485860165036
322,78.41554293825408,0.3328163623809814,78.39576105691484,0.33145908687425696
323,78.41554293825408,0.3369090557098388,78.39582230112951,0.33147595984278816
324,78.41554293825408,0.3306045532226562,78.39588316729348,0.33147327031618284
325,78.41554293825408,0.3389604091644287,78.39594365889644,0.33149630766648513
326,78.41554293825408,0.3738551139831543,78.39600377938527,0.3316262426551866
327,78.41554293825408,0.3500001430511474,78.39606353216469,0.33168243195303354
328,78.41554293825408,0.3416018486022949,78.39612292059789,0.3317126740769642
329,78.41554293825408,0.3395173549652099,78.39618194800718,0.331736396511275
330,78.41554293825408,0.331871747970581,78.39624061767461,0.3317368066672123
331,78.41554293825408,0.3391897678375244,78.39629893284253,0.33175932316621626
332,78.41554293825408,0.3363950252532959,78.39635689671425,0.33177328612430984
333,78.41554293825408,0.3300950527191162,78.39641451245461,0.3317682463843543
334,78.41554293825408,0.3504707813262939,78.39647178319055,0.33182424199795296
335,78.41554293825408,0.3265647888183594,78.39652871201163,0.3318085421377154
336,78.41554293825408,0.3356821537017822,78.39658530197069,0.3318200707435608
337,78.41554293825408,0.3483495712280273,78.3966415560843,0.3318691197064227
338,78.41554293825408,0.3289732933044433,78.39669747733332,0.33186055217268906
339,78.21149751596877,0.3349134922027588,78.39615116476293,0.3318695578954916
340,78.41554293825408,0.3302946090698242,78.39620819939084,0.3318649256930632
341,78.41554293825408,0.3284173011779785,78.39626489950481,0.3318548153572418
342,78.2514194464159,0.3318805694580078,78.39584137478818,0.33185489066163004
343,78.41554293825408,0.3330278396606445,78.39589881374873,0.331858310338012
344,78.41554293825408,0.3356161117553711,78.39595591876183,0.3318692341793415
345,78.41554293825408,0.3332903385162353,78.39601269273138,0.331873353322347
346,78.41554293825408,0.3364222049713135,78.3960691385277,0.3318865002924307
347,78.41554293825408,0.3338358402252197,78.396125258988,0.33189211798676155
348,78.41554293825408,0.3323080539703369,78.39618105691693,0.3318933132051051
349,78.41554293825408,0.3475756645202636,78.39623653508696,0.33193824830916
350,78.41554293825408,0.3404023647308349,78.39629169623886,0.33196243149893623
351,78.41554293825408,0.3858919143676758,78.39634654308222,0.3321160767492745
352,78.41554293825408,0.3462746143341064,78.39640107829577,0.33215629986741324
353,78.41554293825408,0.3755109310150146,78.39645530452795,0.3322791175193895
354,78.41554293825408,0.3480918407440185,78.39650922439724,0.33232378622906356
355,78.41554293825408,0.3308248519897461,78.39656284049262,0.33231956387909367
356,78.41554293825408,0.3458974361419678,78.39661615537398,0.3323577039697197
357,78.41554293825408,0.3530728816986084,78.39666917157251,0.33241572967764377
358,78.41554293825408,0.3310163021087646,78.39672189159118,0.33241182066208824
359,78.41554293825408,0.3429608345031738,78.39677431790501,0.332441205101757
360,78.41554293825408,0.3323132991790771,78.39682645296155,0.3324408498075273
361,78.41554293825408,0.3432190418243408,78.3968782991812,0.33247070629510855
362,78.41554293825408,0.3531405925750732,78.39692985895765,0.3325278054284786
363,78.41554293825408,0.3345124721527099,78.39698113465819,0.3325332728299228
364,78.41554293825408,0.3481316566467285,78.39703212862412,0.3325761255327162
365,78.41554293825408,0.3404080867767334,78.39708284317105,0.332597582960782
366,78.41554293825408,0.3408255577087402,78.39713328058932,0.33262006376610426
367,78.41554293825408,0.3380696773529053,78.39718344314426,0.3326349128494471
368,78.41554293825408,0.319119930267334,78.39723333307663,0.3325981873533
369,78.41554293825408,0.3329856395721435,78.39728295260285,0.3325992373593131
370,78.41554293825408,0.3314192295074463,78.39733230391543,0.3325960481489027
371,78.41554293825408,0.328294038772583,78.3973813891832,0.33258445243629803
372,78.41554293825408,0.3447482585906982,78.39743021055166,0.3326171508399389
373,78.41554293825408,0.334820032119751,78.39747877014337,0.33262305668787406
374,78.41554293825408,0.3329808712005615,78.3975270700581,0.33262401341117004
375,78.41554293825408,0.3317320346832275,78.3975751123733,0.33262163480122886
376,78.41554293825408,0.3588910102844238,78.39762289914425,0.33269150016155646
377,78.41554293825408,0.3423209190368652,78.3976704324045,0.3327170423866899
378,78.41554293825408,0.3160576820373535,78.397717714166,0.3326729700048134
379,78.41554293825408,0.3261678218841553,78.39776474641954,0.3326558060256032
380,78.41554293825408,0.3341941833496094,78.3978115311349,0.33265985438698215
381,78.41554293825408,0.338303804397583,78.39785807026121,0.33267466790407035
382,78.41554293825408,0.3382141590118408,78.39790436572716,0.33268916918969277
383,78.41554293825408,0.3335883617401123,78.39795041944133,0.33269151695092103
384,78.41554293825408,0.3287582397460937,78.3979962332924,0.33268127404153347
385,78.41554293825408,0.3349974155426025,78.39804180914946,0.3326872899934843
386,78.41554293825408,0.3172369003295898,78.39808714886216,0.3326472630772566
387,78.41554293825408,0.3194034099578857,78.39813225426111,0.33261304123457086
388,78.41554293825408,0.3369870185852051,78.39817712715801,0.3326243143720725
389,78.41554293825408,0.3364841938018799,78.39822176934592,0.3326342369413008
390,78.41554293825408,0.3151106834411621,78.39826618259953,0.33258930475283893
391,78.41554293825408,0.3327150344848633,78.39831036867538,0.33258962631225586
392,78.41554293825408,0.3346936702728271,78.39835432931206,0.33259499377133894
393,78.41554293825408,0.3355493545532226,78.39839806623048,0.3326025112287992
394,78.41554293825408,0.3346643447875976,78.39844158113411,0.33260774430889767
395,78.41554293825408,0.3333413600921631,78.3984848757091,0.3326096015640452
396,78.41554293825408,0.3331503868103027,78.39852795162462,0.3326109671833539
397,78.41554293825408,0.332350492477417,78.39857081053302,0.3326103110757823
398,78.41554293825408,0.327460765838623,78.39861345407,0.33259737251991006
399,78.41554293825408,0.333676815032959,78.39865588385493,0.33260007788961693
400,78.41554293825408,0.3391897678375244,78.39869810149092,0.3326165521144867
401,78.41554293825408,0.3338894844055176,78.39874010856515,0.33261972650922744
402,78.41554293825408,0.3352165222167969,78.39878190664896,0.33262618620004225
403,78.41554293825408,0.3145458698272705,78.39882349729811,0.332581321891425
404,78.41554293825408,0.3332374095916748,78.39886488205295,0.33258294587088105
405,78.41554293825408,0.335336685180664,78.39890606243864,0.33258974522720147
406,78.41554293825408,0.3107225894927978,78.39894703996528,0.3325358852377079
407,78.41554293825408,0.3331625461578369,78.39898781612816,0.33253742494512833
408,78.41554293825408,0.3376080989837646,78.39902839240787,0.33254985306777207
409,78.41554293825408,0.3378190994262695,78.39906877027059,0.3325627363107024
410,78.41554293825408,0.33516526222229,78.3991089511681,0.332569083934877
411,78.41554293825408,0.3344476222991943,78.39914893653815,0.3325736545878315
412,78.41554293825408,0.3335506916046142,78.39918872780446,0.3325760260369014
413,78.41554293825408,0.3311951160430908,78.39922832637697,0.3325726824291682
414,78.41554293825408,0.3355276584625244,78.39926773365204,0.33257982005243714
415,78.41554293825408,0.3350329399108886,78.39930695101253,0.3325857311846262
416,78.41554293825408,0.3183159828186035,78.39934597982803,0.3325514289049002
417,78.41554293825408,0.3335053920745849,78.39938482145494,0.33255371658636224
418,78.41554293825408,0.3356540203094482,78.39942347723675,0.3325611335809151
419,78.41554293825408,0.3352541923522949,78.3994619485041,0.3325675609288182
420,78.41554293825408,0.3277442455291748,78.39950023657492,0.3325560768445333
421,78.41554293825408,0.3333480358123779,78.39953834275468,0.33255795798222415
422,78.41554293825408,0.334033727645874,78.39957626833642,0.3325614550667351
423,78.41554293825408,0.3334088325500488,78.399614014601,0.3325634583231969
424,78.41554293825408,0.3349900245666504,78.39965158281716,0.3325691813567899
425,78.41554293825408,0.3249194622039795,78.39968897424171,0.33255118201760686
426,78.41554293825408,0.3333828449249267,78.39972619011967,0.3325531342779527
427,78.41554293825408,0.3313651084899902,78.39976323168437,0.3325503520161542
428,78.41554293825408,0.332094669342041,78.39980010015766,0.33254928733700906
429,78.41554293825408,0.3375496864318847,78.39983679674997,0.33256094327895513
430,78.41554293825408,0.3335652351379394,78.39987332266043,0.3325632788414179
431,78.41554293825408,0.3275690078735351,78.39990967907711,0.33255169120576156
432,78.41554293825408,0.3337645530700683,78.39994586717705,0.3325544987563734
433,78.41554293825408,0.3332886695861816,78.39998188812642,0.33255619430101496
434,78.41554293825408,0.3302946090698242,78.40001774308062,0.33255098327513666
435,78.41554293825408,0.3146214485168457,78.40005343318447,0.33250976595385323
436,78.41554293825408,0.3368453979492187,78.40008895957224,0.3325197100639343
437,78.41554293825408,0.3331117630004883,78.40012432336785,0.33252106487614613
438,78.41554293825408,0.3360788822174072,78.40015952568493,0.33252918774678825
439,78.41554293825408,0.3330626487731933,78.400194567627,0.33253040291996916
440,78.41554293825408,0.3240439891815185,78.40022945028751,0.33251111561601815
441,78.41554293825408,0.3302052021026611,78.40026417475,0.3325058867871897
442,78.41554293825408,0.3195903301239013,78.40029874208825,0.3324766660707569
443,78.41554293825408,0.3105700016021728,78.40033315336628,0.3324272153608955
444,78.41554293825408,0.3325653076171875,78.40036740963853,0.33242752637949075
445,78.41554293825408,0.3359642028808594,78.40040151195002,0.3324354739671343
446,78.41554293825408,0.3366415500640869,78.40043546133636,0.33244490463102877
447,78.41554293825408,0.3340179920196533,78.40046925882386,0.33244842384218903
448,78.41554293825408,0.3338093757629394,78.40050290542972,0.33245146168129786
449,78.41554293825408,0.3338699340820312,78.40053640216206,0.33245462086259125
450,78.41554293825408,0.3339455127716064,78.40056975002004,0.3324579339557224
451,78.41554293825408,0.3352124691009521,78.40060294999395,0.3324640415724524
452,78.41554293825408,0.3368475437164306,78.40063600306532,0.33247373958604526
453,78.41554293825408,0.3334047794342041,78.400668910207,0.33247579486164824
454,78.41554293825408,0.3376052379608154,78.40070167238332,0.3324870931944658
455,78.41554293825408,0.3345763683319092,78.40073429055006,0.3324916850079547
456,78.41554293825408,0.3348488807678222,78.40076676565467,0.3324968542969018
457,78.41554293825408,0.3324720859527588,78.40079909863628,0.3324968000992122
458,78.41554293825408,0.3316547870635986,78.40083129042584,0.33249496164280257
459,78.41554293825408,0.3313913345336914,78.40086334194616,0.33249255722644283
460,78.41554293825408,0.3334729671478271,78.40089525411204,0.33249468855235886
461,78.41554293825408,0.3327651023864746,78.40092702783035,0.3324952751333439
462,78.41554293825408,0.3332047462463379,78.40095866400009,0.3324968107851037
463,78.41554293825408,0.3340890407562256,78.40099016351252,0.332500249726726
464,78.41554293825408,0.3326716423034668,78.40102152725117,0.3325006191072793
465,78.41554293825408,0.3318052291870117,78.40105275609203,0.33249912364508516
466,78.41554293825408,0.3346695899963379,78.40108385090353,0.33250378129819946
467,78.41554293825408,0.3167409896850586,78.40111481254668,0.3324700279971006
468,78.41554293825408,0.317948579788208,78.4011456418751,0.3324389992616115
469,78.41554293825408,0.3349699974060058,78.40117633973519,0.33244439584614116
470,78.41554293825408,0.3349738121032715,78.40120690696608,0.3324497775828585
471,78.41554293825408,0.3330671787261963,78.4012373443998,0.3324510884133114
472,78.41554293825408,0.3348574638366699,78.40126765286135,0.332456186666327
473,78.41554293825408,0.3057813644409179,78.40129783316873,0.3323997916933346
474,78.41554293825408,0.3278956413269043,78.40132788613305,0.3323902892664012
475,78.41554293825408,0.3358464241027832,78.40135781255856,0.33239756533974096
476,78.41554293825408,0.3340198993682861,78.40138761324279,0.3324009736045068
477,78.26916252661462,0.3350329399108886,78.40111041180332,0.3324064913535768
478,78.41554293825408,0.3314454555511474,78.40114060537329,0.3324044808184253
479,78.41554293825408,0.3354570865631103,78.40117067287409,0.33241085369054363
480,78.41554293825408,0.3392131328582763,78.40120061509361,0.3324250251054764
481,78.41554293825408,0.3163859844207763,78.40123043281328,0.33239167990654767
482,78.41554293825408,0.3338291645050049,78.40126012680797,0.3323946622397395
483,78.41554293825408,0.3294713497161865,78.40128969784615,0.33238860983285845
484,78.41554293825408,0.3357875347137451,78.40131914668997,0.3323956324049264
485,78.41554293825408,0.3331718444824219,78.40134847409524,0.3323972328421996
486,78.41554293825408,0.3366665840148926,78.40137768081162,0.33240601751539445
487,78.41554293825408,0.3355143070220947,78.40140676758254,0.33241240004004885
488,78.41554293825408,0.3365068435668945,78.40143573514538,0.3324207902931776
489,78.41554293825408,0.3317973613739013,78.4014645842315,0.3324195153874122
490,78.41554293825408,0.3368716239929199,78.40149331556623,0.33242860132334184
491,78.41554293825408,0.336402416229248,78.40152192986905,0.3324366946327225
492,78.41554293825408,0.3363518714904785,78.40155042785358,0.3324446523092627
493,78.41554293825408,0.3336591720581054,78.4015788102276,0.332447115838165
494,78.41554293825408,0.3357191085815429,78.40160707769324,0.33245373930525685
495,78.41554293825408,0.3315939903259277,78.4016352309469,0.33245200243863193
496,78.41554293825408,0.3363394737243652,78.40166327067936,0.3324598400823532
497,78.41554293825408,0.3332233428955078,78.40169119757589,0.33246137630531725
498,78.41554293825408,0.3333966732025146,78.4017190123162,0.3324632544115365
499,78.41554293825408,0.3337998390197754,78.40174671557459,0.3324659329378055
500,78.41554293825408,0.3534185886383056,78.40177430801994,0.33250783824920654
501,78.41554293825408,0.3360500335693359,78.40180179031582,0.3325149084993465
502,78.41554293825408,0.3386774063110351,78.40182916312047,0.33252718439140166
503,78.41554293825408,0.3316948413848877,78.40185642708693,0.33252552963393345
504,78.41554293825408,0.3347346782684326,78.40188358286305,0.3325299128653511
505,78.41554293825408,0.3365907669067383,78.40191063109154,0.3325379541604826
506,78.41554293825408,0.3068320751190185,78.40193757241005,0.33248715202798956
507,78.41554293825408,0.3337981700897217,78.40196440745115,0.33248973786243086
508,78.41554293825408,0.3330857753753662,78.4019911368425,0.33249091116462165
509,78.41554293825408,0.3190960884094238,78.40201776120675,0.33246459520635996
510,78.41554293825408,0.3324146270751953,78.40204428116175,0.3324644972296322
511,78.41554293825408,0.3237080574035644,78.40207069732043,0.33244736133956165
512,78.41554293825408,0.3339190483093261,78.402097010291,0.33245023572817445
513,78.41554293825408,0.3307387828826904,78.40212322067688,0.3324468995627836
514,78.41554293825408,0.3364830017089844,78.40214932907683,0.33245475190158946
515,78.41554293825408,0.3333947658538818,78.40217533608495,0.33245657717139976
516,78.41554293825408,0.3336455821990967,78.4022012422907,0.33245888144470925
517,78.41554293825408,0.3330216407775879,78.40222704827902,0.3324599699540572
518,78.41554293825408,0.3093252182006836,78.40225275463031,0.3324153082711356
519,78.28246983676365,0.3339965343475342,78.40202195902748,0.33241835494951016
520,78.41554293825408,0.3357524871826172,78.40204796091061,0.3324247667422661
521,78.41554293825408,0.334348201751709,78.40207386297844,0.33242845855610387
522,78.41554293825408,0.3362545967102051,78.40209966580464,0.33243578832268256
523,78.41554293825408,0.3350114822387695,78.40212536995845,0.3324407131676464
524,78.41554293825408,0.3351130485534668,78.40215097600482,0.3324458130443369
525,78.41554293825408,0.317460298538208,78.40217648450434,0.3324172692071824
526,78.41554293825408,0.3334794044494629,78.40220189601337,0.33241928847570384
527,78.41554293825408,0.3418481349945068,78.40222721108402,0.3324371800250754
528,78.41554293825408,0.3367412090301513,78.40225243026427,0.33244533159516076
529,78.41554293825408,0.3347651958465576,78.40227755409789,0.33244971697181747
530,78.30464868701206,0.3210728168487549,78.4020933486883,0.33242825112252866
531,78.41554293825408,0.3306353092193603,78.4021186774822,0.3324248745841046
532,78.41554293825408,0.3367955684661865,78.40214391105508,0.3324330901741085
533,78.41554293825408,0.3336923122406006,78.40216904994287,0.33243545269205693
534,78.41554293825408,0.3347902297973633,78.40219409467754,0.3324398623870107
535,78.41554293825408,0.3265130519866943,78.40221904578702,0.3324287842367297
536,78.41554293825408,0.3370161056518554,78.40224390379535,0.3324373426722057
537,78.41554293825408,0.3289036750793457,78.40226866922265,0.3324307622856268
538,78.41554293825408,0.3261148929595947,78.40229334258515,0.33241902275156354
539,78.41554293825408,0.3355557918548584,78.40231792439529,0.3324248423602895
540,78.41554293825408,0.3331987857818603,78.4023424151617,0.33242627558884796
541,78.41554293825408,0.3162546157836914,78.40236681538921,0.33239638342654637
542,78.41554293825408,0.328432559967041,78.402391125579,0.3323890700991303
543,78.41554293825408,0.3369863033294678,78.4024153462285,0.33239753645867054
544,78.21149751596877,0.31787109375,78.40206439433463,0.3323708334389855
545,78.41554293825408,0.3346326351165771,78.40208912560787,0.33237498353380673
546,78.41554293825408,0.327998399734497,78.40211376629037,0.3323669678125626
547,78.41554293825408,0.3353097438812256,78.40213831687898,0.3323723476591232
548,78.41554293825408,0.3226597309112549,78.40216277786688,0.3323546239059337
549,78.41554293825408,0.31026291847229,78.40218714974371,0.332314384005326
550,78.41554293825408,0.3336060047149658,78.40221143299554,0.3323167324066162
551,78.41554293825408,0.3353736400604248,78.4022356281049,0.3323222803333926
552,78.41554293825408,0.3344049453735351,78.40225973555083,0.3323260532773059
553,78.41554293825408,0.3303797245025635,78.40228375580888,0.3323225336954348
554,78.41554293825408,0.330312967300415,78.40230768935119,0.33231890631927047
555,78.41554293825408,0.3393428325653076,78.4023315366465,0.33233156204223635
556,78.41554293825408,0.3336553573608398,78.40235529816019,0.3323339429690684
557,78.41554293825408,0.3341093063354492,78.40237897435425,0.3323371303359739
558,78.41554293825408,0.3318164348602295,78.4024025656874,0.33233619718996
559,78.41554293825408,0.3360452651977539,78.40242607261506,0.33234283237423157
560,78.41554293825408,0.3361952304840088,78.40244949558941,0.33234971165657046
561,78.41554293825408,0.3250911235809326,78.4024728350594,0.33233677299689907
562,78.41554293825408,0.3351807594299316,78.40249609147077,0.3323418334709792
563,78.41554293825408,0.335036039352417,78.40251926526612,0.33234661891659456
564,78.41554293825408,0.3344786167144775,78.4025423568849,0.33235039905453406
565,78.41554293825408,0.3367948532104492,78.40256536676341,0.3323582653450755
566,78.41554293825408,0.3345232009887695,78.40258829533495,0.332362090319711
567,78.41554293825408,0.31197190284729,78.40261114302969,0.33232612878977724
568,78.41554293825408,0.3389034271240234,78.4026339102748,0.3323377085403657
569,78.41554293825408,0.3344061374664306,78.40265659749444,0.33234134374058727
570,78.41554293825408,0.3163318634033203,78.4026792051098,0.33231325693297803
571,78.41554293825408,0.333400011062622,78.40270173353912,0.3323151601801403
572,78.41554293825408,0.3326587677001953,78.4027241831977,0.33231576089258796
573,78.41554293825408,0.33367919921875,78.40274655449798,0.3323181403661066
574,78.41554293825408,0.3334903717041015,78.40276884784947,0.3323201825809811
575,78.41554293825408,0.3361883163452148,78.40279106365887,0.3323269097701363
576,78.41554293825408,0.3376777172088623,78.40281320233004,0.3323361993663841
577,78.41554293825408,0.3355693817138672,78.40283526426404,0.332341802801995
578,78.41554293825408,0.3349807262420654,78.40285724985917,0.332346368413483
579,78.41554293825408,0.3347513675689697,78.40287915951097,0.3323505221253232
580,78.41554293825408,0.3358049392700195,78.40290099361225,0.332356478016952
581,78.41554293825408,0.3334906101226806,78.40292275255311,0.33235843005155735
582,78.41554293825408,0.3245019912719726,78.40294443672097,0.3323449310158536
583,78.41554293825408,0.3293190002441406,78.40296604650062,0.3323397407400874
584,78.41554293825408,0.3318917751312256,78.40298758227416,0.33233897367568865
585,78.41554293825408,0.3323705196380615,78.40300904442114,0.3323390276004107
586,78.41554293825408,0.3158090114593506,78.40303043331846,0.3323108193817399
587,78.41554293825408,0.3349931240081787,78.40305174934049,0.33231538889558393
588,78.41554293825408,0.3327507972717285,78.40307299285905,0.33231612938601957
589,78.41554293825408,0.3175060749053955,78.40309416424341,0.33229098498112886
590,78.41554293825408,0.332942247390747,78.40311526386037,0.3322920888157214
591,78.41554293825408,0.3220932483673095,78.40313629207424,0.3322748318944889
592,78.41554293825408,0.3378167152404785,78.40315724924683,0.3322841931839247
593,78.41554293825408,0.3361525535583496,78.40317813573756,0.3322907165572374
594,78.41554293825408,0.3359289169311523,78.40319895190342,0.3322968414736918
595,78.41554293825408,0.3363246917724609,78.40321969809897,0.3323036109699922
596,78.41554293825408,0.3114302158355713,78.4032403746764,0.3322685884949345
597,78.41554293825408,0.3368258476257324,78.40326098198557,0.33227622209481855
598,78.41554293825408,0.3358168601989746,78.40328152037398,0.33228214289432384
599,78.41554293825408,0.3342189788818359,78.40330199018679,0.3322853763433848
600,78.41554293825408,0.3284420967102051,78.4033223917669,0.3322789708773295
601,78.41554293825408,0.3346974849700928,78.40334272545489,0.3322829950272343
602,78.41554293825408,0.3375329971313476,78.4033629915891,0.332291715960962
603,78.41554293825408,0.3365755081176758,78.40338319050564,0.3322988200938919
604,78.41554293825408,0.3366239070892334,78.40340332253832,0.3323059808339504
605,78.41554293825408,0.3337664604187011,78.40342338801884,0.33230839484979297
606,78.41554293825408,0.340080976486206,78.40344338727665,0.3323212208920973
607,78.41554293825408,0.3314478397369385,78.40346332063905,0.33231978204340673
608,78.41554293825408,0.3350903987884521,78.40348318843117,0.33232433897884267
609,78.41554293825408,0.3269243240356445,78.40350299097604,0.3323154719592315
610,78.06068133427964,0.3365736007690429,78.40294098826014,0.332322452498264
611,78.41554293825408,0.3335850238800049,78.40296161338289,0.3323245188998708
612,78.41554293825408,0.3360023498535156,78.40298217110325,0.3323305284275728
613,78.41554293825408,0.3377969264984131,78.40300266175113,0.3323394458795644
614,78.41554293825408,0.3313872814178467,78.40302308565423,0.33233789512311207
615,78.41554293825408,0.333181619644165,78.40304344313813,0.3323392670329024
616,78.41554293825408,0.3227150440216064,78.4030637345263,0.33232364329424774
617,78.41554293825408,0.3350236415863037,78.40308396014011,0.33232801930444555
618,78.41554293825408,0.3359732627868652,78.40310412029886,0.3323339177566825
619,78.41554293825408,0.3353338241577148,78.40312421531979,0.3323387641321284
620,78.41554293825408,0.3335847854614258,78.40314424551808,0.33234077384394983
621,78.41554293825408,0.3116095066070556,78.40316421120686,0.33230739016079863
622,78.41554293825408,0.3144218921661377,78.40318411269728,0.33227863534087154
623,78.41554293825408,0.3382678031921386,78.40320395029849,0.3322882487724145
624,78.41554293825408,0.3357269763946533,78.40322372431764,0.33229375955386037
625,78.41554293825408,0.3352334499359131,78.40324343505995,0.33229846305847166
626,78.41554293825408,0.3345646858215332,78.40326308282862,0.33230208322262994
627,78.41554293825408,0.3253340721130371,78.40328266792498,0.3322909699672717
628,78.41554293825408,0.3344819545745849,78.40330219064843,0.33229445879626424
629,78.41554293825408,0.3363533020019531,78.40332165129645,0.3323009116471477
630,78.41554293825408,0.3352944850921631,78.40334105016464,0.3323056633510287
631,78.41554293825408,0.3339192867279053,78.40336038754671,0.33230822059885257
632,78.41554293825408,0.3343145847320556,78.40337966373454,0.3323113952256456
633,78.41554293825408,0.3160445690155029,78.40339887901813,0.33228569723795187
634,78.41554293825408,0.3109750747680664,78.4034180336857,0.33225208426875646
635,78.41554293825408,0.3342134952545166,78.4034371280236,0.3322551731049545
636,78.41554293825408,0.3345420360565185,78.4034561623164,0.33225876880141925
637,78.41554293825408,0.3355004787445068,78.40347513684692,0.3322638578280175
638,78.28246983676365,0.3339736461639404,78.40328547336716,0.3322665377470393
639,78.41554293825408,0.3309416770935058,78.40330465562832,0.33226446441268326
640,78.41554293825408,0.3351566791534424,78.40332377794492,0.33226898349821565
641,78.41554293825408,0.3345906734466553,78.4033428405975,0.3322726054794145
642,78.41554293825408,0.334829568862915,78.40336184386489,0.33227658828842305
643,78.41554293825408,0.3375449180603027,78.40338078802411,0.3322847816473218
644,78.41554293825408,0.3357765674591064,78.40339967335055,0.33229020367497986
645,78.41554293825408,0.3340933322906494,78.40341850011784,0.3322929992232212
646,78.41554293825408,0.332993745803833,78.40343726859793,0.33229408397025
647,78.41554293825408,0.319777250289917,78.40345597906106,0.33227473801402074
648,78.2514194464159,0.3335790634155273,78.4032213547823,0.33227675086186254
649,78.41554293825408,0.3339989185333252,78.403240340273,0.332279404433005
650,78.41554293825408,0.326343297958374,78.40325926734683,0.3322702719615056
651,78.41554293825408,0.335076093673706,78.40327813627295,0.33227458197949666
652,78.41554293825408,0.3372635841369629,78.40329694731892,0.33228223382329647
653,78.41554293825408,0.3358845710754394,78.40331570075067,0.33228775041939473
654,78.41554293825408,0.3378598690032959,78.40333439683248,0.3322962704783915
655,78.41554293825408,0.3349723815917969,78.40335303582701,0.3323003561442135
656,78.41554293825408,0.3375885486602783,78.40337161799533,0.33230841741329287
657,78.41554293825408,0.3361048698425293,78.40339014359695,0.3323141958796996
658,78.41554293825408,0.3357610702514648,78.40340861288973,0.33231943429059896
659,78.41554293825408,0.3181238174438476,78.40342702613005,0.3322978931421213
660,78.41554293825408,0.3328485488891601,78.40344538357265,0.3322987274690108
661,78.41554293825408,0.3378908634185791,78.40346368547081,0.3323071875839118
662,78.41554293825408,0.3316483497619629,78.40348193207622,0.3323061923606158
663,78.41554293825408,0.3370561599731445,78.40350012363908,0.33231335671598916
664,78.41554293825408,0.334561824798584,78.40351826040806,0.3323167429631015
665,78.41554293825408,0.3397855758666992,78.40353634263039,0.3323279742907761
666,78.41554293825408,0.3338572978973388,78.40355437055175,0.3323302705724676
667,78.41554293825408,0.3333513736724853,78.40357234441636,0.332331801461673
668,78.41554293825408,0.3344457149505615,78.40359026446701,0.3323349660028241
669,78.41554293825408,0.3248553276062011,78.40360813094502,0.3323237856763717
670,78.41554293825408,0.334904670715332,78.40362594409025,0.33232763774359403
671,78.41554293825408,0.3332037925720215,78.40364370414116,0.33232894348849484
672,78.41554293825408,0.3376867771148681,78.40366141133478,0.33233691645520075
673,78.41554293825408,0.3324782848358154,78.40367906590672,0.3323371265122299
674,78.41554293825408,0.335834264755249,78.40369666809121,0.3323423151446379
675,78.41554293825408,0.3350851535797119,78.40371421812108,0.3323463786089862
676,78.41554293825408,0.3340215682983398,78.40373171622778,0.3323488567002426
677,78.41554293825408,0.3337845802307129,78.4037491626414,0.33235097741446784
678,78.41554293825408,0.317643404006958,78.40376655759069,0.3323292848283211
679,78.41554293825408,0.3349165916442871,78.403783901303,0.33233309529491306
680,78.41554293825408,0.3386776447296142,78.40380119400439,0.33234242551466997
681,78.41554293825408,0.3353984355926513,78.40381843591959,0.33234691304782416
682,78.41554293825408,0.3347184658050537,78.40383562727197,0.33235039039790804
683,78.41554293825408,0.3347513675689697,78.40385276828366,0.3323539057378364
684,78.41554293825408,0.3337571620941162,78.40386985917543,0.33235595728221695
685,78.41554293825408,0.3361155986785888,78.40388690016678,0.33236144580980287
686,78.41554293825408,0.3325788974761963,78.40390389147593,0.3323617627947393
687,78.41554293825408,0.3350422382354736,78.40392083331986,0.33236566450571564
688,78.41554293825408,0.3211524486541748,78.40393772591425,0.3323493662268616
689,78.41554293825408,0.3331382274627685,78.40395456947351,0.33235051116334335
690,78.41554293825408,0.3347606658935547,78.40397136421088,0.33235400414121324
691,78.41554293825408,0.3352031707763672,78.40398811033829,0.3323581273924942
692,78.41554293825408,0.3351731300354004,78.40400480806649,0.3323621953153886
693,78.41554293825408,0.3348860740661621,78.40402145760498,0.3323658372760679
694,78.41554293825408,0.3210997581481933,78.40403805916212,0.332349603732656
695,78.41554293825408,0.3201868534088135,78.40405461294498,0.3323321033724778
696,78.41554293825408,0.3326139450073242,78.4040711191595,0.33233250831735545
697,78.41554293825408,0.3348214626312256,78.40408757801042,0.33233607927046
698,78.41554293825408,0.3344554901123047,78.40410398970131,0.33233911567567753
699,78.41554293825408,0.3363125324249267,78.40412035443458,0.332344800105934
700,78.41554293825408,0.3226199150085449,78.40413667241145,0.3323309074129377
701,78.41554293825408,0.3251185417175293,78.40415294383206,0.3323206187314892
702,78.41554293825408,0.3391032218933105,78.40416916889534,0.33233028055935504
703,78.41554293825408,0.3336105346679687,78.40418534779911,0.3323321016889548
704,78.41554293825408,0.3338208198547363,78.4042014807401,0.33233421634544025
705,78.41554293825408,0.3351643085479736,78.40421756791388,0.3323382306606212
706,78.41554293825408,0.3369817733764648,78.40423360951492,0.3323448079165926
707,78.41554293825408,0.3347063064575195,78.40424960573661,0.3323481480842601
708,78.41554293825408,0.3213145732879638,78.40426555677124,0.3323325639390676
709,78.41554293825408,0.3328423500061035,78.40428146280999,0.3323332829603187
710,78.41554293825408,0.311384916305542,78.40429732404301,0.3323037782185514
711,78.41554293825408,0.3377258777618408,78.40431314065934,0.33231140423759964
712,78.41554293825408,0.3136019706726074,78.40432891284696,0.3322851269432668
713,78.41554293825408,0.3339617252349853,78.40434464079284,0.33228747841352163
714,78.41554293825408,0.3353590965270996,78.40436032468284,0.3322917803996751
715,78.41554293825408,0.3371868133544922,78.40437596470181,0.33229862659961196
716,78.41554293825408,0.3353116512298584,78.40439156103359,0.3323028347345704
717,78.41554293825408,0.3172380924224853,78.40440711386094,0.3322818239363666
718,78.41554293825408,0.3336250782012939,78.40442262336568,0.3322836947640337
719,78.41554293825408,0.3355162143707275,78.40443808972852,0.3322881906188413
720,78.41554293825408,0.3230595588684082,78.40445351312924,0.3322753730747435
721,78.41554293825408,0.331775426864624,78.40446889374661,0.332274679668072
722,78.41554293825408,0.3328173160552978,78.40448423175839,0.33227543124201553
723,78.41554293825408,0.3354053497314453,78.40449952734137,0.3322797603132319
724,78.41554293825408,0.335641860961914,78.40451478067136,0.3322844040986583
725,78.41554293825408,0.3349218368530273,78.4045299919232,0.33228804193694017
726,78.41554293825408,0.3201515674591064,78.40454516127075,0.3322713250299459
727,78.41554293825408,0.336918830871582,78.40456028888696,0.33227771774774734
728,78.41554293825408,0.3390305042266845,78.40457537494378,0.3322869935533503
729,78.41554293825408,0.3337197303771972,78.40459041961223,0.3322889588987876
730,78.41554293825408,0.3400681018829345,78.40460542306242,0.3322996152590399
731,78.41554293825408,0.3275213241577148,78.4046203854635,0.33229307860910645
732,78.41554293825408,0.3367798328399658,78.4046353069837,0.33229920805477703
733,78.41554293825408,0.3383851051330566,78.40465018779035,0.33230751077930404
734,78.41554293825408,0.3229875564575195,78.40466502804983,0.332294813293852
735,78.41554293825408,0.3341078758239746,78.40467982792767,0.33229728004559367
736,78.41554293825408,0.3372533321380615,78.40469458758842,0.3323040138120237
737,78.24698367636623,0.3239686489105224,78.40448059720684,0.3322927039546268
738,78.41554293825408,0.3354425430297851,78.40449558682886,0.33229697202925434
739,78.41554293825408,0.3359949588775635,78.40451053588356,0.3323019760709977
740,78.41554293825408,0.333899974822998,78.40452544453541,0.33230413552877064
741,78.41554293825408,0.3365156650543213,78.40454031294799,0.3323098191043787
742,78.41554293825408,0.3343820571899414,78.40455514128396,0.3323126118780789
743,78.41554293825408,0.3348877429962158,78.40456992970519,0.3323160777342271
744,78.41554293825408,0.3367416858673095,78.40458467837259,0.3323220261322555
745,78.41554293825408,0.335702896118164,78.40459938744625,0.33232656421277346
746,78.41554293825408,0.3353712558746338,78.40461405708541,0.3323306455688886
747,78.41554293825408,0.33437180519104,78.40462868744841,0.3323333780449557
748,78.41554293825408,0.3354215621948242,78.4046432786928,0.33233750663339134
749,78.41554293825408,0.3360960483551025,78.40465783097525,0.33234252471312664
750,78.41554293825408,0.336475133895874,78.40467234445163,0.3323480348587036
751,78.41554293825408,0.334782600402832,78.40468681927692,0.3323512766237424
752,78.41554293825408,0.3382735252380371,78.40470125560535,0.3323591519543465
753,78.41554293825408,0.3364531993865967,78.40471565359027,0.33236458893632825
754,78.41554293825408,0.3346827030181885,78.40473001338425,0.33236766335818746
755,78.41554293825408,0.3273038864135742,78.40474433513904,0.3323609563688569
756,78.41554293825408,0.3314151763916015,78.40475861900559,0.33235970533714093
757,78.41554293825408,0.3387858867645263,78.40477286513406,0.3323681943482735
758,78.41554293825408,0.3396947383880615,78.40478707367379,0.3323778599736558
759,78.41554293825408,0.3398523330688476,78.40480124477337,0.3323877077642951
760,78.41554293825408,0.3360307216644287,78.40481537858058,0.3323925012036374
761,78.41554293825408,0.3362264633178711,78.40482947524242,0.33239753926160615
762,78.41554293825408,0.3376219272613525,78.40484353490517,0.33240439541383676
763,78.41554293825408,0.3329272270202636,78.40485755771428,0.3324050806453
764,78.41554293825408,0.3355467319488525,78.40487154381445,0.33240919275433606
765,78.41554293825408,0.3346438407897949,78.40488549334967,0.3324121138628791
766,78.41554293825408,0.3333954811096191,78.40489940646312,0.33241339763213074
767,78.41554293825408,0.3348021507263183,78.40491328329726,0.33241651204294453
768,78.41554293825408,0.3390300273895263,78.40492712399382,0.33242512339105207
769,78.41554293825408,0.3343069553375244,78.40494092869376,0.3324275705067172
770,78.41554293825408,0.336221694946289,78.40495469753735,0.3324324979410543
771,78.41554293825408,0.3364520072937011,78.40496843066408,0.33243771131245853
772,78.41554293825408,0.3362877368927002,78.40498212821277,0.3324426983922257
773,78.41554293825408,0.3343067169189453,78.40499579032148,0.3324451098004103
774,78.41554293825408,0.3349123001098633,78.4050094171276,0.3324482973847894
775,78.41554293825408,0.3370778560638428,78.40502300876776,0.33245427100889147
776,78.41554293825408,0.337996244430542,78.40503656537791,0.3324614127272183
777,78.41554293825408,0.3345789909362793,78.40505008709333,0.3324641380530987
778,78.41554293825408,0.3363964557647705,78.40506357404854,0.3324691924460443
779,78.41554293825408,0.3367009162902832,78.40507702637743,0.332474624697449
780,78.41554293825408,0.3364529609680176,78.40509044421317,0.3324797251285651
781,78.41554293825408,0.3323829174041748,78.40510382768825,0.33247960117501274
782,78.41554293825408,0.3353176116943359,78.4051171769345,0.3324832303444748
783,78.41554293825408,0.3334145545959472,78.40513049208305,0.33248441977519183
784,78.41554293825408,0.3369998931884765,78.40514377326438,0.33249017930760677
785,78.41554293825408,0.3382489681243896,78.40515702060831,0.33249751534431604
786,78.41554293825408,0.3385257720947265,78.405170234244,0.3325051848821664
787,78.41554293825408,0.3350117206573486,78.40518341429991,0.3325083698069125
788,78.41554293825408,0.3384220600128174,78.40519656090392,0.33251587448991493
789,78.41554293825408,0.3370025157928467,78.40520967418318,0.33252156098079316
790,78.41554293825408,0.3353996276855469,78.40522275426429,0.33252520410320424
791,78.41554293825408,0.3357298374176025,78.40523580127312,0.3325292554727547
792,78.41554293825408,0.3341448307037353,78.40524881533497,0.3325312953404706
793,78.41554293825408,0.3316142559051513,78.40526179657445,0.33253013892251937
794,78.41554293825408,0.321354866027832,78.4052747451156,0.33251606427151853
795,78.41554293825408,0.3344504833221435,78.40528766108181,0.3325184975030287
796,78.41554293825408,0.3356635570526123,78.40530054459585,0.3325224485828649
797,78.41554293825408,0.3342106342315674,78.40531339577986,0.33252456675808284
798,78.41554293825408,0.3392446041107178,78.40532621475539,0.3325329878575222
799,78.41554293825408,0.3344686031341553,78.40533900164337,0.3325354104048021
800,78.41554293825408,0.3343870639801025,78.40535175656413,0.33253772497177125
801,78.41554293825408,0.3358056545257568,78.4053644796374,0.3325418047839485
802,78.41554293825408,0.3326027393341064,78.4053771709823,0.3325418807621906
803,78.41554293825408,0.3368949890136719,78.40538983071738,0.33254730181854364
804,78.41554293825408,0.3160932064056396,78.4054024589606,0.3325268365257415
805,78.41554293825408,0.3356082439422607,78.40541505582927,0.3325306643610415
806,78.41554293825408,0.3359947204589844,78.40542762144023,0.3325349621973913
807,78.41554293825408,0.3390126228332519,78.40544015590963,0.33254298903832796
808,78.41554293825408,0.3376383781433105,78.40545265935312,0.33254929521296284
809,78.41554293825408,0.3376669883728027,78.40546513188575,0.33255562116248055
810,78.41554293825408,0.3383748531341553,78.40547757362201,0.33256280539948263
811,78.41554293825408,0.3390491008758545,78.4054899846758,0.33257080329772726
812,78.41554293825408,0.3388590812683105,78.4055023651605,0.33257854748242005
813,78.28246983676365,0.3249001502990722,78.40535103363726,0.3325691029594393
814,78.41554293825408,0.3323557376861572,78.4053635544046,0.332568840839939
815,78.41554293825408,0.3200583457946777,78.40537604444613,0.33255349053926997
816,78.41554293825408,0.3332831859588623,78.4053885038748,0.3325543847738528
817,78.41554293825408,0.3363666534423828,78.40540093280306,0.3325590509533736
818,78.41554293825408,0.3388912677764892,78.40541333134273,0.3325667920497344
819,78.41554293825408,0.332859992980957,78.40542569960513,0.3325671500484294
820,78.41554293825408,0.335629940032959,78.40543803770103,0.33257088515816663
821,78.41554293825408,0.3346109390258789,78.40545034574069,0.332573369998444
822,78.41554293825408,0.3371305465698242,78.40546262383377,0.33257891400887146
823,78.41554293825408,0.3083293437957763,78.40547487208944,0.3325494491604959
824,78.41554293825408,0.337200403213501,78.40548709061633,0.33255509352221074
825,78.41554293825408,0.3385326862335205,78.40549927952256,0.3325623390891335
826,78.41554293825408,0.3375072479248047,78.4055114389157,0.3325683256615738
827,78.41554293825408,0.335209846496582,78.4055235689028,0.33257151976173704
828,78.41554293825408,0.3339221477508545,78.40553566959042,0.33257315095496065
829,78.41554293825408,0.3352601528167724,78.40554774108458,0.33257639221173
830,78.41554293825408,0.3157308101654053,78.4055597834908,0.3325560963297465
831,78.41554293825408,0.33351731300354,78.4055717969141,0.3325572530285116
832,78.41554293825408,0.3365740776062011,78.40558378145899,0.3325620809426674
833,78.41554293825408,0.3330183029174804,78.40559573722945,0.3325626286281114
834,78.41554293825408,0.3262138366699219,78.40560766432898,0.33255501616772987
835,78.41554293825408,0.3370571136474609,78.40561956286064,0.33256040790123853
836,78.41554293825408,0.335355281829834,78.4056314329269,0.3325637510518708
837,78.41554293825408,0.3287191390991211,78.4056432746298,0.33255915772815187
838,78.41554293825408,0.3330304622650146,78.40565508807087,0.332559720144067
839,78.41554293825408,0.3348731994628906,78.40566687335118,0.33256247756876167
840,78.41554293825408,0.3155028820037842,78.4056786305713,0.33254216852642243
841,78.41554293825408,0.3371200561523437,78.40569035983133,0.3325476119124223
842,78.41554293825408,0.3296267986297607,78.40570206123087,0.33254414301303675
843,78.41554293825408,0.3193943500518799,78.4057137348691,0.3325285442076261
844,78.41554293825408,0.3344097137451172,78.40572538084467,0.3325307730814857
845,78.41554293825408,0.3348474502563476,78.40573699925581,0.33253351471127846
846,78.41554293825408,0.3324956893920898,78.40574859020025,0.33253347000049926
847,78.41554293825408,0.3372504711151123,78.40576015377528,0.33253903906911153
848,78.41554293825408,0.3335602283477783,78.40577169007773,0.33254024330175147
849,78.41554293825408,0.3410305976867676,78.40578319920395,0.3325502437191661
850,78.41554293825408,0.3380014896392822,78.4057946812499,0.33255665694966036
851,78.41554293825408,0.3360981941223144,78.405806136311,0.3325608185679596
852,78.41554293825408,0.3344483375549316,78.40581756448229,0.33256303396583164
853,78.41554293825408,0.3380656242370605,78.40582896585835,0.332569484833676
854,78.41554293825408,0.3433301448822021,78.40584034053327,0.33258208513818244
855,78.41554293825408,0.3259396553039551,78.40585168860078,0.3325743162143997
856,78.41554293825408,0.3266575336456299,78.4058630101541,0.3325674040852306
857,78.41554293825408,0.340583324432373,78.40587430528608,0.33257675755121324
858,78.41554293825408,0.3179082870483398,78.40588557408907,0.33255966143174603
859,78.41554293825408,0.3302381038665771,78.40589681665503,0.3325569588036143
860,78.41554293825408,0.3352768421173095,78.4059080330755,0.33256012145863023
861,78.41554293825408,0.3362815380096435,78.40591922344156,0.3325644436613608
862,78.41554293825408,0.3368735313415527,78.4059303878439,0.33256944260298515
863,78.41554293825408,0.3255746364593506,78.40594152637276,0.33256133738149773
864,78.41554293825408,0.3154056072235107,78.40595263911798,0.3325414812123334
865,78.41554293825408,0.3242185115814209,78.405963726169,0.33253185928212425
866,78.41554293825408,0.33319091796875,78.40597478761482,0.33253262031986863
867,78.41554293825408,0.335839033126831,78.40598582354404,0.33253643394479016
868,78.41554293825408,0.3356788158416748,78.40599683404487,0.3325400542004317
869,78.41554293825408,0.3207106590270996,78.40600781920506,0.3325264415477581
870,78.41554293825408,0.336561918258667,78.406018779112,0.3325310800267362
871,78.41554293825408,0.337822675704956,78.40602971385269,0.3325371553375034
872,78.41554293825408,0.3344321250915527,78.4060406235137,0.3325393284679553
873,78.41554293825408,0.3350574970245361,78.40605150818122,0.3325422129680201
874,78.41554293825408,0.3331050872802734,78.40606236794102,0.33254285698897235
875,78.41554293825408,0.3366842269897461,78.40607320287852,0.33254758998325895
876,78.41554293825408,0.3361325263977051,78.40608401307871,0.3325516823764261
877,78.41554293825408,0.3368229866027832,78.40609479862624,0.33255655273472295
878,78.41554293825408,0.3366320133209228,78.40610555960531,0.332561194489377
879,78.41554293825408,0.3357434272766113,78.40611629609978,0.332564814776962
880,78.41554293825408,0.3344621658325195,78.40612700819314,0.3325669708577069
881,78.41554293825408,0.3348865509033203,78.40613769596847,0.33256960375219685
882,78.41554293825408,0.3207728862762451,78.40614835950846,0.3325562287890722
883,78.41554293825408,0.3371686935424804,78.40615899889549,0.3325614524184645
884,78.41554293825408,0.309199571609497,78.4061696142115,0.332535024951486
885,78.41554293825408,0.3347258567810058,78.4061802055381,0.33253750046767755
886,78.41554293825408,0.3323965072631836,78.40619077295652,0.3325373413331353
887,78.41554293825408,0.3359947204589844,78.40620131654761,0.33254123916754996
888,78.41554293825408,0.3322455883026123,78.40621183639186,0.33254090622738675
889,78.41554293825408,0.347959041595459,78.40622233256944,0.33255824946177154
890,78.41554293825408,0.3349418640136719,78.40623280516009,0.33256092768036916
891,78.41554293825408,0.3357200622558594,78.40624325424325,0.33256447328595334
892,78.41554293825408,0.3358488082885742,78.40625367989796,0.3325681552758666
893,78.41554293825408,0.335411787033081,78.40626408220295,0.33257133963393737
894,78.41554293825408,0.3346982002258301,78.40627446123656,0.33257371867263075
895,78.41554293825408,0.3360803127288818,78.40628481707681,0.33257763665481654
896,78.41554293825408,0.3387613296508789,78.40629514980132,0.3325845380978925
897,78.41554293825408,0.3382232189178467,78.40630545948746,0.33259082425265274
898,78.41554293825408,0.3355817794799804,78.40631574621213,0.3325941549377611
899,78.41554293825408,0.3357470035552978,78.406326010052,0.33259766199962715
900,78.41554293825408,0.3330588340759277,78.40633625108333,0.33259817441304523
901,78.41554293825408,0.3367514610290527,78.40634646938207,0.3326027840541285
902,78.41554293825408,0.3353488445281982,78.40635666502384,0.33260582846707093
903,78.41554293825408,0.3305296897888183,78.4063668380839,0.3326035293101736
904,78.41554293825408,0.3198511600494385,78.40637698863718,0.3325894227070091
905,78.41554293825408,0.3272027969360351,78.4063871167583,0.332583470634334
906,78.41554293825408,0.3354690074920654,78.40639722252153,0.332586655553603
907,78.41554293825408,0.3343353271484375,78.40640730600084,0.33258858352669546
908,78.41554293825408,0.3189332485198974,78.40641736726984,0.33257354461148975
909,78.41554293825408,0.3209617137908935,78.40642740640183,0.3325607703201579
910,78.41554293825408,0.3346266746520996,78.4064374234698,0.33256304054469854
911,78.41554293825408,0.3231058120727539,78.40644741854639,0.3325526593937963
912,78.41554293825408,0.3369178771972656,78.40645739170397,0.3325574458168264
913,78.41554293825408,0.3361406326293945,78.40646734301454,0.332561370446413
914,78.41554293825408,0.3131778240203857,78.40647727254981,0.3325401630652029
915,78.41554293825408,0.3182187080383301,78.40648718038118,0.33252451120178556
916,78.41554293825408,0.33740234375,78.40649706657972,0.33252983634648886
917,78.41554293825408,0.3363087177276611,78.40650693121623,0.33253395726402557
918,78.41554293825408,0.3323378562927246,78.40651677436114,0.33253374364640975
919,78.41554293825408,0.3356204032897949,78.40652659608463,0.3325371023620174
920,78.41554293825408,0.3354377746582031,78.40653639645656,0.3325402552666871
921,78.41554293825408,0.33925461769104,78.40654617554645,0.33254754556247906
922,78.41554293825408,0.3374524116516113,78.40655593342358,0.33255286537385553
923,78.41554293825408,0.3380796909332275,78.40656567015687,0.33255885326720264
924,78.41554293825408,0.3365168571472168,78.40657538581497,0.3325631368211854
925,78.41554293825408,0.3361022472381592,78.40658508046626,0.332566962886501
926,78.41554293825408,0.3361730575561523,78.40659475417877,0.3325708571572026
927,78.41554293825408,0.3341579437255859,78.40660440702028,0.33257256922469813
928,78.41554293825408,0.3355157375335693,78.40661403905824,0.33257574074227236
929,78.41554293825408,0.3192191123962402,78.40662365035985,0.3325613633167115
930,78.41554293825408,0.3340957164764404,78.406633240992,0.33256301315881875
931,78.41554293825408,0.3220458030700683,78.40664281102127,0.33255171647773524
932,78.41554293825408,0.3358957767486572,78.406652360514,0.3325553045252362
933,78.41554293825408,0.3372223377227783,78.40666188953624,0.3325603067044404
934,78.41554293825408,0.3380413055419922,78.4066713981537,0.332566175011547
935,78.41554293825408,0.3351824283599853,78.40668088643189,0.3325689731434705
936,78.41554293825408,0.3144404888153076,78.40669035443597,0.33254960510465836
937,78.41554293825408,0.3357889652252197,78.40669980223086,0.3325530622659396
938,78.41554293825408,0.337367296218872,78.4067092298812,0.33255819471151843
939,78.41554293825408,0.3346567153930664,78.40671863745135,0.33256042955782467
940,78.41554293825408,0.332108736038208,78.40672802500539,0.3325599490328038
941,78.41554293825408,0.3359911441802978,78.40673739260714,0.3325635953613346
942,78.41554293825408,0.3338160514831543,78.40674674032014,0.3325649249325892
943,78.41554293825408,0.3364932537078857,78.40675606820766,0.33256909071071783
944,78.41554293825408,0.3132932186126709,78.4067653763327,0.33254867135468175
945,78.41554293825408,0.3362922668457031,78.40677466475802,0.33255263283139186
946,78.41554293825408,0.3350396156311035,78.40678393354607,0.3325552617772689
947,78.41554293825408,0.3366246223449707,78.40679318275906,0.332559558884521
948,78.41554293825408,0.3316051959991455,78.40680241245894,0.33255855217261654
949,78.41554293825408,0.3263559341430664,78.40681162270741,0.3325520162210575
950,78.41554293825408,0.3343751430511474,78.40682081356589,0.3325539353019313
951,78.41554293825408,0.3395795822143554,78.40682998509551,0.3325613229432693
952,78.41554293825408,0.3397424221038818,78.40683913735724,0.33256886611465647
953,78.41554293825408,0.3362071514129638,78.40684827041169,0.33257268383270294
954,78.41554293825408,0.3332281112670898,78.40685738431928,0.3325733708635566
955,78.41554293825408,0.3355491161346435,78.40686647914015,0.33257648682719126
956,78.41554293825408,0.3366482257843017,78.4068755549342,0.3325807459683598
957,78.41554293825408,0.3370199203491211,78.40688461176107,0.3325853846040764
958,78.41554293825408,0.337449312210083,78.40689364968017,0.3325904617727674
959,78.41554293825408,0.3357329368591308,78.40690266875063,0.33259373859767494
960,78.41554293825408,0.3370716571807861,78.40691166903136,0.33259840309619904
961,78.41554293825408,0.3332784175872803,78.40692065058101,0.3325991107075321
962,78.41554293825408,0.3362071514129638,78.406929613458,0.332602861269596
963,78.41554293825408,0.3374600410461426,78.40693855772052,0.332607905069987
964,78.41554293825408,0.3378310203552246,78.40694748342646,0.33261332323937
965,78.41554293825408,0.3361890316009521,78.40695639063354,0.3326170286366359
966,78.41554293825408,0.3339483737945556,78.40696527939919,0.3326184068407331
967,78.41554293825408,0.3309884071350097,78.40697414978062,0.3326167212153911
968,78.41554293825408,0.334496259689331,78.40698300183483,0.3326186628873683
969,78.41554293825408,0.3381421566009521,78.40699183561854,0.33262436308727916
970,78.41554293825408,0.3316700458526611,78.40700065118827,0.3326233792550785
971,78.41554293825408,0.3368945121765136,78.40700944860028,0.33262777795015724
972,78.41554293825408,0.3280150890350342,78.40701822791063,0.33262303238542973
973,78.41554293825408,0.3364784717559814,78.40702698917511,0.33262699481027097
974,78.41554293825408,0.3372771739959717,78.40703573244932,0.33263176912154996
975,78.41554293825408,0.3191006183624267,78.4070444577886,0.33261789101820727
976,78.41554293825408,0.3349058628082275,78.40705316524809,0.3326202352515987
977,78.41554293825408,0.314687967300415,78.40706185488268,0.33260188083199665
978,78.41554293825408,0.3349537849426269,78.40707052674708,0.33260428564192573
979,78.41554293825408,0.3274159431457519,78.40707918089569,0.33259898600709814
980,78.41554293825408,0.3286252021789551,78.40708781738279,0.33259493112564087
981,78.41554293825408,0.3360030651092529,78.40709643626238,0.3325984052683357
982,78.41554293825408,0.3371858596801758,78.40710503758822,0.3326030768105066
983,78.41554293825408,0.3359339237213135,78.40711362141393,0.3326064652610771
984,78.41554293825408,0.3332099914550781,78.40712218779284,0.33260707860070515
985,78.41554293825408,0.3334503173828125,78.40713073677807,0.332607934680687
986,77.92760823278921,0.335245132446289,78.40664440563812,0.33261060932345127
987,78.41554293825408,0.3269953727722168,78.40665342137531,0.33260492012735077
988,78.41554293825408,0.338714599609375,78.40666241886203,0.33261110401346616
989,78.41554293825408,0.3356771469116211,78.40667139815363,0.3326142041579537
990,78.41554293825408,0.3357353210449219,78.40668035930524,0.33261735680127386
991,78.41554293825408,0.3260395526885986,78.40668930237179,0.33261071925928326
992,78.41554293825408,0.3373587131500244,78.40669822740796,0.3326155055434473
993,78.41554293825408,0.3373072147369385,78.40670713446822,0.3326202303261195
994,78.26916252661462,0.3361725807189941,78.40656875961123,0.3326238041192713
995,78.41554293825408,0.334824800491333,78.40657777888624,0.33262601617592663
996,78.41554293825408,0.3381698131561279,78.40658678005026,0.3326315822371517
997,78.41554293825408,0.3302340507507324,78.4065957631578,0.3326291774914281
998,78.41554293825408,0.3350458145141601,78.40660472826309,0.3326315989714108
999,78.41554293825408,0.3359098434448242,78.40661367542025,0.33263488049741025
1000,78.41554293825408,0.3379721641540527,78.40662260468306,0.3326402177810669
1001,78.41554293825408,0.3387138843536377,78.40663151610522,0.3326462853800405
1002,78.41554293825408,0.3388493061065674,78.40664040974009,0.3326524760194881
1003,78.41554293825408,0.3335144519805908,78.40664928564091,0.33265333541725595
1004,78.41554293825408,0.3346657752990722,78.40665814386064,0.33265533983944895
1005,78.41554293825408,0.3333597183227539,78.40666698445207,0.3326560407135617
1006,78.41554293825408,0.3356680870056152,78.40667580746778,0.33265903479536296
1007,78.41554293825408,0.3377680778503418,78.4066846129601,0.33266410832371945
1008,78.41554293825408,0.3333356380462646,78.40669340098124,0.332664774523841
1009,78.41554293825408,0.336036205291748,78.40670217158309,0.33266811588238204
1010,78.41554293825408,0.334120512008667,78.40671092481742,0.3326695538983487
1011,78.41554293825408,0.3354551792144775,78.40671966073575,0.33267230921517965
1012,78.41554293825408,0.3329193592071533,78.40672837938942,0.3326725533357251
1013,78.41554293825408,0.3376688957214355,78.40673708082956,0.33267748555920557
1014,78.41554293825408,0.3382766246795654,78.40674576510709,0.3326830073926576
1015,78.41554293825408,0.338531494140625,78.40675443227275,0.3326887694485669
1016,78.41554293825408,0.3316855430603027,78.40676308237707,0.3326877820210194
1017,78.41554293825408,0.3403737545013428,78.40677171547036,0.33269533951608365
1018,78.41554293825408,0.3394856452941894,78.40678033160275,0.33270200975751596
1019,78.41554293825408,0.3372745513916015,78.40678893082419,0.33270649704076827
1020,78.41554293825408,0.3360350131988525,78.40679751318442,0.33270976029190363
1021,78.41554293825408,0.3368756771087646,78.40680607873297,0.3327138405238496
1022,78.41554293825408,0.3212721347808838,78.40681462751918,0.3327026451170561
1023,78.41554293825408,0.3358361721038818,78.40682315959224,0.3327057081932896
1024,78.41554293825408,0.309528112411499,78.40683167500109,0.3326830738224089
1025,78.41554293825408,0.3356935977935791,78.4068401737945,0.33268601091896616
1026,78.41554293825408,0.3156700134277344,78.40684865602107,0.3326694261260897
1027,78.41554293825408,0.3362360000610351,78.40685712172917,0.33267289893420554
1028,78.41554293825408,0.3363502025604248,78.40686557096704,0.3326764760778108
1029,78.41554293825408,0.3346378803253174,78.40687400378268,0.33267838220438756
1030,78.41554293825408,0.3348293304443359,78.40688242022391,0.3326804705036497
1031,78.41554293825408,0.3410515785217285,78.40689082033839,0.3326885899100688
1032,78.41554293825408,0.3344874382019043,78.40689920417357,0.33269033298011896
1033,78.41554293825408,0.3279106616973877,78.40690757177674,0.3326857059992064
1034,78.41554293825408,0.3332898616790771,78.406915923195,0.3326862902890322
1035,78.41554293825408,0.3355138301849365,78.40692425847524,0.3326890222116369
1036,78.41554293825408,0.3348734378814697,78.40693257766422,0.33269113072097073
1037,78.41554293825408,0.3200612068176269,78.40694088080848,0.33267895143080356
1038,78.41554293825408,0.340296983718872,78.40694916795437,0.33268629057558974
1039,78.41554293825408,0.3349559307098388,78.40695743914812,0.3326884750223022
1040,78.41554293825408,0.3358757495880127,78.40696569443571,0.33269153970938464
1041,78.41554293825408,0.331709623336792,78.40697393386301,0.33269059646599114
1042,78.41554293825408,0.3315370082855224,78.40698215747567,0.33268948937560683
1043,78.41554293825408,0.3321881294250488,78.40699036531917,0.33268900868533785
1044,78.41554293825408,0.3340892791748047,78.40699855743884,0.33269034994059593
1045,78.41554293825408,0.337935209274292,78.40700673387981,0.33269536894474305
1046,78.41554293825408,0.3383450508117676,78.40701489468705,0.3327007701702373
1047,78.41554293825408,0.335679292678833,78.40702303990535,0.3327036149863869
1048,78.41554293825408,0.3301572799682617,78.40703116957934,0.3327011852774001
1049,78.41554293825408,0.3343575000762939,78.40703928375349,0.3327027642238242
1050,78.41554293825408,0.3153431415557861,78.40704738247206,0.3326862312498547
1051,78.41554293825408,0.3274359703063965,78.40705546577917,0.3326812357589475
1052,78.41554293825408,0.3343813419342041,78.40706353371878,0.3326828518294563
1053,78.41554293825408,0.3317091464996338,78.40707158633468,0.3326819271330367
1054,78.41554293825408,0.3364489078521728,78.40707962367046,0.33268550111853873
1055,78.41554293825408,0.337266206741333,78.4070876457696,0.33268984301960297
1056,78.41554293825408,0.3359754085540771,78.40709565267535,0.33269295435060153
1057,78.41554293825408,0.3383324146270752,78.40710364443086,0.33269828969618004
1058,78.41554293825408,0.3178765773773193,78.40711162107908,0.33268428051629456
1059,78.41554293825408,0.3363170623779297,78.40711958266282,0.33268771090521015
1060,78.41554293825408,0.3365640640258789,78.4071275292247,0.33269136784211645
1061,78.04737402413059,0.3339517116546631,78.40678845900311,0.3326925557250689
1062,78.41554293825408,0.3322899341583252,78.40679670239224,0.33269217660871603
1063,78.41554293825408,0.3345234394073486,78.40680493027169,0.33269389933947674
1064,78.41554293825408,0.3311848640441894,78.40681314268521,0.33269248107322175
1065,78.41554293825408,0.3355560302734375,78.40682133967636,0.3326951698518135
1066,78.41554293825408,0.3378024101257324,78.40682952128851,0.3326999608839654
1067,78.41554293825408,0.3321726322174072,78.40683768756496,0.33269946666778305
1068,78.41554293825408,0.3313336372375488,78.40684583854875,0.33269818780127536
1069,78.41554293825408,0.3369359970092773,78.40685397428281,0.33270215207555787
1070,78.41554293825408,0.3352260589599609,78.40686209480988,0.3327045108670386
1071,78.41554293825408,0.3359839916229248,78.40687020017256,0.3327075729405735
1072,78.41554293825408,0.3320131301879883,78.40687829041332,0.33270692513949834
1073,78.41554293825408,0.3361968994140625,78.4068863655744,0.33271017767843086
1074,78.41554293825408,0.3373942375183105,78.40689442569793,0.3327145390004419
1075,78.41554293825408,0.3171725273132324,78.40690247082588,0.3327000813151515
1076,78.41554293825408,0.3207526206970215,78.40691050100007,0.3326889777272164
1077,78.41554293825408,0.3389055728912353,78.40691851626215,0.33269474986757297
1078,78.41554293825408,0.3360445499420166,78.4069265166536,0.3326978572887923
1079,78.41554293825408,0.3338913917541504,78.40693450221579,0.33269896343750904
1080,78.41554293825408,0.3349523544311523,78.4069424729899,0.3327010499106513
1081,78.41554293825408,0.3343856334686279,78.40695042901696,0.3327026082673192
1082,78.41554293825408,0.3359081745147705,78.40695837033789,0.3327055708978621
1083,78.41554293825408,0.336461067199707,78.40696629699339,0.33270903857681117
1084,78.41554293825408,0.3360142707824707,78.40697420902407,0.332712087684012
1085,78.41554293825408,0.3373115062713623,78.40698210647037,0.3327163267794842
1086,78.41554293825408,0.3233435153961181,78.40698998937256,0.33270769619809987
1087,78.41554293825408,0.3352463245391845,78.40699785777079,0.3327100316427559
1088,78.41554293825408,0.3330152034759521,78.40700571170505,0.33271031213157315
1089,78.41554293825408,0.3353352546691894,78.4070135512152,0.3327127225471265
1090,78.41554293825408,0.3316819667816162,78.40702137634092,0.33271177689963527
1091,78.41554293825408,0.3358809947967529,78.40702918712178,0.33271468177396807
1092,78.41554293825408,0.3185529708862304,78.40703698359717,0.332701713174254
1093,78.41554293825408,0.3362681865692138,78.40704476580636,0.3327049761874242
1094,78.41554293825408,0.3375334739685058,78.40705253378849,0.33270938980514
1095,78.41554293825408,0.3344314098358154,78.40706028758252,0.33271096242617254
1096,78.41554293825408,0.3344869613647461,78.4070680272273,0.3327125828631603
1097,78.26472675656494,0.3342020511627197,78.40693827219478,0.3327139406282465
1098,78.41554293825408,0.3346140384674072,78.40694610886696,0.33271567113629674
1099,78.41554293825408,0.3295269012451172,78.40695393127768,0.3327127696168325
1100,78.41554293825408,0.3354463577270508,78.40696173946584,0.3327152546969327
1101,78.41554293825408,0.32794189453125,78.40696953347019,0.332710919219943
1102,78.41554293825408,0.3366267681121826,78.40697731332935,0.33271447262184156
1103,78.41554293825408,0.3337914943695068,78.40698507908176,0.33271544906948225
1104,78.03850248403123,0.3366339206695556,78.40665130861524,0.3327189984096997
1105,78.41554293825408,0.3360853195190429,78.40665935533889,0.33272204485414253
1106,78.41554293825408,0.3309731483459472,78.4066673875115,0.33272046357339374
1107,78.41554293825408,0.335984468460083,78.40667540517252,0.33272341208729317
1108,78.41554293825408,0.3132493495941162,78.40668340836122,0.33270583621861705
1109,78.41554293825408,0.3348262310028076,78.40669139711676,0.3327077482067001
1110,78.41554293825408,0.3053760528564453,78.40669937147814,0.33268312505773595
1111,78.41554293825408,0.3351500034332275,78.40670733148424,0.33268534547031514
1112,78.41554293825408,0.3355195522308349,78.40671527717377,0.33268789421740197
1113,78.41554293825408,0.3378970623016357,78.40672320858535,0.33269257451217665
1114,78.41554293825408,0.3424563407897949,78.4067311257574,0.3327013391138621
1115,78.41554293825408,0.3360843658447265,78.40673902872824,0.3327043732185535
1116,78.41554293825408,0.3379604816436767,78.40674691753607,0.33270908299312796
1117,78.41554293825408,0.3327291011810303,78.40675479221889,0.3327091009145137
1118,78.41554293825408,0.337540864944458,78.40676265281462,0.3327134227070271
1119,78.41554293825408,0.3329837322235107,78.40677049936103,0.3327136642704913
1120,78.41554293825408,0.3345034122467041,78.40677833189577,0.33271526225975584
1121,78.41554293825408,0.3363270759582519,78.4067861504563,0.33271848421666794
1122,78.41554293825408,0.3377015590667724,78.40679395507999,0.3327229254598499
1123,78.41554293825408,0.3363871574401855,78.4068017458041,0.3327261883556471
1124,78.41554293825408,0.3324739933013916,78.40680952266571,0.33272596398282306
1125,78.41554293825408,0.3371286392211914,78.40681728570179,0.33272987747192384
1126,78.41554293825408,0.3191008567810058,78.40682503494916,0.3327177735459106
1127,78.41554293825408,0.3336265087127685,78.40683277044455,0.3327185798770258
1128,78.41554293825408,0.335252046585083,78.40684049222453,0.33272082585815
1129,78.41554293825408,0.3337814807891845,78.40684820032553,0.3327217653222164
1130,78.41554293825408,0.3346328735351562,78.40685589478387,0.33272345656842256
1131,78.41554293825408,0.3326973915100097,78.40686357563574,0.3327234335223939
1132,78.41554293825408,0.3327596187591553,78.4068712429172,0.3327234654881508
1133,78.41554293825408,0.3305222988128662,78.40687889666418,0.3327215227108557
1134,78.41554293825408,0.327223539352417,78.4068865369125,0.3327166744010158
1135,78.41554293825408,0.3321056365966797,78.40689416369783,0.33271613604171685
1136,78.41554293825408,0.3251025676727295,78.40690177705571,0.332709433956885
1137,78.41554293825408,0.3322722911834717,78.40690937702158,0.3327090494865478
1138,78.41554293825408,0.3372731208801269,78.40691696363074,0.3327130600940993
1139,78.41554293825408,0.3359858989715576,78.40692453691838,0.3327159335259495
1140,78.41554293825408,0.3318395614624023,78.40693209691955,0.33271516477852536
1141,78.41554293825408,0.3316926956176758,78.40693964366919,0.33271426866181997
1142,78.41554293825408,0.3341670036315918,78.4069471772021,0.3327155407589914
1143,78.41554293825408,0.3352587223052978,78.40695469755296,0.33271776576471873
1144,78.41554293825408,0.3349866867065429,78.40696220475638,0.3327197490872203
1145,78.41554293825408,0.334273099899292,78.40696969884677,0.33272110572548413
1146,78.41554293825408,0.3338232040405273,78.40697717985846,0.3327220674168585
1147,78.41554293825408,0.3328461647033691,78.40698464782568,0.33272217560978484
1148,78.41554293825408,0.3301723003387451,78.4069921027825,0.33271995446407837
1149,78.41554293825408,0.335646390914917,78.40699954476288,0.33272250140615917
1150,78.41554293825408,0.3351893424987793,78.4070069738007,0.33272464648537015
1151,78.41554293825408,0.3338189125061035,78.40701438992967,0.3327255971943369
1152,78.41554293825408,0.332651138305664,78.40702179318343,0.3327255325598849
1153,78.41554293825408,0.3378548622131347,78.40702918359545,0.3327299812412841
1154,78.41554293825408,0.3350434303283691,78.40703656119915,0.33273198596319664
1155,78.41554293825408,0.3350708484649658,78.40704392602775,0.33273401095237565
1156,78.41554293825408,0.3256933689117431,78.40705127811447,0.3327279204315793
1157,78.41554293825408,0.3343129158020019,78.40705861749228,0.33272929034979054
1158,78.41554293825408,0.3360564708709717,78.40706594419414,0.3327321635626758
1159,78.41554293825408,0.3368585109710693,78.40707325825286,0.3327357238279117
1160,78.41554293825408,0.3383159637451172,78.40708055970114,0.33274053437956447
1161,78.41554293825408,0.3284237384796142,78.40708784857155,0.332736816209108
1162,78.41554293825408,0.3225984573364258,78.40709512489659,0.33272809128753084
1163,78.41554293825408,0.3356885910034179,78.40710238870858,0.3327306368590836
1164,78.41554293825408,0.3363180160522461,78.4071096400398,0.3327337187999712
1165,78.41554293825408,0.3340325355529785,78.40711687892238,0.3327348336641369
1166,78.41554293825408,0.3332159519195556,78.40712410538836,0.33273524628699747
1167,78.41554293825408,0.3355691432952881,78.40713131946966,0.3327376746477586
1168,78.41554293825408,0.3366570472717285,78.40713852119806,0.3327410302750052
1169,78.41554293825408,0.3349206447601318,78.40714571060529,0.3327428947869685
1170,78.41554293825408,0.3339815139770508,78.40715288772294,0.3327439534358489
1171,78.41554293825408,0.3379073143005371,78.40716005258248,0.33274836279610914
1172,78.41554293825408,0.3342208862304687,78.40716720521532,0.33274961921542173
1173,78.41554293825408,0.3328275680541992,78.40717434565268,0.3327496856679697
1174,78.41554293825408,0.333003282546997,78.40718147392576,0.3327499016789399
1175,78.41554293825408,0.3328280448913574,78.40718859006562,0.33274996818380154
1176,78.41554293825408,0.3337280750274658,78.4071956941032,0.33275079990730805
1177,78.41554293825408,0.3359630107879638,78.40720278606933,0.3327535290584386
1178,78.41554293825408,0.3336653709411621,78.40720986599479,0.3327543031177618
1179,78.41554293825408,0.3361318111419678,78.40721693391018,0.33275716784042864
1180,78.41554293825408,0.3267877101898193,78.40722398984606,0.3327521089780129
1181,78.41554293825408,0.3204703330993652,78.40723103383286,0.3327417095064814
1182,78.41554293825408,0.3326420783996582,78.4072380659009,0.33274162521620493
1183,78.41554293825408,0.334317684173584,78.4072450860804,0.3327429574722974
1184,78.41554293825408,0.3369135856628418,78.40725209440149,0.33274647996232315
1185,78.41554293825408,0.3358998298645019,78.40725909089419,0.3327491410170929
1186,78.41554293825408,0.3373572826385498,78.40726607558842,0.3327530264653404
1187,78.41554293825408,0.334202766418457,78.407273048514,0.33275424781323687
1188,78.41554293825408,0.328981876373291,78.40728000970064,0.3327510724164019
1189,78.41554293825408,0.3335835933685303,78.40728695917798,0.3327517726022321
1190,78.41554293825408,0.3229775428771972,78.40729389697553,0.3327435589638077
1191,78.41554293825408,0.3164682388305664,78.4073008231227,0.33272989370760847
1192,78.41554293825408,0.3365328311920166,78.40730773764881,0.3327330840914041
1193,78.41554293825408,0.3321783542633056,78.4073146405831,0.33273261910412155
1194,78.41554293825408,0.3326082229614258,78.40732153195468,0.3327325149197475
1195,78.41554293825408,0.3340840339660644,78.40732841179258,0.3327336458980289
1196,78.41554293825408,0.3353121280670166,78.40733528012574,0.33273580181957485
1197,78.41554293825408,0.3332281112670898,78.40734213698299,0.33273621310566304
1198,78.41554293825408,0.3379182815551758,78.40734898239306,0.33274053870537046
1199,78.41554293825408,0.3416390419006347,78.40735581638461,0.3327479603093699
1200,78.41554293825408,0.3320100307464599,78.40736263898616,0.33274734536806744
1201,78.41554293825408,0.3342838287353515,78.40736945022618,0.3327486247047596
1202,78.41554293825408,0.3356804847717285,78.40737625013303,0.3327510638562296
1203,78.41554293825408,0.3372833728790283,78.40738303873495,0.33275483136165174
1204,78.41554293825408,0.3222212791442871,78.40738981606013,0.33274608256412896
1205,78.41554293825408,0.3355064392089844,78.40739658213664,0.33274837331653134
1206,78.41554293825408,0.3364796638488769,78.40740333699246,0.3327514672556129
1207,78.41554293825408,0.334430456161499,78.40741008065547,0.33275285829861695
1208,78.21149751596877,0.3342230319976806,78.40724790138006,0.33275407532982476
1209,78.41554293825408,0.3302452564239502,78.40725476245275,0.33275200021079593
1210,78.41554293825408,0.3164060115814209,78.40726161218481,0.33273849112928405
1211,78.41554293825408,0.3370630741119385,78.40726845060435,0.33274206221349767
1212,78.41554293825408,0.3268876075744629,78.40727527773937,0.3327372318053796
1213,78.1139105748758,0.3381493091583252,78.40703342720116,0.3327416935344422
1214,78.41554293825408,0.313704252243042,78.40704043668308,0.3327260119518299
1215,78.41554293825408,0.3365931510925293,78.40704743462675,0.3327291947823984
1216,78.41554293825408,0.3366110324859619,78.40705442106065,0.3327323870831414
1217,78.41554293825408,0.3344976902008056,78.40706139601315,0.33273383761980346
1218,78.41554293825408,0.3358256816864013,78.40706835951252,0.33273637607962825
1219,78.41554293825408,0.3245680332183838,78.40707531158696,0.3327296752241227
1220,78.41554293825408,0.3344404697418213,78.40708225226456,0.332731077514711
1221,78.41554293825408,0.3333430290222168,78.40708918157331,0.3327315787034968
1222,78.41554293825408,0.3293430805206299,78.40709609954114,0.33272880579172687
1223,78.41554293825408,0.3372571468353271,78.40710300619584,0.3327325084418034
1224,78.41554293825408,0.3300318717956543,78.40710990156516,0.3327303020393147
1225,78.41554293825408,0.335606575012207,78.40711678567675,0.3327326500172518
1226,78.41554293825408,0.3359971046447754,78.40712365855813,0.3327353127045499
1227,78.41554293825408,0.3337657451629638,78.40713052023678,0.3327361525028045
1228,78.41554293825408,0.3314805030822754,78.40713737074005,0.3327351299869898
1229,78.41554293825408,0.3238787651062011,78.40714421009523,0.3327279238316759
1230,78.41554293825408,0.3349838256835937,78.40715103832949,0.3327297578982221
1231,78.41554293825408,0.3344411849975586,78.40715785546996,0.332731148172064
1232,78.41554293825408,0.3362500667572021,78.40716466154366,0.33273400443714934
1233,78.41554293825408,0.3353514671325683,78.40717145657749,0.33273612727794044
1234,78.41554293825408,0.3374476432800293,78.40717824059828,0.3327399453622209
1235,78.41554293825408,0.3143162727355957,78.40718501363283,0.3327250274086771
1236,78.41554293825408,0.3373532295227051,78.40719177570776,0.3327287719087693
1237,78.41554293825408,0.3391835689544678,78.40719852684967,0.33273399001470766
1238,78.41554293825408,0.3347947597503662,78.40720526708505,0.3327356546106169
1239,78.41554293825408,0.3366210460662842,78.40721199644031,0.3327387905197821
1240,78.41554293825408,0.3353638648986816,78.40721871494178,0.33274090751524893
1241,78.41554293825408,0.3328585624694824,78.40722542261567,0.33274100232181963
1242,78.41554293825408,0.3317134380340576,78.40723211948816,0.33274017497537217
1243,78.41554293825408,0.3338830471038818,78.40723880558532,0.33274109442197597
1244,78.41554293825408,0.3368868827819824,78.40724548093313,0.332744427049275
1245,78.41554293825408,0.336284875869751,78.40725214555748,0.3327472707832673
1246,78.41554293825408,0.3201932907104492,78.4072587994842,0.33273719535784774
1247,78.41554293825408,0.338731050491333,78.40726544273902,0.33274200197784254
1248,78.41554293825408,0.3357331752777099,78.4072720753476,0.33274439875132
1249,78.41554293825408,0.3091378211975097,78.40727869733551,0.33272549836897103
1250,78.41554293825408,0.3339645862579345,78.40728530872825,0.33272648963928225
1251,78.41554293825408,0.3348166942596435,78.4072919095512,0.33272816046631687
1252,78.41554293825408,0.3355488777160644,78.40729849982972,0.3327304134353662
1253,78.41554293825408,0.3344995975494385,78.40730507958904,0.33273182539395685
1254,78.41554293825408,0.3347253799438476,78.40731164885432,0.33273341515037624
1255,78.41554293825408,0.3330719470977783,78.40731820765066,0.3327336848969479
1256,78.41554293825408,0.3353333473205566,78.40732475600305,0.3327357546918711
1257,78.41554293825408,0.3362951278686523,78.40733129393642,0.33273858633322095
1258,78.41554293825408,0.3377740383148193,78.40733782147562,0.3327425890772445
1259,78.41554293825408,0.334207534790039,78.40734433864542,0.33274375265604733
1260,78.41554293825408,0.3337368965148926,78.4073508454705,0.3327445408654591
1261,78.41554293825408,0.3329160213470459,78.40735734197548,0.33274467685315273
1262,78.41554293825408,0.3370301723480224,78.4073638281849,0.3327480726498998
1263,78.41554293825408,0.3372974395751953,78.40737030412319,0.33275167468230304
1264,78.41554293825408,0.3333532810211181,78.40737676981475,0.33275215063668506
1265,78.41554293825408,0.3368873596191406,78.40738322528387,0.3327554195765921
1266,78.41554293825408,0.336888313293457,78.40738967055478,0.3327586841055944
1267,78.41554293825408,0.3401944637298584,78.40739610565161,0.3327645529135062
1268,78.41554293825408,0.3339467048645019,78.40740253059846,0.33276548520999755
1269,78.41554293825408,0.3344669342041015,78.4074089454193,0.3327668259893467
1270,78.41554293825408,0.331120491027832,78.40741535013807,0.33276552966260536
1271,78.41554293825408,0.3359675407409668,78.4074217447786,0.33276804894748213
1272,78.41554293825408,0.3362660408020019,78.40742812936466,0.3327707989410784
1273,78.41554293825408,0.3361501693725586,78.40743450391996,0.3327734535918494
1274,78.41554293825408,0.335404634475708,78.4074408684681,0.332775518882967
1275,78.41554293825408,0.3351609706878662,78.40744722303263,0.33277738982555916
1276,78.41554293825408,0.3370137214660644,78.40745356763703,0.3327807098346818
1277,78.41554293825408,0.3350868225097656,78.40745990230471,0.33278251571774764
1278,78.41554293825408,0.3355953693389892,78.40746622705898,0.33278471669867193
1279,78.41554293825408,0.327282190322876,78.40747254192307,0.3327804144888394
1280,78.41554293825408,0.3248269557952881,78.40747884692021,0.33277420084923504
1281,78.41554293825408,0.3310399055480957,78.40748514207347,0.33277284698873455
1282,78.41554293825408,0.3274226188659668,78.4074914274059,0.33276867364386503
1283,78.41554293825408,0.333878755569458,78.40749770294047,0.3327695388675015
1284,78.41554293825408,0.3236281871795654,78.40750396870006,0.33276241943472273
1285,78.41554293825408,0.3377976417541504,78.4075102247075,0.33276633789567167
1286,78.41554293825408,0.3367111682891845,78.40751647098551,0.33276940541541783
1287,78.41554293825408,0.3352978229522705,78.40752270755682,0.33277136999780854
1288,78.41554293825408,0.3360133171081543,78.407528934444,0.33277388703749045
1289,78.41554293825408,0.3366768360137939,78.40753515166962,0.3327769149265334
1290,78.41554293825408,0.336301326751709,78.40754135925611,0.3327796470287234
1291,78.41554293825408,0.3268148899078369,78.4075475572259,0.33277502676759185
1292,78.41554293825408,0.3342723846435547,78.4075537456013,0.33277618571331624
1293,78.41554293825408,0.3346691131591797,78.4075599244046,0.3327776496943262
1294,78.41554293825408,0.3219621181488037,78.40756609365795,0.33276929147829415
1295,78.41554293825408,0.3265280723571777,78.4075722533835,0.33276447200406933
1296,78.41554293825408,0.3333957195281982,78.40757840360331,0.3327649590777762
1297,78.41554293825408,0.3341989517211914,78.40758454433936,0.33276606470047737
1298,78.41554293825408,0.3333582878112793,78.40759067561356,0.3327665209586521
1299,78.41554293825408,0.3269236087799072,78.40759679744777,0.3327620229508163
1300,78.41554293825408,0.3330764770507812,78.40760290986377,0.3327622648385855
1301,78.41554293825408,0.3356378078460693,78.40760901288328,0.3327644750945482
1302,78.41554293825408,0.3347091674804687,78.40761510652796,0.33276596871389225
1303,78.41554293825408,0.3335270881652832,78.40762119081938,0.3327665528424044
1304,78.41554293825408,0.3342597484588623,78.40762726577907,0.33276769793106736
1305,78.41554293825408,0.3362681865692138,78.40763333142847,0.3327703802978399
1306,78.41554293825408,0.3315722942352295,78.40763938778898,0.33276946292719467
1307,78.41554293825408,0.3379683494567871,78.40764543488191,0.33277344065215997
1308,78.41554293825408,0.3163528442382812,78.40765147272853,0.3327608866793665
1309,78.41554293825408,0.3369255065917969,78.40765750135002,0.33276406820718346
1310,78.41554293825408,0.3384029865264892,78.4076635207675,0.33276837272498444
1311,78.41554293825408,0.3386309146881103,78.40766953100204,0.3327728445342622
1312,77.94535131298794,0.3365514278411865,78.40731715431147,0.3327757245520266
1313,78.41554293825408,0.3356986045837402,78.40732341918881,0.33277795066020005
1314,78.41554293825408,0.3348057270050049,78.40732967453056,0.33277949386898603
1315,78.41554293825408,0.3315773010253906,78.40733592035849,0.33277857965389585
1316,78.41554293825408,0.3118698596954345,78.40734215669427,0.33276269156882105
1317,78.41554293825408,0.3341100215911865,78.40734838355954,0.3327637145984508
1318,78.41554293825408,0.3357274532318115,78.40735460097585,0.33276596326205726
1319,78.41554293825408,0.3350248336791992,78.40736080896468,0.3327676758249209
1320,78.41554293825408,0.3157312870025635,78.40736700754748,0.33275476946975246
1321,78.41554293825408,0.3380477428436279,78.40737319674558,0.33275877626261685
1322,78.41554293825408,0.3357424736022949,78.40737937658031,0.3327610332197573
1323,78.2248048261178,0.3291389942169189,78.40724137616425,0.33275829547296754
1324,78.41554293825408,0.3354992866516113,78.40724764622624,0.3327603657079968
1325,78.41554293825408,0.3346822261810303,78.407253906824,0.33276181616873113
1326,78.41554293825408,0.3356697559356689,78.40726015797893,0.3327640091851466
1327,78.41554293825408,0.3333089351654053,78.40726639971236,0.3327644198301958
1328,78.41554293825408,0.3381867408752441,78.4072726320456,0.33276850290327187
1329,78.41554293825408,0.3358991146087646,78.40727885499986,0.3327708585177982
1330,78.41554293825408,0.3355541229248047,78.40728506859628,0.3327729511978035
1331,78.41554293825408,0.3372011184692383,78.40729127285599,0.3327762781454154
1332,78.41554293825408,0.3356659412384033,78.40729746779998,0.33277844756215186
1333,78.41554293825408,0.3327720165252685,78.40730365344922,0.33277844273766805
1334,78.41554293825408,0.3351783752441406,78.40730982982464,0.33278024178752297
1335,78.41554293825408,0.3354997634887695,78.40731599694705,0.3327822788824303
1336,78.41554293825408,0.3340551853179931,78.40732215483725,0.3327832316567084
1337,78.41554293825408,0.3355040550231933,78.40732830351595,0.3327852666779249
1338,78.41554293825408,0.3330497741699219,78.40733444300379,0.3327854643666334
1339,78.41554293825408,0.3357067108154297,78.40734057332138,0.33278764602940325
1340,78.41554293825408,0.3356025218963623,78.40734669448923,0.33278974668303535
1341,78.41554293825408,0.332927942276001,78.40735280652784,0.3327898497371688
1342,78.41554293825408,0.3199737071990967,78.40735890945759,0.33278029970547124
1343,78.41554293825408,0.3349337577819824,78.40736500329884,0.3327819031738827
1344,78.41554293825408,0.3359494209289551,78.40737108807187,0.3327842599579266
1345,78.41554293825408,0.3369448184967041,78.40737716379691,0.33278735331000003
1346,78.41554293825408,0.3337588310241699,78.40738323049412,0.33278807506164504
1347,78.41554293825408,0.3356986045837402,78.40738928818362,0.3327902358111047
1348,78.41554293825408,0.3337936401367187,78.40739533688546,0.3327909801763314
1349,78.41554293825408,0.3366916179656982,78.4074013766196,0.332793871679511
1350,78.41554293825408,0.3349218368530273,78.407407407406,0.3327954479500099
1351,78.41554293825408,0.3354480266571045,78.40741342926451,0.3327974113687421
1352,78.41554293825408,0.3371229171752929,78.40741944221494,0.3328006107073564
1353,78.41554293825408,0.3366446495056152,78.40742544627705,0.33280345182989757
1354,78.41554293825408,0.3356282711029053,78.40743144147054,0.3328055381070564
1355,78.41554293825408,0.3337085247039795,78.40743742781503,0.332806204517829
1356,78.41554293825408,0.3339667320251465,78.40744340533008,0.33280706036407337
1357,78.41554293825408,0.3340382575988769,78.40744937403527,0.3328079676575404
1358,78.41554293825408,0.3317635059356689,78.40745533395001,0.3328071985399249
1359,78.41554293825408,0.3360106945037842,78.40746128509372,0.33280955578493143
1360,78.41554293825408,0.3249454498291015,78.40746722748574,0.33280377335408157
1361,78.41554293825408,0.3378636837005615,78.40747316114538,0.332807491142727
1362,78.28246983676365,0.3169300556182861,78.40738138190575,0.3327958337010791
1363,78.41554293825408,0.3358943462371826,78.40738736984143,0.3327981070044805
1364,78.41554293825408,0.328571081161499,78.40739334899716,0.332795008011927
1365,78.41554293825408,0.3333179950714111,78.40739931939223,0.3327953911526299
1366,78.41554293825408,0.3335084915161133,78.40740528104585,0.3327959131880351
1367,78.41554293825408,0.3229787349700928,78.40741123397724,0.3327887316384975
1368,78.41554293825408,0.3354625701904297,78.4074171782055,0.33279068619884244
1369,78.41554293825408,0.3352701663970947,78.40742311374973,0.332792497360419
1370,78.41554293825408,0.332993745803833,78.40742904062894,0.332792644257093
1371,78.41554293825408,0.3358547687530517,78.40743495886207,0.3327948777541725
1372,78.41554293825408,0.3325314521789551,78.40744086846803,0.33279468575302434
1373,78.41554293825408,0.3341639041900635,78.4074467694657,0.3327956829987906
1374,78.41554293825408,0.3306417465209961,78.40745266187383,0.33279411535943265
1375,78.41554293825408,0.3344826698303222,78.4074585457112,0.33279534339904787
1376,78.41554293825408,0.3329675197601318,78.40746442099648,0.33279546852721725
1377,78.41554293825408,0.3257029056549072,78.4074702877483,0.33279031779165275
1378,78.41554293825408,0.3355615139007568,78.40747614598523,0.33279232881930815
1379,78.41554293825408,0.3168823719024658,78.40748199572582,0.3327807915046476
1380,78.41554293825408,0.3319418430328369,78.40748783698852,0.3327801835709724
1381,78.41554293825408,0.3175561428070068,78.40749366979175,0.33276915964572695
1382,78.41554293825408,0.3384294509887695,78.40749949415388,0.33277325537028773
1383,78.41554293825408,0.3373582363128662,78.40750531009321,0.3327765706131963
1384,78.41554293825408,0.3340630531311035,78.407511117628,0.3327775001525879
1385,78.41554293825408,0.3340415954589844,78.40751691677647,0.3327784128567802
1386,78.41554293825408,0.3341500759124756,78.40752270755677,0.3327794025126646
1387,78.41554293825408,0.3338494300842285,78.40752848998696,0.332780173981714
1388,78.41554293825408,0.3364520072937011,78.40753426408514,0.332782819394763
1389,78.41554293825408,0.3352644443511963,78.40754002986928,0.33278460602180143
1390,78.41554293825408,0.3346800804138183,78.40754578735732,0.33278596967244317
1391,78.41554293825408,0.3317513465881347,78.40755153656717,0.3327852258743955
1392,78.41554293825408,0.3367047309875488,78.40755727751664,0.33278804161082737
1393,78.41554293825408,0.3340663909912109,78.40756301022357,0.33278895930600355
1394,78.41554293825408,0.3356320858001709,78.40756873470565,0.3327909988515517
1395,78.41554293825408,0.3354170322418213,78.40757445098059,0.3327928813127634
1396,78.41554293825408,0.3324623107910156,78.40758015906603,0.3327926445143954
1397,78.41554293825408,0.3325328826904297,78.40758585897956,0.33279245857178696
1398,78.41554293825408,0.3343744277954101,78.40759155073869,0.3327935901663675
1399,78.41554293825408,0.3354880809783935,78.40759723436094,0.3327955161783847
1400,78.41554293825408,0.3283488750457763,78.40760290986371,0.3327923400061471
1401,78.41554293825408,0.3277864456176758,78.40760857726441,0.33278876691950293
1402,78.41554293825408,0.33327317237854,78.40761423658039,0.3327891124298161
1403,78.41554293825408,0.3354005813598633,78.4076198878289,0.3327909737761668
1404,78.41554293825408,0.3258934020996094,78.40762553102721,0.33278606097582736
1405,78.41554293825408,0.3353042602539062,78.40763116619249,0.3327878532884808
1406,78.41554293825408,0.3353514671325683,78.4076367933419,0.332789676626919
1407,78.41554293825408,0.3272080421447754,78.4076424124925,0.33278570958037873
1408,78.41554293825408,0.3369381427764892,78.40764802366137,0.3327886587516828
1409,78.41554293825408,0.3376882076263428,78.40765362686548,0.3327921360752276
1410,78.41554293825408,0.3272714614868164,78.40765922212178,0.3327882207031791
1411,78.41554293825408,0.3320105075836181,78.40766480944717,0.3327876695244976
1412,78.41554293825408,0.3326315879821777,78.4076703888585,0.3327875589851617
1413,78.41554293825408,0.3358676433563232,78.40767596037259,0.33278973880424956
1414,78.41554293825408,0.3329968452453613,78.40768152400616,0.33278988527273695
1415,78.41554293825408,0.3365292549133301,78.40768707977595,0.33279252793679387
1416,78.41554293825408,0.3328845500946045,78.4076926276986,0.3327925929241935
1417,78.41554293825408,0.3366346359252929,78.40769816779074,0.3327953043165725
1418,78.41554293825408,0.3376939296722412,78.40770370006892,0.3327987589183748
1419,78.41554293825408,0.3362119197845459,78.40770922454966,0.33280116424668077
1420,78.41554293825408,0.3367705345153808,78.40771474124945,0.3328039595778559
1421,78.41554293825408,0.3217575550079345,78.40772025018471,0.33279618589413323
1422,78.41554293825408,0.3335821628570556,78.40772575137183,0.3327967386205488
1423,78.41554293825408,0.323103666305542,78.40773124482712,0.3327899269042347
1424,78.41554293825408,0.3345298767089844,78.40773673056688,0.33279114877909755
1425,78.41554293825408,0.3338155746459961,78.40774220860736,0.33279186767444274
1426,78.41554293825408,0.3226892948150635,78.40774767896475,0.33278478312124543
1427,78.41554293825408,0.3357806205749511,78.4077531416552,0.33278688251679817
1428,78.41554293825408,0.3319358825683594,78.40775859669485,0.3327862865784589
1429,78.41554293825408,0.3145277500152588,78.40776404409972,0.3327735094360074
1430,78.41554293825408,0.3350331783294678,78.40776948388583,0.3327750896240448
1431,78.41554293825408,0.3316695690155029,78.40777491606917,0.3327743170729556
1432,78.41554293825408,0.3354537487030029,78.40778034066568,0.33277618818442917
1433,78.41554293825408,0.3213248252868652,78.4077857576912,0.3327681970030631
1434,78.41554293825408,0.3258194923400879,78.4077911671616,0.3327633513233818
1435,78.41554293825408,0.3342709541320801,78.40779656909268,0.3327644019176736
1436,78.41554293825408,0.3329575061798095,78.40780196350018,0.3327645363913937
1437,78.41554293825408,0.3359580039978027,78.40780735039979,0.3327667587070558
1438,78.41554293825408,0.3330135345458984,78.4078127298072,0.332766930317514
1439,78.41554293825408,0.3340370655059814,78.40781810173802,0.33276781296879154
1440,78.41554293825408,0.3356409072875976,78.40782346620782,0.33276980817317964
1441,78.41554293825408,0.3371820449829101,78.40782882323214,0.33277287010018153
1442,78.41554293825408,0.3325917720794678,78.40783417282647,0.33277274451209504
1443,78.41554293825408,0.336099624633789,78.40783951500624,0.3327750500423249
1444,78.41554293825408,0.3241689205169678,78.40784484978688,0.3327690901188309
1445,78.41554293825408,0.3358495235443115,78.40785017718375,0.3327712219066686
1446,78.41554293825408,0.3294398784637451,78.40785549721215,0.33276891807302894
1447,78.41554293825408,0.3347513675689697,78.40786080988737,0.3327702881141457
1448,78.41554293825408,0.3348445892333984,78.40786611522464,0.33277172064254296
1449,78.41554293825408,0.3332936763763428,78.40787141323915,0.3327720808604407
1450,78.41554293825408,0.3342089653015136,78.40787670394606,0.33277307181522764
1451,78.41554293825408,0.3347396850585937,78.40788198736047,0.33277442716549877
1452,78.41554293825408,0.3366115093231201,78.40788726349744,0.33277706978406457
1453,78.41554293825408,0.3371896743774414,78.40789253237202,0.33278010667642066
1454,78.41554293825408,0.3382658958435058,78.40789779399917,0.3327838795713086
1455,78.41554293825408,0.3305966854095459,78.40790304839383,0.3327823763450806
1456,78.41554293825408,0.3383693695068359,78.40790829557093,0.33278621356565874
1457,78.41554293825408,0.3377957344055176,78.40791353554533,0.33278965180920017
1458,78.41554293825408,0.3358111381530761,78.40791876833183,0.33279172415923025
1459,78.41554293825408,0.3370273113250732,78.4079239939452,0.332794627234738
1460,78.41554293825408,0.3355331420898437,78.4079292124002,0.33279650292984425
1461,78.41554293825408,0.3381600379943847,78.40793442371154,0.33280017406951884
1462,78.41554293825408,0.3268709182739258,78.40793962789384,0.33279611849099927
1463,78.41554293825408,0.3323800563812256,78.40794482496176,0.33279583410131386
1464,78.41554293825408,0.3352315425872803,78.40795001492985,0.3327974978366185
1465,78.41554293825408,0.338137149810791,78.40795519781267,0.33280114265025273
1466,78.41554293825408,0.3360195159912109,78.4079603736247,0.3328033379935958
1467,78.41554293825408,0.3346524238586426,78.40796554238041,0.33280459844749155
1468,78.41554293825408,0.3262569904327392,78.40797070409421,0.33280013822404825
1469,78.41554293825408,0.3268525600433349,78.4079758587805,0.3327960894982615
1470,78.41554293825408,0.3252203464508056,78.40798100645361,0.33279093593156256
1471,78.41554293825408,0.3386752605438232,78.40798614712784,0.3327949361522371
1472,78.41554293825408,0.3282346725463867,78.40799128081747,0.3327918381470701
1473,78.41554293825408,0.3349339962005615,78.4079964075367,0.33279329242952327
1474,78.41554293825408,0.3140265941619873,78.40800152729975,0.33278056061251676
1475,78.41554293825408,0.3387291431427002,78.40800664012073,0.33278459354982537
1476,78.41554293825408,0.335245132446289,78.40801174601377,0.33278626058159805
1477,78.41554293825408,0.3294234275817871,78.40801684499294,0.3327839837820044
1478,78.41554293825408,0.3127520084381103,78.40802193707228,0.3327704303480776
1479,78.41554293825408,0.3161776065826416,78.40802702226577,0.33275921140029835
1480,78.41554293825408,0.3358700275421142,78.40803210058739,0.3327613133030969
1481,78.41554293825408,0.3331296443939209,78.40803717205104,0.3327615620074121
1482,78.41554293825408,0.3185667991638183,78.40804223667061,0.33275198389483207
1483,78.41554293825408,0.3341114521026611,78.40804729445993,0.3327529005962534
1484,78.41554293825408,0.3261291980743408,78.40805234543284,0.3327484371848505
1485,78.41554293825408,0.3211123943328857,78.40805738960309,0.33274060146575823
1486,78.41554293825408,0.3235087394714355,78.40806242698442,0.33273438890721563
1487,78.41554293825408,0.336397647857666,78.40806745759052,0.33273685243038337
1488,78.41554293825408,0.3359348773956299,78.40807248143504,0.3327390016407095
1489,78.41554293825408,0.3370106220245361,78.40807749853163,0.33274187042538633
1490,78.41554293825408,0.3361632823944092,78.40808250889386,0.33274416667503
1491,78.41554293825408,0.3363485336303711,78.40808751253527,0.33274658409082836
1492,78.41554293825408,0.3361537456512451,78.4080925094694,0.3327488677111771
1493,78.41554293825408,0.3331623077392578,78.40809749970971,0.3327491446301511
1494,78.41554293825408,0.3267889022827148,78.40810248326964,0.33274515517744196
1495,78.41554293825408,0.3304986953735351,78.40810746016261,0.33274365252874366
1496,78.41554293825408,0.3369643688201904,78.40811243040197,0.3327464738631631
1497,78.41554293825408,0.3351528644561767,78.40811739400108,0.33274808133850914
1498,78.41554293825408,0.3369019031524658,78.4081223509732,0.33275085425026746
1499,78.41554293825408,0.3366007804870605,78.40812730133163,0.3327534225799785
1500,78.41554293825408,0.3350327014923095,78.40813224508958,0.3327549420992533
1501,78.41554293825408,0.3321564197540283,78.40813718226023,0.3327545433501892
1502,78.41554293825408,0.3342154026031494,78.40814211285677,0.3327555159595454
1503,78.41554293825408,0.3334403038024902,78.4081470368923,0.332755971573546
1504,78.41554293825408,0.3375515937805176,78.4081519543799,0.3327591601521411
1505,78.41554293825408,0.3401498794555664,78.40815686533264,0.3327640709290869
1506,78.41554293825408,0.3336658477783203,78.40816176976352,0.3327646697184954
1507,78.41554293825408,0.3333539962768554,78.40816666768555,0.33276506077792367
1508,78.41554293825408,0.3353700637817383,78.40817155911166,0.3327667882334965
1509,78.41554293825408,0.3371396064758301,78.40817644405476,0.33276968605870677
1510,78.41554293825408,0.3332760334014892,78.40818132252774,0.3327700213880728
1511,78.41554293825408,0.3341937065124511,78.40818619454343,0.3327709636019209
1512,78.41554293825408,0.3333179950714111,78.40819106011467,0.3327713253952208
1513,78.41554293825408,0.3372170925140381,78.40819591925423,0.3327742637740171
1514,78.41554293825408,0.3339841365814209,78.40820077197483,0.3327750628974038
1515,78.41554293825408,0.3340280055999756,78.4082056182892,0.33277588992228996
1516,78.41554293825408,0.3360052108764648,78.40821045821002,0.3327780200812307
1517,78.41554293825408,0.3370256423950195,78.40821529174993,0.33278082009593984
1518,78.41554293825408,0.3336286544799804,78.40822011892153,0.33278137861661444
1519,78.41554293825408,0.3351356983184814,78.40822493973742,0.3327829285308356
1520,78.41554293825408,0.3160278797149658,78.40822975421013,0.3327719054724041
1521,78.41554293825408,0.336984634399414,78.40823456235218,0.33277467518241527
1522,78.41554293825408,0.3387031555175781,78.40823936417603,0.33277857037317427
1523,78.41554293825408,0.3333668708801269,78.40824415969412,0.3327789566505918
1524,78.41554293825408,0.3355307579040527,78.4082489489189,0.3327807622944589
1525,78.41554293825408,0.3375563621520996,78.40825373186273,0.3327838938353492
1526,78.41554293825408,0.3326447010040283,78.40825850853795,0.33278380262117396
1527,78.41554293825408,0.3271186351776123,78.40826327895688,0.33278009262284813
1528,78.41554293825408,0.3357894420623779,78.40826804313181,0.33278206209237665
1529,78.41554293825408,0.3159399032592773,78.408272801075,0.3327710469459848
1530,78.41554293825408,0.332805871963501,78.40827755279864,0.33277106970743414
1531,78.41554293825408,0.3326785564422607,78.40828229831494,0.3327710092807423
1532,78.41554293825408,0.3345019817352295,78.40828703763604,0.3327721391583236
1533,78.41554293825408,0.3376688957214355,78.40829177077408,0.3327753333896107
1534,78.41554293825408,0.3390734195709228,78.40829649774115,0.3327794390520496
1535,78.41554293825408,0.3222148418426513,78.4083012185493,0.3327725565782976
1536,78.41554293825408,0.3355820178985595,78.40830593321057,0.33277438565467793
1537,78.41554293825408,0.3363184928894043,78.40831064173695,0.33277669151494776
1538,78.41554293825408,0.3366363048553467,78.4083153441404,0.3327792010164695
1539,78.41554293825408,0.3365776538848877,78.40832004043287,0.33278166914698826
1540,78.41554293825408,0.3347518444061279,78.40832473062626,0.33278294848157214
1541,78.41554293825408,0.3171179294586181,78.40832941473244,0.3327727829922646
1542,78.41554293825408,0.3353874683380127,78.40833409276325,0.33277447863775467
1543,78.41554293825408,0.3155517578125,78.40833876473052,0.33276331679664956
1544,78.41554293825408,0.3171234130859375,78.40834343064601,0.3327531873253343
1545,78.41554293825408,0.3359551429748535,78.40834809052149,0.33275525978853787
1546,78.41554293825408,0.3274667263031006,78.40835274436866,0.33275183900361843
1547,78.41554293825408,0.3342502117156982,78.40835739219922,0.33275280757033604
1548,78.41554293825408,0.3354487419128418,78.40836203402483,0.3327545491299888
1549,78.41554293825408,0.3384919166564941,78.40836666985713,0.33275825304704915
1550,78.41554293825408,0.3352458477020263,78.40837129970771,0.33275985794682655
1551,78.41554293825408,0.335956335067749,78.40837592358814,0.33276191886050865
1552,78.41554293825408,0.3355319499969482,78.40838054150996,0.33276370367438524
1553,78.41554293825408,0.3354306221008301,78.40838515348469,0.33276542094317235
1554,78.41554293825408,0.3358442783355713,78.40838975952379,0.33276740218988565
1555,78.41554293825408,0.3410115242004394,78.40839435963872,0.33277270387606606
1556,78.41554293825408,0.320608377456665,78.40839895384092,0.33276488618556516
1557,78.41554293825408,0.3363533020019531,78.40840354214176,0.3327671908842269
1558,78.41554293825408,0.3365740776062011,78.40840812455261,0.3327696343288495
1559,78.41554293825408,0.3373692035675049,78.40841270108481,0.3327725846619083
1560,78.41554293825408,0.3371760845184326,78.40841727174966,0.3327754074182266
1561,78.41554293825408,0.337475061416626,78.40842183655843,0.3327784180870276
1562,78.41554293825408,0.3265233039855957,78.4084263955224,0.3327744135325453
1563,78.41554293825408,0.3353266716003418,78.40843094865274,0.3327760464551734
1564,78.41554293825408,0.3347542285919189,78.40843549596066,0.3327773112775115
1565,78.41554293825408,0.3362884521484375,78.40844003745734,0.3327795548180041
1566,78.41554293825408,0.3359122276306152,78.40844457315389,0.33278155524764175
1567,78.41554293825408,0.3355307579040527,78.40844910306141,0.33278330968456354
1568,78.41554293825408,0.3306012153625488,78.408453627191,0.3327819180427765
1569,78.41554293825408,0.3330609798431396,78.4084581455537,0.3327820959024326
1570,78.41554293825408,0.335545539855957,78.4084626581605,0.332783856057817
1571,78.41554293825408,0.3210194110870361,78.40846716502243,0.33277636755051543
1572,78.41554293825408,0.335306167602539,78.40847166615043,0.33277797683808036
1573,78.41554293825408,0.3363649845123291,78.40847616155547,0.3327802571989667
1574,78.41554293825408,0.3179628849029541,78.40848065124841,0.33277084336650414
1575,78.41554293825408,0.3356387615203857,78.40848513524016,0.3327726642669193
1576,78.41554293825408,0.3373897075653076,78.40848961354156,0.3327755938629208
1577,78.41554293825408,0.3161492347717285,78.40849408616344,0.33276505083242547
1578,78.41554293825408,0.3337364196777344,78.4084985531166,0.3327656664020359
1579,78.41554293825408,0.3355743885040283,78.40850301441182,0.33276744520007395
1580,78.41554293825408,0.3361377716064453,78.40850747005982,0.33276957831805265
1581,78.41554293825408,0.3341920375823974,78.40851192007132,0.33277047803928245
1582,78.41554293825408,0.3341400623321533,78.40851636445703,0.332771343768924
1583,78.41554293825408,0.3323640823364258,78.40852080322757,0.33277108649701465
1584,78.41554293825408,0.3367350101470947,78.40852523639363,0.33277358897406645
1585,78.41554293825408,0.3381481170654297,78.40852966396578,0.3327769798435247
1586,78.41554293825408,0.336526870727539,78.40853408595461,0.3327793442135651
1587,78.41554293825408,0.3346760272979736,78.40853850237067,0.3327805393509844
1588,78.41554293825408,0.3207094669342041,78.40854291322451,0.33277293791999146
1589,78.41554293825408,0.3348267078399658,78.4085473185266,0.3327742304120745
1590,78.41554293825408,0.3368024826049804,78.40855171828744,0.3327767639040197
1591,78.41554293825408,0.3390097618103027,78.40855611251746,0.33278068156455165
1592,78.41554293825408,0.3360323905944824,78.40856050122709,0.3327827240953493
1593,78.41554293825408,0.3311202526092529,78.40856488442672,0.3327816804848747
1594,78.41554293825408,0.337493896484375,78.40856926212675,0.33278463670570246
1595,78.41554293825408,0.3380846977233886,78.40857363433749,0.33278795962797064
1596,78.41554293825408,0.3392469882965088,78.40857800106926,0.3327920066384146
1597,78.41554293825408,0.3359661102294922,78.40858236233237,0.3327939941797991
1598,78.41554293825408,0.3409013748168945,78.40858671813707,0.33279906763451567
1599,78.41554293825408,0.3353853225708008,78.40859106849362,0.3328006850547385
1600,78.41554293825408,0.3391752243041992,78.40859541341221,0.3328046691417694
1601,78.41554293825408,0.3409805297851562,78.40859975290306,0.3328097758629708
1602,78.41554293825408,0.3381638526916504,78.40860408697631,0.33281311798333824
1603,78.41554293825408,0.3385586738586426,78.4086084156421,0.3328167022352879
1604,78.41554293825408,0.338172435760498,78.40861273891056,0.3328200412212762
1605,78.41554293825408,0.3346540927886963,78.40861705679177,0.3328211839325331
1606,78.41554293825408,0.3381595611572265,78.4086213692958,0.332824507953221
1607,78.41554293825408,0.3347597122192383,78.40862567643268,0.3328257121873629
1608,78.41554293825408,0.3407015800476074,78.4086299782124,0.33283061011513665
1609,78.41554293825408,0.3372910022735595,78.408634274645,0.33283338226688214
1610,78.41554293825408,0.3370227813720703,78.4086385657404,0.33283598437812756
1611,78.41554293825408,0.3304672241210937,78.40864285150857,0.33283451401173586
1612,78.41554293825408,0.3319966793060303,78.40864713195941,0.3328339942631591
1613,78.41554293825408,0.338470458984375,78.4086514071028,0.3328374886616224
1614,78.41554293825408,0.3341259956359863,78.40865567694861,0.3328382869930811
1615,78.41554293825408,0.3382759094238281,78.4086599415067,0.33284165394195464
1616,78.41554293825408,0.334606409072876,78.40866420078686,0.332842745993397
1617,78.41554293825408,0.3315854072570801,78.4086684547989,0.33284196841842095
1618,78.41554293825408,0.3368604183197021,78.40867270355258,0.33284445200921287
1619,78.41554293825408,0.3342728614807129,78.40867694705764,0.33284533428807106
1620,78.41554293825408,0.3352954387664795,78.40868118532381,0.33284684669824294
1621,78.41554293825408,0.3391931056976318,78.40868541836078,0.3328507617253863
1622,78.41554293825408,0.3356437683105469,78.40868964617822,0.3328524836776583
1623,78.41554293825408,0.3335835933685303,78.40869386878579,0.33285293414573647
1624,78.41554293825408,0.3330450057983398,78.4086980861931,0.3328530524164585
1625,78.41554293825408,0.3345985412597656,78.40870229840975,0.332854126563439
1626,78.41554293825408,0.3386168479919433,78.40870650544532,0.3328576706725586
1627,78.41554293825408,0.3240847587585449,78.40871070730937,0.33285227859393907
1628,78.41554293825408,0.3372011184692383,78.40871490401142,0.33285494987150377
1629,78.41554293825408,0.3357808589935303,78.40871909556098,0.3328567460097002
1630,78.41554293825408,0.336928129196167,78.40872328196754,0.3328592437907962
1631,78.41554293825408,0.3178598880767822,78.40872746324055,0.3328500473740494
1632,78.41554293825408,0.3328287601470947,78.40873163938946,0.33285003433040544
1633,78.41554293825408,0.3365359306335449,78.40873581042366,0.3328522914622506
1634,78.41554293825408,0.3352148532867431,78.40873997635256,0.3328537373385202
1635,78.41554293825408,0.3168919086456299,78.40874413718554,0.33284397475216365
1636,78.41554293825408,0.3365662097930908,78.4087482929319,0.3328462499569564
1637,78.41554293825408,0.3361892700195312,78.40875244360102,0.332848292119487
1638,78.41554293825408,0.3340597152709961,78.40875658920214,0.33284903169406055
1639,78.41554293825408,0.3348495960235595,78.40876072974457,0.33285025229462767
1640,78.41554293825408,0.3373451232910156,78.40876486523757,0.33285299306962546
1641,78.41554293825408,0.3178746700286865,78.40876899569035,0.3328438655114043
1642,78.41554293825408,0.3355939388275146,78.40877312111213,0.3328455403429001
1643,78.41554293825408,0.3361251354217529,78.4087772415121,0.3328475364445914
1644,78.41554293825408,0.3373236656188965,78.4087813568994,0.33285025915090183
1645,78.41554293825408,0.3338475227355957,78.40878546728321,0.33285086539016306
1646,78.41554293825408,0.332866907119751,78.40878957267262,0.33285087513604983
1647,78.41554293825408,0.3348338603973388,78.40879367307673,0.33285207913438697
1648,78.41554293825408,0.3372905254364013,78.40879776850463,0.33285477236636635
1649,78.41554293825408,0.3330440521240234,78.40880185896536,0.33285488715093736
1650,78.41554293825408,0.3366374969482422,78.40880594446796,0.3328571796417236
1651,78.41554293825408,0.3385417461395263,78.40881002502142,0.3328606227468101
1652,78.41554293825408,0.3350892066955566,78.40881410063477,0.33286197176857085
1653,78.41554293825408,0.3350074291229248,78.40881817131692,0.3328632696859056
1654,78.41554293825408,0.3361868858337402,78.40882223707686,0.3328652791273493
1655,78.41554293825408,0.3353807926177978,78.4088262979235,0.33286679907507766
1656,78.41554293825408,0.3335645198822021,78.40883035386572,0.33286722040406747
1657,78.41554293825408,0.3370838165283203,78.40883440491243,0.33286976512110084
1658,78.41554293825408,0.335536241531372,78.40883845107246,0.3328713733698404
1659,78.41554293825408,0.3371040821075439,78.40884249235467,0.33287392473134597
1660,78.41554293825408,0.3359618186950683,78.40884652876785,0.33287578490843256
1661,78.41554293825408,0.3269546031951904,78.40885056032083,0.3328722200789845
1662,78.41554293825408,0.3348696231842041,78.40885458702235,0.332873421885907
1663,78.41554293825408,0.3384068012237549,78.40885860888118,0.33287674923367483
1664,78.41554293825408,0.337698221206665,78.40886262590604,0.33287964675288934
1665,78.41554293825408,0.3370592594146728,78.40886663810565,0.3328821570307643
1666,78.41554293825408,0.3332040309906006,78.40887064548869,0.33288235023242085
1667,78.41554293825408,0.335871934890747,78.40887464806383,0.33288414362453744
1668,78.41554293825408,0.3392817974090576,78.40887864583972,0.3328879791483891
1669,78.41554293825408,0.3108150959014892,78.40888263882499,0.33287475393374144
1670,78.41554293825408,0.3372337818145752,78.40888662702824,0.33287736413007724
1671,78.41554293825408,0.3249745368957519,78.40889061045806,0.3328726347301764
1672,78.41554293825408,0.3385474681854248,78.40889458912301,0.33287602876932426
1673,78.41554293825408,0.3356318473815918,78.40889856303164,0.3328776760010112
1674,78.41554293825408,0.3321626186370849,78.40890253219247,0.3328772488460746
1675,78.41554293825408,0.3351423740386963,78.408906496614,0.3328786011596224
1676,78.41554293825408,0.334230899810791,78.40891045630471,0.3328794080203928
1677,78.41554293825408,0.3326749801635742,78.40891441127307,0.3328792861194645
1678,78.41554293825408,0.3353748321533203,78.40891836152753,0.33288077333402577
1679,78.41554293825408,0.3360347747802734,78.4089223070765,0.33288265183399374
1680,78.41554293825408,0.3350942134857178,78.40892624792839,0.3328839682397388
1681,78.41554293825408,0.3359060287475586,78.40893018409157,0.3328857660151748
1682,78.41554293825408,0.3371384143829345,78.40893411557444,0.33288829434357414
1683,78.41554293825408,0.3249440193176269,78.40893804238529,0.33288357403755753
1684,78.41554293825408,0.3340504169464111,78.40894196453249,0.3328842669371471
1685,78.41554293825408,0.3175170421600342,78.4089458820243,0.33287514692244263
1686,78.41554293825408,0.3378143310546875,78.40894979486905,0.3328780764503977
1687,78.41554293825408,0.3225524425506592,78.40895370307496,0.33287195574269185
1688,78.41554293825408,0.3373551368713379,78.4089576066503,0.3328746116556828
1689,78.41554293825408,0.3344414234161377,78.40896150560329,0.3328755393121425
1690,78.41554293825408,0.3366003036499023,78.40896539994213,0.3328777433147092
1691,78.41554293825408,0.3368663787841797,78.40896928967503,0.33288010205833396
1692,78.41554293825408,0.3364450931549072,78.40897317481011,0.33288220902706717
1693,78.41554293825408,0.3351039886474609,78.40897705535556,0.33288352135997934
1694,78.41554293825408,0.337839126586914,78.40898093131949,0.33288644674677215
1695,78.41554293825408,0.3393480777740478,78.40898480271001,0.33289025891846963
1696,78.41554293825408,0.3365349769592285,78.40898866953522,0.3328924079267484
1697,78.41554293825408,0.3361632823944092,78.40899253180316,0.33289433537192675
1698,78.41554293825408,0.3381412029266357,78.40899638952192,0.33289742539993306
1699,78.41554293825408,0.335416316986084,78.40900024269952,0.33289890797296784
1700,78.41554293825408,0.3357973098754883,78.40900409134396,0.33290061291526346
1701,78.41554293825408,0.3357529640197754,78.40900793546325,0.3329022897824619
1702,78.41554293825408,0.3322646617889404,78.40901177506535,0.3329019151479181
1703,78.41554293825408,0.3271896839141845,78.40901561015824,0.33289856093110437
1704,78.41554293825408,0.3368372917175293,78.40901944074984,0.3329008723928335
1705,78.41554293825408,0.3254756927490234,78.40902326684808,0.3328965174487609
1706,78.41554293825408,0.314763069152832,78.40902708846087,0.33288588822936116
1707,78.41554293825408,0.3347840309143066,78.40903090559607,0.3328870002051579
1708,78.41554293825408,0.3359870910644531,78.40903471826157,0.33288881524664454
1709,78.41554293825408,0.3359503746032715,78.40903852646518,0.332890606679855
1710,78.41554293825408,0.328235387802124,78.40904233021476,0.3328878843296341
1711,78.41554293825408,0.335648775100708,78.40904612951812,0.3328894979420076
1712,78.41554293825408,0.3377039432525635,78.40904992438303,0.3328923101180068
1713,78.41554293825408,0.3361201286315918,78.40905371481728,0.3328941944253702
1714,78.41554293825408,0.3332855701446533,78.40905750082862,0.3328944227659299
1715,78.41554293825408,0.3330118656158447,78.40906128242479,0.33289449124572573
1716,78.41554293825408,0.3356115818023681,78.4090650596135,0.332896074631831
1717,78.41554293825408,0.3365218639373779,78.40906883240245,0.33289818633206725
1718,78.41554293825408,0.3359053134918213,78.40907260079933,0.3328999366971195
1719,78.41554293825408,0.3339657783508301,78.40907636481181,0.3329005567329855
1720,78.41554293825408,0.3379206657409668,78.40908012444754,0.3329034754010134
1721,78.41554293825408,0.3260591030120849,78.40908387971413,0.332899498426935
1722,78.41554293825408,0.3344600200653076,78.4090876306192,0.3329004046532058
1723,78.41554293825408,0.3240749835968017,78.40909137717036,0.33289528252839073
1724,78.41554293825408,0.3383207321166992,78.40909511937515,0.332898429540913
1725,78.41554293825408,0.3365516662597656,78.40909885724118,0.3329005473593007
1726,78.41554293825408,0.3342058658599853,78.40910259077594,0.33290130362726167
1727,78.41554293825408,0.3328654766082763,78.40910631998699,0.33290128288202775
1728,78.41554293825408,0.3375663757324219,78.40911004488181,0.3329039825885384
1729,78.41554293825408,0.3355183601379394,78.40911376546792,0.33290549466346575
1730,78.41554293825408,0.3387386798858642,78.40911748175276,0.3329088664468313
1731,78.41554293825408,0.3258600234985351,78.40912119374381,0.33290479432496634
1732,78.41554293825408,0.3345005512237549,78.4091249014485,0.3329057156626677
1733,78.41554293825408,0.3181228637695312,78.40912860487423,0.33289718545384306
1734,78.41554293825408,0.3350212574005127,78.40913230402843,0.3328984104088296
1735,78.41554293825408,0.3386235237121582,78.40913599891847,0.33290171018594966
1736,78.41554293825408,0.3281629085540771,78.40913968955172,0.33289898046150734
1737,78.41554293825408,0.3363301753997803,78.40914337593554,0.33290095581840906
1738,78.41554293825408,0.3139383792877197,78.40914705807727,0.33289004524503124
1739,78.41554293825408,0.3347208499908447,78.40915073598421,0.33289109803671946
1740,78.41554293825408,0.3333432674407959,78.40915440966369,0.33289135790419305
1741,78.41554293825408,0.335538387298584,78.40915807912295,0.3328928783116568
1742,78.41554293825408,0.333688735961914,78.40916174436929,0.3328933351759796
1743,78.41554293825408,0.3364205360412597,78.40916540540995,0.33289535881388277
1744,78.41554293825408,0.3337891101837158,78.40916906225219,0.3328958712859985
1745,78.41554293825408,0.3370883464813232,78.40917271490319,0.33289827385058035
1746,78.41554293825408,0.3387770652770996,78.40917636337016,0.3329016408559793
1747,78.41554293825408,0.3370344638824463,78.40918000766031,0.33290400652456914
1748,78.41554293825408,0.3299729824066162,78.4091836477808,0.33290232973731626
1749,78.41554293825408,0.3359601497650146,78.40918728373875,0.3329040780620891
1750,78.41554293825408,0.3322739601135254,78.40919091554133,0.33290371799468993
1751,78.41554293825408,0.3369312286376953,78.40919454319564,0.33290601811498866
1752,78.41554293825408,0.3377547264099121,78.4091981667088,0.3329087856425542
1753,78.41554293825408,0.337705135345459,78.40920178608789,0.3329115217233887
1754,78.41554293825408,0.3370180130004883,78.40920540133997,0.332913862938484
1755,78.41554293825408,0.3353621959686279,78.40920901247212,0.3329152580000396
1756,78.41554293825408,0.3333079814910888,78.40921261949136,0.3329154816466746
1757,78.41554293825408,0.3376703262329101,78.40921622240471,0.3329181878758074
1758,78.41554293825408,0.3350744247436523,78.40921982121918,0.3329194144041736
1759,78.41554293825408,0.3359377384185791,78.40922341594178,0.3329211303359612
1760,78.41554293825408,0.3360960483551025,78.40922700657946,0.3329229342666539
1761,78.41554293825408,0.3120894432067871,78.40923059313917,0.3329111037776932
1762,78.41554293825408,0.3339200019836426,78.40923417562789,0.3329116763646432
1763,78.41554293825408,0.3249537944793701,78.40923775405251,0.3329071625348728
1764,78.41554293825408,0.334536075592041,78.40924132841998,0.33290808595497323
1765,78.41554293825408,0.3369147777557373,78.40924489873716,0.3329103560353136
1766,78.41554293825408,0.3143231868743896,78.40924846501096,0.3328998310244637
1767,78.41554293825408,0.3329510688781738,78.40925202724821,0.33289986002155125
1768,78.41554293825408,0.3363573551177978,78.4092555854558,0.33290181561832516
1769,78.41554293825408,0.3364691734313965,78.40925913964053,0.3329038322140363
1770,78.41554293825408,0.3371226787567138,78.40926268980924,0.3329062157431565
1771,78.41554293825408,0.3384628295898437,78.40926623596872,0.3329093533003822
1772,78.41554293825408,0.3342316150665283,78.40926977812576,0.3329100994977671
1773,78.41554293825408,0.334895372390747,78.40927331628714,0.3329112192230311
1774,78.41554293825408,0.3374390602111816,78.40927685045962,0.33291377155729723
1775,78.41554293825408,0.3341293334960937,78.40928038064992,0.3329144563809247
1776,78.41554293825408,0.3348345756530761,78.40928390686479,0.33291553752916353
1777,78.41554293825408,0.3398659229278564,78.40928742911093,0.33291944883214536
1778,78.41554293825408,0.3344168663024902,78.40929094739504,0.3329202910241984
1779,78.41554293825408,0.3358509540557861,78.40929446172379,0.33292193838959
1780,78.41554293825408,0.334885835647583,78.40929797210386,0.33292304170265624
1781,78.41554293825408,0.333179235458374,78.40930147854189,0.3329231855509189
1782,78.41554293825408,0.3357644081115722,78.40930498104454,0.3329247799519069
1783,78.41554293825408,0.3363461494445801,78.4093084796184,0.3329266988355259
1784,78.41554293825408,0.3171174526214599,78.40931197427011,0.33291783715042833
1785,78.41554293825408,0.337449312210083,78.40931546500623,0.33292037579191835
1786,78.41554293825408,0.3344669342041015,78.40931895183336,0.3329212417260797
1787,78.41554293825408,0.3346340656280517,78.40932243475805,0.3329222002173511
1788,78.41554293825408,0.3370020389556885,78.40932591378684,0.3329244820063546
1789,78.41554293825408,0.3255748748779297,78.4093293889263,0.3329203737854891
1790,78.41554293825408,0.3345866203308105,78.4093328601829,0.3329213046494809
1791,78.41554293825408,0.3353066444396972,78.40933632756317,0.3329226364974933
1792,78.41554293825408,0.3354005813598633,78.4093397910736,0.33292401927922455
1793,78.41554293825408,0.3323981761932373,78.40934325072065,0.33292372600366066
1794,78.41554293825408,0.3346836566925049,78.40934670651082,0.3329247070129633
1795,78.41554293825408,0.3358502388000488,78.4093501584505,0.3329263368356859
1796,78.41554293825408,0.3355627059936523,78.40935360654616,0.33292780474724376
1797,78.41554293825408,0.332303524017334,78.4093570508042,0.3329274573456133
1798,78.41554293825408,0.3352506160736084,78.40936049123104,0.33292874942499484
1799,78.2514194464159,0.3370356559753418,78.4092726974318,0.3329310323080134
1800,78.41554293825408,0.337515115737915,78.40927618089891,0.33293357902103
1801,78.41554293825408,0.3361563682556152,78.40927966049767,0.33293536846535793
1802,78.41554293825408,0.3373799324035644,78.40928313623449,0.3329378349270328
1803,78.41554293825408,0.329416275024414,78.4092866081158,0.3329358817601429
1804,78.41554293825408,0.334059476852417,78.40929007614804,0.3329365045955599
1805,78.41554293825408,0.3374795913696289,78.40929354033757,0.3329390215411411
1806,78.41554293825408,0.3359746932983398,78.40929700069078,0.3329407024225127
1807,78.41554293825408,0.3347539901733398,78.40930045721407,0.3329417059021756
1808,78.41554293825408,0.3188767433166504,78.40930390991376,0.3329339266087102
1809,78.41554293825408,0.3318147659301758,78.4093073587962,0.3329333079460907
1810,78.41554293825408,0.3355755805969238,78.40931080386773,0.33293476776523484
1811,78.41554293825408,0.3191993236541748,78.40931424513464,0.332927183312385
1812,78.41554293825408,0.3189074993133545,78.40931768260324,0.3329194461799352
1813,78.41554293825408,0.3368048667907715,78.40932111627983,0.3329215892690752
1814,78.41554293825408,0.3375113010406494,78.40932454617067,0.3329241194299195
1815,78.41554293825408,0.3363487720489502,78.409327972282,0.33292600629086666
1816,78.41554293825408,0.3366701602935791,78.4093313946201,0.3329280680496787
1817,78.41554293825408,0.329160213470459,78.40933481319117,0.332925994381776
1818,78.41554293825408,0.3395183086395263,78.40933822800142,0.3329296205172313
1819,78.41554293825408,0.3352553844451904,78.40934163905709,0.33293089911202406
1820,78.41554293825408,0.338383674621582,78.40934504636434,0.3329338951425238
1821,78.41554293825408,0.3358526229858398,78.40934844992935,0.3329354979584729
1822,78.41554293825408,0.3271691799163818,78.40935184975828,0.33293233312969017
1823,78.41554293825408,0.3365151882171631,78.4093552458573,0.33293429849177875
1824,78.41554293825408,0.3349390029907226,78.4093586382325,0.33293539756222773
1825,78.41554293825408,0.3364427089691162,78.40936202689005,0.3329373193766973
1826,78.41554293825408,0.3332550525665283,78.40936541183603,0.33293749338173007
1827,78.41554293825408,0.338881254196167,78.40936879307655,0.3329407466717215
1828,78.41554293825408,0.3352677822113037,78.40937217061767,0.3329420196670933
1829,78.41554293825408,0.3368830680847168,78.40937554446548,0.3329441744229258
1830,78.41554293825408,0.3358194828033447,78.40937891462602,0.33294574562969104
1831,78.41554293825408,0.3337597846984863,78.40938228110532,0.33294619021683947
1832,78.41554293825408,0.3390839099884033,78.40938564390945,0.3329495405005576
1833,78.41554293825408,0.3361835479736328,78.40938900304438,0.3329513048254201
1834,78.41554293825408,0.3360540866851806,78.40939235851614,0.332952996636685
1835,78.41554293825408,0.3357055187225342,78.40939571033071,0.3329544966487209
1836,78.41554293825408,0.3316917419433594,78.40939905849407,0.3329538088738269
1837,78.41554293825408,0.3379709720611572,78.40940240301218,0.3329565400459485
1838,78.41554293825408,0.3368926048278808,78.40940574389099,0.33295868153930097
1839,78.41554293825408,0.3349988460540771,78.40940908113642,0.3329597909272916
1840,78.41554293825408,0.3332090377807617,78.40941241475441,0.3329599263875381
1841,78.41554293825408,0.3341364860534668,78.40941574475089,0.33296056547480907
1842,78.41554293825408,0.3358840942382812,78.40941907113172,0.33296215262397494
1843,78.41554293825408,0.3332302570343017,78.40942239390282,0.33296229809571143
1844,78.41554293825408,0.3366782665252685,78.40942571307002,0.33296431326297254
1845,78.41554293825408,0.3327760696411133,78.40942902863924,0.33296421123390924
1846,78.41554293825408,0.336583137512207,78.40943234061628,0.3329661716490112
1847,78.41554293825408,0.3334283828735351,78.40943564900698,0.3329664218987267
1848,78.41554293825408,0.3364779949188232,78.40943895381717,0.3329683221005774
1849,78.41554293825408,0.3345701694488525,78.40944225505267,0.33296918843229634
1850,78.41554293825408,0.3360376358032226,78.40944555271926,0.33297084705249685
1851,78.41554293825408,0.3262937068939209,78.40944884682274,0.3329672397374463
1852,78.41554293825408,0.3338279724121094,78.40945213736887,0.3329677044959099
1853,78.41554293825408,0.32411789894104,78.40945542436341,0.33296292856198934
1854,78.41554293825408,0.3350133895874023,78.4094587078121,0.3329640345280224
1855,78.41554293825408,0.3369395732879638,78.4094619877207,0.33296617767560194
1856,78.41554293825408,0.3325238227844238,78.4094652640949,0.3329659393378373
1857,78.41554293825408,0.334158182144165,78.40946853694044,0.33296658136411966
1858,78.41554293825408,0.3244211673736572,78.409471806263,0.33296198211008815
1859,78.41554293825408,0.3296055793762207,78.40947507206826,0.33296017662179667
1860,78.41554293825408,0.3392403125762939,78.4094783343619,0.3329635530389765
1861,78.41554293825408,0.3355798721313476,78.40948159314961,0.33296495890630184
1862,78.41554293825408,0.3275742530822754,78.40948484843699,0.332962063790392
1863,78.41554293825408,0.3351051807403564,78.4094881002297,0.33296321414838986
1864,78.41554293825408,0.3314459323883056,78.40949134853335,0.3329624001560293
1865,78.41554293825408,0.3374373912811279,78.40949459335357,0.33296479961507763
1866,78.41554293825408,0.334336519241333,78.40949783469597,0.3329655347274175
1867,78.41554293825408,0.3364458084106445,78.4095010725661,0.33296739882687293
1868,78.41554293825408,0.3353116512298584,78.40950430696958,0.3329686537799794
1869,78.41554293825408,0.3343098163604736,78.40950753791195,0.33296937136295457
1870,78.41554293825408,0.343926191329956,78.40951076539876,0.332975230624969
1871,78.41554293825408,0.3371694087982178,78.40951398943555,0.33297747230223956
1872,77.93647977288857,0.3356406688690185,78.40926130021731,0.33297889494997823
1873,78.41554293825408,0.3335123062133789,78.40926465400163,0.33297917973976116
1874,78.41554293825408,0.332982063293457,78.40926800420668,0.3329791812784771
1875,78.41554293825408,0.3346929550170898,78.40927135083817,0.3329800952911377
1876,78.41554293825408,0.3360936641693115,78.40927469390182,0.33298175497604077
1877,78.41554293825408,0.331568956375122,78.40927803340334,0.33298100228632266
1878,78.41554293825408,0.3398339748382568,78.4092813693484,0.33298465136648875
1879,78.41554293825408,0.3332817554473877,78.40928470174272,0.33298480948467973
1880,78.41554293825408,0.3284375667572021,78.40928803059192,0.33298239073854813
1881,78.41554293825408,0.3352530002593994,78.40929135590169,0.33298359786748
1882,78.41554293825408,0.3350222110748291,78.40929467767765,0.3329846810838495
1883,78.41554293825408,0.3356387615203857,78.40929799592543,0.33298609057956724
1884,78.41554293825408,0.3170785903930664,78.40930131065065,0.33297764710813066
1885,78.41554293825408,0.336747407913208,78.40930462185892,0.3329796469812368
1886,78.41554293825408,0.3382465839385986,78.40930792955585,0.332982439630737
1887,78.41554293825408,0.3147757053375244,78.40931123374699,0.33297279112289746
1888,78.41554293825408,0.3346366882324219,78.40931453443794,0.33297367242433257
1889,78.41554293825408,0.3368785381317138,78.40931783163424,0.33297573958458
1890,78.41554293825408,0.3324959278106689,78.40932112534145,0.33297548571591656
1891,78.41554293825408,0.3082730770111084,78.4093244155651,0.33296242257011816
1892,78.41554293825408,0.3353290557861328,78.4093277023107,0.3329636734333401
1893,78.41554293825408,0.3361499309539795,78.40933098558378,0.3329653566121677
1894,78.41554293825408,0.3356490135192871,78.40933426538983,0.33296677353767307
1895,78.41554293825408,0.3364591598510742,78.40933754173435,0.3329686164855957
1896,78.41554293825408,0.3329222202301025,78.40934081462281,0.3329685920149968
1897,78.41554293825408,0.3255903720855713,78.40934408406068,0.3329647026001684
1898,78.41554293825408,0.3395130634307861,78.4093473500534,0.3329681527375924
1899,78.41554293825408,0.3328614234924316,78.40935061260643,0.332968096534725
1900,78.41554293825408,0.3162522315979004,78.40935387172519,0.33295929871107405
1901,78.41554293825408,0.3373172283172607,78.4093571274151,0.3329615911516875
1902,78.41554293825408,0.3254704475402832,78.40936037968157,0.3329576525903776
1903,78.41554293825408,0.3365070819854736,78.40936362853002,0.33295951776609756
1904,78.41554293825408,0.3317391872406006,78.4093668739658,0.33295887683619974
1905,78.41554293825408,0.334282636642456,78.40937011599429,0.33295957172323715
1906,78.41554293825408,0.3344209194183349,78.40937335462087,0.33296033843241607
1907,78.41554293825408,0.333730936050415,78.40937658985088,0.33296074252136104
1908,78.41554293825408,0.3347151279449463,78.40937982168965,0.33296166201057675
1909,78.41554293825408,0.3367815017700195,78.40938305014255,0.33296366297430613
1910,78.41554293825408,0.3357522487640381,78.40938627521486,0.3329651229668662
1911,78.41554293825408,0.3348188400268554,78.40938949691188,0.33296609299149205
1912,78.41554293825408,0.3337228298187256,78.40939271523895,0.3329664887743515
1913,78.41554293825408,0.3349905014038086,78.40939593020133,0.3329675468049994
1914,78.41554293825408,0.3348960876464844,78.40939914180427,0.3329685544020953
1915,78.41554293825408,0.3342237472534179,78.40940235005307,0.33296920985528133
1916,78.41554293825408,0.3327565193176269,78.40940555495297,0.3329690988476938
1917,78.41554293825408,0.3346920013427734,78.4094087565092,0.3329699975970392
1918,78.41554293825408,0.3357765674591064,78.409411954727,0.33297146087642504
1919,78.41554293825408,0.3350808620452881,78.40941514961159,0.33297256009537707
1920,78.41554293825408,0.3203496932983398,78.40941834116818,0.33296598568558694
1921,78.41554293825408,0.3347866535186767,78.40942152940195,0.3329669334564527
1922,78.41554293825408,0.3176460266113281,78.4094247143181,0.33295896212094533
1923,78.41554293825408,0.3365297317504883,78.40942789592181,0.3329608189954277
1924,78.41554293825408,0.337498664855957,78.40943107421825,0.33296317754317223
1925,78.41554293825408,0.3328771591186523,78.40943424921255,0.3329631328582764
1926,78.41554293825408,0.3344764709472656,78.40943742090987,0.3329639185997556
1927,78.41554293825408,0.332050085067749,78.40944058931534,0.33296344437374004
1928,78.41554293825408,0.3319947719573974,78.40944375443408,0.3329629419502876
1929,78.41554293825408,0.3332889080047607,78.40944691627121,0.3329631109321717
1930,78.41554293825408,0.3342857360839844,78.40945007483182,0.3329637962301778
1931,78.41554293825408,0.3341419696807861,78.409453230121,0.33296440636661
1932,78.41554293825408,0.3338136672973633,78.40945638214384,0.3329648459426611
1933,78.41554293825408,0.3371081352233886,78.40945953090541,0.33296698939288394
1934,78.41554293825408,0.3258183002471924,78.40946267641077,0.33296329306964423
1935,78.41554293825408,0.3332786560058594,78.40946581866494,0.33296345604790584
1936,78.41554293825408,0.3368828296661377,78.409468957673,0.33296548051774993
1937,78.41554293825408,0.3181214332580566,78.40947209343994,0.33295781709634586
1938,78.28690560681333,0.3359348773956299,78.4094088496388,0.3329593532471711
1939,78.41554293825408,0.3325939178466797,78.40941201317082,0.3329591647812606
1940,78.41554293825408,0.3342115879058838,78.40941517344149,0.3329598103601908
1941,78.41554293825408,0.3368971347808838,78.40941833045581,0.3329618388632411
1942,78.41554293825408,0.336094856262207,78.40942148421884,0.33296345215747336
1943,78.41554293825408,0.3341221809387207,78.40942463473557,0.33296404851814304
1944,78.41554293825408,0.3380959033966064,78.40942778201105,0.33296668836118753
1945,78.41554293825408,0.3355488777160644,78.40943092605025,0.33296801596496894
1946,78.41554293825408,0.3331012725830078,78.40943406685817,0.3329680844421622
1947,78.41554293825408,0.3180084228515625,78.40943720443977,0.33296040100015367
1948,78.41554293825408,0.316751480102539,78.40944033880004,0.3329520801988715
1949,78.41554293825408,0.3316538333892822,78.40944346994394,0.33295141408968243
1950,78.41554293825408,0.3351142406463623,78.40944659787641,0.33295252323150637
1951,78.41554293825408,0.3131473064422607,78.40944972260237,0.33294237191587883
1952,78.41554293825408,0.3365592956542969,78.40945284412679,0.3329442248481219
1953,78.41554293825408,0.3212792873382568,78.40945596245456,0.3329382520178557
1954,78.41554293825408,0.3361463546752929,78.40945907759058,0.33293989383088407
1955,78.41554293825408,0.3335847854614258,78.40946218953977,0.3329402236987258
1956,78.41554293825408,0.3340442180633545,78.40946529830701,0.33294078811302263
1957,78.41554293825408,0.3305239677429199,78.40946840389716,0.3329395531511575
1958,78.41554293825408,0.3349182605743408,78.40947150631511,0.33294056372696096
1959,78.41554293825408,0.3247246742248535,78.40947460556572,0.33293636980684754
1960,78.41554293825408,0.3388104438781738,78.40947770165383,0.33293936678341457
1961,78.41554293825408,0.3363180160522461,78.40948079458427,0.3329410897050203
1962,78.41554293825408,0.333972692489624,78.40948388436188,0.33294161549644974
1963,78.41554293825408,0.3191156387329101,78.40948697099148,0.33293457220721717
1964,78.41554293825408,0.3328950405120849,78.40949005447786,0.33293455207906286
1965,78.41554293825408,0.3353712558746338,78.40949313482584,0.332935792131885
1966,78.41554293825408,0.3180189132690429,78.4094962120402,0.33292820470621726
1967,78.41554293825408,0.3344335556030273,78.40949928612571,0.33292897000916427
1968,78.41554293825408,0.332442045211792,78.40950235708716,0.3329287225880274
1969,78.41554293825408,0.3268358707427978,78.40950542492929,0.33292562819907606
1970,78.41554293825408,0.3201436996459961,78.40950848965687,0.3329191399104704
1971,78.41554293825408,0.3334181308746338,78.40951155127462,0.33291939307686524
1972,78.41554293825408,0.331251859664917,78.4095146097873,0.33291854747168675
1973,78.41554293825408,0.3260846138000488,78.40951766519959,0.3329150837445344
1974,78.41554293825408,0.3328161239624023,78.40952071751623,0.33291503361293245
1975,78.41554293825408,0.3348193168640136,78.40952376674191,0.33291599780698367
1976,78.41554293825408,0.3170375823974609,78.40952681288134,0.33290796217165497
1977,78.41554293825408,0.3363795280456543,78.4095298559392,0.33290971814832365
1978,78.41554293825408,0.3315093517303467,78.40953289592014,0.33290901017743485
1979,78.41554293825408,0.3319828510284424,78.40953593282885,0.33290854218392857
1980,78.41554293825408,0.3190960884094238,78.40953896666997,0.33290156619717376
1981,78.41554293825408,0.337404727935791,78.40954199744816,0.3329038393732155
1982,78.41554293825408,0.335015058517456,78.40954502516804,0.3329049045695546
1983,78.41554293825408,0.3349955081939697,78.40954804983424,0.33290595883260277
1984,78.41554293825408,0.3365521430969238,78.40955107145139,0.3329077966270908
1985,78.41554293825408,0.3333868980407715,78.40955409002409,0.3329080379880045
1986,78.41554293825408,0.3358387947082519,78.40955710555693,0.3329095136963229
1987,78.41554293825408,0.3289275169372558,78.40956011805451,0.33290750967178384
1988,78.41554293825408,0.3330228328704834,78.40956312752141,0.33290756768144114
1989,78.41554293825408,0.3361208438873291,78.4095661339622,0.33290918320492324
1990,78.41554293825408,0.3169503211975097,78.40956913738144,0.33290116367627626
1991,78.41554293825408,0.3369581699371338,78.40957213778368,0.33290320134893364
1992,78.41554293825408,0.3206386566162109,78.40957513517348,0.33289704444896745
1993,78.41554293825408,0.3363540172576904,78.40957812955536,0.33289877900632253
1994,78.41554293825408,0.3334267139434814,78.40958112093384,0.3328990437680764
1995,78.41554293825408,0.3198845386505127,78.40958410931344,0.332892520206614
1996,78.41554293825408,0.3345391750335693,78.40958709469868,0.33289334518398217
1997,78.41554293825408,0.3383331298828125,78.40959007709405,0.332896069162299
1998,78.41554293825408,0.3310329914093017,78.40959305650404,0.3328951366909512
1999,78.41554293825408,0.335557222366333,78.40959603293314,0.33289646839964326
2000,78.41554293825408,0.3352458477020263,78.40959900638579,0.3328976430892944
2001,78.41554293825408,0.3355975151062011,78.40960197686648,0.3328989923506722
2002,78.41554293825408,0.3338642120361328,78.40960494437967,0.3328994744783872
2003,78.41554293825408,0.3277735710144043,78.40960790892977,0.33289691536532484
2004,78.41554293825408,0.3179471492767334,78.40961087052125,0.33288945540220677
2005,78.41554293825408,0.3191070556640625,78.40961382915852,0.33288258138737475
2006,78.41554293825408,0.3348352909088135,78.40961678484601,0.33288355482183213
2007,78.41554293825408,0.3361542224884033,78.40961973758812,0.33288518445195997
2008,78.41554293825408,0.3357577323913574,78.40962268738924,0.3328866150037226
2009,78.41554293825408,0.3375613689422607,78.40962563425379,0.3328889419096154
2010,78.41554293825408,0.3168644905090332,78.40962857818612,0.3328809695457345
2011,78.41554293825408,0.3368420600891113,78.40963151919063,0.33288293925759094
2012,78.41554293825408,0.3313915729522705,78.40963445727166,0.3328821980218527
2013,78.41554293825408,0.3164021968841553,78.40963739243361,0.33287401123539584
2014,78.41554293825408,0.3331220149993896,78.40964032468078,0.3328741343752985
2015,78.41554293825408,0.332176923751831,78.40964325401755,0.33287378836506354
2016,78.41554293825408,0.336655855178833,78.40964618044822,0.3328756643902688
2017,78.41554293825408,0.3317182064056396,78.40964910397713,0.33287509053901215
2018,78.41554293825408,0.3347151279449463,78.40965202460858,0.3328760023514036
2019,78.41554293825408,0.3338534832000732,78.40965494234689,0.33287648649248763
2020,78.41554293825408,0.3272266387939453,78.40965785719635,0.3328736895381814
2021,78.41554293825408,0.3350846767425537,78.40966076916123,0.332874783544715
2022,78.41554293825408,0.3365569114685058,78.40966367824585,0.33287660457731827
2023,78.41554293825408,0.3339471817016601,78.40966658445446,0.332877133780049
2024,78.41554293825408,0.3345293998718261,78.40966948779132,0.3328779501170509
2025,78.41554293825408,0.3348109722137451,78.40967238826067,0.33287890469586406
2026,78.41554293825408,0.3285744190216064,78.4096752858668,0.3328767800731226
2027,78.41554293825408,0.3312418460845947,78.4096781806139,0.33287597349493386
2028,78.41554293825408,0.3300447463989258,78.40968107250623,0.3328745774263461
2029,78.41554293825408,0.3340213298797607,78.409683961548,0.33287514260744683
2030,78.41554293825408,0.3345751762390136,78.40968684774342,0.33287598006243774
2031,78.41554293825408,0.3350710868835449,78.40968973109669,0.3328770608634329
2032,78.41554293825408,0.3373510837554931,78.40969261161203,0.3328792626463522
2033,78.41554293825408,0.3160233497619629,78.4096954892936,0.3328709714939251
2034,78.41554293825408,0.3345694541931152,78.4096983641456,0.3328718065394999
2035,78.41554293825408,0.3350968360900879,78.40970123617218,0.33287289992011443
2036,78.41554293825408,0.3418271541595459,78.40970410537753,0.33287729788388626
2037,78.41554293825408,0.3276982307434082,78.40970697176579,0.33287475538651734
2038,78.41554293825408,0.3321917057037353,78.40970983534109,0.3328744202296563
2039,78.41554293825408,0.3136577606201172,78.4097126961076,0.3328649956785972
2040,78.41554293825408,0.3354220390319824,78.40971555406944,0.33286624913122137
2041,78.41554293825408,0.3210020065307617,78.40971840923072,0.3328604361755132
2042,78.41554293825408,0.3345406055450439,78.40972126159556,0.3328612589812769
2043,78.41554293825408,0.3347077369689941,78.40972411116809,0.33286216278841724
2044,78.41554293825408,0.3345873355865478,78.40972695795237,0.3328630068064203
2045,78.41554293825408,0.3325228691101074,78.40972980195252,0.3328628404799184
2046,78.41554293825408,0.3344602584838867,78.4097326431726,0.332863621231631
2047,78.41554293825408,0.3333296775817871,78.4097354816167,0.332863848909379
2048,78.41554293825408,0.334831953048706,78.4097383172889,0.33286480989772826
2049,78.41554293825408,0.3352651596069336,78.40974115019323,0.33286598137147605
2050,78.41554293825408,0.327430248260498,78.40974398033374,0.33286332979434874
2051,78.41554293825408,0.3342595100402832,78.40974680771448,0.3328640105258192
2052,78.41554293825408,0.3334262371063232,78.40974963233951,0.33286428451538086
2053,78.41554293825408,0.3365957736968994,78.40975245421282,0.33286610209413464
2054,78.41554293825408,0.3250377178192138,78.40975527333845,0.3328622908067564
2055,78.41554293825408,0.3343174457550049,78.4097580897204,0.33286299891135407
2056,78.41554293825408,0.317136287689209,78.40976090336268,0.3328553497327441
2057,78.41554293825408,0.3355567455291748,78.40976371426929,0.33285666300245553
2058,78.41554293825408,0.3357830047607422,78.40976652244422,0.3328580849372263
2059,78.41554293825408,0.3167996406555176,78.40976932789142,0.3328502857899307
2060,78.41554293825408,0.3317854404449463,78.4097721306149,0.3328497688747147
2061,78.41554293825408,0.3339524269104004,78.4097749306186,0.3328503038858916
2062,78.41554293825408,0.3162155151367187,78.40977772790649,0.33284223657805984
2063,78.41554293825408,0.3182873725891113,78.40978052248252,0.3328351813846575
2064,78.41554293825408,0.3354334831237793,78.40978331435062,0.33283644025177916
2065,78.41554293825408,0.3381805419921875,78.40978610351475,0.3328390281945106
2066,78.41554293825408,0.335078477859497,78.4097888899788,0.3328401121488499
2067,78.41554293825408,0.3378040790557861,78.40979167374671,0.3328425136809771
2068,78.41554293825408,0.3377819061279297,78.40979445482239,0.3328449021686207
2069,78.41554293825408,0.3366127014160156,78.40979723320974,0.3328467232412391
2070,78.41554293825408,0.3339693546295166,78.40980000891265,0.3328472655752431
2071,78.41554293825408,0.3165915012359619,78.40980278193503,0.33283941634089287
2072,78.41554293825408,0.3354732990264892,78.40980555228074,0.3328406875197952
2073,78.41554293825408,0.3382847309112549,78.40980831995367,0.3328433136864095
2074,78.41554293825408,0.3233423233032226,78.40981108495767,0.3328387326881534
2075,78.41554293825408,0.3340141773223877,78.4098138472966,0.33283929916749516
2076,78.41554293825408,0.334036111831665,78.40981660697433,0.3328398756668517
2077,78.41554293825408,0.3345580101013183,78.40981936399469,0.3328407028861268
2078,78.41554293825408,0.3339262008666992,78.4098221183615,0.33284122526244087
2079,78.41554293825408,0.3369598388671875,78.40982487007862,0.3328432063175658
2080,78.41554293825408,0.33144211769104,78.40982761914987,0.3328425327172646
2081,78.26916252661462,0.3201594352722168,78.4097600241991,0.3328364380044126
2082,78.41554293825408,0.3333230018615722,78.4097628017755,0.33283667170463216
2083,78.41554293825408,0.3352224826812744,78.40976557668499,0.3328378170771606
2084,78.41554293825408,0.3358678817749023,78.40976834893142,0.3328392710429464
2085,78.41554293825408,0.3361947536468506,78.40977111851863,0.33284088038712095
2086,78.28246983676365,0.3348696231842041,78.4097100920173,0.3328418529387974
2087,78.41554293825408,0.3358042240142822,78.40971288686457,0.33284327237869943
2088,78.41554293825408,0.337522029876709,78.40971567903478,0.33284551316294175
2089,78.41554293825408,0.3344056606292724,78.40971846853176,0.3328462600023225
2090,78.41554293825408,0.3376595973968506,78.40972125535939,0.33284856303456867
2091,78.41554293825408,0.315906286239624,78.40972403952145,0.3328404605588179
2092,78.41554293825408,0.3344054222106933,78.4097268210218,0.33284120862844113
2093,78.41554293825408,0.3339488506317138,78.40972959986425,0.3328417378410562
2094,78.41554293825408,0.333099365234375,78.40973237605259,0.33284186087228507
2095,78.41554293825408,0.3190791606903076,78.40973514959063,0.3328352915643223
2096,78.41554293825408,0.3329989910125732,78.40973792048217,0.3328353696652041
2097,78.41554293825408,0.3284850120544433,78.40974068873098,0.3328332951026811
2098,78.41554293825408,0.324930191040039,78.40974345434086,0.3328295281322032
2099,78.41554293825408,0.3315238952636719,78.40974621731557,0.33282890610606286
2100,78.41554293825408,0.3073198795318603,78.40974897765886,0.33281675895055135
2101,78.41554293825408,0.3172132968902588,78.40975173537453,0.33280933226703857
2102,78.41554293825408,0.3360679149627685,78.40975449046628,0.332810882496675
2103,78.41554293825408,0.3347396850585937,78.40975724293789,0.3328117996638466
2104,78.41554293825408,0.3338320255279541,78.40975999279308,0.332812284562071
2105,78.41554293825408,0.3378310203552246,78.40976274003557,0.3328146687595975
2106,78.41554293825408,0.3344371318817138,78.40976548466911,0.33281543915994033
2107,78.41554293825408,0.3272216320037842,78.40976822669738,0.3328127842918074
2108,78.41554293825408,0.3351328372955322,78.40977096612411,0.33281388488621144
2109,78.41554293825408,0.336252212524414,78.409773702953,0.3328155151980361
2110,78.41554293825408,0.3341999053955078,78.40977643718774,0.3328161713071344
2111,78.41554293825408,0.3252081871032715,78.40977916883202,0.3328125673354604
2112,78.41554293825408,0.3359010219573974,78.40978189788952,0.3328140296719291
2113,78.41554293825408,0.3349032402038574,78.4097846243639,0.3328150184133072
2114,78.41554293825408,0.3048837184906006,78.40978734825882,0.332801805877866
2115,78.41554293825408,0.3369555473327636,78.40979006957797,0.3328037698218163
2116,78.41554293825408,0.3336951732635498,78.40979278832498,0.3328041910899835
2117,78.41554293825408,0.3384492397308349,78.4097955045035,0.33280685762217094
2118,78.41554293825408,0.3281855583190918,78.40979821811717,0.33280467570559724
2119,78.41554293825408,0.3347349166870117,78.40980092916962,0.33280558662630577
2120,78.41554293825408,0.331740140914917,78.40980363766447,0.33280508405757403
2121,78.41554293825408,0.3366522789001465,78.40980634360534,0.33280689791652857
2122,78.41554293825408,0.3367578983306885,78.40980904699583,0.33280875983943814
2123,78.41554293825408,0.3343708515167236,78.40981174783957,0.3328094956339164
2124,78.41554293825408,0.3317291736602783,78.40981444614015,0.33280898700775174
2125,78.41554293825408,0.3348443508148193,78.40981714190114,0.3328099448260139
2126,78.41554293825408,0.3357887268066406,78.40981983512614,0.3328113459464187
2127,78.41554293825408,0.3350410461425781,78.40982252581873,0.332812394230479
2128,78.41554293825408,0.3151061534881592,78.40982521398246,0.33280407362862635
2129,78.41554293825408,0.336031436920166,78.40982789962092,0.3328055895343528
2130,78.41554293825408,0.3375337123870849,78.40983058273764,0.33280780931034
2131,78.41554293825408,0.3211150169372558,78.4098332633362,0.3328023223125112
2132,78.41554293825408,0.3202464580535888,78.40983594142011,0.3327964330703635
2133,78.41554293825408,0.3349061012268066,78.40983861699294,0.3327974221318527
2134,78.41554293825408,0.3373699188232422,78.4098412900582,0.3327995648200867
2135,78.41554293825408,0.3327546119689941,78.40984396061941,0.33279954376488713
2136,78.41554293825408,0.325946569442749,78.4098466286801,0.3327963354435753
2137,78.41554293825408,0.3212153911590576,78.40984929424377,0.3327909161902835
2138,78.41554293825408,0.3341426849365234,78.40985195731393,0.33279154844881775
2139,78.41554293825408,0.3258516788482666,78.40985461789408,0.3327883040030017
2140,78.41554293825408,0.3374145030975342,78.4098572759877,0.33279046577827953
2141,78.41554293825408,0.3152298927307129,78.40985993159829,0.3327822637357538
2142,78.41554293825408,0.3358032703399658,78.40986258472932,0.33278367410298265
2143,78.41554293825408,0.3362576961517334,78.40986523538426,0.3327852952051986
2144,78.41554293825408,0.334392786026001,78.40986788356656,0.3327860449677083
2145,78.41554293825408,0.306809663772583,78.4098705292797,0.33277393476668493
2146,78.41554293825408,0.3343174457550049,78.40987317252713,0.3327746540169125
2147,78.41554293825408,0.3351821899414062,78.40987581331228,0.3327757753657362
2148,78.41554293825408,0.3258519172668457,78.4098784516386,0.332772551968111
2149,78.41554293825408,0.3336877822875976,78.40988108750952,0.3327729778547185
2150,78.41554293825408,0.3372104167938232,78.40988372092848,0.33277504177980644
2151,78.41554293825408,0.3369033336639404,78.40988635189888,0.3327769610228953
2152,78.41554293825408,0.3345732688903808,78.40988898042413,0.3327777957384471
2153,78.41554293825408,0.3134231567382812,78.40989160650766,0.3327688061244201
2154,78.41554293825408,0.3351988792419433,78.40989423015284,0.3327699342920698
2155,78.41554293825408,0.3369085788726806,78.4098968513631,0.332771854776794
2156,78.41554293825408,0.3391163349151611,78.40989947014181,0.33277479748557803
2157,78.41554293825408,0.3328793048858642,78.40990208649234,0.3327748459359259
2158,78.41554293825408,0.335341215133667,78.40990470041808,0.3327760351709573
2159,78.41554293825408,0.3367986679077148,78.40990731192241,0.3327778983635171
2160,78.41554293825408,0.3252286911010742,78.40990992100868,0.3327744033601549
2161,78.41554293825408,0.331897497177124,78.40991252768023,0.33277399757293463
2162,78.41554293825408,0.3356387615203857,78.40991513194044,0.33277532262563925
2163,78.41554293825408,0.3338606357574463,78.40991773379264,0.3327758243885296
2164,78.41554293825408,0.3361110687255859,78.40992033324018,0.3327773656289811
2165,78.41554293825408,0.3270034790039062,78.40992293028637,0.3327746987067524
2166,78.41554293825408,0.332620620727539,78.40992552493455,0.3327746275719513
2167,78.41554293825408,0.3306050300598144,78.40992811718804,0.33277362637328395
2168,78.41554293825408,0.3339710235595703,78.40993070705017,0.3327741786782592
2169,78.41554293825408,0.3354508876800537,78.40993329452421,0.3327754127534099
2170,78.41554293825408,0.3337841033935547,78.40993587961349,0.33277587758780625
2171,78.41554293825408,0.3362648487091064,78.40993846232128,0.3327774846680095
2172,78.41554293825408,0.3343899250030517,78.4099410426509,0.3327782270438544
2173,78.41554293825408,0.3321216106414795,78.40994362060562,0.3327779248733977
2174,78.41554293825408,0.3227343559265136,78.40994619618871,0.3327733050164764
2175,78.41554293825408,0.3350872993469238,78.40994876940346,0.3327743689219157
2176,78.41554293825408,0.334277868270874,78.4099513402531,0.3327750598683077
2177,78.41554293825408,0.3193032741546631,78.40995390874093,0.33276887163417185
2178,78.41554293825408,0.3314495086669922,78.40995647487019,0.332768265866051
2179,78.41554293825408,0.3321559429168701,78.4099590386441,0.33276798485506015
2180,78.41554293825408,0.3369259834289551,78.40996160006596,0.3327698921938555
2181,78.41554293825408,0.3322386741638183,78.40996415913894,0.33276964862758773
2182,78.41554293825408,0.3354473114013672,78.4099667158663,0.33277087578742903
2183,78.41554293825408,0.3334860801696777,78.40996927025127,0.33277120341197425
2184,78.41554293825408,0.3355469703674316,78.40997182229705,0.33277247436754
2185,78.41554293825408,0.3378260135650635,78.40997437200687,0.33277478720012466
2186,78.41554293825408,0.3332688808441162,78.40997691938394,0.3327750132264943
2187,78.41554293825408,0.3352084159851074,78.40997946443143,0.3327761258935078
2188,78.41554293825408,0.3342342376708984,78.40998200715255,0.33277679230656876
2189,78.41554293825408,0.3282625675201416,78.4099845475505,0.3327747300750537
2190,78.41554293825408,0.3353414535522461,78.40998708562844,0.3327759020949063
2191,78.41554293825408,0.3362483978271484,78.40998962138957,0.33277748698570153
2192,78.41554293825408,0.3350551128387451,78.40999215483704,0.33277852604859065
2193,78.41554293825408,0.3349287509918213,78.40999468597403,0.33277950654332084
2194,78.41554293825408,0.3361272811889648,78.4099972148037,0.3327810324205522
2195,78.41554293825408,0.333918809890747,78.40999974132917,0.33278155077019694
2196,78.41554293825408,0.3318841457366943,78.41000226555364,0.3327811421158101
2197,78.41554293825408,0.3353307247161865,78.41000478748022,0.3327823025994698
2198,78.41554293825408,0.3315076828002929,78.41000730711205,0.33278172269965217
2199,78.41554293825408,0.3300631046295166,78.41000982445227,0.33278048640221236
2200,78.41554293825408,0.3150012493133545,78.41001233950401,0.33277240493080834
2201,78.41554293825408,0.3350262641906738,78.41001485227035,0.33277342894682826
2202,78.41554293825408,0.3357100486755371,78.41001736275446,0.3327747625616006
2203,78.41554293825408,0.331456184387207,78.4100198709594,0.3327741640240725
2204,78.41554293825408,0.3327596187591553,78.41002237688829,0.33277415742458755
2205,78.41554293825408,0.3368000984191894,78.41002488054424,0.3327759832481678
2206,78.41554293825408,0.336052656173706,78.41002738193033,0.332777468594009
2207,78.41554293825408,0.3172039985656738,78.41002988104964,0.33277041219617104
2208,78.41554293825408,0.3352863788604736,78.41003237790527,0.33277155167382694
2209,78.41554293825408,0.3327524662017822,78.41003487250026,0.33277154303395734
2210,78.41554293825408,0.3341321945190429,78.4100373648377,0.33277215871336235
2211,78.41554293825408,0.3342454433441162,78.41003985492065,0.3327728250564789
2212,78.41554293825408,0.3337881565093994,78.41004234275218,0.3327732840670815
2213,78.41554293825408,0.3280010223388672,78.41004482833533,0.33277112759996524
2214,78.41554293825408,0.3334047794342041,78.41004731167314,0.33277141380223907
2215,78.41554293825408,0.3315737247467041,78.41004979276866,0.33277087308483255
2216,78.41554293825408,0.3305504322052002,78.41005227162492,0.33276987108082545
2217,78.41554293825408,0.3301208019256592,78.41005474824496,0.33276867619171624
2218,78.41554293825408,0.3311028480529785,78.4100572226318,0.33276792514205944
2219,78.41554293825408,0.3342108726501465,78.41005969478846,0.33276857541132854
2220,78.41554293825408,0.3349964618682861,78.41006216471794,0.3327695789637866
2221,78.41554293825408,0.3352751731872558,78.41006463242327,0.332770707101663
2222,78.41554293825408,0.3343088626861572,78.41006709790744,0.3327713993409
2223,78.41554293825408,0.3362164497375488,78.41006956117346,0.3327729490711729
2224,78.41554293825408,0.3340437412261963,78.4100720222243,0.33277352047052317
2225,78.41554293825408,0.3344185352325439,78.41007448106296,0.33277425980300046
2226,78.41554293825408,0.3248720169067383,78.41007693769242,0.33277070982865353
2227,78.41554293825408,0.3345520496368408,78.41007939211568,0.3327715097118184
2228,78.41554293825408,0.3376672267913818,78.41008184433566,0.3327737070713694
2229,78.41554293825408,0.3326239585876465,78.41008429435536,0.3327736398894565
2230,78.41554293825408,0.3239204883575439,78.41008674217774,0.33276966986634804
2231,78.41554293825408,0.3279027938842773,78.41008918780574,0.3327674883889917
2232,78.41554293825408,0.3331222534179687,78.41009163124232,0.33276764733389713
2233,78.41554293825408,0.3348097801208496,78.41009407249042,0.33276856185820836
2234,78.41554293825408,0.3354578018188476,78.41009651155298,0.33276976563616745
2235,78.41554293825408,0.3343021869659424,78.41009894843293,0.3327704512832949
2236,78.41554293825408,0.3315010070800781,78.41010138313321,0.3327698835533292
2237,78.41554293825408,0.3348073959350586,78.41010381565674,0.3327707943769241
2238,78.41554293825408,0.3341901302337646,78.41010624600642,0.33277142857525155
2239,78.41554293825408,0.3248765468597412,78.41010867418518,0.3327679025003451
2240,78.41554293825408,0.3149383068084717,78.41011110019592,0.33275994285941124
2241,78.41554293825408,0.3174240589141845,78.41011352404155,0.3327530995377043
2242,78.41554293825408,0.3344483375549316,78.41011594572497,0.33275385566527665
2243,78.41554293825408,0.3172214031219482,78.41011836524905,0.332746930809038
2244,78.41554293825408,0.3357665538787842,78.4101207826167,0.3327482764521172
2245,78.41554293825408,0.3334128856658935,78.4101231978308,0.3327485724918561
2246,78.41554293825408,0.3361687660217285,78.4101256108942,0.3327500952850573
2247,78.41554293825408,0.3358635902404785,78.41012802180981,0.3327514809080904
2248,78.41554293825408,0.3342089653015136,78.41013043058047,0.3327521292552405
2249,78.41554293825408,0.3326179981231689,78.41013283720905,0.33275206961489723
2250,78.41554293825408,0.3194997310638428,78.4101352416984,0.33274617968665227
2251,78.41554293825408,0.3323307037353515,78.41013764405137,0.3327459951127068
2252,78.41554293825408,0.3332831859588623,78.41014004427082,0.3327462336521589
2253,78.41554293825408,0.3173828125,78.41014244235959,0.3327394145571069
2254,78.41554293825408,0.3358190059661865,78.41014483832049,0.33274078083546055
2255,78.41554293825408,0.3221690654754638,78.41014723215639,0.3327360927133497
2256,78.41554293825408,0.3373947143554687,78.41014962387008,0.3327381577052123
2257,78.41554293825408,0.3349697589874267,78.4101520134644,0.3327391464519036
2258,78.41554293825408,0.319019079208374,78.41015440094216,0.3327330702485185
2259,78.41554293825408,0.3330786228179931,78.41015678630617,0.3327332232155701
2260,78.41554293825408,0.3312442302703857,78.41015916955925,0.3327325643691341
2261,78.41554293825408,0.3323476314544678,78.41016155070419,0.33273239412016703
2262,78.41554293825408,0.3188707828521728,78.41016392974377,0.33272626608689204
2263,78.41554293825408,0.3359856605529785,78.41016630668081,0.33272770638493276
2264,78.41554293825408,0.3313710689544678,78.41016868151807,0.33272710716345283
2265,78.41554293825408,0.3259494304656982,78.41017105425836,0.33272411481170994
2266,78.41554293825408,0.3258705139160156,78.41017342490443,0.3327210902746862
2267,78.41554293825408,0.3310911655426025,78.41017579345905,0.33272037129597776
2268,78.41554293825408,0.3236937522888183,78.41017815992501,0.33271639130523384
2269,78.41554293825408,0.3336770534515381,78.41018052430506,0.3327168146909308
2270,78.41554293825408,0.3357596397399902,78.41018288660194,0.33271815514249425
2271,78.41554293825408,0.3338441848754883,78.41018524681844,0.3327186509724075
2272,78.41554293825408,0.335806131362915,78.41018760495727,0.3327200098986357
2273,78.41554293825408,0.3321075439453125,78.4101899610212,0.33271974044595054
2274,78.41554293825408,0.3282115459442138,78.41019231501295,0.33271775795056724
2275,78.30021291696238,0.3305962085723877,78.4101439724204,0.33271682540138997
2276,78.41554293825408,0.3310568332672119,78.4101463445495,0.3327160960551096
2277,78.41554293825408,0.3343420028686523,78.41014871459504,0.3327168101116812
2278,78.41554293825408,0.3318080902099609,78.41015108255978,0.33271641120039863
2279,78.41554293825408,0.3180160522460937,78.41015344844644,0.3327099608454384
2280,78.41554293825408,0.3366703987121582,78.41015581225776,0.3327116978795905
2281,78.41554293825408,0.3345406055450439,78.41015817399646,0.33271249968040834
2282,78.41554293825408,0.3336062431335449,78.41016053366528,0.33271289132959897
2283,78.41554293825408,0.3377125263214111,78.41016289126694,0.3327150812704627
2284,78.41554293825408,0.3354678153991699,78.41016524680416,0.33271628649556284
2285,78.41554293825408,0.333096981048584,78.41016760027962,0.3327164531014941
2286,78.41554293825408,0.334841251373291,78.41016995169605,0.33271738258455263
2287,78.41554293825408,0.3315098285675049,78.41017230105615,0.3327168545766746
2288,78.41554293825408,0.3326175212860107,78.41017464836263,0.3327168111617749
2289,78.41554293825408,0.3357834815979004,78.41017699361815,0.3327181509042109
2290,78.41554293825408,0.3335039615631103,78.41017933682541,0.33271849405297027
2291,78.41554293825408,0.3334474563598633,78.4101816779871,0.33271881223817623
2292,78.41554293825408,0.3343987464904785,78.41018401710589,0.3327195451937837
2293,78.41554293825408,0.3358664512634277,78.41018635418445,0.33272091759067407
2294,78.41554293825408,0.3339307308197021,78.41018868922545,0.33272144497220374
2295,78.41554293825408,0.3251798152923584,78.41019102223157,0.3327181588590535
2296,78.41554293825408,0.3266351222991943,78.41019335320544,0.3327155094528863
2297,78.41554293825408,0.3320488929748535,78.41019568214973,0.33271521924109787
2298,78.41554293825408,0.3340194225311279,78.4101980090671,0.33271578677951824
2299,78.41554293825408,0.3327486515045166,78.41020033396018,0.3327158010747444
2300,78.41554293825408,0.319890022277832,78.41020265683161,0.33271022464918054
2301,78.41554293825408,0.3365955352783203,78.41020497768403,0.3327119131805274
2302,78.41554293825408,0.3357138633728027,78.41020729652007,0.3327132172422964
2303,78.41554293825408,0.333327054977417,78.41020961334236,0.33271348378060955
2304,78.41554293825408,0.3341834545135498,78.41021192815352,0.33271412178874016
2305,78.41554293825408,0.3350741863250732,78.41021424095617,0.33271514567790994
2306,78.41554293825408,0.3187670707702636,78.41021655175291,0.33270909707647556
2307,78.41554293825408,0.3307573795318603,78.41021886054637,0.3327082510784068
2308,78.41554293825408,0.3347392082214355,78.41022116733913,0.33270913104250693
2309,78.41554293825408,0.3293471336364746,78.41022347213381,0.3327076750020539
2310,78.41554293825408,0.3348689079284668,78.410225774933,0.3327086106007233
2311,78.41554293825408,0.3326597213745117,78.41022807573928,0.33270858944571413
2312,78.41554293825408,0.335193395614624,78.41023037455524,0.33270966418886677
2313,78.41554293825408,0.3333842754364013,78.41023267138347,0.33270995584958774
2314,78.41554293825408,0.337456464767456,78.41023496622654,0.33271200706346754
2315,78.41554293825408,0.3332598209381103,78.41023725908703,0.33271224370013047
2316,78.41554293825408,0.332951545715332,78.4102395499675,0.33271234702569835
2317,78.41554293825408,0.3243591785430908,78.41024183887052,0.33270874186019006
2318,78.41554293825408,0.334017276763916,78.41024412579864,0.3327093063705023
2319,78.41554293825408,0.3308022022247314,78.41024641075441,0.3327084839883782
2320,78.41554293825408,0.3379151821136474,78.4102486937404,0.3327107282548115
2321,78.41554293825408,0.334822416305542,78.41025097475915,0.3327116380730152
2322,78.41554293825408,0.3162903785705566,78.4102532538132,0.3327045660404991
2323,78.41554293825408,0.3348770141601562,78.41025553090508,0.33270550123125225
2324,78.41554293825408,0.320411205291748,78.41025780603732,0.33270021108669995
2325,78.41554293825408,0.332456111907959,78.41026007921248,0.33270010609780587
2326,78.41554293825408,0.3360874652862549,78.41026235043304,0.3327015624001225
2327,78.41554293825408,0.3332736492156982,78.41026461970155,0.3327018082474863
2328,78.41554293825408,0.3323585987091064,78.41026688702051,0.3327016608207087
2329,78.41554293825408,0.3165838718414306,78.41026915239244,0.33269474034454755
2330,78.41554293825408,0.3328645229339599,78.41027141581985,0.33269481321261163
2331,78.41554293825408,0.335442304611206,78.41027367730524,0.3326959918876003
2332,78.41554293825408,0.3349745273590088,78.4102759368511,0.3326969689611301
2333,78.41554293825408,0.3368711471557617,78.41027819445993,0.3326987581502405
2334,78.41554293825408,0.3350021839141845,78.41028045013422,0.3326997450507392
2335,78.41554293825408,0.3322401046752929,78.41028270387645,0.33269954820261266
2336,78.41554293825408,0.3361637592315674,78.41028495568911,0.33270103116966276
2337,78.41554293825408,0.3350667953491211,78.41028720557468,0.33270204347782684
2338,78.41554293825408,0.3357012271881103,78.41028945353561,0.33270332627667637
2339,78.41554293825408,0.3243875503540039,78.4102916995744,0.33269977100693604
2340,78.41554293825408,0.3339841365814209,78.41029394369349,0.33270031988111315
2341,78.41554293825408,0.3362214565277099,78.41029618589535,0.332701823997579
2342,78.41554293825408,0.3369998931884765,78.41029842618244,0.3327036592107263
2343,78.41554293825408,0.3294005393981933,78.4103006645572,0.332702249428476
2344,78.41554293825408,0.3330600261688232,78.41030290102209,0.3327024020636041
2345,78.41554293825408,0.3191630840301513,78.41030513557955,0.3326966283672146
2346,78.41554293825408,0.3172564506530761,78.41030736823201,0.33269004687628784
2347,78.41554293825408,0.3345956802368164,78.41030959898191,0.3326908588206255
2348,78.41554293825408,0.336390733718872,78.41031182783168,0.3326924345765447
2349,78.41554293825408,0.3337733745574951,78.41031405478375,0.3326928947468218
2350,78.41554293825408,0.3283531665802002,78.41031627984054,0.332691048053985
2351,78.41554293825408,0.3358042240142822,78.41031850300449,0.33269237224622666
2352,78.41554293825408,0.3365566730499267,78.41032072427798,0.33269401523126224
2353,78.41554293825408,0.3371534347534179,78.41032294366343,0.33269591043717905
2354,78.41554293825408,0.3362374305725097,78.41032516116326,0.33269741490622545
2355,78.41554293825408,0.333827257156372,78.41032737677985,0.33269789466938904
2356,78.41554293825408,0.335947036743164,78.41032959051562,0.33269927376195
2357,78.41554293825408,0.3342833518981933,78.41033180237295,0.3326999458358305
2358,78.41554293825408,0.3218443393707275,78.41033401235424,0.33269534210111246
2359,78.41554293825408,0.3356292247772217,78.41033622046187,0.33269658579872846
2360,78.41554293825408,0.3319034576416015,78.41033842669822,0.33269624972747547
2361,78.41554293825408,0.3334753513336181,78.41034063106568,0.33269657971544925
2362,78.41554293825408,0.3296668529510498,78.4103428335666,0.33269529701995204
2363,78.41554293825408,0.3144307136535644,78.41034503420337,0.3326875676152265
2364,78.41554293825408,0.3320002555847168,78.41034723297835,0.3326872768740969
2365,78.41554293825408,0.3367371559143066,78.4103494298939,0.332688989296524
2366,78.41554293825408,0.3359682559967041,78.41035162495237,0.33269037529259343
2367,78.41554293825408,0.3198935985565185,78.41035381815614,0.3326849689652862
2368,78.41554293825408,0.334613561630249,78.41035600950752,0.33268578340475624
2369,78.41554293825408,0.3332245349884033,78.4103581990089,0.33268601082205623
2370,78.41554293825408,0.3366539478302002,78.41036038666259,0.33268768505708074
2371,78.41554293825408,0.3356781005859375,78.41036257247093,0.3326889463036134
2372,78.41554293825408,0.3335111141204834,78.41036475643627,0.33268929291736415
2373,78.41554293825408,0.3352653980255127,78.41036693856093,0.33269037850738026
2374,78.41554293825408,0.3331646919250488,78.41036911884723,0.33269057830241716
2375,78.41554293825408,0.3380005359649658,78.41037129729752,0.33269281407406454
2376,78.41554293825408,0.3322560787200928,78.41037347391408,0.33269263026288864
2377,78.41554293825408,0.3351337909698486,78.41037564869924,0.3326936572551928
2378,78.41554293825408,0.3310563564300537,78.41037782165532,0.3326929687350813
2379,78.41554293825408,0.335047960281372,78.41037999278461,0.33269395864325546
2380,78.41554293825408,0.336235761642456,78.41038216208943,0.3326954467957761
2381,78.41554293825408,0.3323214054107666,78.41038432957207,0.3326952897015363
2382,78.41554293825408,0.3365600109100342,78.41038649523482,0.33269691217055747
2383,78.41554293825408,0.3356397151947021,78.41038865907998,0.33269814708580053
2384,78.41554293825408,0.3335745334625244,78.41039082110984,0.33269851469753575
2385,78.41554293825408,0.3330378532409668,78.41039298132667,0.33269865697784745
2386,78.41554293825408,0.3359248638153076,78.41039513973276,0.33270000911818165
2387,78.41554293825408,0.3373072147369385,78.41039729633037,0.33270193924202696
2388,78.41554293825408,0.3341481685638428,78.4103994511218,0.33270254486569606
2389,78.41554293825408,0.3370225429534912,78.4104016041093,0.33270435315288227
2390,78.41554293825408,0.3358340263366699,78.41040375529514,0.33270566263957
2391,78.41554293825408,0.3344624042510986,78.41040590468157,0.3327063973704824
2392,78.41554293825408,0.3314893245697021,78.41040805227085,0.3327058885607831
2393,78.41554293825408,0.3394882678985595,78.41041019806524,0.33270872281875963
2394,78.41554293825408,0.3345510959625244,78.41041234206699,0.33270949239818476
2395,78.41554293825408,0.3362965583801269,78.41041448427833,0.3327109901292837
2396,78.41554293825408,0.3322491645812988,78.41041662470153,0.3327107973807244
2397,78.41554293825408,0.3227248191833496,78.41041876333881,0.3327066313489358
2398,78.41554293825408,0.3332517147064209,78.4104209001924,0.3327068586564243
2399,78.41554293825408,0.3349611759185791,78.41042303526454,0.3327077983468212
2400,78.41554293825408,0.335101842880249,78.41042516855745,0.33270879586537677
2401,78.41554293825408,0.3328659534454345,78.41042730007335,0.3327088613204289
2402,78.41554293825408,0.3350918292999267,78.41042942981449,0.3327098533970232
2403,78.41554293825408,0.3279135227203369,78.41043155778304,0.33270785742087805
2404,78.41554293825408,0.3407373428344726,78.41043368398124,0.3327111974730468
2405,78.41554293825408,0.3336310386657715,78.41043580841128,0.3327115799433972
2406,78.41554293825408,0.337644100189209,78.41043793107539,0.3327136300349374
2407,78.41554293825408,0.3327035903930664,78.41044005197575,0.3327136258639188
2408,78.41554293825408,0.3360881805419922,78.41044217111457,0.33271502725705754
2409,78.41554293825408,0.3329479694366455,78.41044428849403,0.33271512395368663
2410,78.41554293825408,0.3363020420074463,78.41044640411634,0.3327166123014268
2411,78.41554293825408,0.3355631828308105,78.41044851798368,0.33271779296112375
2412,78.41554293825408,0.3328301906585693,78.41045063009821,0.3327178395605008
2413,78.41554293825408,0.3341977596282959,78.41045274046215,0.3327184528717598
2414,78.41554293825408,0.325005292892456,78.41045484907764,0.33271525769364074
2415,78.41554293825408,0.3331251144409179,78.41045695594686,0.33271542740657956
2416,78.41554293825408,0.3217458724975586,78.41045906107198,0.33271088702789203
2417,78.41554293825408,0.3243379592895508,78.41046116445517,0.33270742284595645
2418,78.41554293825408,0.3161962032318115,78.4104632660986,0.33270059438457755
2419,78.41554293825408,0.3354809284210205,78.4104653660044,0.3327017437578874
2420,78.41554293825408,0.3321363925933838,78.41046746417476,0.3327015101417037
2421,78.41554293825408,0.3379263877868652,78.4104695606118,0.33270366829025605
2422,78.41554293825408,0.3343274593353271,78.41047165531768,0.3327043387242135
2423,78.41554293825408,0.3350811004638672,78.41047374829454,0.3327053196411511
2424,78.41554293825408,0.3354108333587646,78.41047583954452,0.3327064357771732
2425,78.41554293825408,0.3370680809020996,78.41047792906976,0.33270823439371955
2426,78.41554293825408,0.3335375785827636,78.4104800168724,0.3327085762503515
2427,78.41554293825408,0.3337187767028808,78.41048210295455,0.3327089924845717
2428,78.41554293825408,0.3321046829223633,78.41048418731833,0.3327087435926598
2429,78.41554293825408,0.3355898857116699,78.4104862699659,0.33270992973597757
2430,78.41554293825408,0.3351192474365234,78.41048835089936,0.3327109212247433
2431,78.41554293825408,0.3361790180206299,78.4104904301208,0.33271234783798714
2432,78.41554293825408,0.3351058959960937,78.41049250763237,0.3327133320271969
2433,78.41554293825408,0.3338370323181152,78.41049458343616,0.3327137938851052
2434,78.41554293825408,0.3351967334747314,78.41049665753428,0.3327148139917566
2435,78.41554293825408,0.3345563411712646,78.41049872992882,0.3327155702657523
2436,78.41554293825408,0.3278253078460693,78.4105008006219,0.3327135627688641
2437,78.41554293825408,0.33620285987854,78.41050286961558,0.3327149945690733
2438,78.41554293825408,0.3367183208465576,78.41050493691199,0.3327166366225095
2439,78.41554293825408,0.3339810371398926,78.4105070025132,0.3327171550319057
2440,78.41554293825408,0.3187375068664551,78.41050906642128,0.33271142566790346
2441,78.41554293825408,0.3327009677886963,78.41051112863835,0.33271142138364324
2442,78.41554293825408,0.335881233215332,78.41051318916644,0.3327127194228863
2443,78.41554293825408,0.3402135372161865,78.41051524800766,0.33271578975354266
2444,78.41554293825408,0.3331797122955322,78.41051730516406,0.33271597957455
2445,78.41554293825408,0.3355004787445068,78.41051936063771,0.33271711842901625
2446,78.41554293825408,0.3346791267395019,78.41052141443069,0.3327179205583337
2447,78.41554293825408,0.3316359519958496,78.41052346654504,0.3327174783970903
2448,78.41554293825408,0.3157579898834228,78.41052551698283,0.33271055050145565
2449,78.41554293825408,0.3312523365020752,78.41052756574611,0.3327099550690345
2450,78.41554293825408,0.3239977359771728,78.41052961283692,0.33270639906124194
2451,78.41554293825408,0.3343186378479004,78.41053165825733,0.3327070568494046
2452,78.41554293825408,0.3335680961608886,78.41053370200937,0.332707408007362
2453,78.41554293825408,0.3357634544372558,78.41053574409507,0.3327086538477329
2454,78.41554293825408,0.3312265872955322,78.41053778451649,0.33270804990863256
2455,78.41554293825408,0.3289523124694824,78.41053982327566,0.3327065200766818
2456,78.41554293825408,0.3348917961120605,78.41054186037458,0.3327074098470545
2457,78.41554293825408,0.3354437351226806,78.41054389581531,0.33270852353255537
2458,78.41554293825408,0.3347120285034179,78.41054592959986,0.33270933862814966
2459,78.41554293825408,0.336665391921997,78.41054796173027,0.33271094743388124
2460,78.41554293825408,0.3353264331817627,78.41054999220853,0.3327120106394698
2461,78.41554293825408,0.3362648487091064,78.41055202103666,0.3327134542957354
2462,78.41554293825408,0.3382365703582763,78.41055404821668,0.33271569764100856
2463,78.41554293825408,0.3308968544006347,78.4105560737506,0.3327149591744067
2464,78.41554293825408,0.3329789638519287,78.41055809764042,0.3327150663191622
2465,78.41554293825408,0.335606575012207,78.41056011988813,0.33271623934500116
2466,78.41554293825408,0.3372073173522949,78.41056214049574,0.3327180605445175
2467,78.41554293825408,0.3376853466033935,78.41056415946524,0.3327200740370424
2468,78.41554293825408,0.3236687183380127,78.41056617679862,0.33271640655094065
2469,78.41554293825408,0.3249135017395019,78.41056819249788,0.3327132462006728
2470,78.41554293825408,0.324232816696167,78.41057020656498,0.33270981282840373
2471,78.41554293825408,0.3351457118988037,78.41057221900192,0.33271079862325215
2472,78.41554293825408,0.3326876163482666,78.41057422981068,0.33271078924530917
2473,78.41554293825408,0.3164701461791992,78.41057623899323,0.3327042220625085
2474,78.41554293825408,0.3300673961639404,78.41057824655154,0.33270315624767477
2475,78.41554293825408,0.3366918563842773,78.41058025248758,0.3327047678436896
2476,78.41554293825408,0.3348755836486816,78.41058225680331,0.3327056445867449
2477,78.41554293825408,0.3366203308105469,78.41058425950071,0.332707225001046
2478,78.41554293825408,0.334425687789917,78.41058626058172,0.3327079184888543
2479,78.41554293825408,0.314894437789917,78.41058826004831,0.33270073273625284
2480,78.41554293825408,0.3364789485931396,78.41059025790243,0.3327022562103887
2481,78.41554293825408,0.3357064723968506,78.41059225414602,0.33270346709962145
2482,78.41554293825408,0.3323426246643066,78.41059424878104,0.3327033217158844
2483,78.41554293825408,0.3348367214202881,78.41059624180942,0.33270418091834286
2484,78.41554293825408,0.3318514823913574,78.4105982332331,0.33270383764196326
2485,78.41554293825408,0.3349349498748779,78.41060022305403,0.3327047354738477
2486,78.41554293825408,0.3332741260528564,78.41060221127415,0.3327049645126969
2487,78.41554293825408,0.3358569145202636,78.41060419789537,0.3327062318830256
2488,78.41554293825408,0.3359823226928711,78.41060618291962,0.33270754863978197
2489,78.41554293825408,0.3354523181915283,78.41060816634885,0.33270865139974654
2490,78.41554293825408,0.3304717540740967,78.41061014818496,0.3327077530474069
2491,78.41554293825408,0.3334882259368896,78.41061212842986,0.33270806636450423
2492,78.41554293825408,0.3356635570526123,78.4106141070855,0.3327092523559521
2493,78.41554293825408,0.3325765132904053,78.41061608415374,0.3327091991112407
2494,78.41554293825408,0.3326232433319092,78.41061805963655,0.3327091646462129
2495,78.41554293825408,0.3352577686309814,78.41062003353579,0.33271018613077596
2496,78.41554293825408,0.3355069160461426,78.41062200585338,0.3327113066155177
2497,78.41554293825408,0.3327322006225586,78.41062397659122,0.3327113149831617
2498,78.41554293825408,0.3340756893157959,78.41062594575122,0.3327118611698441
2499,78.41554293825408,0.3367488384246826,78.41062791333525,0.33271347660692085
2500,78.41554293825408,0.3373301029205322,78.41062987934522,0.3327153232574463
2501,78.41554293825408,0.3346004486083984,78.41063184378301,0.33271607700608724
2502,78.41554293825408,0.335613489151001,78.41063380665051,0.33271723504451445
2503,78.41554293825408,0.3180596828460693,78.41063576794959,0.3327113790508275
2504,78.41554293825408,0.333552598953247,78.41063772768213,0.3327117150012677
2505,78.41554293825408,0.3272264003753662,78.41063968585003,0.3327095252549101
2506,78.41554293825408,0.3221678733825683,78.41064164245513,0.33270531868991715
2507,78.41554293825408,0.3358068466186523,78.41064359749933,0.3327065558370766
2508,78.41554293825408,0.3268666267395019,78.41064555098447,0.33270422731670274
2509,78.41554293825408,0.3369090557098388,78.41064750291244,0.3327059032148268
2510,78.41554293825408,0.3240444660186767,78.41064945328509,0.3327024524430355
2511,78.41554293825408,0.3367929458618164,78.41065140210426,0.3327040814726726
2512,78.41554293825408,0.3334071636199951,78.41065334937184,0.33270436136206244
2513,78.41554293825408,0.3318846225738525,78.41065529508967,0.3327040351627834
2514,78.41554293825408,0.3173081874847412,78.41065723925958,0.33269791111836094
2515,78.41554293825408,0.3329055309295654,78.41065918188343,0.3326979936709698
2516,78.41554293825408,0.3337998390197754,78.41066112296306,0.33269843160632306
2517,78.41554293825408,0.3361251354217529,78.41066306250033,0.33269979303016706
2518,78.41554293825408,0.3350307941436767,78.41066500049706,0.33270071876531937
2519,78.41554293825408,0.3357429504394531,78.41066693695508,0.3327019264793623
2520,78.41554293825408,0.3328287601470947,78.41066887187623,0.3327019768101828
2521,78.41554293825408,0.3353462219238281,78.41067080526233,0.3327030256975742
2522,78.41554293825408,0.3348703384399414,78.41067273711522,0.33270388506027937
2523,78.41554293825408,0.3310456275939941,78.41067466743672,0.33270322780405015
2524,78.41554293825408,0.3340024948120117,78.41067659622864,0.3327037425691088
2525,78.41554293825408,0.332404613494873,78.4106785234928,0.33270362410214865
2526,78.41554293825408,0.3366236686706543,78.41068044923104,0.33270517598044186
2527,78.41554293825408,0.3342690467834472,78.41068237344513,0.33270579484502555
2528,78.41554293825408,0.3346211910247803,78.4106842961369,0.332706552517565
2529,78.41554293825408,0.3330698013305664,78.41068621730817,0.332706696150943
2530,78.41554293825408,0.3340528011322021,78.41068813696072,0.33270722820824783
2531,78.41554293825408,0.3350605964660644,78.41069005509635,0.33270815802581316
2532,78.41554293825408,0.3330428600311279,78.41069197171687,0.33270829021459886
2533,78.41554293825408,0.3349997997283935,78.41069388682406,0.33270919487686246
2534,78.41554293825408,0.3364498615264892,78.41069580041973,0.33271067106733193
2535,78.41554293825408,0.3073604106903076,78.41069771250567,0.33270067096461914
2536,78.41554293825408,0.3348677158355713,78.41069962308364,0.33270152547758086
2537,78.41554293825408,0.3346560001373291,78.41070153215544,0.33270229586570055
2538,78.41554293825408,0.3377540111541748,78.41070343972287,0.3327042862972563
2539,78.41554293825408,0.3253676891326904,78.41070534578766,0.33270139673555305
2540,78.41554293825408,0.3334689140319824,78.41070725035162,0.332701698907717
2541,78.41554293825408,0.3074913024902344,78.41070915341652,0.3326917774608782
2542,78.41554293825408,0.3293840885162353,78.41071105498412,0.33269047624571507
2543,78.41554293825408,0.3359534740447998,78.41071295505618,0.3326917593750108
2544,78.41554293825408,0.3449914455413818,78.41071485363449,0.3326965941573089
2545,78.41554293825408,0.3144254684448242,78.41071675072078,0.33268941493306037
2546,78.41554293825408,0.3323025703430176,78.41071864631682,0.332689262990959
2547,78.41554293825408,0.3180251121520996,78.41072054042438,0.332683505570135
2548,78.41554293825408,0.3358693122863769,78.41072243304518,0.3326847558867426
2549,78.41554293825408,0.3373632431030273,78.410724324181,0.33268659130738454
2550,78.41554293825408,0.3347337245941162,78.41072621383358,0.3326873941047519
2551,78.41554293825408,0.3302569389343261,78.41072810200467,0.3326864413587031
2552,78.41554293825408,0.3346889019012451,78.41072998869598,0.33268722602192513
2553,78.41554293825408,0.3301093578338623,78.41073187390928,0.33268621628115425
2554,78.41554293825408,0.3340151309967041,78.4107337576463,0.332686736607981
2555,78.41554293825408,0.3147275447845459,78.41073563990876,0.3326797075700853
2556,78.41554293825408,0.3290972709655761,78.41073752069842,0.3326783059908191
2557,78.41554293825408,0.3360264301300049,78.41073940001698,0.33267961538625873
2558,78.41554293825408,0.3348588943481445,78.41074127786617,0.33268046733268636
2559,78.41554293825408,0.326153039932251,78.41074315424771,0.3326779165599625
2560,78.41554293825408,0.3343710899353027,78.41074502916334,0.33267857795581224
2561,78.41554293825408,0.3340358734130859,78.41074690261476,0.33267910794232425
2562,78.41554293825408,0.3362796306610107,78.41074877460369,0.3326805132985767
2563,78.41554293825408,0.3345298767089844,78.41075064513184,0.3326812348605784
2564,78.41554293825408,0.3395252227783203,78.41075251420092,0.33268390412263676
2565,78.41554293825408,0.3367440700531006,78.41075438181264,0.3326854870333309
2566,78.41554293825408,0.3333275318145752,78.41075624796869,0.3326857372456385
2567,78.41554293825408,0.3332700729370117,78.41075811267079,0.33268596487933205
2568,78.41554293825408,0.3111228942871094,78.41075997592063,0.33267756804498927
2569,78.41554293825408,0.3357069492340088,78.4107618377199,0.3326787472513688
2570,78.41554293825408,0.3433852195739746,78.4107636980703,0.3326829131939068
2571,78.41554293825408,0.3329777717590332,78.41076555697352,0.33268302788024096
2572,78.41554293825408,0.3309714794158935,78.41076741443125,0.3326823624259391
2573,78.41554293825408,0.3311123847961426,78.41076927044517,0.33268175225196717
2574,78.41554293825408,0.3369951248168945,78.41077112501696,0.3326834279988844
2575,78.41554293825408,0.3348557949066162,78.41077297814833,0.3326842716365185
2576,78.41554293825408,0.3332433700561523,78.4107748298409,0.3326844886778304
2577,78.41554293825408,0.3221693038940429,78.4107766800964,0.332680408280165
2578,78.41554293825408,0.3328790664672851,78.41077852891648,0.33268048533919803
2579,78.41554293825408,0.3312485218048095,78.41078037630281,0.33267993009936303
2580,78.41554293825408,0.3318257331848144,78.41078222225705,0.33267959901528765
2581,78.41554293825408,0.311070442199707,78.41078406678088,0.33267122661822623
2582,78.41554293825408,0.3334212303161621,78.41078590987594,0.33267151709216036
2583,78.41554293825408,0.3222301006317138,78.41078775154392,0.33266747473193564
2584,78.41554293825408,0.3274047374725342,78.41078959178645,0.3326654380689095
2585,78.41554293825408,0.3312315940856933,78.4107914306052,0.3326648833903861
2586,78.41554293825408,0.3065874576568603,78.41079326800183,0.3326547993123762
2587,78.41554293825408,0.3013479709625244,78.41079510397795,0.3326426977165703
2588,78.41554293825408,0.333176851272583,78.41079693853524,0.33264290411284386
2589,78.41554293825408,0.3306577205657959,78.41079877167535,0.33264213733665726
2590,78.41554293825408,0.3314011096954345,78.41080060339989,0.33264165817540586
2591,78.41554293825408,0.3257918357849121,78.41080243371051,0.3326390144770691
2592,78.41554293825408,0.3229377269744873,78.41080426260888,0.33263527169639684
2593,78.41554293825408,0.3308374881744385,78.4108060900966,0.33263457837456034
2594,78.41554293825408,0.3236606121063232,78.4108079161753,0.3326311188655903
2595,78.41554293825408,0.3250505924224853,78.41080974084662,0.3326281976607953
2596,78.41554293825408,0.3308534622192383,78.41081156411218,0.33262751401848345
2597,78.41554293825408,0.3328886032104492,78.41081338597361,0.3326276145534053
2598,78.41554293825408,0.3315684795379638,78.41081520643253,0.33262720688018915
2599,78.41554293825408,0.3312430381774902,78.41081702549056,0.33262667430277376
2600,78.41554293825408,0.3348760604858398,78.41081884314931,0.3326275394513057
2601,78.41554293825408,0.3320052623748779,78.4108206594104,0.332627300205986
2602,78.2514194464159,0.3303792476654053,78.41075939837543,0.33262643623498656
2603,78.41554293825408,0.3303771018981933,78.41076123607803,0.3326255721034703
2604,78.41554293825408,0.332242488861084,78.41076307236919,0.33262542499009
2605,78.41554293825408,0.3319008350372314,78.41076490725054,0.33262514683655725
2606,78.41554293825408,0.330730676651001,78.41076674072367,0.33262441987178915
2607,78.41554293825408,0.3342676162719726,78.41076857279023,0.33262505017343863
2608,78.41554293825408,0.33199143409729,78.41077040345183,0.3326248072224892
2609,78.41554293825408,0.3341398239135742,78.4107722327101,0.33262538791114044
2610,78.41554293825408,0.331470251083374,78.41077406056662,0.3326249453299804
2611,78.41554293825408,0.3329992294311523,78.41077588702304,0.3326250886789276
2612,78.41554293825408,0.3358979225158691,78.41077771208093,0.33262634167809946
2613,78.41554293825408,0.3320586681365967,78.41077953574192,0.3326261244283706
2614,78.41554293825408,0.3361561298370361,78.41078135800761,0.3326274748512507
2615,78.41554293825408,0.3309793472290039,78.4107831788796,0.3326268445921218
2616,78.41554293825408,0.3330607414245605,78.41078499835949,0.3326270104548253
2617,78.41554293825408,0.3334105014801025,78.41078681644886,0.3326273098400088
2618,78.41554293825408,0.3107190132141113,78.41078863314931,0.3326189415066911
2619,78.41554293825408,0.3326215744018554,78.41079044846245,0.3326189425119966
2620,78.41554293825408,0.3315498828887939,78.41079226238985,0.3326185344739725
2621,78.41554293825408,0.3334603309631347,78.41079407493311,0.33261885564775695
2622,78.41554293825408,0.3352003097534179,78.4107958860938,0.3326198401840291
2623,78.41554293825408,0.3285753726959228,78.4107976958735,0.3326182982597104
2624,78.41554293825408,0.3347394466400146,78.41079950427378,0.3326191066241846
2625,78.41554293825408,0.3721201419830322,78.41080131129625,0.3326341546376546
2626,78.41554293825408,0.3317232131958008,78.41080311694247,0.3326338077444932
2627,78.41554293825408,0.3132843971252441,78.410804921214,0.3326264421523275
2628,78.41554293825408,0.3337700366973877,78.41080672411242,0.3326268773100692
2629,78.41554293825408,0.3343367576599121,78.41080852563928,0.3326275277019862
2630,78.41554293825408,0.3346498012542724,78.41081032579618,0.33262829662729126
2631,78.41554293825408,0.3311834335327148,78.41081212458464,0.33262774745849816
2632,78.41554293825408,0.3107442855834961,78.41081392200624,0.33261943307328734
2633,78.41554293825408,0.3322546482086181,78.41081571806255,0.33261929452985217
2634,78.41554293825408,0.3336594104766845,78.4108175127551,0.3326196894106217
2635,78.41554293825408,0.333158016204834,78.41081930608546,0.3326198937092153
2636,78.41554293825408,0.3268425464630127,78.41082109805518,0.3326177019993344
2637,78.41554293825408,0.3208343982696533,78.41082288866579,0.3326132335489249
2638,78.41554293825408,0.3344311714172363,78.41082467791885,0.3326139226838257
2639,78.41554293825408,0.3330245018005371,78.41082646581592,0.3326140782651507
2640,78.41554293825408,0.3322265148162842,78.4108282523585,0.332613931460814
2641,78.41554293825408,0.332897424697876,78.41083003754817,0.3326140388039557
2642,78.41554293825408,0.3213796615600586,78.41083182138644,0.3326097865794122
2643,78.41554293825408,0.331566572189331,78.41083360387483,0.33260939187097854
2644,78.41554293825408,0.3347735404968261,78.41083538501492,0.33261021038407457
2645,78.41554293825408,0.3314783573150635,78.4108371648082,0.3326097824623093
2646,78.41554293825408,0.3326144218444824,78.41083894325622,0.33260978421566617
2647,78.41554293825408,0.3320696353912353,78.41084072036048,0.33260958015490893
2648,78.41554293825408,0.3307311534881592,78.41084249612253,0.3326088707792795
2649,78.41554293825408,0.330165147781372,78.41084427054388,0.3326079482715415
2650,78.41554293825408,0.3324873447418213,78.41084604362602,0.33260790276077556
2651,78.41554293825408,0.3264205455780029,78.4108478153705,0.3326055687897523
2652,78.41554293825408,0.3369746208190918,78.41084958577883,0.3326072162452686
2653,78.41554293825408,0.3342726230621338,78.41085135485251,0.3326078439900168
2654,78.41554293825408,0.3132350444793701,78.41085312259305,0.3326005445177068
2655,78.41554293825408,0.3336949348449707,78.41085488900197,0.33260095671745343
2656,78.41554293825408,0.3224525451660156,78.41085665408075,0.33259713577936934
2657,78.41554293825408,0.3339893817901611,78.41085841783091,0.33259765977109335
2658,78.41554293825408,0.3265855312347412,78.41086018025395,0.33259539787171927
2659,78.41554293825408,0.3325092792510986,78.41086194135134,0.33259536548412216
2660,78.41554293825408,0.330256700515747,78.41086370112461,0.33259448628676563
2661,78.41554293825408,0.3134927749633789,78.41086545957525,0.3325873078909282
2662,78.41554293825408,0.3342866897583008,78.41086721670473,0.3325879462763029
2663,78.41554293825408,0.3296022415161133,78.41086897251455,0.33258682509539406
2664,78.41554293825408,0.334285020828247,78.41087072700618,0.33258746255625476
2665,78.41554293825408,0.3334343433380127,78.41087248018114,0.33258778033515973
2666,78.41554293825408,0.3347232341766357,78.41087423204088,0.33258858133059915
2667,78.2514194464159,0.3320574760437011,78.41081444396978,0.332588382191009
2668,78.41554293825408,0.3313899040222168,78.41081621626898,0.3325879329862981
2669,78.41554293825408,0.3315508365631103,78.41081798724012,0.33258754441513916
2670,78.41554293825408,0.3356132507324219,78.4108197568847,0.33258867763847894
2671,78.41554293825408,0.3263978958129883,78.4108215252042,0.33258635986168167
2672,78.22036905606812,0.331416368484497,78.41075024808251,0.3325859219906573
2673,78.41554293825408,0.3342444896697998,78.41075204108294,0.33258654247987507
2674,78.41554293825408,0.3119926452636719,78.41075383274233,0.3325788409476327
2675,78.41554293825408,0.3327622413635254,78.41075562306214,0.3325789095085358
2676,78.41554293825408,0.3318674564361572,78.4107574120439,0.33257864364415896
2677,78.41554293825408,0.3228356838226318,78.41075919968911,0.33257500413731494
2678,78.41554293825408,0.3361434936523437,78.41076098599925,0.33257633665767156
2679,78.41554293825408,0.3350071907043457,78.41076277097582,0.3325772440313359
2680,78.41554293825408,0.3317904472351074,78.41076455462033,0.3325769504504417
2681,78.41554293825408,0.3342509269714355,78.41076633693426,0.33257757483556705
2682,78.41554293825408,0.3165733814239502,78.41076811791909,0.3325716075747872
2683,78.41554293825408,0.3315355777740478,78.41076989757632,0.33257122142875634
2684,78.41554293825408,0.313615083694458,78.41077167590741,0.33256415878429496
2685,78.41554293825408,0.3324527740478515,78.41077345291387,0.33256411730022184
2686,78.41554293825408,0.3310461044311523,78.41077522859717,0.3325635521427873
2687,78.41554293825408,0.3316776752471924,78.41077700295878,0.3325632224528373
2688,78.41554293825408,0.3142440319061279,78.41077877600019,0.33255640727778274
2689,78.41554293825408,0.3360111713409424,78.41078054772285,0.3325576920543031
2690,78.41554293825408,0.3341026306152344,78.41078231812826,0.3325582663809057
2691,78.41554293825408,0.3323061466217041,78.41078408721786,0.3325581726909171
2692,78.41554293825408,0.3143568038940429,78.41078585499314,0.332551411409789
2693,78.2514194464159,0.3325583934783935,78.41072667697286,0.3325514140024621
2694,78.41554293825408,0.3334183692932129,78.41072846474616,0.33255173581214686
2695,78.41554293825408,0.3308110237121582,78.41073025119273,0.3325510899078426
2696,78.41554293825408,0.333594799041748,78.41073203631404,0.33255147704031063
2697,78.41554293825408,0.3323140144348144,78.41073382011157,0.33255138899336756
2698,78.41554293825408,0.3325746059417724,78.4107356025868,0.3325513975986116
2699,78.41554293825408,0.3341512680053711,78.41073738374116,0.33255199036274896
2700,78.41554293825408,0.3324463367462158,78.41073916357618,0.3325519512317799
2701,78.41554293825408,0.3338522911071777,78.41074094209327,0.33255243266083406
2702,78.41554293825408,0.3232176303863525,78.41074271929392,0.332548977885751
2703,78.41554293825408,0.3367974758148193,78.41074449517959,0.3325505496570899
2704,78.41554293825408,0.321861982345581,78.41074626975173,0.33254659678456344
2705,78.41554293825408,0.3249387741088867,78.41074804301181,0.33254378428080167
2706,78.25585521646558,0.323526382446289,78.4106908024994,0.33254045190761816
2707,78.41554293825408,0.3299260139465332,78.41069259493966,0.33253948610120476
2708,78.41554293825408,0.3309435844421386,78.4106943860561,0.33253889677267484
2709,78.41554293825408,0.3337814807891845,78.41069617585019,0.33253935546001945
2710,78.41554293825408,0.3148844242095947,78.4106979643234,0.3325328407252407
2711,78.41554293825408,0.3264758586883545,78.41069975147718,0.33253060650095556
2712,78.41554293825408,0.3331499099731445,78.41070153731302,0.33253083485769314
2713,78.41554293825408,0.3308093547821045,78.41070332183234,0.3325302003276247
2714,78.41554293825408,0.3315455913543701,78.41070510503663,0.33252983753876203
2715,78.41554293825408,0.3321776390075683,78.41070688692731,0.33252970781554614
2716,78.41554293825408,0.3335368633270263,78.41070866750586,0.33253007863863576
2717,78.41554293825408,0.3323907852172851,78.4107104467737,0.33253002737127424
2718,78.41554293825408,0.3332862854003906,78.41071222473231,0.33253030561190305
2719,78.41554293825408,0.3298902511596679,78.41071400138311,0.33252933464667606
2720,78.41554293825408,0.3306214809417724,78.41071577672754,0.33252863322987275
2721,78.41554293825408,0.3316922187805176,78.41071755076706,0.33252832583757236
2722,78.41554293825408,0.3351256847381592,78.4107193235031,0.3325292800473081
2723,78.41554293825408,0.3340952396392822,78.41072109493709,0.3325298551334601
2724,78.41554293825408,0.331798791885376,78.41072286507045,0.33252958675488153
2725,78.41554293825408,0.3341047763824463,78.41072463390465,0.33253016480612096
2726,78.41554293825408,0.3319783210754394,78.4107264014411,0.33252996236894905
2727,78.41554293825408,0.3352358341217041,78.41072816768121,0.3325309546211503
2728,78.41554293825408,0.33245849609375,78.41072993262644,0.33253092806010653
2729,78.41554293825408,0.3373520374298095,78.41073169627819,0.3325326946813486
2730,78.41554293825408,0.3317587375640869,78.41073345863789,0.3325324111805731
2731,78.41554293825408,0.3331291675567627,78.41073521970695,0.3325326296926112
2732,78.41554293825408,0.3330786228179931,78.4107369794868,0.332532829543682
2733,78.41554293825408,0.3290505409240722,78.41073873797885,0.33253155538026463
2734,78.41554293825408,0.3313736915588379,78.41074049518451,0.3325311318748435
2735,78.41554293825408,0.3310391902923584,78.41074225110519,0.33253058637517896
2736,78.41554293825408,0.3149166107177734,78.4107440057423,0.33252414851857903
2737,78.41554293825408,0.3350839614868164,78.41074575909727,0.33252508378089846
2738,78.41554293825408,0.3316991329193115,78.41074751117146,0.33252478211878683
2739,78.41554293825408,0.3231627941131592,78.4107492619663,0.3325213640873865
2740,78.41554293825408,0.313472032546997,78.4107510114832,0.3325144117766053
2741,78.41554293825408,0.3314299583435058,78.41075275972354,0.33251401613507553
2742,78.41554293825408,0.3331747055053711,78.41075450668872,0.33251425708670584
2743,78.41554293825408,0.3150444030761719,78.41075625238014,0.3325078882008107
2744,78.41554293825408,0.3333683013916015,78.41075799679919,0.3325082017624691
2745,78.41554293825408,0.3327717781066894,78.41075973994725,0.33250829778299523
2746,78.41554293825408,0.3361058235168457,78.41076148182573,0.33250960787976647
2747,78.41554293825408,0.3316652774810791,78.41076322243602,0.3325093005152238
2748,78.41554293825408,0.3327319622039795,78.41076496177946,0.33250938154203924
2749,78.41554293825408,0.333301305770874,78.41076669985749,0.33250966961924144
2750,78.41554293825408,0.3307006359100342,78.41076843667145,0.3325090117888017
2751,78.41554293825408,0.3310112953186035,78.41077017222273,0.3325084673626039
2752,78.41554293825408,0.3333690166473388,78.41077190651271,0.33250878006219864
2753,78.41554293825408,0.3359861373901367,78.41077363954277,0.3325100431778281
2754,78.41554293825408,0.3326709270477295,78.41077537131426,0.3325101015960815
2755,78.41554293825408,0.3333137035369873,78.41077710182859,0.33251039328462634
2756,78.41554293825408,0.3334290981292724,78.41077883108707,0.3325107266318123
2757,78.41554293825408,0.3261313438415527,78.41078055909112,0.332508412746143
2758,78.41554293825408,0.3149585723876953,78.41078228584209,0.3325020494972821
2759,78.41554293825408,0.3293049335479736,78.41078401134133,0.33250089070208483
2760,78.41554293825408,0.3314738273620605,78.41078573559021,0.33250051857768625
2761,78.41554293825408,0.3339512348175049,78.4107874585901,0.33250104400913855
2762,78.41554293825408,0.3316090106964111,78.41078918034232,0.33250072104269657
2763,78.41554293825408,0.3097145557403564,78.41079090084827,0.3324924741497171
2764,78.41554293825408,0.3320991992950439,78.41079262010926,0.3324923318650374
2765,78.41554293825408,0.3239767551422119,78.41079433812668,0.3324892520904541
2766,78.41554293825408,0.3326008319854736,78.41079605490185,0.3324892924302571
2767,78.41554293825408,0.335254430770874,78.41079777043612,0.3324902917574492
2768,78.41554293825408,0.3269507884979248,78.41079948473086,0.33248829049182077
2769,78.41554293825408,0.3329472541809082,78.41080119778738,0.33248845624252105
2770,78.41554293825408,0.3333923816680908,78.41080290960704,0.33248878256938946
2771,78.41554293825408,0.3154966831207275,78.41080462019119,0.3324826504512196
2772,78.41554293825408,0.331695556640625,78.41080632954113,0.3324823665068435
2773,78.41554293825408,0.3296780586242676,78.41080803765823,0.33248135521658656
2774,78.41554293825408,0.3336100578308105,78.41080974454381,0.33248176210289304
2775,78.20706174591909,0.3305978775024414,78.4107363218416,0.3324810832255595
2776,78.41554293825408,0.3275935649871826,78.41073805333166,0.3324793225921884
2777,78.41554293825408,0.3344128131866455,78.4107397835747,0.33248001884375283
2778,78.41554293825408,0.3308784961700439,78.41074151257206,0.33247944234171045
2779,78.41554293825408,0.3145570755004883,78.4107432403251,0.33247299312730194
2780,78.41554293825408,0.3353621959686279,78.41074496683514,0.33247403240889956
2781,78.41554293825408,0.3374619483947754,78.41074669210354,0.33247582597811415
2782,78.41554293825408,0.330024242401123,78.41074841613164,0.332474944747497
2783,78.41554293825408,0.3325510025024414,78.41075013892075,0.33247497207690946
2784,78.41554293825408,0.3349843025207519,78.41075186047223,0.33247587341686774
2785,78.41554293825408,0.3315463066101074,78.41075358078741,0.33247553964063553
2786,78.41554293825408,0.3171710968017578,78.41075529986763,0.33247004630149735
2787,78.41554293825408,0.3337388038635254,78.41075701771419,0.33247050154281854
2788,78.10503903477644,0.3134205341339111,78.41064736277053,0.332463668699415
2789,78.41554293825408,0.3304903507232666,78.41064911808623,0.3324629611633892
2790,78.41554293825408,0.3168425559997558,78.41065087214363,0.33245736245186097
2791,78.41554293825408,0.3310096263885498,78.4106526249441,0.33245684373596585
2792,78.41554293825408,0.327256441116333,78.41065437648898,0.3324549811275777
2793,78.41554293825408,0.3268826007843017,78.41065612677963,0.33245298600393175
2794,78.41554293825408,0.3316454887390136,78.41065787581738,0.3324526969927417
2795,78.41554293825408,0.3074631690979004,78.41065962360358,0.3324437561956416
2796,78.41554293825408,0.3240399360656738,78.41066137013958,0.33244075053751215
2797,78.41554293825408,0.3171119689941406,78.4106631154267,0.3324352701007787
2798,78.41554293825408,0.3192877769470215,78.41066485946631,0.33243057121115976
2799,78.41554293825408,0.3198540210723877,78.41066660225974,0.3324260779813853
2800,78.41554293825408,0.3354458808898926,78.41066834380831,0.33242715648242405
2801,78.41554293825408,0.3345255851745605,78.41067008411335,0.3324279056536815
2802,78.41554293825408,0.3293006420135498,78.41067182317622,0.33242678957101196
2803,78.41554293825408,0.3312375545501709,78.41067356099822,0.33242636529879616
2804,78.41554293825408,0.3332483768463135,78.4106752975807,0.33242665845555347
2805,78.41554293825408,0.3191821575164795,78.41067703292497,0.33242193670833814
2806,78.41554293825408,0.3128993511199951,78.41067876703235,0.3324149792651491
2807,78.41554293825408,0.3294081687927246,78.41068049990417,0.33241390808222343
2808,78.41554293825408,0.3245458602905273,78.41068223154176,0.3324111060709016
2809,78.41554293825408,0.3378958702087402,78.41068396194643,0.3324130586391244
2810,78.41554293825408,0.3316438198089599,78.4106856911195,0.332412784888651
2811,78.41554293825408,0.3142204284667969,78.41068741906226,0.3324063130436059
2812,78.41554293825408,0.331251859664917,78.41068914577606,0.33240590249830765
2813,78.41554293825408,0.3355090618133545,78.41069087126219,0.3324070056477264
2814,78.41554293825408,0.3300986289978027,78.41069259552195,0.3324061853290875
2815,78.41554293825408,0.3319928646087646,78.41069431855666,0.33240603850112294
2816,78.41554293825408,0.3250927925109863,78.41069604036764,0.33240344146774575
2817,78.41554293825408,0.3337140083312988,78.41069776095617,0.3324039067026991
2818,78.41554293825408,0.3322899341583252,78.41069948032356,0.33240386625821916
2819,78.41554293825408,0.3303823471069336,78.4107011984711,0.3324031491531637
2820,78.41554293825408,0.3338816165924072,78.41070291540011,0.3324036734323975
2821,78.41554293825408,0.3159120082855224,78.41070463111186,0.3323978273972515
2822,78.41554293825408,0.3321778774261474,78.41070634560765,0.33239774945608525
2823,78.41554293825408,0.3270077705383301,78.41070805888879,0.3323958401472232
2824,78.41554293825408,0.3308675289154053,78.41070977095654,0.33239529896052633
2825,78.41554293825408,0.3311505317687988,78.41071148181223,0.33239485833497173
2826,78.41554293825408,0.332057237625122,78.4107131914571,0.33239473886550613
2827,78.41554293825408,0.3284814357757568,78.41071489989248,0.3323933546054815
2828,78.41554293825408,0.3343174457550049,78.41071660711962,0.33239403497717507
2829,78.41554293825408,0.3135609626770019,78.41071831313982,0.33238737782896005
2830,78.41554293825408,0.3335890769958496,78.41072001795435,0.33238780245764094
2831,78.41554293825408,0.3306996822357178,78.41072172156449,0.3323872061594347
2832,78.41554293825408,0.3133745193481445,78.4107234239715,0.3323804926400804
2833,78.41554293825408,0.333108901977539,78.41072512517668,0.33238074975597787
2834,78.41554293825408,0.3322901725769043,78.4107268251813,0.33238071779508194
2835,78.41554293825408,0.3338639736175537,78.41072852398662,0.3323812409893756
2836,78.41554293825408,0.3226146697998047,78.41073022159391,0.33237779720545824
2837,78.41554293825408,0.3354356288909912,78.41073191800443,0.3323788750453192
2838,78.41554293825408,0.3360564708709717,78.41073361321946,0.3323801708859907
2839,78.41554293825408,0.3354179859161377,78.41073530724024,0.3323812409159414
2840,78.41554293825408,0.3222718238830566,78.41073700006807,0.3323776812620566
2841,78.41554293825408,0.3081588745117187,78.41073869170418,0.33236915651487237
2842,78.41554293825408,0.3187544345855713,78.41074038214984,0.3323643659723216
2843,78.41554293825408,0.3121874332427978,78.41074207140629,0.3323572689154347
2844,78.41554293825408,0.3280272483825683,78.4107437594748,0.3323557464046988
2845,78.41554293825408,0.3260006904602051,78.41074544635661,0.33235351264162516
2846,78.41554293825408,0.3348176479339599,78.410747132053,0.3323543784656913
2847,78.41554293825408,0.3346867561340332,78.41074881656519,0.332355197706179
2848,78.41554293825408,0.3341279029846191,78.41075049989443,0.3323558201448301
2849,78.41554293825408,0.3337647914886474,78.41075218204197,0.33235631469426635
2850,78.41554293825408,0.3323409557342529,78.41075386300906,0.3323563093051576
2851,78.41554293825408,0.3340170383453369,78.41075554279695,0.3323568918127129
2852,78.41554293825408,0.3310441970825195,78.41075722140685,0.33235643154106836
2853,78.41554293825408,0.3301737308502197,78.41075889884003,0.33235566648649745
2854,78.41554293825408,0.3317189216613769,78.4107605750977,0.3323554433803919
2855,78.41554293825408,0.3354589939117431,78.41076225018112,0.3323565304383714
2856,78.41554293825408,0.3329966068267822,78.41076392409151,0.3323567545547539
2857,78.41554293825408,0.3302516937255859,78.4107655968301,0.33235601774662327
2858,78.41554293825408,0.3128018379211426,78.41076726839813,0.33234917583625745
2859,78.41554293825408,0.3314571380615234,78.41076893879682,0.33234886382584305
2860,78.41554293825408,0.3289515972137451,78.41077060802739,0.3323476759703843
2861,78.41554293825408,0.332216739654541,78.4107722760911,0.33234763020445773
2862,78.41554293825408,0.3288805484771728,78.41077394298912,0.33234641878526583
2863,78.41554293825408,0.3234002590179443,78.4107756087227,0.3323432940350851
2864,78.41554293825408,0.3329694271087646,78.41077727329308,0.3323435126569684
2865,78.41554293825408,0.3221805095672607,78.41077893670143,0.33233996536095106
2866,78.41554293825408,0.3313357830047607,78.41078059894902,0.3323396149832971
2867,78.41554293825408,0.3158352375030517,78.41078226003701,0.33233385831169604
2868,78.41554293825408,0.3340039253234863,78.41078391996666,0.3323344406223696
2869,78.2514194464159,0.3278467655181885,78.41072837292114,0.3323328764274919
2870,78.41554293825408,0.3360154628753662,78.41073005047005,0.3323341595586584
2871,78.41554293825408,0.3363971710205078,78.41073172685033,0.3323355747489969
2872,78.41554293825408,0.3330438137054443,78.4107334020632,0.33233582135030487
2873,78.41554293825408,0.3353645801544189,78.41073507610992,0.33233687556499475
2874,78.41554293825408,0.3293714523315429,78.41073674899167,0.3323358437545447
2875,78.41554293825408,0.3318281173706054,78.41073842070966,0.3323356671540634
2876,78.41554293825408,0.3323793411254883,78.41074009126514,0.332335682339728
2877,78.41554293825408,0.3361122608184814,78.41074176065929,0.33233699501907404
2878,78.41554293825408,0.3336679935455322,78.41074342889334,0.3323374574925023
2879,78.41554293825408,0.3384125232696533,78.4107450959685,0.3323395676230258
2880,78.41554293825408,0.3346569538116455,78.41074676188595,0.332340372271008
2881,78.41554293825408,0.3368029594421386,78.41074842664693,0.33234192124260503
2882,78.41554293825408,0.3353960514068603,78.41075009025262,0.3323429809685468
2883,78.41554293825408,0.3381049633026123,78.41075175270423,0.33234497957497555
2884,78.41554293825408,0.3356580734252929,78.41075341400297,0.332346128359251
2885,78.41554293825408,0.3342342376708984,78.41075507415002,0.3323467828165514
2886,78.41554293825408,0.332089900970459,78.41075673314658,0.3323466938069027
2887,78.41554293825408,0.320350170135498,78.41075839099388,0.33234253844712736
2888,78.41554293825408,0.333223819732666,78.41076004769306,0.33234284359992705
2889,78.41554293825408,0.3333654403686523,78.41076170324534,0.33234319756211766
2890,78.41554293825408,0.3376891613006592,78.41076335765193,0.33234504737656007
2891,78.41554293825408,0.3337182998657226,78.41076501091398,0.3323455223860686
2892,78.41554293825408,0.3303847312927246,78.4107666630327,0.3323448443808496
2893,78.41554293825408,0.3342909812927246,78.41076831400927,0.3323455170863152
2894,78.41554293825408,0.3340957164764404,78.41076996384487,0.33234612185459095
2895,78.41554293825408,0.3363156318664551,78.4107716125407,0.3323474930152168
2896,78.41554293825408,0.3380086421966553,78.41077326009791,0.3323494478319231
2897,78.41554293825408,0.3335075378417969,78.41077490651772,0.33234984758684544
2898,78.41554293825408,0.3363351821899414,78.41077655180126,0.3323512227885718
2899,78.41554293825408,0.3366425037384033,78.41077819594975,0.33235270305105885
2900,78.41554293825408,0.3360116481781006,78.41077983896433,0.33235396475627504
2901,78.41554293825408,0.337700605392456,78.4107814808462,0.33235580778993107
2902,78.41554293825408,0.3353903293609619,78.41078312159651,0.332356853455531
2903,78.41554293825408,0.3334074020385742,78.41078476121645,0.33235721533930057
2904,78.41554293825408,0.334202766418457,78.41078639970716,0.33235785085964464
2905,78.41554293825408,0.3120865821838379,78.41078803706982,0.33235087279813835
2906,78.41554293825408,0.3379566669464111,78.4107896733056,0.33235280183948324
2907,78.41554293825408,0.3375790119171142,78.41079130841567,0.33235459964136754
2908,78.41554293825408,0.3350718021392822,78.41079294240117,0.33235553403012197
2909,78.41554293825408,0.321382999420166,78.41079457526327,0.3323517621034771
2910,78.41554293825408,0.3358423709869385,78.41079620700313,0.3323529616254302
2911,78.41554293825408,0.3333926200866699,78.4107978376219,0.3323533187736477
2912,78.41554293825408,0.32857346534729,78.41079946712074,0.332352020747059
2913,78.41554293825408,0.3299679756164551,78.4108010955008,0.33235120233129156
2914,78.41554293825408,0.3354830741882324,78.41080272276325,0.33235227709857257
2915,78.41554293825408,0.3368864059448242,78.41080434890921,0.33235383254586115
2916,78.41554293825408,0.3336925506591797,78.41080597393984,0.33235429163986435
2917,78.41554293825408,0.326829195022583,78.4108075978563,0.332352397537493
2918,78.41554293825408,0.3361554145812988,78.41080922065973,0.33235370083325855
2919,78.41554293825408,0.3386139869689941,78.41081084235127,0.332355845501342
2920,78.41554293825408,0.3332657814025879,78.41081246293206,0.332356157123226
2921,78.41554293825408,0.3340053558349609,78.41081408240323,0.332356721723949
2922,78.41554293825408,0.333310604095459,78.41081570076595,0.3323570481723992
2923,78.41554293825408,0.3163082599639892,78.41081731802133,0.3323515576529984
2924,78.41554293825408,0.3383448123931885,78.41081893417052,0.33235360732972213
2925,78.41554293825408,0.3367938995361328,78.41082054921466,0.3323551253783397
2926,78.41554293825408,0.3344624042510986,78.41082216315486,0.332355845569342
2927,78.41554293825408,0.3357248306274414,78.41082377599227,0.33235699657209505
2928,78.41554293825408,0.3352138996124267,78.41082538772801,0.3323579722903465
2929,78.41554293825408,0.3370590209960937,78.41082699836322,0.3323595772916117
2930,78.41554293825408,0.3369905948638916,78.41082860789902,0.3323611578436842
2931,78.41554293825408,0.3344275951385498,78.41083021633654,0.33236186287176156
2932,78.41554293825408,0.3369321823120117,78.41083182367689,0.33236342164373983
2933,78.41554293825408,0.3363916873931885,78.4108334299212,0.3323647950722258
2934,78.41554293825408,0.3346395492553711,78.4108350350706,0.33236557038040004
2935,78.41554293825408,0.3347043991088867,78.4108366391262,0.33236636725560564
2936,78.41554293825408,0.3390076160430908,78.41083824208911,0.3323686292613235
2937,78.41554293825408,0.3350865840911865,78.41083984396047,0.33236955468006024
2938,78.41554293825408,0.3347163200378418,78.41084144474137,0.3323703534429458
2939,78.41554293825408,0.3311338424682617,78.41084304443294,0.33236993271787785
2940,78.41554293825408,0.3349101543426513,78.41084464303627,0.3323707967388387
2941,78.41554293825408,0.3304800987243652,78.4108462405525,0.33237015386294116
2942,78.41554293825408,0.3280389308929443,78.41084783698271,0.3323686816593484
2943,78.41554293825408,0.3356735706329345,78.41084943232804,0.3323698046253605
2944,78.41554293825408,0.3356020450592041,78.41085102658955,0.3323709025331166
2945,78.41554293825408,0.3342509269714355,78.41085261976839,0.33237154091153365
2946,78.41554293825408,0.3332676887512207,78.41085421186564,0.3323718451029252
2947,78.41554293825408,0.3337569236755371,78.4108558028824,0.33237231509904763
2948,78.41554293825408,0.335031509399414,78.41085739281976,0.3323732171323924
2949,78.41554293825408,0.3337671756744385,78.41085898167884,0.3323736898209451
2950,78.41554293825408,0.3329882621765136,78.41086056946074,0.3323738981505572
2951,78.41554293825408,0.3365833759307861,78.41086215616653,0.3323753246086325
2952,78.41554293825408,0.3360004425048828,78.41086374179731,0.33237655262960003
2953,78.41554293825408,0.3371167182922363,78.41086532635418,0.33237815783300767
2954,78.41554293825408,0.3186237812042236,78.41086690983825,0.33237350164592955
2955,78.41554293825408,0.3376820087432861,78.41086849225057,0.33237529809503186
2956,78.41554293825408,0.3251960277557373,78.41087007359225,0.332372869383821
2957,78.41554293825408,0.3369371891021728,78.41087165386436,0.3323744129481491
2958,78.41554293825408,0.3354902267456054,78.41087323306802,0.3323754662996696
2959,78.41554293825408,0.337113618850708,78.41087481120427,0.33237706756785174
2960,78.41554293825408,0.3346552848815918,78.41087638827422,0.33237783723586317
2961,78.41554293825408,0.3328087329864502,78.41087796427894,0.3323779827595884
2962,78.41554293825408,0.3198723793029785,78.41087953921951,0.3323737607462675
2963,78.41554293825408,0.3363287448883056,78.410881113097,0.33237509553673056
2964,78.41554293825408,0.3361506462097168,78.41088268591251,0.3323763693392518
2965,78.41554293825408,0.3349537849426269,78.41088425766709,0.33237723861938784
2966,78.41554293825408,0.3369204998016357,78.41088582836183,0.3323787703999618
2967,78.41554293825408,0.325782299041748,78.4108873979978,0.3323765471200972
2968,78.41554293825408,0.3362190723419189,78.41088896657604,0.33237784177145224
2969,78.41554293825408,0.3371415138244629,78.41089053409766,0.3323794462416621
2970,78.41554293825408,0.3107285499572754,78.4108921005637,0.33237215637759326
2971,78.41554293825408,0.3343164920806885,78.41089366597525,0.3323728108157296
2972,78.41554293825408,0.331040620803833,78.41089523033335,0.3323723625687539
2973,78.41554293825408,0.3356673717498779,78.41089679363907,0.33237347087994834
2974,78.41554293825408,0.3379111289978027,78.41089835589348,0.3323753329035253
2975,78.41554293825408,0.3370845317840576,78.41089991709764,0.33237691582751877
2976,78.41554293825408,0.3355138301849365,78.4109014772526,0.33237796989820334
2977,78.41554293825408,0.3258576393127441,78.41090303635941,0.3323757796628707
2978,78.41554293825408,0.3326451778411865,78.41090459441915,0.3323758701256572
2979,78.41554293825408,0.3333089351654053,78.41090615143285,0.3323761833398364
2980,78.41554293825408,0.3337061405181885,78.41090770740158,0.3323766296341915
2981,78.41554293825408,0.3359143733978271,78.41090926232638,0.33237781639828534
2982,78.41554293825408,0.334892988204956,78.41091081620833,0.3323786598495954
2983,78.41554293825408,0.3257551193237304,78.41091236904843,0.3323764394203209
2984,78.41554293825408,0.3303995132446289,78.41091392084776,0.3323757769115489
2985,78.41554293825408,0.3367080688476562,78.41091547160737,0.3323772282656313
2986,78.41554293825408,0.3167715072631836,78.41091702132827,0.3323720019692474
2987,78.41554293825408,0.335482120513916,78.41091857001155,0.33237304318737415
2988,78.41554293825408,0.3348164558410644,78.41092011765821,0.33237386092922616
2989,78.41554293825408,0.3294615745544433,78.41092166426931,0.3323728865945407
2990,78.41554293825408,0.3312540054321289,78.4109232098459,0.33237251238679405
2991,78.41554293825408,0.3256850242614746,78.410924754389,0.33237027651647466
2992,78.41554293825408,0.3337492942810058,78.41092629789965,0.33237073741813394
2993,78.41554293825408,0.3236238956451416,78.41092784037887,0.3323678149851994
2994,78.41554293825408,0.3350825309753418,78.41092938182774,0.33236872170396703
2995,78.41554293825408,0.3362085819244385,78.41093092224725,0.3323700037941909
2996,78.41554293825408,0.3359832763671875,78.41093246163844,0.3323712098264249
2997,78.41554293825408,0.3299489021301269,78.41093400000233,0.3323704015822819
2998,78.41554293825408,0.3358280658721924,78.41093553733998,0.3323715549059277
2999,78.41554293825408,0.3357102870941162,78.41093707365238,0.332372668187751
3000,78.41554293825408,0.3389432430267334,78.41093860894058,0.33237485837936404
3001,78.41554293825408,0.3321340084075928,78.4109401432056,0.33237477812279226
3002,78.41554293825408,0.3160848617553711,78.41094167644846,0.3323693517682395
3003,78.41554293825408,0.3208286762237549,78.41094320867016,0.33236550871944015
3004,78.41554293825408,0.3355295658111572,78.41094473987175,0.3323665620007623
3005,78.41554293825408,0.3331317901611328,78.41094627005424,0.33236681665239637
3006,78.41554293825408,0.3358783721923828,78.41094779921865,0.3323679848345454
3007,78.41554293825408,0.317138671875,78.41094932736598,0.33236292021433933
3008,78.41554293825408,0.3263828754425049,78.41095085449726,0.3323609321675402
3009,78.41554293825408,0.335336685180664,78.4109523806135,0.33236192111835877
3010,78.41554293825408,0.3341689109802246,78.4109539057157,0.33236252144721656
3011,78.41554293825408,0.3383913040161133,78.41095542980489,0.33236452369981334
3012,78.41554293825408,0.3368620872497558,78.41095695288206,0.33236601691480333
3013,78.41554293825408,0.3364405632019043,78.41095847494823,0.3323673692368369
3014,78.41554293825408,0.3351020812988281,78.41095999600441,0.3323682765732875
3015,78.2514194464159,0.3358116149902344,78.41090708039923,0.33236941864241415
3016,78.41554293825408,0.3346168994903564,78.41090861748738,0.3323701638283717
3017,78.41554293825408,0.3355209827423095,78.41091015355657,0.33237120818333155
3018,78.41554293825408,0.3349380493164062,78.41091168860783,0.33237205869397873
3019,78.41554293825408,0.3201680183410644,78.41091322264217,0.3323680162824673
3020,78.41554293825408,0.3305695056915283,78.41091475566057,0.33236742074915904
3021,78.41554293825408,0.3339986801147461,78.41091628766408,0.33236796072246777
3022,78.41554293825408,0.3365025520324707,78.41091781865369,0.33236932888636916
3023,78.41554293825408,0.3378884792327881,78.4109193486304,0.33237115460596767
3024,78.41554293825408,0.3371386528015136,78.41092087759522,0.3323727311596038
3025,78.41554293825408,0.311929702758789,78.41092240554916,0.33236597313368615
3026,78.41554293825408,0.3114984035491943,78.4109239324932,0.3323590770432749
3027,78.41554293825408,0.3355624675750732,78.41092545842838,0.33236013531566727
3028,78.41554293825408,0.3383736610412597,78.41092698335567,0.33236212128849607
3029,78.41554293825408,0.3238923549652099,78.41092850727607,0.33235932506323257
3030,78.41554293825408,0.333698034286499,78.41093003019058,0.332359766881458
3031,78.41554293825408,0.336808443069458,78.4109315521002,0.3323612346070232
3032,78.41554293825408,0.3356599807739258,78.41093307300592,0.3323623225839912
3033,78.41554293825408,0.3395400047302246,78.41093459290875,0.33236468911288874
3034,78.41554293825408,0.3344583511352539,78.41093611180965,0.33236537917947484
3035,78.41554293825408,0.3279561996459961,78.41093762970962,0.3323639264020338
3036,78.41554293825408,0.338782787322998,78.41093914660968,0.33236604065134906
3037,78.41554293825408,0.3359904289245605,78.41094066251077,0.3323672340620416
3038,78.41554293825408,0.3325257301330566,78.41094217741392,0.3323672862332302
3039,78.41554293825408,0.3341879844665527,78.41094369132009,0.3323678853441987
3040,78.41554293825408,0.3342592716217041,78.41094520423026,0.3323685075107374
3041,78.41554293825408,0.3355710506439209,78.41094671614542,0.33236956063245165
3042,78.41554293825408,0.3307366371154785,78.41094822706656,0.33236902383971106
3043,78.41554293825408,0.3360295295715332,78.41094973699465,0.33237022676634
3044,78.41554293825408,0.3334386348724365,78.41095124593068,0.33237057775454826
3045,78.41554293825408,0.3375623226165771,78.4109527538756,0.3323722827610711
3046,78.41554293825408,0.3340115547180176,78.41095426083042,0.33237282093308584
3047,78.41554293825408,0.3386697769165039,78.4109557667961,0.33237488754154776
3048,78.41554293825408,0.3347225189208984,78.41095727177361,0.3323756577618166
3049,78.41554293825408,0.338174819946289,78.41095877576393,0.33237755975006994
3050,78.41554293825408,0.3340640068054199,78.41096027876803,0.33237811268353074
3051,78.41554293825408,0.3378322124481201,78.41096178078688,0.33237990032684916
3052,78.41554293825408,0.3334505558013916,78.41096328182142,0.3323802511313952
3053,78.41554293825408,0.3191797733306885,78.41096478187266,0.33237592735877786
3054,78.41554293825408,0.3188955783843994,78.41096628094155,0.33237151336107834
3055,78.41554293825408,0.3342115879058838,78.41096777902905,0.33237211567680497
3056,78.41554293825408,0.3370392322540283,78.41096927613613,0.33237364287463783
3057,78.41554293825408,0.3163461685180664,78.41097077226374,0.3323683999978447
3058,78.41554293825408,0.3335981369018554,78.41097226741286,0.332368802135485
3059,78.41554293825408,0.3342068195343017,78.41097376158443,0.3323694029911237
3060,78.41554293825408,0.314188003540039,78.41097525477942,0.33236346135731615
3061,78.41554293825408,0.3370251655578613,78.41097674699878,0.33236498429237027
3062,78.41554293825408,0.3337583541870117,78.41097823824347,0.3323654393445893
3063,78.41554293825408,0.3330554962158203,78.41097972851445,0.3323656646325002
3064,78.41554293825408,0.3372285366058349,78.41098121781266,0.3323672517317082
3065,78.41554293825408,0.3282537460327148,78.41098270613908,0.3323659096417575
3066,78.41554293825408,0.3354260921478271,78.41098419349463,0.33236690774433614
3067,78.41554293825408,0.334763765335083,78.41098567988027,0.33236768924338755
3068,78.41554293825408,0.3343427181243896,78.41098716529694,0.3323683329946525
3069,78.41554293825408,0.3279931545257568,78.4109886497456,0.33236690739072
3070,78.41554293825408,0.3346025943756103,78.4109901332272,0.3323676356275229
3071,78.41554293825408,0.3196706771850586,78.41099161574269,0.33236350115717367
3072,78.41554293825408,0.328704833984375,78.41099309729297,0.33236231018478674
3073,78.41554293825408,0.336796760559082,78.41099457787904,0.33236375322102957
3074,78.41554293825408,0.339123010635376,78.4109960575018,0.33236595206859443
3075,78.41554293825408,0.3209974765777588,78.4109975361622,0.33236225500339417
3076,78.41554293825408,0.3332796096801758,78.4109990138612,0.332362553233133
3077,78.41554293825408,0.3323822021484375,78.4110004905997,0.33236255961887085
3078,78.41554293825408,0.3350651264190674,78.41100196637866,0.33236343764577153
3079,78.41554293825408,0.3383281230926513,78.41100344119903,0.3323653748609215
3080,78.41554293825408,0.3347475528717041,78.4110049150617,0.3323661482953406
3081,78.41554293825408,0.3338387012481689,78.41100638796763,0.33236662624177127
3082,78.41554293825408,0.3331339359283447,78.41100785991776,0.3323668752066274
3083,78.41554293825408,0.3350002765655517,78.411009330913,0.3323677293750863
3084,78.41554293825408,0.3334219455718994,78.4110108009543,0.332368071209132
3085,78.41554293825408,0.3216168880462646,78.41101227004256,0.33236458622269344
3086,78.41554293825408,0.3368644714355469,78.41101373817872,0.33236604438381234
3087,78.41554293825408,0.3395617008209228,78.41101520536373,0.3323683753382785
3088,78.41554293825408,0.3356912136077881,78.41101667159846,0.3323694513869409
3089,78.41554293825408,0.3362247943878174,78.41101813688388,0.33237069947467185
3090,78.41554293825408,0.3316054344177246,78.41101960122089,0.3323704518160774
3091,78.41554293825408,0.3367910385131836,78.41102106461042,0.332371881963828
3092,78.41554293825408,0.3378870487213135,78.41102252705339,0.33237366565294746
3093,78.41554293825408,0.335848331451416,78.4110239885507,0.33237478904958456
3094,78.41554293825408,0.3238213062286377,78.41102544910329,0.3323720245108577
3095,78.41554293825408,0.3331344127655029,78.41102690871206,0.33237227083985754
3096,78.41554293825408,0.3344619274139404,78.41102836737792,0.3323729457935313
3097,78.41554293825408,0.3371021747589111,78.41102982510182,0.3323744728290384
3098,78.41554293825408,0.3267254829406738,78.41103128188463,0.3323726493978285
3099,78.41554293825408,0.3237526416778564,78.41103273772727,0.33236986785290434
3100,78.41554293825408,0.3393404483795166,78.41103419263067,0.33237211642726777
3101,78.41554293825408,0.3347246646881103,78.41103564659572,0.33237287506908036
3102,78.41554293825408,0.3155977725982666,78.41103709962333,0.3323674672346281
3103,78.41554293825408,0.3342528343200683,78.41103855171441,0.3323680748295638
3104,78.41554293825408,0.3351387977600097,78.41104000286987,0.3323689674593739
3105,78.41554293825408,0.3351740837097168,78.4110414530906,0.3323698708784561
3106,78.41554293825408,0.3122568130493164,78.41104290237752,0.3323633953286077
3107,78.41554293825408,0.3342015743255615,78.41104435073152,0.33236398695364694
3108,78.41554293825408,0.3349893093109131,78.41104579815351,0.3323648316519601
3109,78.41554293825408,0.3362855911254883,78.41104724464437,0.33236609275182294
3110,78.41554293825408,0.3203608989715576,78.41104869020502,0.3323622325608968
3111,78.41554293825408,0.3330004215240478,78.41105013483634,0.3323624377003899
3112,78.41554293825408,0.3333725929260254,78.41105157853923,0.3323627623003982
3113,78.41554293825408,0.3357636928558349,78.4110530213146,0.33236385479334885
3114,78.41554293825408,0.333444595336914,78.41105446316332,0.33236420185196913
3115,78.41554293825408,0.3345508575439453,78.41105590408631,0.33236490382811423
3116,78.41554293825408,0.3374450206756592,78.41105734408444,0.33236653416086376
3117,78.41554293825408,0.3379151821136474,78.4110587831586,0.33236831428532726
3118,78.41554293825408,0.3217167854309082,78.41106022130968,0.33236489814393716
3119,78.41554293825408,0.332463264465332,78.41106165853859,0.3323649296817125
3120,78.41554293825408,0.3351430892944336,78.41106309484618,0.33236582011748583
3121,78.41554293825408,0.3349165916442871,78.41106453023338,0.3323666374105095
3122,78.41554293825408,0.3346047401428222,78.41106596470102,0.33236735429158965
3123,78.41554293825408,0.3239192962646484,78.41106739825004,0.33236464918175074
3124,78.41554293825408,0.334101915359497,78.41106883088128,0.3323652052848806
3125,78.41554293825408,0.3336775302886963,78.41107026259564,0.33236562522888186
3126,78.41554293825408,0.3371682167053222,78.41107169339399,0.33236716156652624
3127,78.41554293825408,0.3366029262542724,78.41107312327722,0.3323685161442966
3128,78.41554293825408,0.334683895111084,78.4110745522462,0.33236925635496367
3129,78.41554293825408,0.3332381248474121,78.41107598030182,0.3323695340374477
3130,78.41554293825408,0.3141579627990722,78.41107740744494,0.3323637156440808
3131,78.41554293825408,0.3245770931243896,78.41107883367643,0.3323612286998075
3132,78.41554293825408,0.3361873626708984,78.41108025899717,0.33236245032623507
3133,78.41554293825408,0.3329689502716064,78.41108168340804,0.3323626439106415
3134,78.41554293825408,0.3364315032958984,78.4110831069099,0.3323639422065526
3135,78.41554293825408,0.3349354267120361,78.41108452950363,0.3323647624567935
3136,78.41554293825408,0.3343324661254883,78.4110859511901,0.33236538991332054
3137,78.41554293825408,0.3340373039245605,78.41108737197015,0.3323659228792151
3138,78.41554293825408,0.3358163833618164,78.41108879184469,0.33236702245234534
3139,78.41554293825408,0.3345813751220703,78.41109021081456,0.33236772788486196
3140,78.41554293825408,0.3352556228637695,78.41109162888063,0.3323686475966387
3141,78.41554293825408,0.3365390300750732,78.41109304604375,0.33236997532108264
3142,78.41554293825408,0.3361856937408447,78.41109446230479,0.33237118974451346
3143,78.41554293825408,0.3344604969024658,78.41109587766462,0.3323718544938479
3144,78.41554293825408,0.3356270790100097,78.4110972921241,0.3323728898706024
3145,78.41554293825408,0.3404755592346191,78.41109870568407,0.3323754662360599
3146,78.41554293825408,0.3382570743560791,78.4111001183454,0.3323773357872742
3147,78.41554293825408,0.3362865447998047,78.41110153010897,0.3323785779890576
3148,78.41554293825408,0.321699857711792,78.4111029409756,0.3323751857653355
3149,78.41554293825408,0.3320314884185791,78.41110435094615,0.3323750766204175
3150,78.41554293825408,0.3370745182037353,78.41110576002148,0.33237656850663444
3151,78.41554293825408,0.3372597694396972,78.41110716820245,0.3323781182371749
3152,78.41554293825408,0.3345873355865478,78.4111085754899,0.33237881913100403
3153,78.41554293825408,0.3364524841308594,78.41110998188469,0.33238011112751525
3154,78.41554293825408,0.3360710144042969,78.41111138738766,0.3323812813568357
3155,78.41554293825408,0.3368260860443115,78.41111279199966,0.3323826901697319
3156,78.41554293825408,0.3352785110473633,78.41111419572154,0.33238360773021275
3157,78.41554293825408,0.3192825317382812,78.41111559855415,0.3323794578803579
3158,78.41554293825408,0.3354635238647461,78.41111700049831,0.33238043446869997
3159,78.41554293825408,0.336331844329834,78.4111184015549,0.3323816853106946
3160,78.41554293825408,0.3357160091400146,78.41111980172474,0.33238274047646343
3161,78.41554293825408,0.3330850601196289,78.41112120100868,0.33238296265920403
3162,78.41554293825408,0.333256721496582,78.41112259940755,0.33238323899027217
3163,78.41554293825408,0.3355000019073486,78.4111239969222,0.33238422437216186
3164,78.41554293825408,0.3351161479949951,78.41112539355348,0.3323850878119921
3165,78.41554293825408,0.3351848125457763,78.41112678930219,0.33238597240116546
3166,78.41554293825408,0.3360269069671631,78.4111281841692,0.33238712241208335
3167,78.41554293825408,0.3265151977539062,78.41112957815534,0.3323852683152541
3168,78.41554293825408,0.334075927734375,78.41113097126143,0.33238580198300005
3169,78.41554293825408,0.3371710777282715,78.4111323634883,0.33238731201005756
3170,78.41554293825408,0.3368747234344482,78.41113375483681,0.3323887275972577
3171,78.41554293825408,0.3184247016906738,78.41113514530777,0.33238432393093587
3172,78.41554293825408,0.3360469341278076,78.41113653490201,0.33238547859997647
3173,78.41554293825408,0.3291676044464111,78.41113792362037,0.33238446445747616
3174,78.41554293825408,0.3387966156005859,78.41113931146367,0.3323864846689264
3175,78.41554293825408,0.3279550075531006,78.41114069843275,0.33238508892810253
3176,78.41554293825408,0.3421320915222168,78.41114208452841,0.3323881578835792
3177,78.41554293825408,0.3342411518096924,78.41114346975148,0.3323887411363102
3178,78.41554293825408,0.3348150253295898,78.4111448541028,0.332389504598926
3179,78.41554293825408,0.3349661827087402,78.4111462375832,0.33239031512994516
3180,78.41554293825408,0.3418445587158203,78.41114762019346,0.33239328816251934
3181,78.41554293825408,0.3364582061767578,78.41114900193445,0.3323945660367772
3182,78.41554293825408,0.3362622261047363,78.41115038280695,0.3323957815176282
3183,78.41554293825408,0.3162856101989746,78.4111517628118,0.33239072020084576
3184,78.41554293825408,0.335719347000122,78.41115314194982,0.3323917656238355
3185,78.41554293825408,0.3358542919158935,78.41115452022181,0.33239285275924896
3186,78.41554293825408,0.3355085849761963,78.4111558976286,0.3323938307040754
3187,78.41554293825408,0.3269674777984619,78.411157274171,0.3323921280517674
3188,78.41554293825408,0.3367822170257568,78.41115864984982,0.3323935051185723
3189,78.41554293825408,0.3290953636169433,78.41116002466588,0.33239247089420676
3190,78.41554293825408,0.3369791507720947,78.41116139861998,0.3323939087248895
3191,78.41554293825408,0.3376984596252441,78.41116277171294,0.3323955710723982
3192,78.41554293825408,0.3366062641143799,78.41116414394557,0.3323968902118224
3193,78.41554293825408,0.335550308227539,78.41116551531866,0.332397877815335
3194,78.41554293825408,0.3367462158203125,78.41116688583304,0.33239923922360204
3195,78.41554293825408,0.3366734981536865,78.41116825548951,0.3324005770198243
3196,78.41554293825408,0.3254921436309814,78.41116962428887,0.332398415432406
3197,78.41554293825408,0.3407330513000488,78.41117099223193,0.3324010224501938
3198,78.41554293825408,0.3368954658508301,78.4111723593195,0.3324024278421265
3199,78.41554293825408,0.3166937828063965,78.41117372555236,0.3323975173560259
3200,78.41554293825408,0.3356163501739502,78.41117509093132,0.3323985232412815
3201,78.24698367636623,0.3336775302886963,78.41112379714359,0.3323989228061198
3202,78.41554293825408,0.331843614578247,78.4111251772626,0.3323987493806895
3203,78.41554293825408,0.3142092227935791,78.41112655651986,0.3323930704776027
3204,78.41554293825408,0.3355221748352051,78.41112793491615,0.332394047101934
3205,78.41554293825408,0.3337559700012207,78.4111293124523,0.33239447203887607
3206,78.41554293825408,0.329413890838623,78.4111306891291,0.33239354235041685
3207,78.41554293825408,0.3348240852355957,78.41113206494734,0.33239430023719113
3208,78.41554293825408,0.3379626274108886,78.41113343990784,0.3323960360000258
3209,78.41554293825408,0.3337998390197754,78.41113481401142,0.3323964734581186
3210,78.41554293825408,0.3309173583984375,78.41113618725885,0.33239601267461094
3211,78.41554293825408,0.3336789608001709,78.41113755965092,0.3323964122224545
3212,78.41554293825408,0.3344721794128418,78.41113893118847,0.33239705847624973
3213,78.41554293825408,0.3347451686859131,78.41114030187228,0.3323977892917523
3214,78.41554293825408,0.3370101451873779,78.41114167170313,0.3323992243744827
3215,78.41554293825408,0.3350708484649658,78.41114304068185,0.33240005536175815
3216,78.41554293825408,0.3307063579559326,78.41114440880921,0.3323995287145548
3217,78.41554293825408,0.3286774158477783,78.41114577608599,0.3323983717009189
3218,78.41554293825408,0.3372912406921386,78.41114714251302,0.33239989216984095
3219,78.41554293825408,0.3406655788421631,78.41114850809107,0.33240245995072704
3220,78.41554293825408,0.3363184928894043,78.41114987282093,0.3324036761100248
3221,78.41554293825408,0.3342347145080566,78.4111512367034,0.33240424457894685
3222,78.41554293825408,0.3200266361236572,78.41115259973927,0.3324004029872475
3223,78.41554293825408,0.3368370532989502,78.4111539619293,0.33240177954645067
3224,78.41554293825408,0.336179256439209,78.41115532327431,0.33240295122042485
3225,78.41554293825408,0.3343498706817627,78.41115668377509,0.33240355491638185
3226,78.41554293825408,0.339780330657959,78.4111580434324,0.3324058415796619
3227,78.41554293825408,0.3368959426879883,78.41115940224702,0.3324072329961814
3228,78.41554293825408,0.3396501541137695,78.41116076021977,0.3324094767759576
3229,78.41554293825408,0.3295996189117431,78.4111621173514,0.3324086065815122
3230,78.41554293825408,0.3382103443145752,78.4111634736427,0.3324104027851447
3231,78.41554293825408,0.3355062007904053,78.41116482909445,0.3324113609398972
3232,78.41554293825408,0.3377659320831299,78.41116618370744,0.3324130176760183
3233,78.41554293825408,0.3370339870452881,78.41116753748243,0.33241444698915446
3234,78.41554293825408,0.3317432403564453,78.4111688904202,0.3324142394422674
3235,78.41554293825408,0.3379058837890625,78.41117024252154,0.3324159370139356
3236,78.41554293825408,0.3351366519927978,78.41117159378722,0.3324167777787622
3237,78.41554293825408,0.3360087871551513,78.41117294421801,0.3324178874511059
3238,78.41554293825408,0.3336858749389648,78.41117429381468,0.33241827904699467
3239,78.41554293825408,0.3344337940216064,78.41117564257802,0.33241890131157464
3240,78.41554293825408,0.3346984386444092,78.41117699050878,0.33241960487247985
3241,78.41554293825408,0.3352384567260742,78.41117833760774,0.3324204746200434
3242,78.41554293825408,0.3155896663665771,78.41117968387567,0.3324152831307611
3243,78.41554293825408,0.336972713470459,78.41118102931335,0.33241668844384764
3244,78.41554293825408,0.3378870487213135,78.41118237392153,0.3324183747447963
3245,78.41554293825408,0.326725959777832,78.41118371770098,0.33241662053371246
3246,78.41554293825408,0.3370678424835205,78.41118506065247,0.33241805344250785
3247,78.41554293825408,0.3130295276641845,78.41118640277678,0.33241208223038027
3248,78.41554293825408,0.3348803520202636,78.41118774407464,0.3324128421656604
3249,78.41554293825408,0.3372511863708496,78.41118908454685,0.33241433134516335
3250,78.41554293825408,0.3339745998382568,78.41119042419413,0.3324148114277766
3251,78.41554293825408,0.3328855037689209,78.41119176301729,0.3324149562116404
3252,78.41554293825408,0.332327127456665,78.41119310101705,0.33241492920402815
3253,78.41554293825408,0.3356180191040039,78.41119443819419,0.3324159138612369
3254,78.41554293825408,0.3336732387542724,78.41119577454947,0.33241630025487334
3255,78.41554293825408,0.3218593597412109,78.41119711008363,0.33241305695517637
3256,78.41554293825408,0.3342609405517578,78.41119844479744,0.3324136244869935
3257,78.41554293825408,0.3303174972534179,78.41119977869165,0.33241298091093163
3258,78.41554293825408,0.3197057247161865,78.41120111176703,0.3324090805867466
3259,78.41554293825408,0.3364222049713135,78.41120244402431,0.33241031198422577
3260,78.41554293825408,0.3388941287994385,78.41120377546426,0.33241230088508933
3261,78.41554293825408,0.3374593257904053,78.41120510608762,0.33241384857748596
3262,78.41554293825408,0.3357491493225097,78.41120643589515,0.3324148710485911
3263,78.41554293825408,0.3341152667999267,78.41120776488759,0.3324153921628269
3264,78.41554293825408,0.3380978107452392,78.41120909306571,0.33241713309989257
3265,78.41554293825408,0.3320906162261963,78.41121042043024,0.3324170330947245
3266,78.41554293825408,0.3373889923095703,78.41121174698193,0.332418555433737
3267,78.41554293825408,0.3386211395263672,78.41121307272152,0.3324204539902392
3268,78.41554293825408,0.3384914398193359,78.41121439764979,0.33242231169704123
3269,78.41554293825408,0.3098733425140381,78.41121572176743,0.3324154138783863
3270,78.41554293825408,0.3133761882781982,78.41121704507522,0.3324095914852364
3271,78.41554293825408,0.3349745273590088,78.41121836757391,0.3324103756294962
3272,78.41554293825408,0.3334929943084717,78.41121968926421,0.33241070650317556
3273,78.41554293825408,0.316319465637207,78.41122101014687,0.33240579014482974
3274,78.41554293825408,0.3206677436828613,78.41122233022266,0.3324022049137784
3275,78.41554293825408,0.3314170837402344,78.41122364949229,0.3324019041134201
3276,78.41554293825408,0.333806037902832,78.4112249679565,0.3324023327256879
3277,78.41554293825408,0.3361432552337646,78.41122628561604,0.3324034742949611
3278,78.41554293825408,0.3336029052734375,78.41122760247163,0.3324038401982492
3279,78.41554293825408,0.3347592353820801,78.41122891852402,0.3324045585255392
3280,78.41554293825408,0.3326418399810791,78.41123023377394,0.3324046308674463
3281,78.41554293825408,0.3309609889984131,78.41123154822212,0.33240419086687667
3282,78.41554293825408,0.3322756290435791,78.4112328618693,0.3324041516950841
3283,78.41554293825408,0.3325650691986084,78.41123417471618,0.33240420071046745
3284,78.41554293825408,0.3323321342468261,78.41123548676356,0.33240417876574646
3285,78.41554293825408,0.3265519142150879,78.4112367980121,0.33240239725446774
3286,78.41554293825408,0.3169760704040527,78.41123810846257,0.332397702693649
3287,78.41554293825408,0.3346908092498779,78.41123941811568,0.3323984003226591
3288,78.41554293825408,0.3190155029296875,78.41124072697218,0.33239433009839114
3289,78.41554293825408,0.336181640625,78.41124203503277,0.3323954816066084
3290,78.41554293825408,0.333174467086792,78.41124334229818,0.3323957183803106
3291,78.41554293825408,0.3333883285522461,78.41124464876916,0.3323960199938542
3292,78.41554293825408,0.3345108032226562,78.41124595444639,0.332396662394592
3293,78.41554293825408,0.325469970703125,78.41124725933064,0.33239455893522624
3294,78.41554293825408,0.3189966678619385,78.41124856342259,0.3323904915730303
3295,78.41554293825408,0.337937593460083,78.411249866723,0.3323921750637396
3296,78.41554293825408,0.3338522911071777,78.41125116923256,0.332392618060112
3297,78.41554293825408,0.3251900672912597,78.41125247095201,0.33239043348299074
3298,78.41554293825408,0.3362319469451904,78.41125377188206,0.33239159828391923
3299,78.41554293825408,0.3356847763061523,78.41125507202342,0.33239259651914876
3300,78.41554293825408,0.3362851142883301,78.41125637137684,0.3323937760699879
3301,78.41554293825408,0.3351190090179443,78.41125766994298,0.3323946016479788
3302,78.41554293825408,0.3360958099365234,78.4112589677226,0.33239572254691535
3303,78.41554293825408,0.332561731338501,78.4112602647164,0.3323957728069189
3304,78.41554293825408,0.3304347991943359,78.4112615609251,0.332395179291903
3305,78.41554293825408,0.3355221748352051,78.41126285634941,0.33239612543276326
3306,78.41554293825408,0.3352482318878174,78.41126415099004,0.33239698813889
3307,78.41554293825408,0.3352887630462646,78.41126544484769,0.3323978625794426
3308,78.41554293825408,0.3334038257598877,78.41126673792309,0.3323981666795576
3309,78.41554293825408,0.3125331401824951,78.41126803021693,0.3323921633472829
3310,78.41554293825408,0.3366475105285644,78.41126932172993,0.3323934489506609
3311,78.41554293825408,0.328214168548584,78.41127061246279,0.3323921867095247
3312,78.41554293825408,0.333984375,78.41127190241623,0.3323926674427042
3313,78.41554293825408,0.3338510990142822,78.41127319159095,0.3323931076574858
3314,78.41554293825408,0.3308181762695312,78.41127447998765,0.33239263242170186
3315,78.41554293825408,0.3324124813079834,78.41127576760704,0.33239263840929956
3316,78.41554293825408,0.3350286483764648,78.41127705444981,0.33239343334596033
3317,78.41554293825408,0.3321866989135742,78.41127834051667,0.3323933710202346
3318,78.41554293825408,0.3365488052368164,78.41127962580833,0.33239462341149933
3319,78.41554293825408,0.3297052383422851,78.4112809103255,0.3323938131116894
3320,78.41554293825408,0.3305025100708008,78.41128219406885,0.33239324344209875
3321,78.41554293825408,0.3202700614929199,78.41128347703909,0.3323895929808072
3322,78.41554293825408,0.3361098766326904,78.41128475923693,0.3323907128735381
3323,78.41554293825408,0.3173890113830566,78.41128604066306,0.33238619836812416
3324,78.41554293825408,0.3231074810028076,78.41128732131817,0.33238340693690716
3325,78.41554293825408,0.3167328834533691,78.41128860120295,0.3323787000125512
3326,78.41554293825408,0.3356986045837402,78.41128988031812,0.3323796981798907
3327,78.41554293825408,0.3360090255737304,78.41129115866437,0.3323807890507635
3328,78.41554293825408,0.3320724964141845,78.41129243624236,0.33238069641475493
3329,78.41554293825408,0.3332448005676269,78.41129371305281,0.3323809559834401
3330,78.41554293825408,0.3366923332214355,78.41129498909642,0.3323822506913194
3331,78.41554293825408,0.3348231315612793,78.41129626437386,0.3323829834685244
3332,78.41554293825408,0.3132596015930176,78.41129753888583,0.33237724415823766
3333,78.41554293825408,0.3366444110870361,78.41129881263302,0.3323785244363441
3334,78.41554293825408,0.3361039161682129,78.4113000856161,0.3323796418303848
3335,78.41554293825408,0.3384568691253662,78.41130135783578,0.3323814640874448
3336,78.41554293825408,0.331632137298584,78.41130262929275,0.3323812394691028
3337,78.41554293825408,0.3379125595092773,78.41130389998767,0.3323828970417849
3338,78.41554293825408,0.3340895175933838,78.41130516992123,0.33238340831217184
3339,78.41554293825408,0.3106265068054199,78.41130643909415,0.3323768923189084
3340,78.41554293825408,0.3364503383636474,78.41130770750706,0.33237811191353256
3341,78.41554293825408,0.328179121017456,78.4113089751607,0.33237685510691894
3342,78.41554293825408,0.3334250450134277,78.41131024205569,0.332377168748423
3343,78.41554293825408,0.3350353240966797,78.41131150819275,0.33237796388911944
3344,78.41554293825408,0.340724229812622,78.41131277357256,0.3323804597820392
3345,78.41554293825408,0.3318336009979248,78.4113140381958,0.33238029629660293
3346,78.41554293825408,0.3311450481414795,78.41131530206312,0.33237992712500847
3347,78.41554293825408,0.3362839221954345,78.41131656517523,0.33238109354122314
3348,78.41554293825408,0.3345489501953125,78.41131782753278,0.33238174104918433
3349,78.41554293825408,0.3154785633087158,78.41131908913647,0.33237669381784946
3350,78.41554293825408,0.3355662822723388,78.41132034998697,0.33237764593380603
3351,78.41554293825408,0.3179843425750732,78.41132161008493,0.3323733507074978
3352,78.41554293825408,0.3376643657684326,78.41132286943105,0.33237492917261147
3353,78.41554293825408,0.3215043544769287,78.411324128026,0.3323716871282644
3354,78.41554293825408,0.3349068164825439,78.41132538587044,0.33237244298078505
3355,78.41554293825408,0.3344838619232178,78.41132664296505,0.3323730723157903
3356,78.41554293825408,0.327223539352417,78.41132789931049,0.3323715378899966
3357,78.41554293825408,0.3360981941223144,78.41132915490745,0.33237264800504945
3358,78.41554293825408,0.3355722427368164,78.41133040975657,0.3323736008325455
3359,78.41554293825408,0.3325603008270263,78.41133166385855,0.33237365641456235
3360,78.41554293825408,0.3338923454284668,78.41133291721403,0.33237410840534026
3361,78.41554293825408,0.3374245166778564,78.41133416982369,0.33237561105582303
3362,78.41554293825408,0.3207759857177734,78.4113354216882,0.33237216084007704
3363,78.41554293825408,0.3355464935302734,78.4113366728082,0.3323731047391821
3364,78.41554293825408,0.3193237781524658,78.41133792318438,0.33236922562901955
3365,78.41554293825408,0.3313920497894287,78.41133917281739,0.33236893523501077
3366,78.41554293825408,0.333554744720459,78.4113404217079,0.33236928752541045
3367,78.41554293825408,0.3375301361083984,78.41134166985658,0.33237082029897236
3368,78.41554293825408,0.3348147869110107,78.41134291726407,0.33237154594226576
3369,78.41554293825408,0.3344051837921142,78.41134416393103,0.3323721495747531
3370,78.41554293825408,0.3293640613555908,78.41134540985814,0.3323712569669729
3371,78.41554293825408,0.3369760513305664,78.41134665504605,0.33237262296945397
3372,78.41554293825408,0.3340470790863037,78.41134789949541,0.3323731195460011
3373,78.41554293825408,0.3371341228485107,78.41134914320688,0.3323745310500931
3374,78.41554293825408,0.3218138217926025,78.41135038618111,0.3323714010236386
3375,78.41554293825408,0.3382267951965332,78.41135162841877,0.3323731359552454
3376,78.41554293825408,0.3360965251922607,78.4113528699205,0.3323742388549009
3377,78.41554293825408,0.3210868835449219,78.41135411068697,0.33237089643402146
3378,78.41554293825408,0.3358721733093261,78.41135535071882,0.3323719329280639
3379,78.41554293825408,0.334111213684082,78.41135659001671,0.33237244766045687
3380,78.41554293825408,0.3355922698974609,78.41135782858129,0.3323734002705862
3381,78.41554293825408,0.3249948024749756,78.4113590664132,0.3323712178991589
3382,78.41554293825408,0.3143315315246582,78.4113603035131,0.33236588387007127
3383,78.41554293825408,0.3121085166931152,78.41136153988164,0.332359895880956
3384,78.41554293825408,0.3357911109924316,78.41136277551946,0.3323609098334121
3385,78.41554293825408,0.3185768127441406,78.41136401042722,0.332356837722012
3386,78.41554293825408,0.3354907035827636,78.41136524460556,0.3323577632582969
3387,78.41554293825408,0.3295011520385742,78.41136647805513,0.3323569198537443
3388,78.41554293825408,0.3308324813842773,78.41136771077656,0.33235646990142154
3389,78.41554293825408,0.335953950881958,78.41136894277052,0.3323575314183825
3390,78.41554293825408,0.3363599777221679,78.41137017403763,0.332358712081009
3391,78.41554293825408,0.3351006507873535,78.41137140457855,0.33235952067396274
3392,78.41554293825408,0.3363513946533203,78.4113726343939,0.3323606975236029
3393,78.41554293825408,0.3359272480010986,78.41137386348436,0.3323617486731689
3394,78.41554293825408,0.3356235027313232,78.41137509185053,0.33236270970854254
3395,78.41554293825408,0.3261470794677734,78.41137631949307,0.3323608788896204
3396,78.41554293825408,0.3359143733978271,78.41137754641262,0.33236192526609515
3397,78.41554293825408,0.3349878787994385,78.41137877260981,0.3323626982874473
3398,78.41554293825408,0.3369536399841308,78.4113799980853,0.33236404935916497
3399,78.41554293825408,0.337496280670166,78.41138122283968,0.3323655592830576
3400,78.41554293825408,0.3362917900085449,78.41138244687365,0.3323667140568004
3401,78.41554293825408,0.334686279296875,78.41138367018779,0.3323673960812756
3402,78.41554293825408,0.3366866111755371,78.41138489278275,0.3323686656918265
3403,78.41554293825408,0.337482213973999,78.41138611465918,0.33237016835073985
3404,78.41554293825408,0.3401265144348144,78.41138733581771,0.3323724469482969
3405,78.41554293825408,0.3338756561279297,78.41138855625897,0.3323728884194216
3406,78.41554293825408,0.3331077098846435,78.41138977598358,0.3323731041626586
3407,78.41554293825408,0.3363075256347656,78.41139099499217,0.3323742589679043
3408,78.41554293825408,0.3166871070861816,78.4113922132854,0.3323696559303803
3409,78.41554293825408,0.3368597030639648,78.41139343086385,0.3323709730459959
3410,78.41554293825408,0.3366272449493408,78.4113946477282,0.3323722212195746
3411,78.41554293825408,0.3348257541656494,78.41139586387905,0.332372940519764
3412,78.41554293825408,0.3329315185546875,78.41139707931704,0.33237310422962185
3413,78.41554293825408,0.3359682559967041,78.41139829404278,0.33237415759960925
3414,78.41554293825408,0.3365402221679687,78.41139950805692,0.3323753778880007
3415,78.41554293825408,0.3324325084686279,78.41140072136005,0.33237539461730686
3416,78.41554293825408,0.3388600349426269,78.41140193395283,0.3323772929312195
3417,78.41554293825408,0.324822187423706,78.41140314583586,0.3323750818965377
3418,78.41554293825408,0.3367586135864258,78.41140435700979,0.3323763643809408
3419,78.41554293825408,0.3353691101074219,78.4114055674752,0.3323772397087345
3420,78.41554293825408,0.337432861328125,78.41140677723274,0.33237871796067
3421,78.41554293825408,0.3357787132263183,78.41140798628304,0.3323797118207301
3422,78.41554293825408,0.3147847652435303,78.4114091946267,0.3323745701063592
3423,78.41554293825408,0.3384997844696045,78.41141040226434,0.33237635953503675
3424,78.41554293825408,0.336733341217041,78.41141160919659,0.33237763201800463
3425,78.41554293825408,0.3371946811676025,78.41141281542406,0.33237903845571254
3426,78.41554293825408,0.3347735404968261,78.41141402094736,0.33237973737633164
3427,78.41554293825408,0.3367567062377929,78.41141522576713,0.3323810145776335
3428,78.41554293825408,0.3366677761077881,78.41141642988397,0.33238226509149876
3429,78.41554293825408,0.3375961780548095,78.41141763329848,0.33238378562604626
3430,78.41554293825408,0.3370997905731201,78.41141883601131,0.33238516055460227
3431,78.41554293825408,0.3104984760284424,78.41142003802305,0.3323787814568097
3432,78.41554293825408,0.3315548896789551,78.41142123933432,0.3323785413951029
3433,78.41554293825408,0.3317358493804931,78.41142243994571,0.3323783541850783
3434,78.41554293825408,0.3368401527404785,78.41142363985787,0.33237965348576415
3435,78.41554293825408,0.3380224704742431,78.41142483907139,0.33238129622724555
3436,78.41554293825408,0.3157997131347656,78.41142603758686,0.3323764703881616
3437,78.41554293825408,0.3369431495666504,78.41142723540493,0.33237779906991266
3438,78.41554293825408,0.3282094001770019,78.4114284325262,0.33237658662113634
3439,78.41554293825408,0.3323135375976562,78.41142962895124,0.3323765682876023
3440,78.41554293825408,0.334177017211914,78.41143082468069,0.33237709167391755
3441,78.41554293825408,0.3355836868286133,78.41143201971516,0.3323780235527768
3442,78.41554293825408,0.3268568515777588,78.41143321405525,0.3323764194935162
3443,78.41554293825408,0.3328864574432373,78.41143440770155,0.33237656763117224
3444,78.41554293825408,0.336259126663208,78.41143560065468,0.3323776949711931
3445,78.41554293825408,0.3368804454803467,78.41143679291524,0.33237900201052817
3446,78.41554293825408,0.3333272933959961,78.41143798448384,0.3323792771966528
3447,78.41554293825408,0.3356354236602783,78.41143917536105,0.3323802218286411
3448,78.41554293825408,0.3338997364044189,78.41144036554752,0.3323806625231236
3449,78.41554293825408,0.3188488483428955,78.41144155504382,0.3323767391209258
3450,78.41554293825408,0.3359556198120117,78.41144274385056,0.3323777764776479
3451,78.41554293825408,0.3360447883605957,78.41144393196832,0.33237883907164467
3452,78.41554293825408,0.3154079914093017,78.41144511939774,0.33237392283535777
3453,78.41554293825408,0.3361489772796631,78.41144630613937,0.33237501610336945
3454,78.41554293825408,0.3208224773406982,78.41144749219384,0.3323716714193038
3455,78.41554293825408,0.3363025188446045,78.41144867756174,0.33237280914648915
3456,78.41554293825408,0.3340411186218261,78.41144986224366,0.3323732918749253
3457,78.41554293825408,0.3328015804290771,78.4114510462402,0.3323734157651637
3458,78.41554293825408,0.3389794826507568,78.41145222955195,0.3323753261373111
3459,78.41554293825408,0.3363709449768066,78.41145341217951,0.3323764812742985
3460,78.41554293825408,0.3190293312072754,78.41145459412347,0.33237262371647563
3461,78.41554293825408,0.3364238739013672,78.41145577538443,0.3323737942597247
3462,78.41554293825408,0.3364725112915039,78.41145695596296,0.3323749781756784
3463,78.41554293825408,0.327470064163208,78.41145813585968,0.33237356179854516
3464,78.41554293825408,0.3274409770965576,78.41145931507516,0.3323721378422224
3465,78.41554293825408,0.3304550647735595,78.41146049361,0.3323715845743815
3466,78.41554293825408,0.3192636966705322,78.41146167146478,0.3323678027255922
3467,78.41554293825408,0.3369050025939941,78.41146284864008,0.3323691114074117
3468,78.41554293825408,0.333693265914917,78.41146402513652,0.33236949322820397
3469,78.41554293825408,0.3110158443450928,78.41146520095467,0.33236333766496295
3470,78.41554293825408,0.3392360210418701,78.4114663760951,0.33236531826535975
3471,78.41554293825408,0.3264684677124023,78.41146755055843,0.3323636193743909
3472,78.41554293825408,0.3252265453338623,78.41146872434521,0.33236156376550824
3473,78.41554293825408,0.3324477672576904,78.41146989745606,0.33236158858655407
3474,78.41554293825408,0.337162971496582,78.41147106989152,0.3323629706772018
3475,78.41554293825408,0.327012300491333,78.4114722416522,0.3323614309159972
3476,78.41554293825408,0.3348865509033203,78.4114734127387,0.33236215736018226
3477,78.41554293825408,0.3285186290740967,78.41147458315157,0.332361051945087
3478,78.41554293825408,0.3356752395629883,78.41147575289139,0.3323620048454947
3479,78.41554293825408,0.3362977504730224,78.41147692195877,0.3323631361319643
3480,78.41554293825408,0.3313119411468506,78.41147809035427,0.3323628340644398
3481,78.41554293825408,0.3122339248657226,78.41147925807846,0.33235705155677
3482,78.41554293825408,0.3242852687835693,78.41148042513194,0.3323547334112291
3483,78.41554293825408,0.3310534954071045,78.41148159151527,0.3323543598143287
3484,78.41554293825408,0.3350684642791748,78.41148275722904,0.33235513883397994
3485,78.41554293825408,0.3344876766204834,78.41148392227382,0.33235575075300045
3486,78.41554293825408,0.3358635902404785,78.41148508665017,0.3323567570179137
3487,78.41554293825408,0.3346254825592041,78.4114862503587,0.3323574076418142
3488,78.41554293825408,0.3288979530334472,78.41148741339997,0.33235641582569947
3489,78.41554293825408,0.3167703151702881,78.41148857577454,0.3323519486142763
3490,78.41554293825408,0.3353564739227295,78.411489737483,0.33235280950978013
3491,78.41554293825408,0.3355920314788818,78.4114908985259,0.3323537373877432
3492,78.41554293825408,0.3253848552703857,78.41149205890385,0.3323517417170338
3493,78.41554293825408,0.3281595706939697,78.41149321861738,0.33235054155355737
3494,78.41554293825408,0.3350367546081543,78.41149437766708,0.3323513103609571
3495,78.41554293825408,0.3385539054870605,78.41149553605352,0.33235308506628647
3496,78.41554293825408,0.3374247550964355,78.41149669377727,0.3323545357728168
3497,78.41554293825408,0.3308775424957275,78.4114978508389,0.3323541134127147
3498,78.41554293825408,0.3363156318664551,78.41149900723896,0.3323552459222784
3499,78.41554293825408,0.3359110355377197,78.41150016297804,0.33235626215252
3500,78.41554293825408,0.3365514278411865,78.41150131805671,0.3323574607712882
3501,78.41554293825408,0.332578182220459,78.4115024724755,0.33235752381654643
3502,78.41554293825408,0.3330848217010498,78.41150362623502,0.33235773149726733
3503,78.41554293825408,0.3371069431304931,78.4115047793358,0.33235908725280067
3504,78.41554293825408,0.3361425399780273,78.41150593177842,0.3323601670052907
3505,78.41554293825408,0.3362867832183838,78.41150708356344,0.33236128729522313
3506,78.41554293825408,0.336681604385376,78.41150823469142,0.33236251955908225
3507,78.41554293825408,0.3359382152557373,78.41150938516294,0.33236353914724787
3508,78.41554293825408,0.3331198692321777,78.41151053497853,0.3323637547487544
3509,78.41554293825408,0.3330235481262207,78.41151168413879,0.3323639427776451
3510,78.41554293825408,0.3348758220672607,78.41151283264423,0.33236465841277035
3511,78.41554293825408,0.3361585140228271,78.41151398049546,0.3323657389754619
3512,78.41554293825408,0.3342044353485107,78.41151512769301,0.33236626252226514
3513,78.41554293825408,0.3141367435455322,78.41151627423743,0.33236107336229453
3514,78.41554293825408,0.3343062400817871,78.41151742012931,0.33236162691002347
3515,78.41554293825408,0.335299015045166,78.41151856536918,0.33236246258232366
3516,78.41554293825408,0.3363285064697265,78.4115197099576,0.332363590581154
3517,78.41554293825408,0.3345582485198974,78.41152085389514,0.3323642145953532
3518,78.41554293825408,0.3322532176971435,78.41152199718235,0.3323641830442167
3519,78.41554293825408,0.336310863494873,78.41152313981978,0.33236530457887165
3520,78.41554293825408,0.3331573009490967,78.41152428180797,0.33236552957784044
3521,78.41554293825408,0.3356771469116211,78.4115254231475,0.33236647011102244
3522,78.41554293825408,0.3323800563812256,78.4115265638389,0.3323664739685665
3523,78.41554293825408,0.3357548713684082,78.41152770388274,0.3323674357617541
3524,78.41554293825408,0.3347358703613281,78.41152884327957,0.33236810784875737
3525,78.41554293825408,0.3358845710754394,78.41152998202992,0.33236910542697773
3526,78.41554293825408,0.3355028629302978,78.41153112013436,0.3323699941840688
3527,78.41554293825408,0.3362293243408203,78.41153225759344,0.33237108840866675
3528,78.41554293825408,0.3349082469940185,78.41153339440768,0.3323718075579256
3529,78.41554293825408,0.3329200744628906,78.41153453057767,0.33237196291834076
3530,78.41554293825408,0.3351285457611084,78.41153566610393,0.33237274381999593
3531,78.41554293825408,0.3352453708648681,78.41153680098702,0.33237355736489677
3532,78.41554293825408,0.3362882137298584,78.41153793522747,0.33237466570475094
3533,78.41554293825408,0.3336620330810547,78.41153906882585,0.3323750300883842
3534,78.41554293825408,0.3379783630371094,78.41154020178269,0.3323766156381716
3535,78.41554293825408,0.3222451210021972,78.41154133409853,0.3323737495859408
3536,78.41554293825408,0.3372964859008789,78.41154246577392,0.33237514176250044
3537,78.41554293825408,0.3237392902374267,78.4115435968094,0.3323727001872884
3538,78.41554293825408,0.3363511562347412,78.41154472720552,0.33237382468023563
3539,78.41554293825408,0.3348011970520019,78.41154585696282,0.3323745105724006
3540,78.41554293825408,0.334207534790039,78.41154698608183,0.3323750283758519
3541,78.41554293825408,0.3335897922515869,78.4115481145631,0.33237537143258045
3542,78.41554293825408,0.3351950645446777,78.41154924240719,0.3323761675062993
3543,78.41554293825408,0.328930139541626,78.4115503696146,0.33237519487633466
3544,78.41554293825408,0.333026647567749,78.4115514961859,0.33237537869481415
3545,78.41554293825408,0.3353750705718994,78.4115526221216,0.3323762248702379
3546,78.41554293825408,0.3364918231964111,78.41155374742227,0.33237738550146356
3547,78.41554293825408,0.3360764980316162,78.41155487208843,0.33237842838630427
3548,78.41554293825408,0.332777738571167,78.41155599612061,0.33237854093145225
3549,78.41554293825408,0.3366246223449707,78.41155711951936,0.3323797373477423
3550,78.41554293825408,0.3353803157806396,78.41155824228521,0.3323805825811037
3551,78.41554293825408,0.3261697292327881,78.4115593644187,0.33237883353763753
3552,78.41554293825408,0.3172509670257568,78.41156048592035,0.3323745745662096
3553,78.41554293825408,0.3363044261932373,78.4115616067907,0.3323756806319645
3554,78.41554293825408,0.3325874805450439,78.41156272703029,0.3323757402267628
3555,78.41554293825408,0.3389387130737304,78.41156384663964,0.33237758635133297
3556,78.41554293825408,0.3327429294586181,78.41156496561929,0.3323776890912394
3557,78.41554293825408,0.3363304138183594,78.41156608396977,0.3323788003436226
3558,78.41554293825408,0.3375935554504394,78.41156720169161,0.33238026598586734
3559,78.41554293825408,0.3168315887451172,78.41156831878534,0.33237589715270055
3560,78.41554293825408,0.336958646774292,78.4115694352515,0.3323771844419201
3561,78.41554293825408,0.3380424976348877,78.41157055109059,0.3323787753751391
3562,78.41554293825408,0.3315000534057617,78.41157166630316,0.332378528681717
3563,78.41554293825408,0.3390531539916992,78.41157278088974,0.33238040199782987
3564,78.41554293825408,0.3340082168579101,78.41157389485085,0.3323808587360061
3565,78.41554293825408,0.335198163986206,78.41157500818701,0.33238164900395845
3566,78.41554293825408,0.3333692550659179,78.41157612089876,0.33238192595462085
3567,78.41554293825408,0.3079891204833984,78.41157723298662,0.332375087489392
3568,78.41554293825408,0.331953763961792,78.41157834445112,0.3323749694054437
3569,78.41554293825408,0.3334939479827881,78.41157945529275,0.33237528293264385
3570,78.41554293825408,0.3367624282836914,78.41158056551208,0.332376511824899
3571,78.41554293825408,0.3342247009277344,78.4115816751096,0.33237702937995445
3572,78.41554293825408,0.3352036476135254,78.41158278408585,0.3323778207064476
3573,78.41554293825408,0.3277842998504638,78.41158389244136,0.3323765350862808
3574,78.41554293825408,0.3331766128540039,78.41158500017661,0.3323767589468761
3575,78.41554293825408,0.3192622661590576,78.41158610729218,0.33237309055728514
3576,78.41554293825408,0.339332103729248,78.41158721378854,0.33237503659005135
3577,78.41554293825408,0.3358099460601806,78.41158831966622,0.33237599686667146
3578,78.41554293825408,0.3366260528564453,78.41158942492577,0.33237718469674127
3579,78.41554293825408,0.3212413787841797,78.41159052956766,0.3323740732673161
3580,78.41554293825408,0.3418247699737549,78.41159163359244,0.33237671312673134
3581,78.41554293825408,0.3369991779327392,78.41159273700062,0.33237800395745065
3582,78.41554293825408,0.332932710647583,78.41159383979272,0.33237815881693983
3583,78.41554293825408,0.3298029899597168,78.41159494196924,0.33237744009830816
3584,78.41554293825408,0.3215589523315429,78.41159604353071,0.33237442154703395
3585,78.41554293825408,0.3334023952484131,78.41159714447764,0.3323747082900469
3586,78.41554293825408,0.3209176063537597,78.41159824481055,0.3323715133369135
3587,78.41554293825408,0.3192946910858154,78.41159934452993,0.3323678677215661
3588,78.41554293825408,0.3369779586791992,78.41160044363633,0.33236915258526667
3589,78.41554293825408,0.3332328796386719,78.41160154213024,0.33236939324479675
3590,78.41554293825408,0.3188321590423584,78.41160264001218,0.3323656224274702
3591,78.41554293825408,0.3278088569641113,78.41160373728266,0.33236435348693455
3592,78.41554293825408,0.3336691856384277,78.41160483394218,0.3323647167475558
3593,78.41554293825408,0.3264534473419189,78.41160592999125,0.3323630715292408
3594,78.41554293825408,0.3329935073852539,78.4116070254304,0.33236324694266767
3595,78.41554293825408,0.3088340759277344,78.41160812026013,0.3323567019715926
3596,78.41554293825408,0.3346776962280273,78.41160921448093,0.33235734740937245
3597,78.41554293825408,0.3399662971496582,78.41161030809333,0.3323594627693225
3598,78.41554293825408,0.3347840309143066,78.41161140109783,0.33236013663484365
3599,78.41554293825408,0.3352360725402832,78.41161249349493,0.33236093572789877
3600,78.41554293825408,0.3333475589752197,78.41161358528515,0.3323612097899119
3601,78.41554293825408,0.3369088172912597,78.41161467646899,0.3323624726634196
3602,78.41554293825408,0.3355135917663574,78.41161576704695,0.33236334748826774
3603,78.41554293825408,0.3320791721343994,78.41161685701954,0.33236326861639603
3604,78.41554293825408,0.3375101089477539,78.41161794638725,0.33236469670749796
3605,78.41554293825408,0.333500862121582,78.41161903515061,0.3323650118712744
3606,78.41554293825408,0.3278789520263672,78.4116201233101,0.33236376781696353
3607,78.41554293825408,0.3146431446075439,78.41162121086623,0.33235885497437706
3608,78.41554293825408,0.3345761299133301,78.4116222978195,0.3323594695184289
3609,78.41554293825408,0.33534836769104,78.41162338417043,0.33236029769747366
3610,78.41554293825408,0.3388774394989013,78.41162446991949,0.33236210299991176
3611,78.41554293825408,0.3344142436981201,78.41162555506719,0.3323626713025144
3612,78.41554293825408,0.334407091140747,78.41162663961404,0.33236323731022155
3613,78.41554293825408,0.3229207992553711,78.41162772356053,0.33236062384826337
3614,78.41554293825408,0.3318004608154297,78.41162880690716,0.3323604688501912
3615,78.41554293825408,0.3377931118011474,78.41162988965442,0.3323619716559868
3616,78.41554293825408,0.3382844924926758,78.41163097180284,0.3323636095212624
3617,78.41554293825408,0.3362445831298828,78.41163205335286,0.33236468250263057
3618,78.41554293825408,0.3365321159362793,78.41163313430503,0.33236583436372336
3619,78.41554293825408,0.3349447250366211,78.41163421465981,0.33236654696131185
3620,78.41554293825408,0.3351683616638183,78.41163529441772,0.33236732094327387
3621,78.41554293825408,0.336266279220581,78.41163637357924,0.3323683977061232
3622,78.41554293825408,0.3372533321380615,78.41163745214487,0.33236974639039485
3623,78.41554293825408,0.3343966007232666,78.4116385301151,0.33237030583128163
3624,78.41554293825408,0.3367054462432861,78.41163960749041,0.33237150206207966
3625,78.41554293825408,0.3401620388031006,78.41164068427133,0.33237365117566336
3626,78.41554293825408,0.3337032794952392,78.41164176045831,0.33237401786852594
3627,78.41554293825408,0.3266780376434326,78.41164283605187,0.33237244743008504
3628,78.41554293825408,0.3379712104797363,78.41164391105248,0.3323739906393049
3629,78.41554293825408,0.3363909721374511,78.41164498546064,0.3323750975507125
3630,78.41554293825408,0.3365752696990967,78.41164605927685,0.3323762546229297
3631,78.41554293825408,0.3303415775299072,78.41164713250159,0.3323756942601941
3632,78.41554293825408,0.335895299911499,78.41164820513534,0.33237666331461346
3633,78.41554293825408,0.3281018733978271,78.41164927717858,0.3323754866589799
3634,78.41554293825408,0.3282797336578369,78.41165034863184,0.33237435959431255
3635,78.41554293825408,0.3326613903045654,78.41165141949557,0.33237443855736903
3636,78.41554293825408,0.3368589878082275,78.41165248977026,0.33237567193175044
3637,78.41554293825408,0.3330044746398926,78.4116535594564,0.33237584482223936
3638,78.41554293825408,0.335651159286499,78.41165462855449,0.3323767451285792
3639,78.41554293825408,0.3352720737457275,78.41165569706499,0.33237754076711096
3640,78.41554293825408,0.3354532718658447,78.4116567649884,0.332378385748182
3641,78.41554293825408,0.3290858268737793,78.4116578323252,0.332377481447475
3642,78.41554293825408,0.3364262580871582,78.41165889907587,0.33237859313793067
3643,78.41554293825408,0.335712194442749,78.4116599652409,0.3323795082082861
3644,78.41554293825408,0.3355441093444824,78.41166103082077,0.33238037664987125
3645,78.41554293825408,0.3364217281341553,78.41166209581596,0.33238148538827567
3646,78.41554293825408,0.3401823043823242,78.41166316022695,0.33238362494367724
3647,78.41554293825408,0.3356199264526367,78.41166422405422,0.3323845123309843
3648,78.41554293825408,0.3388564586639404,78.41166528729825,0.33238628643907997
3649,78.41554293825408,0.3372602462768554,78.41166634995952,0.33238762213648687
3650,78.20706174591909,0.3341908454895019,78.41161029390362,0.33238811617028224
3651,78.41554293825408,0.3382134437561035,78.41161137104534,0.33238971171330767
3652,78.41554293825408,0.3315494060516357,78.41161244759715,0.33238948161865767
3653,78.41554293825408,0.3229165077209472,78.41161352355957,0.33238688841474373
3654,78.41554293825408,0.3329882621765136,78.41161459893304,0.33238705299431726
3655,78.41554293825408,0.3372836112976074,78.41161567371809,0.3323883926819516
3656,78.41554293825408,0.3174936771392822,78.41161674791519,0.3323843186350307
3657,78.41554293825408,0.3344378471374511,78.4116178215248,0.33238488016866546
3658,78.41554293825408,0.3182854652404785,78.41161889454742,0.33238102576327233
3659,78.41554293825408,0.3308718204498291,78.41161996698354,0.3323806132993987
3660,78.41554293825408,0.3382847309112549,78.41162103883362,0.33238222644628723
3661,78.41554293825408,0.3345708847045898,78.41162211009815,0.33238282427700516
3662,78.41554293825408,0.3383131027221679,78.41162318077761,0.3323844436867389
3663,78.41554293825408,0.3359620571136474,78.41162425087248,0.3323854203761812
3664,78.41554293825408,0.319857120513916,78.41162532038324,0.33238200108036725
3665,78.41554293825408,0.3370461463928222,78.41162638931036,0.33238327369846066
3666,78.41554293825408,0.334697961807251,78.41162745765432,0.3323839050918346
3667,78.41554293825408,0.3302235603332519,78.4116285254156,0.33238331596045784
3668,78.41554293825408,0.3294260501861572,78.41162959259468,0.33238250972660444
3669,78.41554293825408,0.3205418586730957,78.41163065919203,0.3323792825118174
3670,78.41554293825408,0.3373727798461914,78.41163172520814,0.3323806431377941
3671,78.41554293825408,0.3369238376617431,78.41163279064345,0.3323818807282392
3672,78.41554293825408,0.3330297470092773,78.41163385549848,0.3323820571624116
3673,78.41554293825408,0.3375129699707031,78.41163491977368,0.3323834540893945
3674,78.41554293825408,0.3360469341278076,78.41163598346951,0.33238445122604077
3675,78.41554293825408,0.3221409320831299,78.41163704658646,0.33238166387389306
3676,78.41554293825408,0.3504261970520019,78.41163810912501,0.3323865726152364
3677,78.41554293825408,0.3248355388641357,78.41163917108561,0.3323845190297724
3678,78.41554293825408,0.3318212032318115,78.41164023246876,0.33238436587158915
3679,78.41554293825408,0.3379347324371338,78.4116412932749,0.33238587453333573
3680,78.41554293825408,0.3266568183898926,78.41164235350452,0.3323843177246011
3681,78.41554293825408,0.3568775653839111,78.41164341315809,0.3323909716902787
3682,78.41554293825408,0.3187479972839355,78.41164447223608,0.3323872663740358
3683,78.41554293825408,0.3369348049163818,78.41164553073894,0.3323885011116254
3684,78.41554293825408,0.3292837142944336,78.41164658866715,0.33238765833561634
3685,78.41554293825408,0.3352811336517334,78.41164764602118,0.33238844353922997
3686,78.41554293825408,0.3366496562957763,78.4116487028015,0.3323895995926094
3687,78.41554293825408,0.3331522941589355,78.41164975900858,0.332389806453083
3688,78.41554293825408,0.3167874813079834,78.41165081464287,0.3323855758876966
3689,78.41554293825408,0.3364181518554687,78.41165186970484,0.3323866690229549
3690,78.41554293825408,0.3359742164611816,78.41165292419498,0.332387641258033
3691,78.41554293825408,0.3386499881744385,78.41165397811372,0.33238933791122083
3692,78.41554293825408,0.3361279964447021,78.41165503146155,0.33239035054896016
3693,78.41554293825408,0.3329448699951172,78.41165608423891,0.33239050070315623
3694,78.41554293825408,0.3379197120666504,78.4116571364463,0.3323919975118632
3695,78.41554293825408,0.3350756168365478,78.41165818808413,0.3323927237958482
3696,78.41554293825408,0.3327217102050781,78.41165923915291,0.3323928128073226
3697,78.41554293825408,0.3334391117095947,78.41166028965307,0.33239309582027965
3698,78.41554293825408,0.3367433547973633,78.41166133958511,0.33239427220183104
3699,78.41554293825408,0.334047794342041,78.41166238894944,0.33239471922052266
3700,78.41554293825408,0.3373444080352783,78.41166343774655,0.33239605697425634
3701,78.41554293825408,0.3370616436004638,78.41166448597691,0.33239731760290436
3702,78.41554293825408,0.3251771926879883,78.41166553364096,0.3323953672720251
3703,78.41554293825408,0.3363499641418457,78.41166658073917,0.33239643521608936
3704,78.41554293825408,0.3364167213439941,78.41166762727198,0.3323975206065126
3705,78.41554293825408,0.3356688022613525,78.41166867323986,0.3323984035435315
3706,78.41554293825408,0.3345463275909424,78.41166971864327,0.3323989831236846
3707,78.41554293825408,0.3333189487457275,78.41167076348266,0.3323992312935314
3708,78.41554293825408,0.3346450328826904,78.4116718077585,0.3323998369573904
3709,78.41554293825408,0.3364541530609131,78.41167285147124,0.3324009300596022
3710,78.41554293825408,0.3312394618988037,78.41167389462132,0.3324006169954079
3711,78.41554293825408,0.3379850387573242,78.4116749372092,0.33240212182476975
3712,78.41554293825408,0.3263108730316162,78.41167597923535,0.33240048086334917
3713,78.41554293825408,0.3346962928771972,78.41167702070022,0.3324010991806166
3714,78.41554293825408,0.3362209796905517,78.41167806160425,0.3324021276891007
3715,78.41554293825408,0.3348288536071777,78.41167910194791,0.33240278091276637
3716,78.41554293825408,0.3341405391693115,78.41168014173164,0.3324032485549237
3717,78.41554293825408,0.3330171108245849,78.4116811809559,0.33240341370484827
3718,78.41554293825408,0.3378920555114746,78.41168221962113,0.3324048899398689
3719,78.41554293825408,0.3349614143371582,78.41168325772777,0.3324055773624011
3720,78.41554293825408,0.3385281562805176,78.41168429527632,0.332407223216949
3721,78.41554293825408,0.316927433013916,78.41168533226718,0.33240306310133405
3722,78.41554293825408,0.3382308483123779,78.41168636870081,0.3324046288684515
3723,78.41554293825408,0.3302779197692871,78.41168740457769,0.33240405763313075
3724,78.41554293825408,0.3366849422454834,78.41168843989823,0.3324052071725003
3725,78.41554293825408,0.3236775398254394,78.4116894746629,0.33240286417455484
3726,78.41554293825408,0.3359732627868652,78.41169050887214,0.3324038224135812
3727,78.41554293825408,0.3363168239593506,78.41169154252638,0.33240487232008664
3728,78.41554293825408,0.3329129219055176,78.4116925756261,0.33240500859948185
3729,78.41554293825408,0.3298027515411377,78.41169360817175,0.33240431075634475
3730,78.41554293825408,0.3341543674468994,78.41169464016373,0.3324047799404441
3731,78.41554293825408,0.3382899761199951,78.41169567160252,0.33240635731813895
3732,78.41554293825408,0.3366096019744873,78.41169670248854,0.3324074835894831
3733,78.41554293825408,0.3347084522247314,78.41169773282228,0.332408099975402
3734,78.41554293825408,0.3388047218322754,78.41169876260413,0.3324098130503503
3735,78.41554293825408,0.3339548110961914,78.41169979183456,0.33241022670444553
3736,78.41554293825408,0.3366601467132568,78.41170082051401,0.3324113642633344
3737,78.41554293825408,0.322216272354126,78.41170184864293,0.3324086361145763
3738,78.41554293825408,0.3196346759796142,78.41170287622177,0.33240521878976753
3739,78.41554293825408,0.3382277488708496,78.41170390325092,0.33240677603236746
3740,78.41554293825408,0.3251924514770508,78.41170492973089,0.33240484706858264
3741,78.41554293825408,0.3159713745117187,78.41170595566207,0.33240045426650916
3742,78.41554293825408,0.3315601348876953,78.41170698104492,0.3324002297022711
3743,78.41554293825408,0.3325459957122803,78.41170800587987,0.3324002686459019
3744,78.41554293825408,0.3333089351654053,78.41170903016737,0.33240051134529275
3745,78.41554293825408,0.3375377655029297,78.41171005390785,0.33240188310875274
3746,78.41554293825408,0.3185055255889892,78.41171107710176,0.3323981734564517
3747,78.41554293825408,0.3103330135345459,78.41171209974952,0.3323922847028029
3748,78.41554293825408,0.3327758312225342,78.41171312185159,0.3323923870364528
3749,78.41554293825408,0.3364248275756836,78.41171414340839,0.33239346264075775
3750,78.41554293825408,0.3244190216064453,78.41171516442034,0.3323913361231486
3751,78.41554293825408,0.3258290290832519,78.41171618488792,0.33238958664113316
3752,78.41554293825408,0.3356082439422607,78.41171720481154,0.3323904444922262
3753,78.41554293825408,0.3413834571838379,78.41171822419162,0.3323928407119682
3754,78.41554293825408,0.3363375663757324,78.41171924302861,0.3323938915179521
3755,78.41554293825408,0.3367164134979248,78.41172026132296,0.3323950426556299
3756,78.41554293825408,0.3369579315185547,78.41172127907508,0.3323962574822707
3757,78.41554293825408,0.3384559154510498,78.4117222962854,0.33239787038031937
3758,78.41554293825408,0.3379886150360107,78.41172331295438,0.33239935807181903
3759,78.41554293825408,0.3169589042663574,78.41172432908243,0.33239525047570156
3760,78.41554293825408,0.3355231285095215,78.41172534466997,0.3323960823581574
3761,78.41554293825408,0.3301589488983154,78.41172635971746,0.3323954875340521
3762,78.41554293825408,0.3376286029815674,78.41172737422532,0.33239687858015726
3763,78.41554293825408,0.3376390933990478,78.41172838819398,0.33239827167471453
3764,78.41554293825408,0.3160877227783203,78.41172940162387,0.3323939383726698
3765,78.41554293825408,0.3345797061920166,78.41173041451542,0.33239451892189137
3766,78.41554293825408,0.3342735767364502,78.41173142686904,0.3323950178751082
3767,78.41554293825408,0.3357622623443603,78.41173243868518,0.33239591175471245
3768,78.06068133427964,0.3179531097412109,78.41163927225621,0.3323920787393161
3769,78.41554293825408,0.3102750778198242,78.41164030798612,0.33238621060428836
3770,78.41554293825408,0.3347301483154297,78.41164134316656,0.33238683233842925
3771,78.41554293825408,0.3368351459503174,78.41164237779799,0.33238801194957
3772,78.41554293825408,0.3372902870178222,78.41164341188083,0.3323893115983156
3773,78.41554293825408,0.3280313014984131,78.41164444541553,0.3323881565466061
3774,78.41554293825408,0.3365304470062256,78.4116454784025,0.3323892541328434
3775,78.41554293825408,0.3357350826263428,78.4116465108422,0.3323901404450271
3776,78.41554293825408,0.3180201053619385,78.41164754273507,0.3323863348213293
3777,78.41554293825408,0.331078290939331,78.41164857408152,0.3323859885031185
3778,78.41554293825408,0.3350019454956054,78.411649604882,0.3323866809215919
3779,78.41554293825408,0.3224070072174072,78.41165063513694,0.33238404009764266
3780,78.41554293825408,0.3340673446655273,78.41165166484676,0.33238448541631144
3781,78.41554293825408,0.320300817489624,78.4116526940119,0.3323812895242388
3782,78.41554293825408,0.3362557888031006,78.41165372263282,0.33238231398200685
3783,78.41554293825408,0.3344731330871582,78.41165475070991,0.3323828666701129
3784,78.41554293825408,0.3378262519836426,78.41165577824363,0.3323843051968871
3785,78.41554293825408,0.3370165824890136,78.41165680523439,0.3323855290482192
3786,78.41554293825408,0.325312852859497,78.41165783168263,0.3323836609351213
3787,78.41554293825408,0.3340604305267334,78.41165885758878,0.3323841037050161
3788,78.41554293825408,0.3316919803619385,78.41165988295327,0.3323839209903004
3789,78.41554293825408,0.3382143974304199,78.41166090777654,0.3323854597805987
3790,78.41554293825408,0.3366148471832275,78.41166193205899,0.3323865757139503
3791,78.41554293825408,0.3322820663452148,78.41166295580106,0.3323865481461928
3792,78.41554293825408,0.3371739387512207,78.4116639790032,0.3323878106437152
3793,78.26916252661462,0.3116188049316406,78.41162640941384,0.332382335029238
3794,78.41554293825408,0.3332324028015136,78.41162744170927,0.33238255908505565
3795,78.41554293825408,0.3274409770965576,78.41162847346068,0.33238125695541443
3796,78.41554293825408,0.3395757675170898,78.41162950466848,0.33238315224270676
3797,78.41554293825408,0.3382320404052734,78.41163053533312,0.3323846926399052
3798,78.41554293825408,0.3304429054260254,78.41163156545501,0.33238418137418274
3799,78.41554293825408,0.3334755897521972,78.41163259503459,0.33238446866251603
3800,78.41554293825408,0.3367364406585693,78.41163362407228,0.33238561391830446
3801,78.41554293825408,0.3369801044464111,78.41163465256852,0.3323868226766649
3802,78.41554293825408,0.3381509780883789,78.41163568052373,0.33238833876172846
3803,78.41554293825408,0.3198781013488769,78.41163670793834,0.33238504919101775
3804,78.41554293825408,0.318505048751831,78.41163773481277,0.33238140040015574
3805,78.41554293825408,0.3275611400604248,78.41163876114746,0.3323801335774646
3806,78.41554293825408,0.3376505374908447,78.41163978694281,0.33238151833939666
3807,78.41554293825408,0.3355195522308349,78.41164081219928,0.33238234261937866
3808,78.41554293825408,0.3234739303588867,78.41164183691725,0.3323800032254027
3809,78.41554293825408,0.3250234127044678,78.41164286109719,0.3323780718548275
3810,78.41554293825408,0.3151557445526123,78.41164388473949,0.3323735515589476
3811,78.41554293825408,0.3212332725524902,78.4116449078446,0.3323706283684448
3812,78.41554293825408,0.334850549697876,78.41164593041292,0.332371278924932
3813,78.41554293825408,0.3359231948852539,78.41164695244488,0.33237221045285237
3814,78.41554293825408,0.3203928470611572,78.4116479739409,0.33236906956051054
3815,78.41554293825408,0.3376424312591553,78.41164899490141,0.3323704518309427
3816,78.41554293825408,0.3345487117767334,78.41165001532683,0.33237102265377966
3817,78.41554293825408,0.3228359222412109,78.41165103521756,0.3323685245923669
3818,78.41554293825408,0.3196055889129638,78.41165205457405,0.33236518175955404
3819,78.41554293825408,0.3230178356170654,78.4116530733967,0.3323627341695717
3820,78.41554293825408,0.3316521644592285,78.41165409168593,0.3323625481565585
3821,78.41554293825408,0.3354785442352295,78.41165510944218,0.3323633636488586
3822,78.41554293825408,0.337770938873291,78.41165612666585,0.33236477850370544
3823,78.41554293825408,0.3141713142395019,78.41165714335735,0.3323600195541202
3824,78.41554293825408,0.3351333141326904,78.4116581595171,0.33236074478805816
3825,78.41554293825408,0.3200199604034424,78.41165917514554,0.3323575184391994
3826,78.41554293825408,0.3343255519866943,78.41166019024307,0.3323580328232944
3827,78.41554293825408,0.3275463581085205,78.4116612048101,0.3323567755265307
3828,78.41554293825408,0.3384990692138672,78.41166221884706,0.33235838009645946
3829,78.41554293825408,0.3251283168792724,78.41166323235436,0.3323564918584816
3830,78.41554293825408,0.3346560001373291,78.4116642453324,0.3323570922522881
3831,78.41554293825408,0.3359544277191162,78.41166525778162,0.3323580312591967
3832,78.41554293825408,0.33632493019104,78.41166626970242,0.332359066462467
3833,78.41554293825408,0.332482099533081,78.4116672810952,0.33235909856084184
3834,78.41554293825408,0.3364577293395996,78.41166829196041,0.33236016758295417
3835,78.41554293825408,0.3197026252746582,78.41166930229844,0.3323568670504096
3836,78.41554293825408,0.3348228931427002,78.41167031210969,0.3323575099143544
3837,78.41554293825408,0.3311104774475097,78.41167132139459,0.33235718491240845
3838,78.41554293825408,0.335247278213501,78.41167233015355,0.3323579379330705
3839,78.41554293825408,0.332303524017334,78.41167333838698,0.3323579237590888
3840,78.41554293825408,0.3227269649505615,78.41167434609528,0.3323554156968991
3841,78.41554293825408,0.3338532447814941,78.41167535327888,0.33235580565500494
3842,78.41554293825408,0.3350663185119629,78.41167635993817,0.33235651115028264
3843,78.41554293825408,0.3364171981811523,78.41167736607358,0.33235756779535963
3844,78.41554293825408,0.3348369598388672,78.4116783716855,0.3323582127984927
3845,78.41554293825408,0.3225312232971191,78.41167937677433,0.33235565701448716
3846,78.41554293825408,0.3191633224487304,78.4116803813405,0.3323522268702943
3847,78.41554293825408,0.3163156509399414,78.41168138538443,0.3323480582776428
3848,78.41554293825408,0.3359169960021972,78.41168238890648,0.33234898575626143
3849,78.41554293825408,0.3346960544586181,78.4116833919071,0.33234959554288196
3850,78.41554293825408,0.3401384353637695,78.41168439438668,0.3323516186181601
3851,78.41554293825408,0.3344504833221435,78.41168539634562,0.33235216363626036
3852,78.41554293825408,0.3268911838531494,78.41168639778434,0.3323507459364205
3853,78.41554293825408,0.3330962657928467,78.41168739870324,0.3323509394271696
3854,78.41554293825408,0.3383004665374756,78.4116883991027,0.3323524831550135
3855,78.41554293825408,0.3386540412902832,78.41168939898317,0.33235411780044416
3856,78.41554293825408,0.3262267112731933,78.41169039834502,0.3323525287427348
3857,78.41554293825408,0.3378283977508545,78.41169139718866,0.33235394846506
3858,78.41554293825408,0.3361372947692871,78.4116923955145,0.3323549291146982
3859,78.41554293825408,0.3321013450622558,78.41169339332295,0.3323548634023239
3860,78.41554293825408,0.3266000747680664,78.41169439061439,0.33235337252443936
3861,78.41554293825408,0.3367550373077392,78.41169538738923,0.33235451255675824
3862,78.41554293825408,0.3181695938110351,78.41169638364788,0.3323508396104233
3863,78.41554293825408,0.3341104984283447,78.41169737939072,0.33235129512655526
3864,78.41554293825408,0.3325800895690918,78.41169837461818,0.33235135433836754
3865,78.41554293825408,0.338118314743042,78.41169936933063,0.33235284643679047
3866,78.41554293825408,0.3368744850158691,78.41170036352851,0.3323540160277318
3867,78.41554293825408,0.3348488807678222,78.41170135721218,0.3323546611957535
3868,78.41554293825408,0.318091869354248,78.41170235038204,0.3323509738142019
3869,78.41554293825408,0.3368194103240967,78.41170334303852,0.3323521287473914
3870,78.41554293825408,0.334848403930664,78.411704335182,0.3323527737797385
3871,78.41554293825408,0.3344016075134277,78.41170532681286,0.3323533030573757
3872,78.41554293825408,0.3329298496246338,78.41170631793153,0.3323534519588652
3873,78.41554293825408,0.3368675708770752,78.41170730853838,0.33235461749434625
3874,78.41554293825408,0.3287215232849121,78.41170829863383,0.33235367967963036
3875,78.41554293825408,0.3376719951629638,78.41170928821825,0.33235505214814215
3876,78.41554293825408,0.3152010440826416,78.41171027729206,0.33235062644946683
3877,78.41554293825408,0.333179235458374,78.41171126585563,0.3323508401737405
3878,78.41554293825408,0.3314323425292969,78.41171225390939,0.33235060332545674
3879,78.41554293825408,0.3188354969024658,78.41171324145368,0.33234711915262277
3880,78.41554293825408,0.335928201675415,78.41171422848895,0.33234804211203584
3881,78.41554293825408,0.3133018016815185,78.41171521501556,0.3323431345520177
3882,78.41554293825408,0.3346083164215088,78.41171620103393,0.33234371806100005
3883,78.41554293825408,0.3186161518096924,78.41171718654442,0.3323401827619397
3884,78.41554293825408,0.3346145153045654,78.41171817154743,0.33234076832644605
3885,78.41554293825408,0.3360333442687988,78.41171915604339,0.3323417187964441
3886,78.41554293825408,0.3357613086700439,78.41172014003264,0.33234259877325145
3887,78.41554293825408,0.3213717937469482,78.41172112351559,0.33233977633820483
3888,78.41554293825408,0.3372490406036377,78.41172210649265,0.332341039009055
3889,78.41554293825408,0.3172314167022705,78.41172308896417,0.33233715378861095
3890,78.41554293825408,0.3377213478088379,78.41172407093057,0.3323385379001843
3891,78.41554293825408,0.3347790241241455,78.41172505239224,0.33233916511329764
3892,78.41554293825408,0.3346338272094726,78.41172603334957,0.3323397546975978
3893,78.41554293825408,0.324066162109375,78.41172701380293,0.3323376294490521
3894,78.41554293825408,0.3278641700744629,78.41172799375272,0.3323364806407895
3895,78.41554293825408,0.3349614143371582,78.41172897319932,0.3323371545647167
3896,78.41554293825408,0.3237230777740478,78.41172995214313,0.33233494355938026
3897,78.41554293825408,0.3339948654174804,78.41173093058453,0.33233536950802234
3898,78.41554293825408,0.3374323844909668,78.4117319085239,0.33233667710550385
3899,78.41554293825408,0.3375191688537597,78.41173288596165,0.3323380062903585
3900,78.41554293825408,0.3380327224731445,78.41173386289815,0.3323394664739951
3901,78.41554293825408,0.3342964649200439,78.41173483933377,0.3323399681398362
3902,78.41554293825408,0.3372867107391357,78.41173581526891,0.3323412358852486
3903,78.41554293825408,0.3365013599395752,78.41173679070397,0.3323423017638175
3904,78.41554293825408,0.3363158702850342,78.41173776563932,0.3323433195836231
3905,78.20706174591909,0.3365006446838379,78.41168535180584,0.3323443841995259
3906,78.41554293825408,0.3330142498016357,78.41168633941119,0.3323445556960958
3907,78.41554293825408,0.3359138965606689,78.41168732651097,0.3323454692719506
3908,78.41554293825408,0.3145368099212646,78.41168831310559,0.3323409122966817
3909,78.41554293825408,0.3364994525909424,78.41168929919543,0.33234197613405553
3910,78.41554293825408,0.3278648853302002,78.41169028478087,0.3323408310980443
3911,78.41554293825408,0.3363420963287353,78.4116912698623,0.3323418541778783
3912,78.41554293825408,0.3341283798217773,78.41169225444013,0.33234231085621263
3913,78.41554293825408,0.3369615077972412,78.4116932385147,0.3323434913307695
3914,78.41554293825408,0.3381369113922119,78.41169422208644,0.3323449715096304
3915,78.41554293825408,0.3362085819244385,78.41169520515571,0.33234595838329956
3916,78.41554293825408,0.3366782665252685,78.41169618772291,0.33234706469283526
3917,78.41554293825408,0.3315222263336181,78.4116971697884,0.332346854113729
3918,78.41554293825408,0.3166987895965576,78.4116981513526,0.33234286022283643
3919,78.41554293825408,0.3360264301300049,78.41169913241586,0.33234380014881426
3920,78.41554293825408,0.3375544548034668,78.41170011297858,0.33234512939745064
3921,78.41554293825408,0.3351483345031738,78.41170109304113,0.3323458443184162
3922,78.41554293825408,0.3320469856262207,78.41170207260392,0.33234576811783173
3923,78.41554293825408,0.3193814754486084,78.41170305166732,0.3323424634294123
3924,78.41554293825408,0.3362345695495605,78.41170403023169,0.33234345530151227
3925,78.41554293825408,0.3353378772735595,78.41170500829743,0.33234421821156884
3926,78.41554293825408,0.3239731788635254,78.41170598586493,0.33234208600592746
3927,78.41554293825408,0.3367352485656738,78.41170696293455,0.33234320471297096
3928,78.41554293825408,0.33620285987854,78.41170793950668,0.3323441873135732
3929,78.41554293825408,0.3365161418914795,78.41170891558171,0.3323452491498109
3930,78.41554293825408,0.3357663154602051,78.41170989116,0.3323461196501443
3931,78.41554293825408,0.3366994857788086,78.41171086624195,0.332347227095102
3932,78.41554293825408,0.3371090888977051,78.41171184082792,0.3323484381484597
3933,78.41554293825408,0.3174443244934082,78.4117128149183,0.3323446486458777
3934,78.41554293825408,0.3358573913574219,78.41171378851345,0.33234554156471646
3935,78.41554293825408,0.3348231315612793,78.41171476161378,0.33234617119368637
3936,78.41554293825408,0.3265526294708252,78.41171573421964,0.332344699257273
3937,78.41554293825408,0.3348500728607178,78.41171670633142,0.33234533562344104
3938,78.41554293825408,0.3364801406860351,78.41171767794948,0.332346385599333
3939,78.41554293825408,0.3263874053955078,78.41171864907422,0.33234487278384583
3940,78.41554293825408,0.3367717266082763,78.411719619706,0.33234599635080636
3941,78.41554293825408,0.3126771450042724,78.41172058984519,0.3323410055232635
3942,78.41554293825408,0.3350911140441894,78.41172155949218,0.33234170316621653
3943,78.41554293825408,0.3327713012695312,78.41172252864735,0.3323418121183097
3944,78.41554293825408,0.323481798171997,78.41172349731104,0.33233956566446937
3945,78.41554293825408,0.3264064788818359,78.41172446548366,0.33233806171344715
3946,78.41554293825408,0.3330528736114502,78.41172543316557,0.3323382428619261
3947,78.41554293825408,0.3346033096313476,78.41172640035713,0.3323388167324023
3948,78.41554293825408,0.3346686363220215,78.41172736705873,0.3323394068589447
3949,78.41554293825408,0.337787389755249,78.41172833327074,0.33234078644438314
3950,78.41554293825408,0.3268327713012695,78.41172929899354,0.3323393920101697
3951,78.41554293825408,0.3387818336486816,78.41173026422747,0.3323410225952465
3952,78.41554293825408,0.3343567848205566,78.41173122897293,0.3323415326565383
3953,78.41554293825408,0.3253238201141357,78.41173219323028,0.33233975736877147
3954,78.41554293825408,0.3355998992919922,78.41173315699989,0.33234058188620275
3955,78.41554293825408,0.3366990089416504,78.41173412028213,0.3323416838905151
3956,78.41554293825408,0.333193302154541,78.41173508307739,0.3323418991630793
3957,78.41554293825408,0.3368489742279053,78.41173604538601,0.332343038176237
3958,78.41554293825408,0.3367035388946533,78.41173700720836,0.33234413986919265
3959,78.41554293825408,0.3219742774963379,78.41173796854483,0.33234152055563543
3960,78.41554293825408,0.3322556018829345,78.41173892939577,0.33234149885900094
3961,78.30464868701206,0.3378705978393554,78.41171189323258,0.33234289474362105
3962,78.41554293825408,0.3330376148223877,78.41171286017985,0.3323430700894259
3963,78.41554293825408,0.3363699913024902,78.41171382663912,0.332344086218927
3964,78.41554293825408,0.3187892436981201,78.41171479261078,0.33234066673292284
3965,78.41554293825408,0.337238073348999,78.41171575809518,0.3323419018922207
3966,78.41554293825408,0.3360843658447265,78.41171672309271,0.33234284552912247
3967,78.41554293825408,0.3370139598846435,78.41171768760371,0.3323440230220278
3968,78.41554293825408,0.3213746547698974,78.41171865162859,0.332341258564303
3969,78.41554293825408,0.3342516422271728,78.41171961516768,0.3323417398904967
3970,78.41554293825408,0.3363940715789795,78.41172057822136,0.3323427606289573
3971,78.41554293825408,0.3373067378997803,78.41172154079,0.33234401068618996
3972,78.41554293825408,0.3138172626495361,78.41172250287396,0.3323393463488192
3973,78.41554293825408,0.3185610771179199,78.41172346447361,0.3323358783726725
3974,78.41554293825408,0.3347790241241455,78.41172442558931,0.33233649315519675
3975,78.41554293825408,0.3362336158752441,78.41172538622143,0.3323374735634282
3976,78.41554293825408,0.3339865207672119,78.41172634637034,0.33233788831373096
3977,78.41554293825408,0.3366568088531494,78.4117273060364,0.3323389742882191
3978,78.41554293825408,0.3377745151519775,78.41172826521996,0.3323403406886374
3979,78.41554293825408,0.3375825881958008,78.41172922392141,0.332341658167277
3980,78.41554293825408,0.3355066776275635,78.4117301821411,0.33234245339829716
3981,78.41554293825408,0.338120698928833,78.4117311398794,0.3323439048540949
3982,78.41554293825408,0.3375604152679443,78.41173209713665,0.33234521487680047
3983,78.41554293825408,0.3360447883605957,78.41173305391324,0.33234614371774546
3984,78.41554293825408,0.3395631313323974,78.41173401020951,0.3323479552106206
3985,78.41554293825408,0.3349511623382568,78.41173496602585,0.3323486084620956
3986,78.41554293825408,0.3377728462219238,78.41173592136259,0.3323499692844136
3987,78.41554293825408,0.3279974460601806,78.4117368762201,0.33234887760565157
3988,78.41554293825408,0.333855390548706,78.41173783059875,0.3323492553671719
3989,78.41554293825408,0.3344473838806152,78.41173878449891,0.33234978134574134
3990,78.41554293825408,0.3340258598327636,78.41173973792091,0.3323502014155376
3991,78.41554293825408,0.3333082199096679,78.41174069086512,0.33235044146026177
3992,78.41554293825408,0.3333501815795898,78.41174164333191,0.3323506918961634
3993,78.41554293825408,0.3355300426483154,78.41174259532163,0.33235148812725585
3994,78.41554293825408,0.325944185256958,78.41174354683463,0.33234988389519016
3995,78.41554293825408,0.3298265933990478,78.4117444978713,0.33234925228305096
3996,78.41554293825408,0.3381111621856689,78.41174544843196,0.332350694202446
3997,78.22036905606812,0.3371131420135498,78.41169756842385,0.332351885708028
3998,78.41554293825408,0.3362855911254883,78.41169853024722,0.3323528696263415
3999,78.41554293825408,0.3358485698699951,78.41169949158957,0.3323537437699383
4000,78.41554293825408,0.3357203006744385,78.41170045245124,0.3323545854091644
4001,78.41554293825408,0.3340036869049072,78.41170141283261,0.3323549975814953
4002,78.41554293825408,0.3336336612701416,78.41170237273401,0.33235531708766436
4003,78.41554293825408,0.3379638195037842,78.41170333215584,0.3323567181624623
4004,78.41554293825408,0.3392245769500732,78.41170429109843,0.33235843341190974
4005,78.41554293825408,0.3336720466613769,78.41170524956215,0.33235876140523046
4006,78.41554293825408,0.3340649604797363,78.41170620754734,0.33235918731613273
4007,78.41554293825408,0.3344514369964599,78.4117071650544,0.33235970946479265
4008,78.41554293825408,0.332406997680664,78.41170812208364,0.3323597212632497
4009,78.41554293825408,0.3264362812042236,78.41170907863545,0.33235824372768996
4010,78.41554293825408,0.3356802463531494,78.41171003471017,0.3323590721572724
4011,78.41554293825408,0.3348188400268554,78.41171099030817,0.3323596854127871
4012,78.41554293825408,0.3330702781677246,78.4117119454298,0.33235986252962535
4013,78.41554293825408,0.3221962451934814,78.41171290007541,0.33235732985647903
4014,78.41554293825408,0.3111817836761474,78.41171385424536,0.3323520544339129
4015,78.41554293825408,0.3333072662353515,78.41171480794003,0.3323522923446978
4016,78.41554293825408,0.3352169990539551,78.41171576115973,0.3323530056680816
4017,78.41554293825408,0.3342025279998779,78.41171671390484,0.3323534660918635
4018,78.41554293825408,0.3342490196228027,78.41171766617572,0.3323539378573018
4019,78.41554293825408,0.3335945606231689,78.41171861797271,0.33235424654671847
4020,78.41554293825408,0.3317725658416748,78.41171956929617,0.3323541018500257
4021,78.41554293825408,0.3333876132965088,78.41172052014645,0.3323543588784879
4022,78.41554293825408,0.3355510234832763,78.41172147052391,0.3323551536732678
4023,78.41554293825408,0.324625015258789,78.41172242042889,0.332353232187209
4024,78.41554293825408,0.3360426425933838,78.41172336986176,0.3323541490387016
4025,78.41554293825408,0.3331084251403808,78.41172431882286,0.3323543364364908
4026,78.41554293825408,0.3320045471191406,78.41172526731253,0.33235424955389836
4027,78.41554293825408,0.336055040359497,78.41172621533116,0.3323551685483869
4028,78.41554293825408,0.3341383934020996,78.41172716287906,0.33235561125564955
4029,78.41554293825408,0.336369514465332,78.4117281099566,0.33235660750861795
4030,78.41554293825408,0.333754301071167,78.41172905656413,0.3323569543308419
4031,78.41554293825408,0.3182637691497803,78.41173000270199,0.33235345813010236
4032,78.41554293825408,0.3378641605377197,78.41173094837053,0.3323548248717709
4033,78.41554293825408,0.3266692161560058,78.4117318935701,0.3323534151002074
4034,78.41554293825408,0.3343861103057861,78.41173283830108,0.3323539189909376
4035,78.41554293825408,0.3295512199401855,78.41173378256377,0.33235322439389897
4036,78.41554293825408,0.3345191478729248,78.41173472635855,0.3323537610449096
4037,78.41554293825408,0.3340282440185547,78.41173566968575,0.3323541758289011
4038,78.41554293825408,0.3275940418243408,78.41173661254572,0.3323529969943284
4039,78.41554293825408,0.3346815109252929,78.41173755493882,0.3323535735018627
4040,78.41554293825408,0.3338854312896728,78.4117384968654,0.33235395267458245
4041,78.41554293825408,0.3348422050476074,78.41173943832578,0.3323545684262214
4042,78.41554293825408,0.3352110385894775,78.41174037932034,0.33235527512344143
4043,78.41554293825408,0.3331568241119385,78.41174131984938,0.3323554733794366
4044,78.41554293825408,0.3338963985443115,78.41174225991328,0.33235585441928944
4045,78.41554293825408,0.3331565856933594,78.41174319951239,0.332356052375105
4046,78.41554293825408,0.3356945514678955,78.41174413864704,0.33235687751081755
4047,78.41554293825408,0.3344061374664306,78.41174507731756,0.3323573838760154
4048,78.41554293825408,0.3367180824279785,78.41174601552433,0.33235846112368134
4049,78.41554293825408,0.3379096984863281,78.41174695326765,0.33235983213809545
4050,78.41554293825408,0.3375070095062256,78.4117478905479,0.33236110304608757
4051,78.41554293825408,0.3383686542510986,78.41174882736541,0.33236258602589625
4052,78.41554293825408,0.3356742858886719,78.41174976372054,0.3323634033259611
4053,78.41554293825408,0.332554817199707,78.41175069961359,0.3323634505536625
4054,78.41554293825408,0.3358535766601562,78.41175163504494,0.33236431146291423
4055,78.41554293825408,0.3186407089233398,78.4117525700149,0.33236092709730647
4056,78.41554293825408,0.3351292610168457,78.41175350452384,0.33236160962539313
4057,78.41554293825408,0.3351902961730957,78.41175443857209,0.3323623068614167
4058,78.41554293825408,0.3374783992767334,78.41175537216,0.3323635676037566
4059,78.41554293825408,0.3281185626983642,78.4117563052879,0.3323625217784535
4060,78.41554293825408,0.3392524719238281,78.41175723795611,0.332364218810509
4061,78.41554293825408,0.3364505767822265,78.41175817016502,0.33236522505477684
4062,78.41554293825408,0.3131275177001953,78.41175910191491,0.3323604890362257
4063,78.41554293825408,0.3345620632171631,78.41176003320616,0.3323610308954876
4064,78.41554293825408,0.3386464118957519,78.41176096403912,0.3323625774951432
4065,78.41554293825408,0.3334035873413086,78.41176189441408,0.3323628335861262
4066,78.41554293825408,0.3342838287353515,78.4117628243314,0.332363306039434
4067,78.41554293825408,0.3171224594116211,78.41176375379145,0.33235955859743055
4068,78.41554293825408,0.3340444564819336,78.41176468279451,0.33235997278078466
4069,78.41554293825408,0.335496187210083,78.41176561134095,0.33236074353881595
4070,78.41554293825408,0.3351130485534668,78.41176653943111,0.3323614197808343
4071,78.41554293825408,0.315535306930542,78.41176746706532,0.3323572866162923
4072,78.41554293825408,0.335435152053833,78.41176839424391,0.33235804247715617
4073,78.41554293825408,0.3373899459838867,78.41176932096722,0.33235927790644826
4074,78.41554293825408,0.3364474773406982,78.41177024723558,0.33236028139182733
4075,78.41554293825408,0.3406567573547363,78.41177117304933,0.3323623173368489
4076,78.41554293825408,0.3362019062042236,78.41177209840882,0.33236325933608035
4077,78.41554293825408,0.3299427032470703,78.41177302331435,0.3323626656259776
4078,78.41554293825408,0.3356361389160156,78.41177394776628,0.33236346834135033
4079,78.41554293825408,0.3344435691833496,78.41177487176493,0.3323639782949767
4080,78.41554293825408,0.315185546875,78.41177579531065,0.33235976789511884
4081,78.41554293825408,0.3393776416778564,78.41177671840376,0.3323614875407407
4082,78.41554293825408,0.3353738784790039,78.4117776410446,0.33236222551010336
4083,78.41554293825408,0.3367512226104736,78.41177856323348,0.33236330045428664
4084,78.41554293825408,0.3194625377655029,78.41177948497075,0.3323601415995636
4085,78.41554293825408,0.3306112289428711,78.41178040625675,0.3323597134691703
4086,78.41554293825408,0.3319628238677978,78.41178132709182,0.3323596163351514
4087,78.41554293825408,0.312720775604248,78.41178224747624,0.3323548111380065
4088,78.41554293825408,0.3347053527832031,78.41178316741039,0.3323553861237319
4089,78.41554293825408,0.3363385200500488,78.41178408689458,0.3323563602332761
4090,78.41554293825408,0.325305700302124,78.41178500592916,0.3323546363555423
4091,78.41554293825408,0.3178772926330566,78.41178592451443,0.3323510975279397
4092,78.41554293825408,0.3386588096618652,78.41178684265074,0.3323526390020682
4093,78.41554293825408,0.33941650390625,78.41178776033841,0.3323543648425041
4094,78.41554293825408,0.3298304080963135,78.41178867757776,0.33235374834110054
4095,78.41554293825408,0.3341593742370605,78.41178959436915,0.33235418927538524
4096,78.41554293825408,0.3351433277130127,78.41179051071288,0.33235487021738663
4097,78.41554293825408,0.3354878425598144,78.41179142660928,0.3323556349165183
4098,78.41554293825408,0.3378422260284424,78.41179234205869,0.33235697376256806
4099,78.41554293825408,0.334930419921875,78.41179325706142,0.33235760158549055
4100,78.41554293825408,0.3371405601501465,78.41179417161781,0.3323587681607502
4101,78.41554293825408,0.3284761905670166,78.4117950857282,0.33235782142151743
4102,78.41554293825408,0.3181283473968506,78.4117959993929,0.3323543525102486
4103,78.41554293825408,0.3359465599060058,78.41179691261222,0.33235522801777867
4104,78.41554293825408,0.3347289562225342,78.4117978253865,0.33235580641159074
4105,78.41554293825408,0.3284735679626465,78.41179873771607,0.3323548606774984
4106,78.41554293825408,0.3355751037597656,78.41179964960125,0.3323556449549174
4107,78.41554293825408,0.3349881172180176,78.41180056104237,0.33235628592698047
4108,78.41554293825408,0.3327805995941162,78.41180147203976,0.3323563892165781
4109,78.41554293825408,0.3345696926116943,78.41180238259372,0.3323569278642771
4110,78.41554293825408,0.3317110538482666,78.41180329270459,0.33235677071731456
4111,78.41554293825408,0.3352820873260498,78.41180420237269,0.33235748230004597
4112,78.41554293825408,0.3361513614654541,78.41180511159835,0.33235840493602975
4113,78.41554293825408,0.3348021507263183,78.41180602038189,0.33235899908769284
4114,78.41554293825408,0.3350582122802734,78.41180692872362,0.3323596551920177
4115,78.41554293825408,0.3316817283630371,78.41180783662388,0.3323594904467373
4116,78.41554293825408,0.3374984264373779,78.41180874408299,0.33236073897346
4117,78.41554293825408,0.3349897861480713,78.41180965110125,0.33236137755669404
4118,78.41554293825408,0.3337597846984863,78.411810557679,0.33236171714074986
4119,78.41554293825408,0.3356344699859619,78.41181146381656,0.3323625116910886
4120,78.41554293825408,0.3317055702209472,78.41181236951424,0.33236235223927546
4121,78.41554293825408,0.3370857238769531,78.41181327477237,0.33236349841050516
4122,78.41554293825408,0.3258256912231445,78.41181417959127,0.3323619123340405
4123,78.41554293825408,0.3345112800598144,78.41181508397126,0.3323624336456402
4124,78.41554293825408,0.3166565895080566,78.41181598791266,0.3323586252450249
4125,78.41554293825408,0.3374927043914795,78.41181689141578,0.33235986987027255
4126,78.41554293825408,0.3366611003875732,78.41181779448094,0.33236091234010223
4127,78.41554293825408,0.3359909057617187,78.41181869710847,0.33236179191204834
4128,78.41554293825408,0.33522629737854,78.41181959929868,0.33236248583294625
4129,78.41554293825408,0.338066816329956,78.41182050105188,0.3323638673612817
4130,78.41554293825408,0.3348011970520019,78.4118214023684,0.33236445751374916
4131,78.41554293825408,0.3379702568054199,78.41182230324856,0.3323658145215661
4132,78.41554293825408,0.3179585933685303,78.41182320369265,0.33236232777878943
4133,78.41554293825408,0.3375632762908935,78.41182410370102,0.3323635861742678
4134,78.41554293825408,0.3360965251922607,78.41182500327398,0.3323644891590327
4135,78.41554293825408,0.3306245803833008,78.41182590241182,0.3323640683830289
4136,78.41554293825408,0.3192877769470215,78.41182680111488,0.3323609068038616
4137,78.41554293825408,0.3342788219451904,78.41182769938348,0.33236137040433084
4138,78.41554293825408,0.3352346420288086,78.41182859721792,0.332362064766734
4139,78.41554293825408,0.3345439434051513,78.41182949461852,0.33236259191789097
4140,78.41554293825408,0.3336019515991211,78.41183039158558,0.3323628912801328
4141,78.41554293825408,0.3368010520935058,78.41183128811943,0.33236396304077354
4142,78.41554293825408,0.3351421356201172,78.41183218422039,0.33236463377292697
4143,78.41554293825408,0.3376150131225586,78.41183307988877,0.3323659010621738
4144,78.41554293825408,0.3325254917144775,78.41183397512486,0.3323659395734316
4145,78.41554293825408,0.3094093799591064,78.411834869929,0.3323604011995801
4146,78.41554293825408,0.3256435394287109,78.41183576430149,0.33235878111714623
4147,78.41554293825408,0.3341670036315918,78.41183665824265,0.3323592171486182
4148,78.41554293825408,0.3348708152770996,78.41183755175278,0.3323598226447919
4149,78.41554293825408,0.331190824508667,78.41183844483221,0.3323595408906015
4150,78.41554293825408,0.3350467681884765,78.41183933748123,0.33236018841525156
4151,78.41554293825408,0.3352172374725342,78.41184022970016,0.332360876694957
4152,78.41554293825408,0.330150842666626,78.41184112148932,0.3323603444131583
4153,78.41554293825408,0.3346028327941894,78.41184201284901,0.33236088438146577
4154,78.41554293825408,0.3352446556091308,78.41184290377954,0.33236157859697557
4155,78.41554293825408,0.334810733795166,78.41184379428122,0.3323621680446767
4156,78.41554293825408,0.3386838436126709,78.41184468435438,0.33236368914081915
4157,78.41554293825408,0.3351435661315918,78.4118455739993,0.3323643578627318
4158,78.41554293825408,0.3358743190765381,78.41184646321629,0.33236520200924785
4159,78.41554293825408,0.3334331512451172,78.41184735200568,0.33236545878954016
4160,78.41554293825408,0.3267319202423095,78.41184824036777,0.33236410457354326
4161,78.41554293825408,0.3196299076080322,78.41184912830286,0.3323610442041692
4162,78.41554293825408,0.3326725959777832,78.41185001581127,0.33236111906043386
4163,78.41554293825408,0.3333597183227539,78.41185090289329,0.33236135893534674
4164,78.41554293825408,0.3341338634490967,78.41185178954925,0.3323617846088611
4165,78.41554293825408,0.3259193897247314,78.41185267577943,0.3323602378153715
4166,78.41554293825408,0.3337125778198242,78.41185356158415,0.33236056242891077
4167,78.41554293825408,0.3250086307525635,78.41185444696373,0.33235879810645425
4168,78.41554293825408,0.3358581066131592,78.41185533191846,0.3323596376718349
4169,78.41554293825408,0.3190524578094482,78.41185621644865,0.3323564457361519
4170,78.41554293825408,0.3337831497192383,78.41185710055461,0.33235678787139966
4171,78.41554293825408,0.3180050849914551,78.41185798423663,0.3323533470411719
4172,78.41554293825408,0.332254409790039,78.41185886749504,0.3323533233265863
4173,78.41554293825408,0.3332185745239258,78.41185975033011,0.3323535306717091
4174,78.41554293825408,0.3332874774932861,78.41186063274218,0.3323537544251402
4175,78.41554293825408,0.3350002765655517,78.41186151473153,0.3323543883226589
4176,78.41554293825408,0.3366632461547851,78.41186239629847,0.33235542013727387
4177,78.41554293825408,0.3352062702178955,78.4118632774433,0.33235610264866494
4178,78.41554293825408,0.3324191570281982,78.41186415816634,0.3323561177406658
4179,78.41554293825408,0.3128411769866943,78.41186503846788,0.33235144797738414
4180,78.41554293825408,0.3316125869750976,78.41186591834821,0.3323512712163788
4181,78.41554293825408,0.3354959487915039,78.41186679780766,0.33235202335165154
4182,78.41554293825408,0.3338541984558105,78.41186767684651,0.3323523825518199
4183,78.41554293825408,0.3270125389099121,78.41186855546506,0.33235110599345463
4184,78.41554293825408,0.3373222351074219,78.41186943366364,0.33235229412182793
4185,78.41554293825408,0.336235761642456,78.41187031144251,0.3323532220710563
4186,78.41554293825408,0.3353223800659179,78.41187118880201,0.3323539313777918
4187,78.41554293825408,0.3377749919891357,78.41187206574241,0.33235522611402574
4188,78.41554293825408,0.3374793529510498,78.41187294226404,0.33235644964001354
4189,78.41554293825408,0.3388752937316894,78.41187381836717,0.33235800582146297
4190,78.41554293825408,0.3343727588653564,78.41187469405212,0.3323584866694448
4191,78.41554293825408,0.3330147266387939,78.41187556931916,0.3323586432525919
4192,78.41554293825408,0.3330118656158447,78.41187644416863,0.3323587990785373
4193,78.41554293825408,0.316838264465332,78.4118773186008,0.3323550975439289
4194,78.41554293825408,0.3184952735900879,78.41187819261599,0.33235179286487454
4195,78.41554293825408,0.3320133686065674,78.41187906621448,0.3323517121916306
4196,78.41554293825408,0.3342287540435791,78.41187993939657,0.3323521595323961
4197,78.41554293825408,0.3319823741912842,78.41188081216256,0.33235207142533363
4198,78.41554293825408,0.339165449142456,78.41188168451276,0.3323536944309832
4199,78.41554293825408,0.3352720737457275,78.41188255644745,0.33235438944868145
4200,78.41554293825408,0.3107564449310303,78.41188342796694,0.33234924708093916
4201,78.41554293825408,0.3356356620788574,78.41188429907152,0.3323500293744402
4202,78.41554293825408,0.3377196788787842,78.41188516976148,0.3323513072539034
4203,78.41554293825408,0.3343822956085205,78.41188604003712,0.3323517904773996
4204,78.41554293825408,0.3339850902557373,78.41188690989873,0.33235217898828884
4205,78.41554293825408,0.3363893032073974,78.41188777934663,0.3323531390653921
4206,78.26916252661462,0.3367040157318115,78.41185384562034,0.332354173510629
4207,78.41554293825408,0.3360815048217773,78.41185472251425,0.3323550594938263
4208,78.41554293825408,0.3383383750915527,78.41185559899138,0.33235648138441515
4209,78.41554293825408,0.3356988430023193,78.41185647505203,0.3323572754831602
4210,78.41554293825408,0.3377373218536377,78.4118573506965,0.3323585534039133
4211,78.41554293825408,0.3372161388397217,78.41185822592509,0.33235970695068023
4212,78.41554293825408,0.3362982273101806,78.41185910073808,0.33236064202199067
4213,78.41554293825408,0.3326923847198486,78.4118599751358,0.33236072076462014
4214,78.41554293825408,0.3131992816925049,78.41186084911851,0.3323561736741901
4215,78.41554293825408,0.3350312709808349,78.41186172268652,0.3323568083354728
4216,78.41554293825408,0.3304073810577392,78.41186259584012,0.3323563459475986
4217,78.41554293825408,0.3365371227264404,78.41186346857961,0.3323573373577904
4218,78.41554293825408,0.3373711109161377,78.4118643409053,0.3323585260191366
4219,78.41554293825408,0.335418701171875,78.41186521281745,0.332359251351005
4220,78.41554293825408,0.3368129730224609,78.41186608431637,0.3323603067352873
4221,78.41554293825408,0.3333728313446045,78.41186695540236,0.33236054661318576
4222,78.41554293825408,0.3378589153289795,78.4118678260757,0.33236184892695075
4223,78.41554293825408,0.3364987373352051,78.41186869633671,0.33236282853585636
4224,78.41554293825408,0.3359670639038086,78.41186956618566,0.3323636818112749
4225,78.41554293825408,0.3351757526397705,78.41187043562283,0.33236434739016923
4226,78.41554293825408,0.3352992534637451,78.41187130464854,0.3323650418781185
4227,78.41554293825408,0.333759069442749,78.41187217326308,0.33236537166935687
4228,78.41554293825408,0.3289306163787842,78.41187304146672,0.33236455928636477
4229,78.41554293825408,0.3303186893463135,78.41187390925978,0.33236407551480174
4230,78.41554293825408,0.3361299037933349,78.41187477664252,0.33236496578153424
4231,78.41554293825408,0.3284399509429931,78.41187564361526,0.33236403810135495
4232,78.41554293825408,0.3358175754547119,78.41187651017827,0.3323648541546048
4233,78.41554293825408,0.3353655338287353,78.41187737633184,0.33236556303239223
4234,78.41554293825408,0.3333914279937744,78.41187824207628,0.33236580532454185
4235,78.41554293825408,0.3345859050750732,78.41187910741188,0.33236632955116535
4236,78.41554293825408,0.3334097862243652,78.4118799723389,0.3323665758818247
4237,78.41554293825408,0.3327834606170654,78.41188083685765,0.33236667427331285
4238,78.41554293825408,0.3355038166046142,78.41188170096841,0.33236741451454255
4239,78.41554293825408,0.3353447914123535,78.41188256467149,0.33236811689173
4240,78.41554293825408,0.3343358039855957,78.41188342796714,0.3323685809688748
4241,78.41554293825408,0.3360292911529541,78.41188429085568,0.33236944414034003
4242,78.41554293825408,0.3330311775207519,78.4118851533374,0.3323696001359507
4243,78.41554293825408,0.3092780113220215,78.41188601541256,0.3323641578571824
4244,78.22036905606812,0.3358087539672851,78.41184088889057,0.3323649694962281
4245,78.41554293825408,0.3348321914672851,78.41184176098702,0.3323655507028173
4246,78.41554293825408,0.3348367214202881,78.41184263267266,0.33236613270251525
4247,78.41554293825408,0.3186302185058594,78.41184350394782,0.33236289843969524
4248,78.41554293825408,0.3370387554168701,78.41184437481279,0.33236399915932263
4249,78.41554293825408,0.3348655700683594,78.41184524526783,0.33236458790277024
4250,78.41554293825408,0.3363456726074219,78.41184611531324,0.3323655246285831
4251,78.41554293825408,0.3230130672454834,78.41184698494932,0.33236332456803663
4252,78.41554293825408,0.3207385540008545,78.41184785417634,0.33236059061446954
4253,78.41554293825408,0.3381469249725342,78.41184872299462,0.3323619511445326
4254,78.41554293825408,0.3352267742156982,78.41184959140442,0.3323626245867214
4255,78.41554293825408,0.3325247764587402,78.41185045940603,0.3323626626952695
4256,78.41554293825408,0.3324098587036133,78.41185132699975,0.33236267378455714
4257,78.41554293825408,0.3357007503509521,78.41185219418587,0.33236345792281563
4258,78.41554293825408,0.3375563621520996,78.41185306096466,0.33236467748698406
4259,78.41554293825408,0.3310847282409668,78.41185392733641,0.3323643769588681
4260,78.41554293825408,0.3159501552581787,78.41185479330143,0.3323605238551825
4261,78.41554293825408,0.3348689079284668,78.41185565885998,0.3323611125395461
4262,78.41554293825408,0.3371298313140869,78.41185652401235,0.3323622314317973
4263,78.41554293825408,0.3370499610900879,78.41185738875883,0.33236333106343185
4264,78.41554293825408,0.3224959373474121,78.41185825309972,0.3323610169467067
4265,78.41554293825408,0.3353695869445801,78.41185911703528,0.33236172235585043
4266,78.41554293825408,0.3263771533966064,78.41185998056581,0.33236031950330486
4267,78.41554293825408,0.3329527378082275,78.4118608436916,0.33236045834049843
4268,78.41554293825408,0.3360204696655273,78.4118617064129,0.33236131588766926
4269,78.41554293825408,0.3355560302734375,78.41186256873006,0.33236206423959846
4270,78.41554293825408,0.3330662250518799,78.4118634306433,0.3323622291484538
4271,78.41554293825408,0.3143444061279297,78.41186429215293,0.3323580105057424
4272,78.41554293825408,0.3340253829956054,78.41186515325923,0.3323584008082915
4273,78.41554293825408,0.3356490135192871,78.4118660139625,0.33235917090253697
4274,78.41554293825408,0.3240468502044678,78.41186687426298,0.3323572260450971
4275,78.41554293825408,0.338994026184082,78.411867734161,0.33235877851296586
4276,78.41554293825408,0.3359918594360351,78.41186859365682,0.3323596281577093
4277,78.41554293825408,0.3350379467010498,78.41186945275072,0.33236025437200517
4278,78.41554293825408,0.3367249965667724,78.411870311443,0.332361274648348
4279,78.26916252661462,0.3360328674316406,78.41183696071037,0.332362132697608
4280,78.41554293825408,0.3344876766204834,78.41183782659299,0.33236262932001986
4281,78.41554293825408,0.3357954025268554,78.41183869207107,0.3323634311824835
4282,78.41554293825408,0.3351650238037109,78.41183955714492,0.33236408545446416
4283,78.41554293825408,0.3171088695526123,78.41184042181482,0.3323605236482765
4284,78.41554293825408,0.3362164497375488,78.41184128608103,0.3323614237243944
4285,78.41554293825408,0.3356437683105469,78.41184214994385,0.3323621897324659
4286,78.41554293825408,0.3246464729309082,78.41184301340357,0.3323603895185598
4287,78.41554293825408,0.306035041809082,78.41184387646045,0.33235424877964925
4288,78.41554293825408,0.3276166915893554,78.4118447391148,0.3323531439388866
4289,78.41554293825408,0.3357295989990234,78.41184560136688,0.33235393117485307
4290,78.41554293825408,0.3330743312835693,78.41184646321697,0.3323540991002863
4291,78.41554293825408,0.3362612724304199,78.41184732466536,0.33235500965105075
4292,78.41554293825408,0.3350298404693603,78.41184818571234,0.3323556328641957
4293,78.41554293825408,0.3376443386077881,78.41184904635817,0.33235686480124293
4294,78.41554293825408,0.3364071846008301,78.41184990660315,0.33235780805224424
4295,78.41554293825408,0.3385038375854492,78.41185076644754,0.3323592390253602
4296,78.41554293825408,0.327244758605957,78.41185162589164,0.3323580485038473
4297,78.41554293825408,0.3251841068267822,78.41185248493572,0.33235637898053405
4298,78.41554293825408,0.320103645324707,78.41185334358005,0.3323535281816379
4299,78.41554293825408,0.3358950614929199,78.41185420182492,0.3323543519856182
4300,78.41554293825408,0.3324048519134521,78.4118550596706,0.33235436372978744
4301,78.41554293825408,0.3244149684906006,78.41185591711739,0.33235251778809033
4302,78.41554293825408,0.333747386932373,78.41185677416554,0.33235284202545534
4303,78.41554293825408,0.335299015045166,78.41185763081535,0.33235352670428864
4304,78.41554293825408,0.3352766036987304,78.41185848706708,0.3323542058578654
4305,78.41554293825408,0.3326926231384277,78.41185934292102,0.3323542844681513
4306,78.41554293825408,0.3371634483337402,78.41186019837745,0.3323554013199547
4307,78.41554293825408,0.3341946601867676,78.41186105343664,0.3323558283593944
4308,78.41554293825408,0.318674087524414,78.41186190809886,0.3323526524678357
4309,78.41554293825408,0.3358607292175293,78.41186276236438,0.3323534665956495
4310,78.41554293825408,0.3345603942871094,78.4118636162335,0.33235397864383776
4311,78.41554293825408,0.3388054370880127,78.4118644697065,0.3323554751547272
4312,78.41554293825408,0.3361444473266601,78.41186532278363,0.33235635385884865
4313,78.41554293825408,0.3378815650939941,78.41186617546516,0.33235763491872233
4314,78.41554293825408,0.3378121852874756,78.4118670277514,0.3323588993022107
4315,78.41554293825408,0.3395428657531738,78.4118678796426,0.3323605641843546
4316,78.41554293825408,0.3361909389495849,78.41186873113904,0.332361451666923
4317,78.41554293825408,0.3332748413085937,78.411869582241,0.3323616632466408
4318,78.41554293825408,0.3364350795745849,78.41187043294875,0.3323626066038265
4319,78.41554293825408,0.3354191780090332,78.41187128326254,0.3323633143073239
4320,78.41554293825408,0.3379161357879638,78.4118721331827,0.33236459968266663
4321,78.41554293825408,0.3275542259216308,78.41187298270944,0.3323634864279198
4322,78.41554293825408,0.3365015983581543,78.41187383184308,0.33236444388093467
4323,78.41554293825408,0.3389101028442383,78.41187468058386,0.33236595802827756
4324,78.41554293825408,0.3375959396362304,78.41187552893209,0.3323671675522387
4325,78.41554293825408,0.3336961269378662,78.411876376888,0.3323674748260851
4326,78.41554293825408,0.3320915699005127,78.4118772244519,0.3323674110477851
4327,78.41554293825408,0.3370490074157715,78.41187807162403,0.33236849299748883
4328,78.41554293825408,0.3352341651916504,78.41187891840468,0.33236915512137843
4329,78.41554293825408,0.3161606788635254,78.41187976479412,0.33236541095961875
4330,78.41554293825408,0.3380122184753418,78.41188061079262,0.33236671507220894
4331,78.41554293825408,0.3360178470611572,78.41188145640044,0.33236755809506485
4332,78.41554293825408,0.3363986015319824,78.41188230161787,0.33236848862217405
4333,78.41554293825408,0.3344118595123291,78.41188314644516,0.33236896020557816
4334,78.41554293825408,0.33821702003479,78.41188399088259,0.332370309550255
4335,78.41554293825408,0.3242590427398681,78.41188483493043,0.33236843843911074
4336,78.41554293825408,0.3347804546356201,78.41188567858896,0.3323689947159088
4337,78.41554293825408,0.3365881443023681,78.41188652185842,0.3323699675426523
4338,78.41554293825408,0.3316457271575928,78.41188736473912,0.33236980059005083
4339,78.41554293825408,0.3317816257476806,78.41188820723129,0.33236966503465964
4340,78.41554293825408,0.3317859172821045,78.41188904933522,0.33236953053056917
4341,78.41554293825408,0.3362424373626709,78.41188989105117,0.33237042269984635
4342,78.41554293825408,0.3373596668243408,78.4118907323794,0.3323715717657433
4343,78.41554293825408,0.3368740081787109,78.41189157332022,0.3323726084768676
4344,78.41554293825408,0.3358128070831299,78.41189241387384,0.3323734004194565
4345,78.41554293825408,0.3372349739074707,78.41189325404056,0.33237451930863676
4346,78.41554293825408,0.3299357891082763,78.41189409382065,0.3323739581650103
4347,78.41554293825408,0.3353464603424072,78.41189493321436,0.33237464197043415
4348,78.41554293825408,0.3395485877990722,78.41189577222197,0.3323762919119771
4349,78.41554293825408,0.336195707321167,78.41189661084373,0.3323771701403995
4350,78.41554293825408,0.3361649513244629,78.41189744907992,0.3323780408946947
4351,78.41554293825408,0.3338072299957275,78.4118982869308,0.33237836936840215
4352,78.41554293825408,0.3251352310180664,78.41189912439665,0.3323767050443327
4353,78.41554293825408,0.3265137672424316,78.41189996147772,0.332375358171417
4354,78.41554293825408,0.3217155933380127,78.41190079817427,0.3323729099020478
4355,78.41554293825408,0.3296587467193603,78.41190163448658,0.332372286672844
4356,78.41554293825408,0.3326361179351806,78.4119024704149,0.3323723472401678
4357,78.41554293825408,0.3358089923858642,78.41190330595951,0.33237313600425905
4358,78.41554293825408,0.321296215057373,78.41190414112067,0.33237059426012255
4359,78.41554293825408,0.3387434482574463,78.41190497589864,0.3323720562592043
4360,78.2514194464159,0.3221495151519775,78.41186816729096,0.33236971163968426
4361,78.41554293825408,0.3125302791595459,78.41186900993509,0.3323651623545478
4362,78.41554293825408,0.3355960845947265,78.41186985219284,0.3323659030519894
4363,78.41554293825408,0.3376293182373047,78.4118706940645,0.3323671094272324
4364,78.41554293825408,0.3357787132263183,78.41187153555035,0.3323678911879563
4365,78.41554293825408,0.3385474681854248,78.41187237665063,0.33236930689860866
4366,78.41554293825408,0.3402674198150635,78.41187321736562,0.3323711159029413
4367,78.41554293825408,0.3358082771301269,78.41187405769557,0.3323719029790181
4368,78.41554293825408,0.3340351581573486,78.41187489764076,0.33237228376088124
4369,78.41554293825408,0.3368525505065918,78.41187573720146,0.3323733092282069
4370,78.41554293825408,0.339395523071289,78.41187657637789,0.3323749161421298
4371,78.41554293825408,0.3319346904754638,78.41187741517037,0.3323748154270379
4372,78.41554293825408,0.3340749740600586,78.41187825357913,0.3323752043013821
4373,78.41554293825408,0.3361177444458008,78.41187909160445,0.3323760601303655
4374,78.41554293825408,0.3346619606018066,78.41187992924658,0.3323765827413558
4375,78.41554293825408,0.3337407112121582,78.41188076650579,0.33237689454214914
4376,78.41554293825408,0.3357195854187011,78.41188160338234,0.33237765841117944
4377,78.41554293825408,0.3356010913848877,78.41188243987649,0.3323783948591972
4378,78.41554293825408,0.3350472450256347,78.4118832759885,0.3323790044640776
4379,78.41554293825408,0.3362987041473388,78.41188411171865,0.3323798995770448
4380,78.41554293825408,0.3360719680786133,78.41188494706718,0.33238074251505884
4381,78.41554293825408,0.3354227542877197,78.41188578203436,0.33238143687976385
4382,78.41554293825408,0.3317856788635254,78.41188661662045,0.3323813009240322
4383,78.20706174591909,0.3330988883972168,78.41183988495932,0.3323814646446512
4384,78.41554293825408,0.3351545333862304,78.4118407296339,0.33238209718770356
4385,78.41554293825408,0.3368151187896728,78.41184157392321,0.3323831081390381
4386,78.41554293825408,0.3258199691772461,78.41184241782753,0.3323816117553259
4387,78.41554293825408,0.338972806930542,78.41184326134713,0.33238311419325045
4388,78.41554293825408,0.3370411396026611,78.41184410448226,0.3323841757304905
4389,78.41554293825408,0.3312506675720215,78.41184494723318,0.3323839174693471
4390,78.26472675656494,0.3123750686645508,78.41181143511685,0.332379359645018
4391,78.41554293825408,0.3352124691009521,78.41181228492398,0.3323800048532749
4392,78.41554293825408,0.3366537094116211,78.41181313434414,0.33238097791897575
4393,78.41554293825408,0.3360581398010254,78.4118139833776,0.33238181496925623
4394,78.41554293825408,0.3364677429199219,78.41181483202459,0.33238274485727415
4395,78.41554293825408,0.3204629421234131,78.4118156802854,0.33238003272923455
4396,78.13165365507452,0.3339686393737793,78.41175194916048,0.3323803941047224
4397,78.41554293825408,0.3348855972290039,78.41175281133675,0.3323809638575367
4398,78.20706174591909,0.3167164325714111,78.41170626948468,0.33237740211781724
4399,78.41554293825408,0.3347127437591553,78.41170714165308,0.3323779329979357
4400,78.41554293825408,0.3306655883789062,78.41170801342504,0.33237754382870416
4401,78.41554293825408,0.3255891799926758,78.41170888480083,0.33237600136930034
4402,78.41554293825408,0.3390538692474365,78.41170975578073,0.3323775183769964
4403,78.41554293825408,0.3369820117950439,78.411710626365,0.3323785641397532
4404,78.41554293825408,0.3377165794372558,78.41171149655389,0.33237977622315407
4405,78.41554293825408,0.3288252353668213,78.4117123663477,0.33237896928992905
4406,78.41554293825408,0.3215670585632324,78.41171323574669,0.33237651538372687
4407,78.41554293825408,0.3358123302459717,78.41171410475111,0.33237729501042584
4408,78.41554293825408,0.3368375301361084,78.41171497336127,0.33237830686049974
4409,78.41554293825408,0.3367035388946533,78.41171584157739,0.33237928786118787
4410,78.41554293825408,0.3347749710083008,78.41171670939977,0.33237983109999675
4411,78.41554293825408,0.3363556861877441,78.41171757682868,0.3323807324500507
4412,78.41554293825408,0.3351402282714844,78.41171844386436,0.33238135790241274
4413,78.41554293825408,0.333406925201416,78.41171931050711,0.33238159029926273
4414,78.41554293825408,0.3353779315948486,78.41172017675717,0.3323822691260175
4415,78.41554293825408,0.3345987796783447,78.41172104261481,0.33238277116691267
4416,78.41554293825408,0.3359806537628174,78.41172190808032,0.33238358590481937
4417,78.41554293825408,0.3168110847473144,78.41172277315394,0.33238006032158246
4418,78.41554293825408,0.3384182453155517,78.41172363783596,0.3323814270452117
4419,78.41554293825408,0.3383123874664306,78.41172450212662,0.33238276919511467
4420,78.41554293825408,0.3366219997406006,78.4117253660262,0.33238372829704804
4421,78.41554293825408,0.3361475467681885,78.41172622953496,0.3323845796470754
4422,78.41554293825408,0.3382875919342041,78.41172709265318,0.3323859145661815
4423,78.41554293825408,0.331831693649292,78.41172795538111,0.33238578926188195
4424,78.41554293825408,0.3372454643249511,78.41172881771902,0.33238688774177866
4425,78.41554293825408,0.3365671634674072,78.41172967966718,0.33238783243685793
4426,78.41554293825408,0.3383767604827881,78.41173054122582,0.332389185561134
4427,78.41554293825408,0.3358762264251709,78.41173140239525,0.332389973236956
4428,78.41554293825408,0.3338785171508789,78.41173226317572,0.33239030940315156
4429,78.41554293825408,0.3302583694458008,78.41173312356747,0.3323898280439379
4430,78.41554293825408,0.3362805843353271,78.4117339835708,0.33239070631849577
4431,78.41554293825408,0.3378317356109619,78.41173484318594,0.3323919342646236
4432,78.41554293825408,0.3368234634399414,78.41173570241318,0.3323929341583906
4433,78.41554293825408,0.3258497714996338,78.41173656125275,0.33239145814606064
4434,78.41554293825408,0.3351948261260986,78.41173741970495,0.3323920903896285
4435,78.41554293825408,0.3346188068389892,78.41173827777001,0.33239259246774566
4436,78.41554293825408,0.336634874343872,78.41173913544823,0.3323935487981956
4437,78.41554293825408,0.3337290287017822,78.41173999273983,0.3323938497853274
4438,78.41554293825408,0.3201992511749267,78.41174084964508,0.33239110201637506
4439,78.41554293825408,0.3193159103393554,78.41174170616426,0.3323881564899779
4440,78.41554293825408,0.3403253555297851,78.41174256229762,0.3323899441474193
4441,78.41554293825408,0.3357954025268554,78.41174341804542,0.332390710969842
4442,78.20706174591909,0.3346700668334961,78.4116973393259,0.3323912241071369
4443,78.41554293825408,0.3365857601165771,78.41169820486697,0.3323921681845642
4444,78.41554293825408,0.3288366794586181,78.4116990700185,0.3323913681195943
4445,78.41554293825408,0.3317313194274902,78.41169993478076,0.33239121962720014
4446,78.41554293825408,0.3367211818695068,78.41170079915402,0.33239219352783944
4447,78.41554293825408,0.3356978893280029,78.41170166313853,0.33239293688196586
4448,78.41554293825408,0.3335771560668945,78.41170252673456,0.3323932031182934
4449,78.41554293825408,0.3348495960235595,78.41170338994237,0.3323937552407715
4450,78.41554293825408,0.335536241531372,78.41170425276222,0.3323944614174661
4451,78.41554293825408,0.3357758522033691,78.41170511519438,0.33239522110984665
4452,78.41554293825408,0.3365330696105957,78.4117059772391,0.3323961505457183
4453,78.41554293825408,0.3354334831237793,78.41170683889663,0.3323968326325313
4454,78.41554293825408,0.3243575096130371,78.41170770016727,0.3323950276655309
4455,78.41554293825408,0.3342142105102539,78.41170856105124,0.3323954360118485
4456,78.41554293825408,0.3342864513397217,78.41170942154882,0.3323958603869221
4457,78.41554293825408,0.337810754776001,78.41171028166028,0.3323970753060132
4458,78.41554293825408,0.3386132717132568,78.41171114138585,0.33239846969731135
4459,78.41554293825408,0.3379695415496826,78.41171200072581,0.33239971909669513
4460,78.41554293825408,0.3279380798339844,78.41171285968042,0.33239871872914745
4461,78.41554293825408,0.3358180522918701,78.41171371824994,0.33239948522400575
4462,78.41554293825408,0.3160710334777832,78.41171457643462,0.3323958257771778
4463,78.41554293825408,0.3361260890960693,78.41171543423472,0.3323966615968773
4464,78.41554293825408,0.3318548202514648,78.41171629165049,0.3323965402166476
4465,78.41554293825408,0.3334183692932129,78.41171714868221,0.33239676906974425
4466,78.41554293825408,0.3378312587738037,78.41171800533013,0.33239798592816433
4467,78.41554293825408,0.3364467620849609,78.41171886159451,0.33239889230294756
4468,78.41554293825408,0.3185603618621826,78.41171971747559,0.3323957950490441
4469,78.41554293825408,0.3329052925109863,78.41172057297365,0.3323959090560841
4470,78.41554293825408,0.3392136096954345,78.41172142808892,0.3323974342687551
4471,78.41554293825408,0.3366315364837646,78.4117222828217,0.33239838128334137
4472,78.41554293825408,0.3359591960906982,78.4117231371722,0.3323991775299441
4473,78.41554293825408,0.3374524116516113,78.4117239911407,0.3324003072491754
4474,78.41554293825408,0.3358304500579834,78.41172484472746,0.3324010739328609
4475,78.30464868701206,0.3393659591674804,78.41170091709445,0.33240263033179596
4476,78.41554293825408,0.3382558822631836,78.41170177545486,0.33240393802883156
4477,78.41554293825408,0.3181366920471191,78.41170263343182,0.33240075124170143
4478,78.41554293825408,0.3152995109558105,78.41170349102556,0.33239693229567957
4479,78.41554293825408,0.3365535736083984,78.41170434823638,0.33239786032455043
4480,78.41554293825408,0.3313474655151367,78.41170520506452,0.33239762586142335
4481,78.41554293825408,0.3383834362030029,78.41170606151023,0.332398961681629
4482,78.41554293825408,0.336613655090332,78.41170691757377,0.3323999020416042
4483,78.41554293825408,0.3363785743713379,78.41170777325539,0.33240078954379687
4484,78.41554293825408,0.3355081081390381,78.41170862855535,0.3324014825229662
4485,78.41554293825408,0.3378000259399414,78.4117094834739,0.3324026862115764
4486,78.41554293825408,0.3357918262481689,78.4117103380113,0.33240344170422836
4487,78.41554293825408,0.3278553485870361,78.41171119216783,0.3324024280886462
4488,78.41554293825408,0.3402483463287353,78.41171204594369,0.33240417628789753
4489,78.41554293825408,0.3348503112792969,78.41171289933918,0.33240472120547193
4490,78.41554293825408,0.3355517387390136,78.41171375235453,0.33240542210024554
4491,78.41554293825408,0.3185629844665527,78.41171460499001,0.33240233983847006
4492,78.41554293825408,0.3385493755340576,78.41171545724586,0.3324037082791859
4493,78.41554293825408,0.3348357677459717,78.41171630912234,0.33240424957886694
4494,78.41554293825408,0.3345010280609131,78.41171716061972,0.3324047161517379
4495,78.41554293825408,0.3324325084686279,78.41171801173822,0.3324047223346782
4496,78.41554293825408,0.3366503715515136,78.4117188624781,0.33240566665167487
4497,78.41554293825408,0.339263916015625,78.41171971283963,0.33240719172380384
4498,78.41554293825408,0.3206801414489746,78.41172056282305,0.33240458455388944
4499,78.41554293825408,0.3371586799621582,78.41172141242862,0.33240564125435806
4500,78.41554293825408,0.3363778591156006,78.41172226165659,0.3324065239694383
4501,78.41554293825408,0.3355545997619629,78.41172311050721,0.3324072233864107
4502,78.41554293825408,0.3390212059020996,78.41172395898073,0.33240869250736044
4503,78.41554293825408,0.3373599052429199,78.41172480707739,0.3324097920438329
4504,78.41554293825408,0.3388915061950683,78.41172565479746,0.3324112311455539
4505,78.41554293825408,0.3331973552703857,78.41172650214119,0.33241140564591454
4506,78.41554293825408,0.3382973670959472,78.41172734910882,0.3324127118956815
4507,78.41554293825408,0.3337581157684326,78.4117281957006,0.33241301040996435
4508,78.41554293825408,0.335519790649414,78.4117290419168,0.33241369958038125
4509,78.41554293825408,0.3360507488250732,78.41172988775764,0.3324145062003069
4510,78.41554293825408,0.3352370262145996,78.4117307332234,0.33241513203623024
4511,78.41554293825408,0.3354396820068359,78.41173157831429,0.3324158025194869
4512,78.41554293825408,0.336472749710083,78.4117324230306,0.33241670166558407
4513,78.41554293825408,0.337066650390625,78.41173326737255,0.33241773201096964
4514,78.41554293825408,0.3332440853118896,78.41173411134041,0.3324179150755024
4515,78.41554293825408,0.3377196788787842,78.41173495493442,0.3324190893310513
4516,78.41554293825408,0.3369922637939453,78.41173579815482,0.33242010199147265
4517,78.41554293825408,0.3368635177612304,78.41173664100187,0.33242108570096346
4518,78.41554293825408,0.3373281955718994,78.41173748347582,0.3324221718253262
4519,78.41554293825408,0.3197741508483886,78.4117383255769,0.3324193729713813
4520,78.41554293825408,0.3348007202148437,78.41173916730537,0.3324198998181166
4521,78.41554293825408,0.3376767635345459,78.41174000866148,0.33242106258381365
4522,78.41554293825408,0.3165843486785888,78.41174084964548,0.33241756043567006
4523,78.41554293825408,0.3347115516662597,78.4117416902576,0.3324180676192276
4524,78.41554293825408,0.3381102085113525,78.4117425304981,0.3324193258289739
4525,78.41554293825408,0.3350656032562256,78.41174337036722,0.332419910641665
4526,78.41554293825408,0.3346304893493652,78.41174420986522,0.3324203990594086
4527,78.41554293825408,0.3341927528381347,78.41174504899233,0.33242079056675977
4528,78.41554293825408,0.3344662189483642,78.4117458877488,0.3324212422956426
4529,78.41554293825408,0.3261983394622803,78.41174672613487,0.33241986828309383
4530,78.41554293825408,0.3357584476470947,78.41174756415079,0.33242060527633094
4531,78.41554293825408,0.3384535312652588,78.41174840179681,0.33242193675414794
4532,78.41554293825408,0.3302435874938965,78.41174923907317,0.3324214560945583
4533,78.41554293825408,0.3359475135803222,78.41175007598014,0.3324222339585525
4534,78.41554293825408,0.3174443244934082,78.41175091251792,0.3324189304937389
4535,78.41554293825408,0.3184530735015869,78.41175174868677,0.332415850922186
4536,78.41554293825408,0.3355007171630859,78.41175258448695,0.33241653100733615
4537,78.41554293825408,0.3361542224884033,78.41175341991868,0.3324173548317754
4538,78.41554293825408,0.335299015045166,78.41175425498223,0.3324179898384333
4539,78.41554293825408,0.3348827362060547,78.41175508967783,0.33241853285371586
4540,78.41554293825408,0.3364543914794922,78.4117559240057,0.3324194218093603
4541,78.41554293825408,0.3311386108398437,78.41175675796613,0.3324191397545333
4542,78.41554293825408,0.3386790752410888,78.41175759155932,0.3324205179877976
4543,78.41554293825408,0.336583137512207,78.41175842478555,0.3324214342588794
4544,78.41554293825408,0.3314292430877685,78.41175925764503,0.3324212159069491
4545,78.41554293825408,0.3185930252075195,78.41176009013802,0.33241817340074464
4546,78.41554293825408,0.3301899433135986,78.41176092226476,0.33241768324894366
4547,78.41554293825408,0.3228213787078857,78.41176175402548,0.33241557277950423
4548,78.41554293825408,0.3374300003051758,78.41176258542043,0.3324166753361282
4549,78.41554293825408,0.3357167243957519,78.41176341644986,0.33241740078107423
4550,78.41554293825408,0.3337330818176269,78.41176424711401,0.3324176899417416
4551,78.41554293825408,0.3355693817138672,78.4117650774131,0.33241838246904815
4552,78.41554293825408,0.3319268226623535,78.41176590734737,0.33241827448139294
4553,78.41554293825408,0.3289737701416015,78.4117667369171,0.33241751794628643
4554,78.41554293825408,0.334669828414917,78.41176756612249,0.332418012524782
4555,78.41554293825408,0.3370907306671142,78.4117683949638,0.33241903836850145
4556,78.41554293825408,0.3354268074035644,78.41176922344127,0.3324196985460772
4557,78.41554293825408,0.3354785442352295,78.41177005155512,0.33242036978717643
4558,78.41554293825408,0.3364794254302978,78.4117708793056,0.33242126032154307
4559,78.41554293825408,0.3361144065856933,78.41177170669297,0.3324220703996883
4560,78.41554293825408,0.3357002735137939,78.41177253371744,0.33242278930388
4561,78.41554293825408,0.337414026260376,78.41177336037926,0.33242388363340347
4562,78.41554293825408,0.3361876010894775,78.41177418667867,0.33242470864818996
4563,78.41554293825408,0.3383405208587646,78.4117750126159,0.3324260051224855
4564,78.41554293825408,0.3396029472351074,78.4117758381912,0.3324275776339037
4565,78.41554293825408,0.3366196155548095,78.41177666340481,0.3324284959335578
4566,78.41554293825408,0.3384711742401123,78.41177748825694,0.33242981934098365
4567,78.41554293825408,0.339040994644165,78.41177831274786,0.3324312669379408
4568,78.41554293825408,0.3359954357147217,78.4117791368778,0.33243204718504604
4569,78.41554293825408,0.322056770324707,78.41177996064698,0.3324297763868713
4570,78.41554293825408,0.3178751468658447,78.41178078405565,0.3324265915664072
4571,78.41554293825408,0.3252480030059814,78.41178160710405,0.33242502110292865
4572,78.41554293825408,0.3360388278961181,78.41178242979241,0.33242581152436196
4573,78.41554293825408,0.3268089294433594,78.41178325212097,0.33242458325362484
4574,78.41554293825408,0.3312888145446777,78.41178407408995,0.33242433494389395
4575,78.41554293825408,0.3359155654907226,78.41178489569961,0.332425098054396
4576,78.41554293825408,0.335930585861206,78.41178571695018,0.3324258641137943
4577,78.41554293825408,0.3319981098175049,78.41178653784188,0.3324257706564432
4578,78.41554293825408,0.3329589366912842,78.41178735837497,0.3324258871190982
4579,78.41554293825408,0.3353028297424316,78.41178817854966,0.3324265154096908
4580,78.41554293825408,0.3354420661926269,78.41178899836619,0.3324271738268923
4581,78.41554293825408,0.3345346450805664,78.4117898178248,0.3324276338730075
4582,78.41554293825408,0.3379747867584228,78.41179063692573,0.33242884451309596
4583,78.41554293825408,0.313387393951416,78.4117914556692,0.3324246897126243
4584,78.41554293825408,0.3324611186981201,78.41179227405547,0.33242469765961064
4585,78.41554293825408,0.3333740234375,78.41179309208474,0.3324249047099439
4586,78.41554293825408,0.3381397724151611,78.41179390975726,0.3324261508651347
4587,78.41554293825408,0.3389692306518554,78.41179472707327,0.3324275773050272
4588,78.41554293825408,0.3393397331237793,78.411795544033,0.3324290838777863
4589,78.41554293825408,0.321164608001709,78.41179636063667,0.33242662920882227
4590,78.41554293825408,0.3368387222290039,78.41179717688452,0.33242759044913167
4591,78.41554293825408,0.3177206516265869,78.41179799277678,0.3324243870209412
4592,78.41554293825408,0.3371996879577636,78.4117988083137,0.33242542693839255
4593,78.41554293825408,0.3363714218139648,78.4117996234955,0.3324262860707408
4594,78.41554293825408,0.3381767272949219,78.41180043832239,0.33242753779934864
4595,78.41554293825408,0.3243489265441894,78.41180125279463,0.33242577966849873
4596,78.41554293825408,0.3254673480987549,78.41180206691246,0.33242426564944527
4597,78.41554293825408,0.3361353874206543,78.41180288067608,0.33242507294154255
4598,78.41554293825408,0.3361008167266845,78.41180369408573,0.33242587236385335
4599,78.41554293825408,0.3335819244384765,78.41180450714165,0.33242612373416747
4600,78.41554293825408,0.3385560512542724,78.41180531984408,0.33242745632710663
4601,78.41554293825408,0.3396484851837158,78.41180613219322,0.3324290257748042
4602,78.41554293825408,0.3350651264190674,78.41180694418934,0.3324295985911111
4603,78.41554293825408,0.3388247489929199,78.41180775583263,0.33243098793510456
4604,78.41554293825408,0.332984447479248,78.41180856712334,0.3324311081478639
4605,78.41554293825408,0.3264989852905273,78.4118093780617,0.3324298199561468
4606,78.41554293825408,0.3163371086120605,78.41181018864795,0.3324263260978437
4607,78.41554293825408,0.3391895294189453,78.41181099888229,0.3324277941254801
4608,78.41554293825408,0.3353192806243896,78.41181180876498,0.33242842161820996
4609,78.41554293825408,0.3342549800872803,78.41181261829622,0.33242881792076345
4610,78.41554293825408,0.3347082138061523,78.41181342747626,0.33242931236672557
4611,78.41554293825408,0.3365302085876465,78.41181423630532,0.3324302017391439
4612,78.41554293825408,0.3196673393249511,78.41181504478364,0.3324274344229223
4613,78.41554293825408,0.3400018215179443,78.41181585291143,0.3324290763884751
4614,78.41554293825408,0.3332209587097168,78.41181666068893,0.3324292480144658
4615,78.41554293825408,0.3333375453948974,78.41181746811635,0.33242944482863274
4616,78.41554293825408,0.3395607471466064,78.41181827519395,0.332430989738147
4617,78.41554293825408,0.333834171295166,78.41181908192192,0.332431293654447
4618,78.41554293825408,0.3282458782196045,78.41181988830053,0.3324303873280211
4619,78.41554293825408,0.3345420360565185,78.41182069432996,0.33243084449379906
4620,78.41554293825408,0.3163220882415771,78.41182150001048,0.3324273577500215
4621,78.41554293825408,0.3360388278961181,78.41182230534227,0.3324281392843531
4622,78.41554293825408,0.3350560665130615,78.4118231103256,0.33242870785363665
4623,78.41554293825408,0.3391871452331543,78.41182391496068,0.3324301697695743
4624,78.41554293825408,0.3357892036437988,78.41182471924773,0.33243089620423566
4625,78.41554293825408,0.3378365039825439,78.41182552318698,0.33243206498429584
4626,78.41554293825408,0.3299522399902344,78.41182632677865,0.33243152892182415
4627,78.41554293825408,0.3282387256622314,78.41182713002298,0.33243062276162105
4628,78.41554293825408,0.3161616325378418,78.41182793292019,0.3324271074223333
4629,78.41554293825408,0.334158182144165,78.4118287354705,0.3324274813853322
4630,78.41554293825408,0.3395800590515136,78.41182953767412,0.33242902621852144
4631,78.41554293825408,0.3264131546020508,78.4118303395313,0.3324277271747692
4632,78.41554293825408,0.3317461013793945,78.41183114104226,0.3324275800189412
4633,78.41554293825408,0.3252027034759521,78.41183194220721,0.33242602058087883
4634,78.41554293825408,0.3391461372375488,78.4118327430264,0.33242747075711027
4635,78.41554293825408,0.3374526500701904,78.41183354350002,0.33242855493819184
4636,78.41554293825408,0.3335909843444824,78.41183434362831,0.33242880567792576
4637,78.41554293825408,0.3253207206726074,78.41183514341151,0.3324272727719509
4638,78.41554293825408,0.3333730697631836,78.4118359428498,0.3324274766954074
4639,78.41554293825408,0.3356425762176513,78.41183674194346,0.3324281697541533
4640,78.41554293825408,0.3356184959411621,78.41183754069267,0.3324288573244522
4641,78.41554293825408,0.3353891372680664,78.41183833909767,0.3324294951783509
4642,78.41554293825408,0.3167994022369385,78.41183913715867,0.33242612807517524
4643,78.41554293825408,0.3363723754882812,78.4118399348759,0.33242697801000465
4644,78.41554293825408,0.3322679996490478,78.41184073224959,0.33242694377693816
4645,78.41554293825408,0.3183622360229492,78.41184152927995,0.33242391585277153
4646,78.41554293825408,0.3355364799499511,78.41184232596721,0.33242458579769124
4647,78.41554293825408,0.338146448135376,78.4118431223116,0.33242581710010954
4648,78.41554293825408,0.3328156471252441,78.41184391831331,0.3324259009705969
4649,78.41554293825408,0.3374867439270019,78.41184471397258,0.33242698955802563
4650,78.41554293825408,0.33734130859375,78.41184550928963,0.332428046400829
4651,78.41554293825408,0.3380270004272461,78.41184630426469,0.3324292502180783
4652,78.41554293825408,0.3373055458068847,78.41184709889797,0.33243029843295124
4653,78.41554293825408,0.3280816078186035,78.41184789318969,0.33242936383363586
4654,78.41554293825408,0.336003303527832,78.41184868714008,0.3324301317622337
4655,78.41554293825408,0.3349227905273437,78.41184948074934,0.3324306672420973
4656,78.41554293825408,0.3337798118591308,78.41185027401771,0.3324309570068346
4657,78.41554293825408,0.3363978862762451,78.4118510669454,0.3324318088275925
4658,78.41554293825408,0.3343701362609863,78.41185185953265,0.3324322249562815
4659,78.41554293825408,0.3358879089355469,78.41185265177964,0.33243296667853506
4660,78.41554293825408,0.336726427078247,78.41185344368661,0.33243388802196844
4661,78.41554293825408,0.3344929218292236,78.41185423525378,0.33243432977991894
4662,78.41554293825408,0.3363420963287353,78.41185502648138,0.3324351679966819
4663,78.41554293825408,0.325885534286499,78.4118558173696,0.3324337634001324
4664,78.41554293825408,0.3352808952331543,78.41185660791868,0.33243437384863866
4665,78.41554293825408,0.3362631797790527,78.41185739812883,0.33243519460017784
4666,78.41554293825408,0.3190371990203857,78.41185818800028,0.33243232319092375
4667,78.41554293825408,0.3356266021728515,78.41185897753323,0.33243300763038847
4668,78.41554293825408,0.3330373764038086,78.4118597667279,0.33243313710099115
4669,78.41554293825408,0.3359792232513428,78.41186055558452,0.33243389659684686
4670,78.41554293825408,0.3376853466033935,78.4118613441033,0.3324350211043429
4671,78.41554293825408,0.3364131450653076,78.41186213228445,0.3324358727686463
4672,78.41554293825408,0.336254358291626,78.4118629201282,0.33243669008147225
4673,78.41554293825408,0.3342514038085937,78.41186370763477,0.33243707842166637
4674,78.41554293825408,0.336404800415039,78.41186449480435,0.3324379273138344
4675,78.41554293825408,0.336899995803833,78.41186528163718,0.3324388817669874
4676,78.41554293825408,0.3286819458007812,78.41186606813346,0.33243807831618194
4677,78.41554293825408,0.3371787071228027,78.41186685429344,0.3324390919208017
4678,78.41554293825408,0.3348047733306885,78.41186764011728,0.33243959762439507
4679,78.41554293825408,0.3377053737640381,78.41186842560525,0.3324407230307083
4680,78.41554293825408,0.3353369235992431,78.41186921075753,0.33244134187698365
4681,78.41554293825408,0.3346269130706787,78.41186999557435,0.33244180877960994
4682,78.41554293825408,0.3352193832397461,78.4118707800559,0.3324424020249026
4683,78.41554293825408,0.3338773250579834,78.41187156420244,0.3324427084359709
4684,78.41554293825408,0.336763858795166,78.41187234801417,0.33244363097020646
4685,78.41554293825408,0.3252995014190674,78.41187313149128,0.3324421060759586
4686,78.41554293825408,0.3381998538970947,78.411873914634,0.3324433347886819
4687,78.41554293825408,0.3376111984252929,78.41187469744254,0.3324444373838678
4688,78.41554293825408,0.3351185321807861,78.41187547991713,0.3324450077965805
4689,78.41554293825408,0.3261656761169433,78.41187626205796,0.33244366863435404
4690,78.41554293825408,0.3351655006408691,78.41187704386525,0.3324442489823299
4691,78.41554293825408,0.3335742950439453,78.41187782533923,0.33244448987895353
4692,78.41554293825408,0.3363277912139892,78.41187860648009,0.3324453175220343
4693,78.41554293825408,0.3362507820129394,78.41187938728807,0.33244612840302534
4694,78.41554293825408,0.3363323211669922,78.41188016776334,0.3324469563094514
4695,78.41554293825408,0.3361701965332031,78.41188094790617,0.3324477493318633
4696,78.41554293825408,0.3363833427429199,78.41188172771672,0.3324485874054176
4697,78.41554293825408,0.3386659622192383,78.41188250719523,0.33244991109603156
4698,78.41554293825408,0.3197190761566162,78.4118832863419,0.33244720125462257
4699,78.2514194464159,0.3384208679199219,78.41184913783373,0.3324484725180117
4700,78.41554293825408,0.3370697498321533,78.41184992374872,0.33244945576850404
4701,78.41554293825408,0.3353312015533447,78.41185070932934,0.33245006877547806
4702,78.41554293825408,0.3341131210327148,78.41185149457583,0.3324504224658773
4703,78.28690560681333,0.3325250148773193,78.41182492730222,0.33245043832647936
4704,78.41554293825408,0.3352940082550049,78.4118257176957,0.3324510428268893
4705,78.41554293825408,0.3338263034820556,78.41182650775322,0.33245133512458436
4706,78.41554293825408,0.3248236179351806,78.41182729747497,0.33244971427520287
4707,78.41554293825408,0.3335683345794678,78.41182808686116,0.3324499519255755
4708,78.41554293825408,0.324883222579956,78.41182887591201,0.3324483447188326
4709,78.41554293825408,0.3272929191589355,78.41182966462775,0.3324472499162079
4710,78.41554293825408,0.334329605102539,78.41183045300856,0.3324476495669906
4711,78.41554293825408,0.3365483283996582,78.41183124105468,0.3324485200146307
4712,78.41554293825408,0.3337841033935547,78.41183202876631,0.33244880345762284
4713,78.41554293825408,0.3367629051208496,78.41183281614369,0.33244971881974106
4714,78.41554293825408,0.3389616012573242,78.41183360318698,0.33245110021185764
4715,78.41554293825408,0.3366110324859619,78.41183438989644,0.33245198248805574
4716,78.41554293825408,0.335597276687622,78.41183517627226,0.3324526494291498
4717,78.41554293825408,0.3340294361114502,78.41183596231467,0.3324529837065893
4718,78.41554293825408,0.3367071151733398,78.41183674802386,0.33245388538769716
4719,78.41554293825408,0.3335697650909424,78.41183753340005,0.3324541218529871
4720,78.41554293825408,0.3360061645507812,78.41183831844346,0.33245487440440613
4721,78.41554293825408,0.3342709541320801,78.41183910315429,0.33245525908556006
4722,78.41554293825408,0.3358137607574463,78.41183988753276,0.3324559703311492
4723,78.41554293825408,0.3360633850097656,78.41184067157907,0.3324567341284557
4724,78.41554293825408,0.3389897346496582,78.41184145529346,0.332458117066754
4725,78.41554293825408,0.3365650177001953,78.41184223867609,0.33245898625207326
4726,78.41554293825408,0.3356707096099853,78.41184302172721,0.33245966583805675
4727,78.41554293825408,0.3353064060211181,78.41184380444703,0.33246026806783946
4728,78.41554293825408,0.3162171840667724,78.41184458683574,0.332456832559379
4729,78.41554293825408,0.3322775363922119,78.41184536889357,0.3324567946451969
4730,78.41554293825408,0.3160650730133056,78.4118461506207,0.3324533291649365
4731,78.41554293825408,0.3350162506103515,78.41184693201738,0.33245387089426337
4732,78.41554293825408,0.3410351276397705,78.41184771308379,0.33245568434666095
4733,78.41554293825408,0.3327817916870117,78.41184849382014,0.3324557532474301
4734,78.41554293825408,0.3223061561584472,78.41184927422667,0.33245360926832385
4735,78.41554293825408,0.3360304832458496,78.41185005430356,0.3324543646799347
4736,78.41554293825408,0.334524393081665,78.41185083405102,0.3324548017636344
4737,78.41554293825408,0.3340840339660644,78.41185161346927,0.33245514570119034
4738,78.41554293825408,0.3332178592681885,78.4118523925585,0.3324553066791488
4739,78.41554293825408,0.3339149951934814,78.41185317131894,0.33245561469529444
4740,78.41554293825408,0.3315558433532715,78.41185394975079,0.3324554248701168
4741,78.41554293825408,0.335242748260498,78.41185472785426,0.33245601278899267
4742,78.41554293825408,0.3319745063781738,78.41185550562955,0.3324559112482059
4743,78.41554293825408,0.3339018821716308,78.41185628307687,0.3324562161124107
4744,78.41554293825408,0.3305091857910156,78.41185706019643,0.3324558056928657
4745,78.41554293825408,0.3339879512786865,78.41185783698845,0.33245612858972257
4746,78.41554293825408,0.33388352394104,78.4118586134531,0.3324564293472766
4747,78.41554293825408,0.3348641395568847,78.41185938959063,0.33245693655397757
4748,78.41554293825408,0.3154351711273193,78.41186016540122,0.33245335151492394
4749,78.41554293825408,0.3344290256500244,78.41186094088509,0.33245376753390377
4750,78.41554293825408,0.3333752155303955,78.41186171604244,0.33245396152295564
4751,78.41554293825408,0.3355913162231445,78.41186249087346,0.3324546218796595
4752,78.41554293825408,0.3357870578765869,78.41186326537839,0.3324553231498609
4753,78.41554293825408,0.3318235874176025,78.41186403955741,0.33245519023680975
4754,78.41554293825408,0.3337578773498535,78.41186481341074,0.3324554642559753
4755,78.41554293825408,0.3362054824829101,78.41186558693857,0.33245625290334163
4756,78.41554293825408,0.3281500339508056,78.41186636014113,0.33245534747462996
4757,78.41554293825408,0.3328862190246582,78.4118671330186,0.3324554380509491
4758,78.41554293825408,0.3313548564910888,78.4118679055712,0.33245520673914586
4759,78.41554293825408,0.3343851566314697,78.41186867779913,0.33245561227600073
4760,78.41554293825408,0.3172130584716797,78.41186944970259,0.33245241005881493
4761,78.41554293825408,0.3369584083557129,78.4118702212818,0.3324533564982808
4762,78.41554293825408,0.3347587585449219,78.41187099253695,0.3324538406230281
4763,78.41554293825408,0.312159776687622,78.41187176346824,0.33244957984957957
4764,78.41554293825408,0.318126916885376,78.41187253407588,0.33244657341318906
4765,78.41554293825408,0.3203399181365967,78.41187330436007,0.33244403266706596
4766,78.41554293825408,0.333099365234375,78.41187407432103,0.33244417016865374
4767,78.41554293825408,0.3169429302215576,78.41187484395896,0.3324409183876705
4768,78.41554293825408,0.3194291591644287,78.41187561327403,0.33243818941132336
4769,78.41554293825408,0.3355143070220947,78.41187638226648,0.33243883443493644
4770,78.41554293825408,0.3344340324401855,78.41187715093652,0.33243925271544067
4771,78.41554293825408,0.3362507820129394,78.41187791928431,0.33244005161070317
4772,78.41554293825408,0.3375599384307861,78.4118786873101,0.33244112451238383
4773,78.41554293825408,0.3353767395019531,78.41187945501404,0.3324417395584743
4774,78.41554293825408,0.3402225971221924,78.41188022239638,0.3324433693987683
4775,78.41554293825408,0.3371138572692871,78.41188098945729,0.33244434751141133
4776,78.41554293825408,0.3356842994689941,78.41188175619699,0.332445025893312
4777,78.41554293825408,0.3340215682983398,78.41188252261568,0.3324453559210292
4778,78.41554293825408,0.3231134414672851,78.41188328871357,0.3324434028204738
4779,78.41554293825408,0.3341238498687744,78.41188405449084,0.33244375445199675
4780,78.41554293825408,0.3297810554504394,78.41188481994769,0.33244319740199646
4781,78.41554293825408,0.3339283466339111,78.41188558508435,0.332443508037686
4782,78.41554293825408,0.3322770595550537,78.411886349901,0.3324434732303915
4783,78.41554293825408,0.336789608001709,78.41188711439783,0.33244438189331665
4784,78.41554293825408,0.3183467388153076,78.41188787857506,0.3324414350615696
4785,78.41554293825408,0.3397972583770752,78.41188864243288,0.33244297232872017
4786,78.41554293825408,0.3370528221130371,78.41188940597151,0.33244393552340973
4787,78.41554293825408,0.33431077003479,78.41189016919112,0.33244432550346226
4788,78.41554293825408,0.3383722305297851,78.41189093209195,0.33244556357886457
4789,78.41554293825408,0.3397176265716553,78.41189169467415,0.3324470820718679
4790,78.41554293825408,0.3142356872558594,78.41189245693795,0.3324432801105284
4791,78.41554293825408,0.3369264602661133,78.41189321888355,0.33244421586092615
4792,78.41554293825408,0.3343808650970459,78.41189398051114,0.3324446200030873
4793,78.41554293825408,0.3369991779327392,78.41189474182092,0.33244557025510685
4794,78.41554293825408,0.3357157707214355,78.41189550281308,0.3324462523995512
4795,78.41554293825408,0.3363771438598633,78.41189626348783,0.33244707218921965
4796,78.41554293825408,0.3351154327392578,78.41189702384538,0.332447628561311
4797,78.41554293825408,0.3178563117980957,78.41189778388592,0.3324445868025528
4798,78.41554293825408,0.3343894481658935,78.41189854360964,0.3324449921508986
4799,78.41554293825408,0.3355998992919922,78.41189930301674,0.33244564956017997
4800,78.41554293825408,0.3332750797271728,78.41190006210742,0.3324458223581314
4801,78.41554293825408,0.3356118202209472,78.41190082088187,0.332446481803635
4802,78.41554293825408,0.3382785320281982,78.41190157934031,0.332447696308055
4803,78.41554293825408,0.3338446617126465,78.41190233748291,0.3324479871607313
4804,78.41554293825408,0.3329341411590576,78.4119030953099,0.33244808835848283
4805,78.41554293825408,0.3378167152404785,78.41190385282144,0.33244920565856234
4806,78.41554293825408,0.3361868858337402,78.41190461001774,0.33244998336979315
4807,78.41554293825408,0.3366904258728027,78.41190536689902,0.33245086550886177
4808,78.41554293825408,0.3358914852142334,78.41190612346544,0.33245158111196194
4809,78.41554293825408,0.3214509487152099,78.41190687971722,0.33244929360262593
4810,78.41554293825408,0.3359925746917724,78.41190763565456,0.332450030251501
4811,78.41554293825408,0.3341617584228515,78.41190839127763,0.33245038604617394
4812,78.41554293825408,0.3221540451049804,78.41190914658665,0.3324482463244488
4813,78.41554293825408,0.3352482318878174,78.41190990158181,0.33244882807918874
4814,78.41554293825408,0.335660457611084,78.4119106562633,0.3324494952228389
4815,78.41554293825408,0.3361737728118896,78.41191141063132,0.33245026869689687
4816,78.41554293825408,0.3364129066467285,78.41191216468607,0.33245109150378016
4817,78.41554293825408,0.3325345516204834,78.41191291842773,0.332451108829941
4818,78.41554293825408,0.337087869644165,78.41191367185651,0.33245207121284137
4819,78.41554293825408,0.3249392509460449,78.4119144249726,0.33245051221299354
4820,78.41554293825408,0.33589768409729,78.41191517777618,0.3324512273938824
4821,78.41554293825408,0.3336868286132812,78.41191593026747,0.3324514836895097
4822,78.23811213626686,0.3328673839569092,78.41187988634503,0.3324515699400837
4823,78.41554293825408,0.3121881484985351,78.41188064584159,0.33244736852572715
4824,78.41554293825408,0.3335082530975342,78.41188140502328,0.3324475884437561
4825,78.41554293825408,0.3349256515502929,78.41188216389028,0.33244810203196473
4826,78.41554293825408,0.3362858295440674,78.41188292244279,0.3324488972510928
4827,78.41554293825408,0.3170418739318847,78.41188368068099,0.3324457054086815
4828,78.41554293825408,0.3129036426544189,78.4118844386051,0.3324416577569097
4829,78.41554293825408,0.3334636688232422,78.41188519621531,0.33244186939722165
4830,78.41554293825408,0.3344385623931885,78.4118859535118,0.3324422827912167
4831,78.41554293825408,0.336810827255249,78.41188671049478,0.33244318706454806
4832,78.41554293825408,0.3349552154541015,78.41188746716443,0.3324437069379731
4833,78.41554293825408,0.3365881443023681,78.41188822352096,0.3324445644669125
4834,78.41554293825408,0.323136568069458,78.41188897956457,0.3324426389401443
4835,78.41554293825408,0.3383314609527588,78.41188973529543,0.3324438568971273
4836,78.41554293825408,0.3156065940856933,78.41189049071374,0.3324403752464219
4837,78.41554293825408,0.335557222366333,78.41189124581972,0.3324410196225062
4838,78.41554293825408,0.337012767791748,78.41189200061352,0.3324419645890563
4839,78.41554293825408,0.3356139659881592,78.41189275509538,0.33244262009668163
4840,78.41554293825408,0.3143737316131592,78.41189350926545,0.3324388868552594
4841,78.41554293825408,0.3133056163787842,78.41189426312395,0.3324349345168012
4842,78.41554293825408,0.3369863033294678,78.41189501667108,0.33243587449383805
4843,78.41554293825408,0.3170082569122314,78.411895769907,0.33243268894405864
4844,78.41554293825408,0.3322985172271728,78.41189652283194,0.3324326612455209
4845,78.41554293825408,0.3338377475738525,78.41189727544607,0.332432951253019
4846,78.41554293825408,0.3362462520599365,78.41189802774959,0.3324337381495949
4847,78.41554293825408,0.3343613147735595,78.41189877974269,0.3324341358340645
4848,78.41554293825408,0.333371639251709,78.41189953142555,0.3324343292134823
4849,78.41554293825408,0.3365945816040039,78.41190028279837,0.33243518717437953
4850,78.41554293825408,0.3180828094482422,78.41190103386137,0.3324322279212401
4851,78.41554293825408,0.3366129398345947,78.4119017846147,0.33243308974600067
4852,78.41554293825408,0.3372209072113037,78.41190253505857,0.3324340765179432
4853,78.41554293825408,0.3394668102264404,78.41190328519318,0.332435525669748
4854,78.41554293825408,0.3315415382385254,78.4119040350187,0.3324353414943398
4855,78.41554293825408,0.3363392353057861,78.41190478453532,0.3324361455919323
4856,78.41554293825408,0.3368721008300781,78.41190553374327,0.3324370590917754
4857,78.41554293825408,0.3344311714172363,78.41190628264269,0.33243746965638843
4858,78.41554293825408,0.3394277095794678,78.41190703123381,0.33243890856950553
4859,78.41554293825408,0.3335468769073486,78.4119077795168,0.3324391365934483
4860,78.41554293825408,0.3336589336395263,78.41190852749186,0.33243938758049485
4861,78.41554293825408,0.3356490135192871,78.41190927515916,0.3324400478614944
4862,78.41554293825408,0.3315978050231933,78.41191002251892,0.33243987463178676
4863,78.41554293825408,0.3361763954162597,78.4119107695713,0.3324406429889294
4864,78.41554293825408,0.3350949287414551,78.41191151631652,0.3324411886891252
4865,78.41554293825408,0.3327939510345459,78.41191226275474,0.33244126119937095
4866,78.41554293825408,0.3354306221008301,78.41191300888617,0.33244187553576665
4867,78.41554293825408,0.3366961479187011,78.411913754711,0.33244274964145454
4868,78.41554293825408,0.3342468738555908,78.41191450022939,0.33244312025037276
4869,78.41554293825408,0.3166420459747314,78.41191524544156,0.3324398750102258
4870,78.41554293825408,0.3386662006378174,78.41191599034768,0.3324411535165148
4871,78.41554293825408,0.3379380702972412,78.41191673494797,0.33244228201513537
4872,78.41554293825408,0.3354341983795166,78.41191747924256,0.33244289611947947
4873,78.41554293825408,0.3356060981750488,78.4119182232317,0.3324435452477486
4874,78.41554293825408,0.3358292579650879,78.41191896691554,0.3324442398954132
4875,78.41554293825408,0.3242251873016357,78.41191971029428,0.3324425539359068
4876,78.41554293825408,0.331096887588501,78.41192045336811,0.33244227795839504
4877,78.41554293825408,0.3335916996002197,78.41192119613721,0.33244251364050326
4878,78.41554293825408,0.3372533321380615,78.41192193860178,0.3324434998681576
4879,78.41554293825408,0.3348181247711181,78.41192268076199,0.33244398657135554
4880,78.41554293825408,0.3350453376770019,78.41192342261805,0.3324445196351067
4881,78.41554293825408,0.3145163059234619,78.41192416417012,0.3324408465734981
4882,78.41554293825408,0.3332424163818359,78.41192490541839,0.33244101076231586
4883,78.41554293825408,0.3303258419036865,78.41192564636307,0.33244057759236734
4884,78.41554293825408,0.3132321834564209,78.41192638700433,0.33243664466973505
4885,78.41554293825408,0.3347120285034179,78.41192712734237,0.33243711045967034
4886,78.41554293825408,0.3372857570648193,78.41192786737734,0.3324381028146857
4887,78.41554293825408,0.3337230682373047,78.41192860710947,0.3324383657501108
4888,78.41554293825408,0.3367130756378174,78.41192934653893,0.3324392402815936
4889,78.41554293825408,0.3303022384643554,78.4119300856659,0.33243880317751967
4890,78.41554293825408,0.332078218460083,78.41193082449057,0.33243872943831365
4891,78.41554293825408,0.3188438415527344,78.41193156301311,0.33243594986606145
4892,78.41554293825408,0.333353042602539,78.41193230123373,0.33243613733391436
4893,78.41554293825408,0.3344104290008545,78.4119330391526,0.3324365408269998
4894,78.41554293825408,0.327376127243042,78.41193377676991,0.33243550682340683
4895,78.41554293825408,0.311107873916626,78.41193451408586,0.33243114979931965
4896,78.41554293825408,0.3351163864135742,78.4119352511006,0.33243169825451047
4897,78.41554293825408,0.3160841464996338,78.41193598781433,0.3324283599756142
4898,78.41554293825408,0.3337504863739013,78.41193672422726,0.33242862990750444
4899,78.41554293825408,0.3387155532836914,78.41193746033953,0.33242991321499094
4900,78.41554293825408,0.3216183185577392,78.41193819615135,0.33242770676710165
4901,78.41554293825408,0.3166251182556152,78.41193893166292,0.3324244824070708
4902,78.41554293825408,0.3357219696044922,78.41193966687437,0.3324251550890776
4903,78.41554293825408,0.3377373218536377,78.41194040178594,0.3324262385414057
4904,78.41554293825408,0.3363254070281982,78.4119411363978,0.33242703364101556
4905,78.41554293825408,0.327277660369873,78.41194187071011,0.3324259838197574
4906,78.41554293825408,0.3365414142608642,78.41194260472307,0.33242682267634954
4907,78.41554293825408,0.3402357101440429,78.41194333843686,0.3324284140534573
4908,78.41554293825408,0.3377513885498047,78.41194407185165,0.33242949860408816
4909,78.41554293825408,0.3344123363494873,78.41194480496765,0.33242990252296073
4910,78.41554293825408,0.325589656829834,78.41194553778503,0.33242850939756496
4911,78.41554293825408,0.3329181671142578,78.41194627030396,0.3324286091038807
4912,78.41554293825408,0.3346424102783203,78.41194700252464,0.3324290597963023
4913,78.41554293825408,0.3315644264221191,78.41194773444724,0.33242888380742086
4914,78.41554293825408,0.3359646797180176,78.41194846607195,0.33242960334260824
4915,78.41554293825408,0.3392167091369629,78.41194919739895,0.33243098423900586
4916,78.41554293825408,0.3351657390594482,78.41194992842843,0.33243154053575535
4917,78.41554293825408,0.3357460498809814,78.41195065916055,0.33243221462754813
4918,78.41554293825408,0.3374297618865967,78.41195138959552,0.3324332308022653
4919,78.41554293825408,0.3351218700408935,78.41195211973348,0.3324337773847493
4920,78.41554293825408,0.3363986015319824,78.41195284957465,0.33243458324331576
4921,78.41554293825408,0.3216867446899414,78.4119535791192,0.3324323991672025
4922,78.41554293825408,0.3354671001434326,78.4119543083673,0.3324330157257105
4923,78.41554293825408,0.3345606327056885,78.41195503731913,0.33243344790466234
4924,78.41554293825408,0.3198449611663818,78.4119557659749,0.3324308913476481
4925,78.41554293825408,0.3283586502075195,78.41195649433476,0.33243006449665513
4926,78.41554293825408,0.3370814323425293,78.4119572223989,0.33243100874510134
4927,78.41554293825408,0.3200812339782715,78.41195795016749,0.3324285021945093
4928,78.41554293825408,0.3371517658233642,78.41195867764073,0.33242946064897944
4929,78.41554293825408,0.3339972496032715,78.41195940481879,0.3324297787234275
4930,78.41554293825408,0.317610502243042,78.41196013170185,0.33242677278499333
4931,78.41554293825408,0.3370873928070068,78.41196085829007,0.33242771795230663
4932,78.41554293825408,0.3347551822662353,78.41196158458366,0.332428189863157
4933,78.41554293825408,0.318225622177124,78.4119623105828,0.3324253107697684
4934,78.41554293825408,0.3365557193756103,78.41196303628763,0.3324261479016301
4935,78.41554293825408,0.3362200260162353,78.41196376169837,0.33242691667125823
4936,78.41554293825408,0.3321359157562256,78.4119644868152,0.3324268577164537
4937,78.41554293825408,0.3365981578826904,78.41196521163825,0.33242770262230065
4938,78.41554293825408,0.3329348564147949,78.41196593616775,0.33242780532659233
4939,78.41554293825408,0.3390922546386719,78.41196666040385,0.3324291546785486
4940,78.41554293825408,0.3301095962524414,78.41196738434674,0.33242868513230855
4941,78.41554293825408,0.3348472118377685,78.4119681079966,0.332429174613528
4942,78.41554293825408,0.3310716152191162,78.41196883135359,0.3324288999151479
4943,78.41554293825408,0.334291934967041,78.41196955441791,0.33242927681886064
4944,78.41554293825408,0.3381588459014892,78.41197027718972,0.3324304357122835
4945,78.41554293825408,0.3351294994354248,78.41197099966922,0.3324309815290121
4946,78.41554293825408,0.3339133262634277,78.41197172185656,0.33243128123478133
4947,78.41554293825408,0.332045316696167,78.41197244375194,0.33243120321486247
4948,78.41554293825408,0.3274812698364258,78.41197316535552,0.33243020282412306
4949,78.41554293825408,0.3357665538787842,78.4119738866675,0.33243087697062834
4950,78.41554293825408,0.3376376628875732,78.41197460768802,0.3324319288465712
4951,78.41554293825408,0.3277792930603027,78.41197532841728,0.33243098910999547
4952,78.41554293825408,0.3372914791107178,78.41197604885546,0.3324319706305934
4953,78.41554293825408,0.3282999992370605,78.41197676900273,0.33243113639449534
4954,78.41554293825408,0.335108995437622,78.41197748885926,0.3324316769393163
4955,78.41554293825408,0.3319220542907715,78.41197820842525,0.332431574089135
4956,78.41554293825408,0.3352751731872558,78.41197892770084,0.3324321478581217
4957,78.41554293825408,0.3250341415405273,78.41197964668623,0.3324306554219067
4958,78.41554293825408,0.3342819213867187,78.4119803653816,0.3324310288115729
4959,78.41554293825408,0.3356051445007324,78.4119810837871,0.33243166888329884
4960,78.41554293825408,0.3344185352325439,78.41198180190293,0.33243206946119186
4961,78.41554293825408,0.3322265148162842,78.41198251972925,0.3324320280270768
4962,78.41554293825408,0.3369150161743164,78.41198323726624,0.33243293149103226
4963,78.41554293825408,0.3357360363006592,78.41198395451407,0.3324335970370346
4964,78.41554293825408,0.3370656967163086,78.41198467147294,0.3324345301755679
4965,78.41554293825408,0.3325045108795166,78.41198538814298,0.33243454427037233
4966,78.41554293825408,0.3369414806365967,78.4119861045244,0.33243545182904455
4967,78.41554293825408,0.3387620449066162,78.41198682061737,0.3324367255542464
4968,78.41554293825408,0.3360848426818847,78.41198753642205,0.33243745987733975
4969,78.41554293825408,0.3363800048828125,78.41198825193862,0.332438253305596
4970,78.41554293825408,0.3364930152893066,78.41198896716726,0.33243906915307764
4971,78.41554293825408,0.3373212814331054,78.41198968210814,0.33244005129193904
4972,78.41554293825408,0.3322796821594238,78.41199039676144,0.3324400190374876
4973,78.41554293825408,0.3368659019470215,78.41199111112732,0.332440909019975
4974,78.41554293825408,0.3340542316436767,78.41199182520596,0.3324412333711257
4975,78.41554293825408,0.3354623317718506,78.41199253899754,0.33244184062708565
4976,78.41554293825408,0.3342640399932861,78.41199325250221,0.33244220682470743
4977,78.41554293825408,0.3189816474914551,78.41199396572017,0.3324395022718979
4978,78.41554293825408,0.3366115093231201,78.41199467865158,0.3324403403608997
4979,78.41554293825408,0.3353850841522217,78.41199539129661,0.3324409317936757
4980,78.41554293825408,0.33516526222229,78.41199610365544,0.3324414788479786
4981,78.41554293825408,0.3371930122375488,78.41199681572824,0.3324424327795966
4982,78.41554293825408,0.3353400230407715,78.4119975275152,0.3324430143914516
4983,78.41554293825408,0.3323934078216553,78.41199823901646,0.33244300443629005
4984,78.41554293825408,0.3360860347747803,78.41199895023219,0.33244373538138206
4985,78.41554293825408,0.3348541259765625,78.4119996611626,0.3324442189100872
4986,78.41554293825408,0.3321447372436523,78.41200037180782,0.33244415884557327
4987,78.41554293825408,0.3353393077850342,78.41200108216806,0.33244473938476304
4988,78.41554293825408,0.3370974063873291,78.41200179224346,0.3324456721568165
4989,78.41554293825408,0.3343415260314941,78.4120025020342,0.33244605216360634
4990,78.41554293825408,0.3203799724578857,78.41200321154047,0.33244363411156114
4991,78.41554293825408,0.3396430015563965,78.41200392076242,0.33244507658149597
4992,78.41554293825408,0.3373525142669678,78.41200462970022,0.33244605964192975
4993,78.41554293825408,0.3347275257110595,78.41200533835405,0.3324465165748497
4994,78.41554293825408,0.3337471485137939,78.41200604672407,0.3324467770137642
4995,78.41554293825408,0.3358504772186279,78.41200675481048,0.3324474584352266
4996,78.41554293825408,0.3321828842163086,78.41200746261342,0.33244740547801704
4997,78.41554293825408,0.3344638347625732,78.41200817013306,0.33244780900599075
4998,78.41554293825408,0.3354067802429199,78.41200887736959,0.3324484010370506
4999,78.26472675656494,0.3174731731414795,78.41197941505295,0.3324454053923425
5000,78.41554293825408,0.3331141471862793,78.4119801277576,0.3324455391407013
5001,78.41554293825408,0.3342494964599609,78.41198084017722,0.33244589986002127
5002,78.41554293825408,0.3331093788146972,78.41198155231199,0.3324460325027551
5003,78.41554293825408,0.3271346092224121,78.41198226416208,0.3324449708550877
5004,78.41554293825408,0.3398256301879883,78.41198297572764,0.33244644580699273
5005,78.41554293825408,0.3370559215545654,78.41198368700887,0.33244736678116804
5006,78.41554293825408,0.3245620727539062,78.41198439800593,0.33244579161256493
5007,78.41554293825408,0.3351213932037353,78.411985108719,0.3324463259847621
5008,78.41554293825408,0.3360309600830078,78.41198581914821,0.3324470417663312
5009,78.41554293825408,0.3344736099243164,78.41198652929378,0.33244744635170914
5010,78.41554293825408,0.3350350856781006,78.41198723915585,0.3324479628465847
5011,78.41554293825408,0.3309686183929443,78.4119879487346,0.33244766762717665
5012,78.41554293825408,0.3353257179260254,78.4119886580302,0.33244824185907984
5013,78.41554293825408,0.3352084159851074,78.41198936704282,0.33244879246233655
5014,78.41554293825408,0.3163971900939941,78.41199007577262,0.3324455911056616
5015,78.41554293825408,0.3287413120269775,78.41199078421978,0.33244485246576555
5016,78.41554293825408,0.3351397514343261,78.41199149238447,0.3324453897263255
5017,78.41554293825408,0.3348176479339599,78.41199220026685,0.3324458625702975
5018,78.41554293825408,0.3147745132446289,78.41199290786709,0.33244234097816405
5019,78.41554293825408,0.3340816497802734,78.41199361518537,0.3324426675987662
5020,78.41554293825408,0.3324751853942871,78.41199432222184,0.3324426740764147
5021,78.41554293825408,0.3337752819061279,78.41199502897668,0.3324429394832718
5022,78.41554293825408,0.3285276889801025,78.41199573545006,0.3324421598634982
5023,78.41554293825408,0.3366580009460449,78.41199644164215,0.33244299917090064
5024,78.41554293825408,0.3329355716705322,78.4119971475531,0.33244309721478993
5025,78.41554293825408,0.3346383571624756,78.4119978531831,0.3324435340824412
5026,78.41554293825408,0.3343486785888672,78.41199855853229,0.3324439131402419
5027,78.41554293825408,0.3379991054534912,78.41199926360088,0.3324450182113207
5028,78.41554293825408,0.3334918022155761,78.411999968389,0.3324452264022524
5029,78.41554293825408,0.3362319469451904,78.41200067289682,0.33244597937909526
5030,78.41554293825408,0.3362360000610351,78.41200137712454,0.33244673286233223
5031,78.41554293825408,0.3327467441558838,78.41200208107229,0.3324467924948692
5032,78.41554293825408,0.3327081203460693,78.41200278474027,0.332446844428067
5033,78.41554293825408,0.3110220432281494,78.4120034881286,0.33244258756313555
5034,78.41554293825408,0.3332748413085937,78.4120041912375,0.33244275288966424
5035,78.41554293825408,0.3356187343597412,78.4120048940671,0.3324433836704925
5036,78.41554293825408,0.3374965190887451,78.41200559661758,0.3324443870730775
5037,78.41554293825408,0.3342752456665039,78.4120062988891,0.33244475055502976
5038,78.41554293825408,0.3184330463409424,78.41200700088183,0.332441969351335
5039,78.41554293825408,0.3274850845336914,78.41200770259594,0.3324409856472632
5040,78.41554293825408,0.3362770080566406,78.4120084040316,0.3324417467628207
5041,78.28246983676365,0.3358919620513916,78.41198270703353,0.33244243119354644
5042,78.41554293825408,0.3350472450256347,78.4119834131484,0.33244294781667855
5043,78.41554293825408,0.3289377689361572,78.41198411898326,0.3324422527584036
5044,78.41554293825408,0.3353118896484375,78.41198482453824,0.3324428216792779
5045,78.41554293825408,0.3330750465393066,78.4119855298135,0.3324429469963958
5046,78.41554293825408,0.3362352848052978,78.41198623480923,0.33244369854966754
5047,78.41554293825408,0.3355510234832763,78.41198693952559,0.33244431422728465
5048,78.41554293825408,0.3340063095092773,78.41198764396275,0.33244462365582705
5049,78.41554293825408,0.333956241607666,78.41198834812087,0.3324449230453996
5050,78.41554293825408,0.3339688777923584,78.41198905200011,0.3324452248186168
5051,78.41554293825408,0.3351600170135498,78.41198975560063,0.3324457622947987
5052,78.41554293825408,0.3345201015472412,78.41199045892262,0.33244617289243383
5053,78.41554293825408,0.3378221988677978,78.41199116196623,0.3324472368199967
5054,78.41554293825408,0.320535659790039,78.41199186473163,0.3324448799586928
5055,78.41554293825408,0.3368899822235107,78.41199256721897,0.33244575930632186
5056,78.41554293825408,0.3284065723419189,78.41199326942845,0.33244496041649507
5057,78.41554293825408,0.3328289985656738,78.41199397136019,0.3324450363583873
5058,78.41554293825408,0.3353471755981445,78.41199467301439,0.332445610130479
5059,78.41554293825408,0.332521915435791,78.4119953743912,0.3324456252135597
5060,78.41554293825408,0.338233470916748,78.41199607549078,0.33244676905658405
5061,78.41554293825408,0.3351056575775146,78.4119967763133,0.33244729442479604
5062,78.41554293825408,0.3378419876098633,78.41199747685893,0.33244836014845963
5063,78.41554293825408,0.3351075649261474,78.41199817712783,0.33244888537160355
5064,78.41554293825408,0.3354842662811279,78.41199887712015,0.33244948477541664
5065,78.41554293825408,0.3351697921752929,78.41199957683608,0.33245002185486383
5066,78.41554293825408,0.3361740112304687,78.41200027627576,0.3324507569494899
5067,78.41554293825408,0.3369505405426025,78.41200097543937,0.33245164500624796
5068,78.41554293825408,0.3394017219543457,78.41200167432707,0.3324530163710759
5069,78.41554293825408,0.3314771652221679,78.41200237293901,0.332452823857533
5070,78.41554293825408,0.3257434368133545,78.41200307127538,0.3324515005070312
5071,78.41554293825408,0.3246002197265625,78.41200376933631,0.33244995223631923
5072,78.41554293825408,0.3323543071746826,78.41200446712199,0.33244993337885437
5073,78.41554293825408,0.3347680568695068,78.41200516463256,0.33245039033203605
5074,78.41554293825408,0.3354818820953369,78.41200586186821,0.3324509877880399
5075,78.41554293825408,0.3368721008300781,78.41200655882908,0.3324518589433191
5076,78.41554293825408,0.3320903778076172,78.41200725551533,0.33245178772954137
5077,78.41554293825408,0.3176512718200683,78.41200795192715,0.33244887252057753
5078,78.41554293825408,0.3352456092834472,78.41200864806467,0.33244942327614324
5079,78.41554293825408,0.3349621295928955,78.41200934392808,0.3324499180007577
5080,78.41554293825408,0.3316714763641357,78.41201003951751,0.33244976476421506
5081,78.41554293825408,0.3368310928344726,78.41201073483315,0.3324506270606272
5082,78.41554293825408,0.3177711963653564,78.41201142987515,0.332447738546126
5083,78.41554293825408,0.3351695537567138,78.41201212464368,0.33244827402029686
5084,78.41554293825408,0.3373939990997314,78.41201281913888,0.33244924682224014
5085,78.41554293825408,0.3357851505279541,78.41201351336093,0.33244990285050086
5086,78.41554293825408,0.3357040882110595,78.41201420731,0.3324505426824632
5087,78.41554293825408,0.3335161209106445,78.41201490098622,0.332450752153316
5088,78.41554293825408,0.3336217403411865,78.41201559438979,0.3324509823003655
5089,78.41554293825408,0.3339231014251709,78.41201628752083,0.3324512715751002
5090,78.41554293825408,0.3330624103546142,78.41201698037952,0.33245139164165805
5091,78.41554293825408,0.3383984565734863,78.41201767296603,0.3324525597942669
5092,78.41554293825408,0.3351871967315674,78.4120183652805,0.3324530968400127
5093,78.04737402413059,0.3193485736846924,78.41194676811946,0.3324505237940368
5094,78.41554293825408,0.3357357978820801,78.41194747408142,0.3324511687241679
5095,78.41554293825408,0.3365418910980224,78.41194817976624,0.3324519716137408
5096,78.41554293825408,0.3248927593231201,78.41194888517411,0.3324504882518313
5097,78.41554293825408,0.3345348834991455,78.4119495903052,0.33245089719733795
5098,78.41554293825408,0.3348088264465332,78.41195029515964,0.332451359717787
5099,78.41554293825408,0.3236453533172607,78.41195099973763,0.33244963271123656
5100,78.41554293825408,0.3372461795806885,78.4119517040393,0.33245057321062277
5101,78.41554293825408,0.3336029052734375,78.41195240806483,0.33245079911379133
5102,78.41554293825408,0.3181548118591308,78.41195311181438,0.3324479970778731
5103,78.41554293825408,0.334951639175415,78.41195381528811,0.33244848769948737
5104,78.41554293825408,0.3334224224090576,78.4119545184862,0.33244867851741633
5105,78.41554293825408,0.3372120857238769,78.41195522140877,0.3324496116040386
5106,78.41554293825408,0.3338518142700195,78.41195592405603,0.3324498862226571
5107,78.41554293825408,0.3349957466125488,78.41195662642811,0.3324503847267475
5108,78.41554293825408,0.3349161148071289,78.41195732852519,0.33245086744602714
5109,78.41554293825408,0.338019847869873,78.4119580303474,0.3324519574793847
5110,78.41554293825408,0.3182754516601562,78.41195873189496,0.3324491832121011
5111,78.41554293825408,0.3321621417999267,78.41195943316797,0.3324491270506039
5112,78.41554293825408,0.3343279361724853,78.41196013416662,0.33244949457977485
5113,78.41554293825408,0.3327474594116211,78.41196083489108,0.3324495528557052
5114,78.41554293825408,0.3325905799865722,78.41196153534148,0.3324495804323831
5115,78.41554293825408,0.3335921764373779,78.411962235518,0.3324498038138113
5116,78.41554293825408,0.3190715312957763,78.41196293542082,0.33244718882700164
5117,78.41554293825408,0.3330521583557129,78.41196363505007,0.3324473070543866
5118,78.41554293825408,0.334876537322998,78.41196433440591,0.3324477816988314
5119,78.41554293825408,0.3335790634155273,78.41196503348853,0.3324480026954551
5120,78.41554293825408,0.3375611305236816,78.41196573229806,0.3324490013532341
5121,78.41554293825408,0.3334648609161377,78.41196643083467,0.33244919972456055
5122,78.41554293825408,0.3346288204193115,78.41196712909851,0.33244962526550054
5123,78.41554293825408,0.3361754417419433,78.41196782708977,0.33245035253789496
5124,78.41554293825408,0.3322546482086181,78.41196852480857,0.33245031434423195
5125,78.41554293825408,0.3356657028198242,78.41196922225511,0.3324509417371052
5126,78.41554293825408,0.3336598873138428,78.41196991942952,0.3324511775829064
5127,78.41554293825408,0.3333570957183838,78.41197061633197,0.3324513542784662
5128,78.41554293825408,0.3310165405273437,78.4119713129626,0.3324510744785928
5129,78.41554293825408,0.3339309692382812,78.41197200932162,0.33245136301334804
5130,78.41554293825408,0.3304817676544189,78.41197270540913,0.3324509790766309
5131,78.41554293825408,0.3333094120025635,78.41197340122532,0.33245114637987117
5132,78.41554293825408,0.3369455337524414,78.41197409677034,0.3324520221373483
5133,78.41554293825408,0.3376312255859375,78.41197479204436,0.3324530311386046
5134,78.41554293825408,0.3341977596282959,78.41197548704751,0.3324533709766431
5135,78.41554293825408,0.3352298736572265,78.41197618177999,0.3324539116782362
5136,78.41554293825408,0.3248388767242431,78.41197687624192,0.332452429000091
5137,78.41554293825408,0.3350617885589599,78.41197757043348,0.33245293695406386
5138,78.41554293825408,0.3353121280670166,78.41197826435483,0.33245349343345526
5139,78.41554293825408,0.318605899810791,78.4119789580061,0.33245079882484996
5140,78.41554293825408,0.3242368698120117,78.41197965138748,0.332449200784186
5141,78.41554293825408,0.3348116874694824,78.41198034449911,0.3324496603225414
5142,78.41554293825408,0.3335559368133545,78.41198103734115,0.3324498754677166
5143,78.41554293825408,0.3182375431060791,78.41198172991376,0.3324471120354083
5144,78.41554293825408,0.3251428604125976,78.4119824222171,0.3324456920798051
5145,78.41554293825408,0.3348488807678222,78.41198311425133,0.33244615917187276
5146,78.41554293825408,0.3361027240753174,78.41198380601658,0.3324468697363701
5147,78.41554293825408,0.3360521793365478,78.41198449751303,0.33244757020452637
5148,78.41554293825408,0.3254487514495849,78.41198518874084,0.3324462106826237
5149,78.41554293825408,0.317371129989624,78.41198587970017,0.33244328291399033
5150,78.41554293825408,0.3329362869262695,78.41198657039115,0.3324433786429248
5151,78.41554293825408,0.335263729095459,78.41198726081396,0.332443926177472
5152,78.41554293825408,0.3349409103393554,78.41198795096875,0.3324444108405469
5153,78.41554293825408,0.3303446769714355,78.41198864085567,0.3324440033625983
5154,78.41554293825408,0.3324410915374756,78.41198933047488,0.33244400279763414
5155,78.41554293825408,0.3355884552001953,78.41199001982655,0.3324446127787016
5156,78.41554293825408,0.3353407382965088,78.4119907089108,0.3324451744787632
5157,78.41554293825408,0.3329043388366699,78.41199139772783,0.3324452635158696
5158,78.41554293825408,0.3316295146942138,78.41199208627776,0.33244510536371347
5159,78.41554293825408,0.3366835117340088,78.41199277456076,0.3324459269195131
5160,78.41554293825408,0.3293240070343017,78.41199346257699,0.3324453218962795
5161,78.41554293825408,0.3283360004425049,78.41199415032659,0.3324445256704601
5162,78.41554293825408,0.3368220329284668,78.41199483780973,0.3324453736958879
5163,78.41554293825408,0.3155610561370849,78.41199552502655,0.33244210344263225
5164,78.41554293825408,0.3197884559631347,78.41199621197723,0.33243965308487095
5165,78.41554293825408,0.3336818218231201,78.4119968986619,0.3324398935822065
5166,78.41554293825408,0.3358304500579834,78.41199758508071,0.33244054990363037
5167,78.41554293825408,0.3216819763183594,78.41199827123384,0.3324384677333991
5168,78.41554293825408,0.3385891914367676,78.41199895712143,0.3324396578889144
5169,78.41554293825408,0.324852705001831,78.41199964274362,0.3324381901092884
5170,78.41554293825408,0.330165147781372,78.41200032810059,0.3324377504492636
5171,78.41554293825408,0.3336043357849121,78.41200101319248,0.3324379760507596
5172,78.41554293825408,0.3388447761535644,78.41200169801945,0.33243921479787925
5173,78.41554293825408,0.3333816528320312,78.41200238258166,0.3324393969819183
5174,78.41554293825408,0.3349990844726562,78.41200306687924,0.33243989170311866
5175,78.41554293825408,0.336275577545166,78.41200375091236,0.3324406328984505
5176,78.41554293825408,0.3335485458374023,78.41200443468118,0.3324408469465453
5177,78.41554293825408,0.3326869010925293,78.41200511818583,0.33244089447487174
5178,78.41554293825408,0.3153941631317138,78.41200580142647,0.3324376023289963
5179,78.41554293825408,0.332874059677124,78.41200648440328,0.3324376866034408
5180,78.41554293825408,0.3322265148162842,78.41200716711639,0.33243764583668656
5181,78.41554293825408,0.3152775764465332,78.41200784956594,0.33243433372138254
5182,78.41554293825408,0.3099308013916015,78.41200853175211,0.3324299910868148
5183,78.41554293825408,0.3352305889129638,78.41200921367503,0.33243053142982587
5184,78.41554293825408,0.334357738494873,78.41200989533488,0.33243090319044794
5185,78.41554293825408,0.3295249938964844,78.41201057673177,0.3324303427450682
5186,78.41554293825408,0.3363676071166992,78.4120112578659,0.33243110195532116
5187,78.41554293825408,0.3341827392578125,78.4120119387374,0.33243143965289246
5188,78.41554293825408,0.3332729339599609,78.4120126193464,0.3324316018530288
5189,78.41554293825408,0.3170444965362549,78.41201329969309,0.3324286365214973
5190,78.41554293825408,0.3336334228515625,78.41201397977758,0.3324288686575917
5191,78.41554293825408,0.3336694240570068,78.41201465960008,0.3324291076395604
5192,78.41554293825408,0.3322920799255371,78.41201533916067,0.3324290812474737
5193,78.41554293825408,0.3235397338867187,78.41201601845957,0.3324273694532583
5194,78.41554293825408,0.3288166522979736,78.41201669749688,0.3324266742824544
5195,78.41554293825408,0.3252184391021728,78.41201737627279,0.33242528674921473
5196,78.41554293825408,0.3328430652618408,78.41201805478741,0.3324253671530855
5197,78.41554293825408,0.3333199024200439,78.41201873304092,0.33242553927840146
5198,78.41554293825408,0.3332750797271728,78.41201941103346,0.3324257027144247
5199,78.41554293825408,0.3228046894073486,78.41202008876519,0.3324238521636828
5200,78.41554293825408,0.3188233375549316,78.41202076623625,0.3324212366801042
5201,78.41554293825408,0.3346040248870849,78.41202144344679,0.3324216563663582
5202,78.41554293825408,0.3356471061706543,78.41202212039697,0.33242227640668964
5203,78.41554293825408,0.3339922428131103,78.41202279708693,0.33242257814922405
5204,78.41554293825408,0.3356785774230957,78.41202347351684,0.3324232038216441
5205,78.41554293825408,0.3363957405090332,78.41202414968681,0.33242396703714594
5206,78.41554293825408,0.3253200054168701,78.41202482559704,0.3324226024651866
5207,78.41554293825408,0.3340282440185547,78.41202550124764,0.3324229108273056
5208,78.41554293825408,0.3144941329956054,78.41202617663878,0.332419468281639
5209,78.41554293825408,0.3364081382751465,78.41202685177059,0.3324202340082647
5210,78.41554293825408,0.3248100280761719,78.41202752664324,0.3324187733161472
5211,78.41554293825408,0.337177038192749,78.41202820125687,0.3324196864354864
5212,78.41554293825408,0.3389041423797607,78.41202887561164,0.33242093057515343
5213,78.41554293825408,0.3346960544586181,78.41202954970768,0.3324213670078953
5214,78.41554293825408,0.3329472541809082,78.41203022354516,0.3324214678684962
5215,78.41554293825408,0.3303923606872558,78.4120308971242,0.3324210787779533
5216,78.41554293825408,0.3349583148956299,78.41203157044498,0.33242156521125804
5217,78.41554293825408,0.3134381771087646,78.41203224350762,0.33241792645563173
5218,78.41554293825408,0.3353364467620849,78.4120329163123,0.33241848577343674
5219,78.41554293825408,0.336970567703247,78.41203358885913,0.3324193579868741
5220,78.41554293825408,0.3200540542602539,78.41203426114829,0.3324169891547426
5221,78.41554293825408,0.3338379859924316,78.41203493317992,0.3324172613242193
5222,78.41554293825408,0.3275094032287597,78.41203560495417,0.33241632148161193
5223,78.41554293825408,0.3356697559356689,78.41203627647117,0.33241694438692576
5224,78.41554293825408,0.3258371353149414,78.4120369477311,0.3324156848522642
5225,78.41554293825408,0.33660888671875,78.41203761873408,0.3324164873789372
5226,78.41554293825408,0.3363265991210937,78.41203828948025,0.33241723558248526
5227,78.41554293825408,0.3340609073638916,78.41203895996979,0.3324175500404499
5228,78.41554293825408,0.3347198963165283,78.41203963020283,0.33241799042803144
5229,78.41554293825408,0.3228306770324707,78.41204030017951,0.3324161569391434
5230,78.41554293825408,0.3337104320526123,78.41204096989999,0.3324164044104844
5231,78.41554293825408,0.3127801418304443,78.4120416393644,0.3324126505847188
5232,78.41554293825408,0.3100180625915527,78.41204230857291,0.332408370273558
5233,78.41554293825408,0.3367464542388916,78.41204297752566,0.33240919925960144
5234,78.41554293825408,0.3361847400665283,78.41204364622278,0.3324099206086284
5235,78.41554293825408,0.3338980674743652,78.41204431466444,0.33241020487737066
5236,78.2514194464159,0.3340497016906738,78.41201363764606,0.33241051799746485
5237,78.41554293825408,0.3360755443572998,78.41201431156254,0.33241121783064415
5238,78.41554293825408,0.3338141441345215,78.4120149852217,0.33241148566689915
5239,78.41554293825408,0.3328120708465576,78.4120156586237,0.33241156212904455
5240,78.41554293825408,0.3365137577056885,78.41201633176868,0.3324123449907958
5241,78.41554293825408,0.3304257392883301,78.41201700465678,0.3324119659399081
5242,78.41554293825408,0.3203461170196533,78.41201767728815,0.3324096641755204
5243,78.41554293825408,0.3385324478149414,78.41201834966293,0.3324108319770919
5244,78.41554293825408,0.3354647159576416,78.41201902178128,0.3324114143348304
5245,78.41554293825408,0.3273878097534179,78.41201969364333,0.33241045654558704
5246,78.41554293825408,0.3132686614990234,78.41202036524925,0.33240680770932196
5247,78.41554293825408,0.3321485519409179,78.41202103659917,0.3324067584896215
5248,78.41554293825408,0.3349630832672119,78.41202170769324,0.3324072455941904
5249,78.41554293825408,0.326362133026123,78.4120223785316,0.33240609392481185
5250,78.41554293825408,0.3274431228637695,78.41202304911441,0.33240514859699066
5251,78.41554293825408,0.335442304611206,78.41202371944182,0.3324057269927275
5252,78.41554293825408,0.3348028659820556,78.41202438951395,0.33240618341675443
5253,78.41554293825408,0.3279228210449219,78.41202505933096,0.3324053299306757
5254,78.41554293825408,0.3338418006896972,78.412025728893,0.33240560333584485
5255,78.41554293825408,0.3380801677703857,78.41202639820021,0.33240668317684097
5256,78.41554293825408,0.3260197639465332,78.41202706725274,0.3324054680095597
5257,78.41554293825408,0.3344123363494873,78.41202773605072,0.3324058497611937
5258,78.41554293825408,0.316556453704834,78.41202840459432,0.3324028354218905
5259,78.41554293825408,0.3342452049255371,78.41202907288367,0.33240318574885447
5260,78.41554293825408,0.3341381549835205,78.41202974091891,0.3324035155909143
5261,78.26472675656494,0.3371274471282959,78.41200174187227,0.3324044135060516
5262,78.41554293825408,0.3211448192596435,78.41200241484765,0.3324022737123902
5263,78.41554293825408,0.3349838256835937,78.41200308756729,0.33240276422198
5264,78.41554293825408,0.3356537818908691,78.41200376003133,0.33240338181652196
5265,78.41554293825408,0.3357291221618652,78.41200443223991,0.3324040134861032
5266,78.41554293825408,0.3076756000518799,78.41200510419321,0.33239931762331665
5267,78.41554293825408,0.3364186286926269,78.41200577589134,0.332400080735348
5268,78.41554293825408,0.3244290351867676,78.41200644733448,0.33239856762875186
5269,78.41554293825408,0.3338432312011719,78.41200711852274,0.3323988418104889
5270,78.41554293825408,0.3371946811676025,78.41200778945627,0.3323997518369324
5271,78.41554293825408,0.3347694873809814,78.41200846013524,0.3324002014168117
5272,78.41554293825408,0.3339545726776123,78.41200913055978,0.3324004962520281
5273,78.41554293825408,0.3363397121429443,78.41200980073002,0.33240124330605636
5274,78.41554293825408,0.3169326782226562,78.41201047064614,0.33239831032064043
5275,78.41554293825408,0.3300912380218506,78.41201114030824,0.33239787296096296
5276,78.41554293825408,0.3338809013366699,78.4120118097165,0.3323981540504959
5277,78.41554293825408,0.3351061344146728,78.41201247887105,0.3323986672171368
5278,78.28690560681333,0.338508129119873,78.41198877540911,0.3323998247506538
5279,78.41554293825408,0.3329269886016845,78.41198944867354,0.33239992461120527
5280,78.41554293825408,0.3300559520721435,78.41199012168293,0.33239948067701225
5281,78.41554293825408,0.3360333442687988,78.41199079443746,0.33240016877843087
5282,78.41554293825408,0.3353631496429443,78.41199146693724,0.332400729736565
5283,78.41554293825408,0.3344836235046386,78.41199213918242,0.33240112400000776
5284,78.41554293825408,0.3340115547180176,78.41199281117316,0.33240142877493545
5285,78.41554293825408,0.3368334770202636,78.41199348290961,0.33240226738387496
5286,78.41554293825408,0.3341298103332519,78.4119941543919,0.3324025941986592
5287,78.41554293825408,0.3351235389709472,78.41199482562017,0.3324031088468098
5288,78.41554293825408,0.3340728282928467,78.41199549659459,0.3324034246031347
5289,78.41554293825408,0.3359627723693847,78.41199616731527,0.33240409757491884
5290,78.41554293825408,0.3178534507751465,78.41199683778237,0.33240134698006063
5291,78.41554293825408,0.3330600261688232,78.41199750799603,0.3324014714705518
5292,78.41554293825408,0.3360204696655273,78.4119981779564,0.3324021553326446
5293,78.41554293825408,0.3342568874359131,78.41199884766363,0.3324025057449067
5294,78.41554293825408,0.3148338794708252,78.41199951711783,0.332399187152864
5295,78.41554293825408,0.317800760269165,78.41200018631919,0.3323964301317339
5296,78.41554293825408,0.3356680870056152,78.41200085526782,0.33239704789171765
5297,78.41554293825408,0.3288462162017822,78.41200152396388,0.3323963775440322
5298,78.41554293825408,0.3360426425933838,78.4120021924075,0.3323970657782808
5299,78.41554293825408,0.3358559608459472,78.41200286059883,0.33239771852315114
5300,78.41554293825408,0.339606761932373,78.41200352853802,0.3323990787200208
5301,78.41554293825408,0.334683895111084,78.4120041962252,0.3323995097361293
5302,78.41554293825408,0.335845947265625,78.41200486366051,0.33240015976206844
5303,78.41554293825408,0.3297610282897949,78.41200553084411,0.3323996620944327
5304,78.41554293825408,0.3308174610137939,78.41200619777614,0.33239936379106155
5305,78.41554293825408,0.3378651142120361,78.41200686445673,0.3324003940927432
5306,78.41554293825408,0.3369483947753906,78.41200753088602,0.332401251235729
5307,78.41554293825408,0.3325033187866211,78.41200819706415,0.3324012704683559
5308,78.41554293825408,0.3305330276489258,78.41200886299129,0.3324009185009822
5309,78.41554293825408,0.3252325057983398,78.41200952866755,0.3323995682631403
5310,78.41554293825408,0.3353121280670166,78.4120101940931,0.33240011676781145
5311,78.41554293825408,0.3319811820983886,78.41201085926805,0.3324000378872486
5312,78.41554293825408,0.3371877670288086,78.41201152419256,0.33240093919168034
5313,78.41554293825408,0.3372113704681396,78.41201218886677,0.3324018445994117
5314,78.41554293825408,0.3334934711456299,78.41201285329083,0.33240205002405343
5315,78.41554293825408,0.3099715709686279,78.41201351746486,0.33239782980221794
5316,78.41554293825408,0.3150527477264404,78.41201418138901,0.332394566995206
5317,78.41554293825408,0.3360862731933594,78.41201484506344,0.332395261316477
5318,78.41554293825408,0.3313357830047607,78.41201550848827,0.3323950620915218
5319,78.41554293825408,0.3178772926330566,78.41201617166364,0.33239233267443996
5320,78.41554293825408,0.3352088928222656,78.41201683458969,0.33239286210303914
5321,78.41554293825408,0.311854600906372,78.41201749726658,0.3323890022531619
5322,78.41554293825408,0.3172900676727295,78.41201815969441,0.33238616517413516
5323,78.41554293825408,0.3351731300354004,78.41201882187337,0.3323866887444642
5324,78.41554293825408,0.3340218067169189,78.41201948380358,0.3323869958665477
5325,78.41554293825408,0.3361315727233886,78.41202014548517,0.33238769907346916
5326,78.41554293825408,0.3346984386444092,78.41202080691829,0.3323881329336965
5327,78.41554293825408,0.3261899948120117,78.41202146810308,0.33238696940110374
5328,78.41554293825408,0.3315739631652832,78.41202212903967,0.3323868168098433
5329,78.41554293825408,0.3303394317626953,78.41202278972821,0.33238643261298695
5330,78.41554293825408,0.328895092010498,78.41202345016885,0.33238577757722665
5331,78.41554293825408,0.3324058055877685,78.4120241103617,0.3323857813341223
5332,78.41554293825408,0.324404239654541,78.41202477030691,0.332384284420829
5333,78.41554293825408,0.3355364799499511,78.41202543000465,0.33238487549443285
5334,78.41554293825408,0.3346545696258545,78.41202608945501,0.3323853010088932
5335,78.41554293825408,0.3366479873657226,78.41202674865818,0.3323861000128963
5336,78.41554293825408,0.334148645401001,78.41202740761425,0.33238643032500054
5337,78.41554293825408,0.3370077610015869,78.41202806632339,0.3323872962291933
5338,78.41554293825408,0.3272962570190429,78.41202872478573,0.3323863424938598
5339,78.41554293825408,0.3349385261535644,78.4120293830014,0.3323868205203928
5340,78.41554293825408,0.3365776538848877,78.41203004097055,0.3323876053206483
5341,78.41554293825408,0.3338587284088135,78.41203069869331,0.33238788076028286
5342,78.41554293825408,0.3354597091674804,78.41203135616985,0.3323884557936799
5343,78.41554293825408,0.3352344036102295,78.41203201340026,0.3323889884434678
5344,78.41554293825408,0.3355064392089844,78.4120326703847,0.3323895717987757
5345,78.41554293825408,0.3308854103088379,78.41203332712332,0.332389290384091
5346,78.41554293825408,0.3371767997741699,78.41203398361624,0.3323901859152152
5347,78.41554293825408,0.3333048820495605,78.4120346398636,0.3323903569823808
5348,78.41554293825408,0.3349809646606445,78.41203529586555,0.3323908413892017
5349,78.41554293825408,0.324862003326416,78.41203595162223,0.33238943386666236
5350,78.41554293825408,0.3352477550506592,78.41203660713374,0.33238996813230426
5351,78.41554293825408,0.3335480690002441,78.41203726240028,0.3323901845593026
5352,78.41554293825408,0.3341774940490722,78.41203791742193,0.33239051851100093
5353,78.41554293825408,0.3165500164031982,78.41203857219884,0.33238755932883995
5354,78.30021291696238,0.3375749588012695,78.41201768582319,0.33238852821181947
5355,78.41554293825408,0.333991527557373,78.41201834413364,0.3323888275581025
5356,78.41554293825408,0.3338668346405029,78.41201900219826,0.332389103511628
5357,78.41554293825408,0.3338735103607178,78.41201966001721,0.3323893806082957
5358,78.41554293825408,0.3350603580474853,78.41202031759062,0.3323898791109906
5359,78.41554293825408,0.3323149681091308,78.4120209749186,0.3323898651324495
5360,78.41554293825408,0.3346867561340332,78.41202163200131,0.33239029365689005
5361,78.41554293825408,0.3194558620452881,78.4120222888389,0.3323878809667928
5362,78.41554293825408,0.3296637535095215,78.41202294543149,0.3323873729236266
5363,78.41554293825408,0.3302366733551025,78.41202360177921,0.33238697189816163
5364,78.41554293825408,0.335054874420166,78.41202425788221,0.3323874692699964
5365,78.41554293825408,0.3345470428466797,78.41202491374062,0.33238787180002005
5366,78.41554293825408,0.3324198722839355,78.4120255693546,0.33238787776358397
5367,78.41554293825408,0.3333518505096435,78.41202622472424,0.3323880573746788
5368,78.41554293825408,0.3358700275421142,78.41202687984972,0.33238870602783965
5369,78.41554293825408,0.3336215019226074,78.41202753473115,0.3323889356415284
5370,78.41554293825408,0.3342983722686767,78.4120281893687,0.33238929121631927
5371,78.41554293825408,0.3361186981201172,78.41202884376246,0.3323899855761971
5372,78.41554293825408,0.3302271366119385,78.41202949791258,0.33238958296097665
5373,78.41554293825408,0.3354678153991699,78.41203015181922,0.3323901558685587
5374,78.41554293825408,0.3353197574615478,78.4120308054825,0.3323907010121376
5375,78.41554293825408,0.3218770027160644,78.41203145890256,0.3323887449752453
5376,78.41554293825408,0.3180947303771972,78.41203211207953,0.3323860861183632
5377,78.41554293825408,0.318580150604248,78.41203276501355,0.33238351852760367
5378,78.41554293825408,0.3321480751037597,78.41203341770475,0.33238347474861074
5379,78.41554293825408,0.3281872272491455,78.41203407015327,0.33238269463195347
5380,78.41554293825408,0.3163130283355713,78.41203472235924,0.3323797077051326
5381,78.41554293825408,0.3361148834228515,78.4120353743228,0.3323804018466895
5382,78.41554293825408,0.3352835178375244,78.41203602604408,0.33238094125880224
5383,78.41554293825408,0.3329164981842041,78.41203667752322,0.3323810407492212
5384,78.41554293825408,0.3360395431518554,78.41203732876036,0.3323817202630404
5385,78.41554293825408,0.3387634754180908,78.41203797975564,0.3323829053614908
5386,78.41554293825408,0.331453800201416,78.41203863050916,0.3323827328577477
5387,78.41554293825408,0.3355348110198974,78.4120392810211,0.33238331798456455
5388,78.41554293825408,0.3221402168273926,78.41203993129156,0.33238141688932377
5389,78.41554293825408,0.3382298946380615,78.4120405813207,0.3323825021514779
5390,78.41554293825408,0.3341069221496582,78.41204123110863,0.3323828220809767
5391,78.41554293825408,0.3248946666717529,78.4120418806555,0.3323814330705131
5392,78.41554293825408,0.3355693817138672,78.41204252996144,0.33238202430727926
5393,78.41554293825408,0.3333227634429931,78.41204317902658,0.3323821987443525
5394,78.41554293825408,0.3377618789672851,78.41204382785106,0.33238319608959216
5395,78.41554293825408,0.336024522781372,78.41204447643501,0.33238387103429873
5396,78.41554293825408,0.3362550735473633,78.41204512477857,0.3323845884550758
5397,78.41554293825408,0.3365137577056885,78.41204577288187,0.3323853535410959
5398,78.41554293825408,0.3315653800964355,78.41204642074504,0.33238520163790125
5399,78.41554293825408,0.3110227584838867,78.41204706836822,0.33238124489718
5400,78.41554293825408,0.3320534229278564,78.41204771575154,0.33238118418940793
5401,78.41554293825408,0.3348293304443359,78.41204836289512,0.3323816374658854
5402,78.41554293825408,0.3102328777313232,78.41204900979912,0.3323775373622692
5403,78.41554293825408,0.3237807750701904,78.41204965646365,0.33237594625320166
5404,78.41554293825408,0.3360593318939209,78.41205030288886,0.33237662785676214
5405,78.41554293825408,0.320073127746582,78.41205094907488,0.33237435153851785
5406,78.41554293825408,0.3380613327026367,78.41205159502182,0.3323754035143159
5407,78.41554293825408,0.3321750164031982,78.41205224072985,0.33237536645363325
5408,78.41554293825408,0.3371486663818359,78.41205288619906,0.33237624909045427
5409,78.41554293825408,0.3341865539550781,78.41205353142962,0.33237658377428947
5410,78.41554293825408,0.3331022262573242,78.41205417642165,0.3323767179041385
5411,78.41554293825408,0.3214282989501953,78.41205482117527,0.33237469454081303
5412,78.41554293825408,0.3358571529388428,78.41205546569063,0.33237533801058355
5413,78.41554293825408,0.3290219306945801,78.41205610996785,0.33237471850064154
5414,78.41554293825408,0.3343241214752197,78.41205675400705,0.3323750785676853
5415,78.41554293825408,0.3189370632171631,78.41205739780841,0.33237259693973503
5416,78.41554293825408,0.3405773639678955,78.412058041372,0.3323741118524064
5417,78.41554293825408,0.3340389728546142,78.412058684698,0.3323744191924474
5418,78.41554293825408,0.3256850242614746,78.41205932778652,0.332373184531146
5419,78.41554293825408,0.3354380130767822,78.41205997063769,0.33237375010201625
5420,78.41554293825408,0.3228132724761963,78.41206061325164,0.332371986176255
5421,78.41554293825408,0.3326718807220459,78.41206125562852,0.3323720414971452
5422,78.41554293825408,0.3352396488189697,78.41206189776844,0.33237257038082685
5423,78.41554293825408,0.3346052169799804,78.41206253967154,0.3323729820803657
5424,78.41554293825408,0.3346474170684814,78.41206318133796,0.3323734014083502
5425,78.41554293825408,0.3376760482788086,78.4120638227678,0.33237437885477794
5426,78.41554293825408,0.3246729373931885,78.41206446396123,0.33237295949586504
5427,78.41554293825408,0.3329815864562988,78.41206510491836,0.3323730716438216
5428,78.41554293825408,0.3273060321807861,78.41206574563931,0.3323721381435521
5429,78.41554293825408,0.3250548839569092,78.41206638612422,0.3323707903347131
5430,78.41554293825408,0.3346235752105713,78.41206702637325,0.3323712052122225
5431,78.41554293825408,0.320117712020874,78.41206766638649,0.332368948999151
5432,78.2514194464159,0.3360741138458252,78.41203809197191,0.33236963109871775
5433,78.41554293825408,0.3353981971740722,78.41203873707522,0.3323701885377156
5434,78.41554293825408,0.3354127407073974,78.41203938194111,0.3323707484479419
5435,78.41554293825408,0.3287994861602783,78.4120400265697,0.33237009136196444
5436,78.41554293825408,0.325308084487915,78.4120406709611,0.3323687922437021
5437,78.41554293825408,0.3359153270721435,78.41204131511547,0.33236944453997364
5438,78.41554293825408,0.3339314460754394,78.41204195903293,0.3323697317782111
5439,78.41554293825408,0.3327827453613281,78.41204260271363,0.33236980771378444
5440,78.41554293825408,0.333489179611206,78.41204324615767,0.33237001348067735
5441,78.41554293825408,0.3386688232421875,78.41204388936518,0.33237117113731424
5442,78.41554293825408,0.3323569297790527,78.41204453233632,0.3323711685203796
5443,78.41554293825408,0.3339946269989013,78.4120451750712,0.3323714667857624
5444,78.41554293825408,0.3310410976409912,78.41204581756995,0.33237122241229716
5445,78.41554293825408,0.3327250480651855,78.41204645983271,0.3323712873940516
5446,78.41554293825408,0.3338072299957275,78.4120471018596,0.33237155106327704
5447,78.41554293825408,0.3355965614318847,78.41204774365075,0.3323721431342094
5448,78.41554293825408,0.3348450660705566,78.4120483852063,0.33237259704811106
5449,78.41554293825408,0.3353826999664306,78.41204902652638,0.33237314946193347
5450,78.41554293825408,0.33355712890625,78.4120496676111,0.3323733667058682
5451,78.41554293825408,0.3347551822662353,78.4120503084606,0.33237380365607194
5452,78.41554293825408,0.3114264011383056,78.41205094907502,0.3323699615059403
5453,78.41554293825408,0.3328912258148193,78.41205158945449,0.33237005709814804
5454,78.41554293825408,0.3351528644561767,78.41205222959913,0.33237056733052023
5455,78.41554293825408,0.336545467376709,78.41205286950905,0.3323713326650842
5456,78.41554293825408,0.3319718837738037,78.41205350918442,0.33237125945231083
5457,78.41554293825408,0.3319063186645508,78.41205414862533,0.33237117425150675
5458,78.41554293825408,0.3331634998321533,78.41205478783193,0.33237131941925696
5459,78.41554293825408,0.334930419921875,78.41205542680436,0.33237178820484087
5460,78.41554293825408,0.3343939781188965,78.41205606554273,0.33237215856929403
5461,78.41554293825408,0.3287432193756103,78.41205670404716,0.33237149405012284
5462,78.41554293825408,0.3340456485748291,78.41205734231781,0.3323718005595562
5463,78.41554293825408,0.3339040279388428,78.41205798035477,0.33237208103317495
5464,78.41554293825408,0.3349707126617431,78.4120586181582,0.332372556624615
5465,78.41554293825408,0.3322837352752685,78.41205925572821,0.3323725403718521
5466,78.41554293825408,0.3329000473022461,78.41205989306495,0.3323726368787914
5467,78.41554293825408,0.3345475196838379,78.41206053016852,0.33237303469894963
5468,78.41554293825408,0.333686351776123,78.41206116703906,0.3323732748812973
5469,78.41554293825408,0.331770658493042,78.41206180367669,0.3323731646936235
5470,78.41554293825408,0.3279027938842773,78.41206244008156,0.3323723474411903
5471,78.41554293825408,0.3326330184936523,78.41206307625377,0.33237239508715133
5472,78.41554293825408,0.3348569869995117,78.41206371219347,0.33237284914269083
5473,78.41554293825408,0.3351969718933105,78.41206434790078,0.3323733651526946
5474,78.41554293825408,0.3320653438568115,78.41206498337581,0.3323733088828196
5475,78.41554293825408,0.3319439888000488,78.41206561861873,0.3323732304681926
5476,78.41554293825408,0.3319964408874511,78.41206625362962,0.33237316166074543
5477,78.41554293825408,0.330615758895874,78.41206688840863,0.3323728407911517
5478,78.41554293825408,0.3331389427185058,78.4120675229559,0.33237298064181386
5479,78.41554293825408,0.3316061496734619,78.41206815727152,0.3323728406836156
5480,78.41554293825408,0.3330099582672119,78.41206879135564,0.3323729569459484
5481,78.41554293825408,0.3248999118804931,78.41206942520839,0.3323715935003973
5482,78.41554293825408,0.3309540748596191,78.4120700588299,0.3323713349234836
5483,78.41554293825408,0.3330590724945068,78.41207069222027,0.3323714603543738
5484,78.41554293825408,0.329298734664917,78.41207132537966,0.3323709000469906
5485,78.41554293825408,0.3099763393402099,78.41207195830818,0.33236681717357097
5486,78.41554293825408,0.3336195945739746,78.41207259100594,0.3323670455325575
5487,78.41554293825408,0.3310587406158447,78.4120732234731,0.3323668070953575
5488,78.41554293825408,0.3310039043426513,78.41207385570976,0.3323665587530192
5489,78.41554293825408,0.3329551219940185,78.41207448771605,0.3323666659789694
5490,78.41554293825408,0.3328912258148193,78.41207511949212,0.3323667615272091
5491,78.41554293825408,0.3340449333190918,78.41207575103806,0.33236706714946224
5492,78.41554293825408,0.32930588722229,78.41207638235402,0.33236650976054616
5493,78.41554293825408,0.3347995281219482,78.41207701344011,0.33236695269125094
5494,78.41554293825408,0.3312849998474121,78.41207764429647,0.33236675575771546
5495,78.41554293825408,0.3338673114776611,78.41207827492323,0.3323670288342796
5496,78.41554293825408,0.3355658054351806,78.41207890532048,0.3323676108533118
5497,78.41554293825408,0.3323030471801758,78.41207953548839,0.33236759910805563
5498,78.41554293825408,0.3079571723937988,78.41208016542706,0.33236315923415344
5499,78.41554293825408,0.3319270610809326,78.41208079513662,0.33236307992916103
5500,78.41554293825408,0.3327937126159668,78.41208142461718,0.3323631582260132
5501,78.41554293825408,0.3313910961151123,78.4120820538689,0.332362981519576
5502,78.41554293825408,0.330275297164917,78.41208268289188,0.332362602078581
5503,78.41554293825408,0.3350846767425537,78.41208331168625,0.3323630967314365
5504,78.41554293825408,0.3314137458801269,78.41208394025212,0.3323629242476336
5505,78.41554293825408,0.3141565322875976,78.41208456858963,0.33235961700113764
5506,78.41554293825408,0.3170499801635742,78.41208519669891,0.3323568364641167
5507,78.41554293825408,0.3315019607543945,78.41208582458007,0.3323566812297405
5508,78.41554293825408,0.3332002162933349,78.41208645223325,0.33235683437699237
5509,78.41554293825408,0.332350492477417,78.41208707965858,0.3323568332258035
5510,78.41554293825408,0.3334412574768066,78.41208770685614,0.3323570300360124
5511,78.41554293825408,0.3260049819946289,78.41208833382609,0.3323558774234119
5512,78.41554293825408,0.3296718597412109,78.41208896056855,0.33235539048261326
5513,78.41554293825408,0.324376106262207,78.41208958708366,0.3323539431246919
5514,78.41554293825408,0.3334107398986816,78.4120902133715,0.33235413478170567
5515,78.41554293825408,0.3252763748168945,78.41209083943222,0.33235285141634485
5516,78.41554293825408,0.3336937427520752,78.41209146526596,0.332353094507595
5517,78.41554293825408,0.3324723243713379,78.41209209087282,0.3323531161189533
5518,78.41554293825408,0.3341073989868164,78.41209271625291,0.3323534340390091
5519,78.41554293825408,0.3335068225860595,78.41209334140639,0.3323536430240693
5520,78.41554293825408,0.3337974548339844,78.41209396633336,0.33235390458417974
5521,78.41554293825408,0.3343541622161865,78.41209459103395,0.3323542668840588
5522,78.41554293825408,0.328726053237915,78.41209521550827,0.33235360983703843
5523,78.41554293825408,0.3355107307434082,78.41209583975647,0.3323541814685623
5524,78.41554293825408,0.3348493576049804,78.41209646377865,0.3323546331659078
5525,78.41554293825408,0.3339765071868896,78.41209708757494,0.3323549267177668
5526,78.41554293825408,0.3339323997497558,78.41209771114546,0.33235521218158004
5527,78.41554293825408,0.3326194286346435,78.41209833449034,0.33235525998625765
5528,78.41554293825408,0.334315538406372,78.4120989576097,0.3323556145952338
5529,78.41554293825408,0.3180270195007324,78.41209958050365,0.3323530230605811
5530,78.41554293825408,0.337099552154541,78.41210020317233,0.33235388138410626
5531,78.41554293825408,0.3338594436645508,78.41210082561584,0.33235415358846
5532,78.41554293825408,0.3330416679382324,78.41210144783433,0.33235427786798816
5533,78.41554293825408,0.3330273628234863,78.41210206982791,0.3323543995171758
5534,78.41554293825408,0.3350517749786377,78.41210269159669,0.3323548869359437
5535,78.41554293825408,0.3345227241516113,78.4121033131408,0.33235527859578395
5536,78.41554293825408,0.3305349349975586,78.41210393446038,0.3323549497764924
5537,78.41554293825408,0.3321261405944824,78.41210455555552,0.3323549084528185
5538,78.41554293825408,0.3332855701446533,78.41210517642637,0.33235507650296153
5539,78.41554293825408,0.332211971282959,78.41210579707302,0.33235505066703086
5540,78.41554293825408,0.3347585201263428,78.41210641749562,0.33235548450628344
5541,78.41554293825408,0.3339643478393554,78.41210703769428,0.33235577486241646
5542,78.41554293825408,0.3323707580566406,78.41210765766913,0.3323557775659881
5543,78.41554293825408,0.3278381824493408,78.41210827742027,0.3323549625569467
5544,78.41554293825408,0.330909252166748,78.41210889694786,0.3323547017866743
5545,78.41554293825408,0.3336160182952881,78.41210951625197,0.33235492925583726
5546,78.41554293825408,0.3336269855499267,78.41211013533275,0.3323551586204774
5547,78.41554293825408,0.334580659866333,78.41211075419032,0.3323555598285621
5548,78.41554293825408,0.3327481746673584,78.41211137282481,0.33235563059547607
5549,78.41554293825408,0.3115317821502685,78.41211199123632,0.33235187787454523
5550,78.41554293825408,0.3331453800201416,78.41211260942497,0.33235202084790477
5551,78.41554293825408,0.3324007987976074,78.41211322739089,0.33235202963514127
5552,78.41554293825408,0.3318262100219726,78.41211384513421,0.33235193492699766
5553,78.41554293825408,0.3326401710510254,78.41211446265504,0.33235198683337697
5554,78.41554293825408,0.3348796367645263,78.4121150799535,0.3323524419377938
5555,78.41554293825408,0.3332912921905517,78.4121156970297,0.33235261094774027
5556,78.41554293825408,0.331719160079956,78.41211631388377,0.33235249693570507
5557,78.41554293825408,0.3331091403961181,78.41211693051584,0.3323526330961262
5558,78.41554293825408,0.3238294124603271,78.41211754692603,0.33235109959115394
5559,78.41554293825408,0.3320353031158447,78.41211816311443,0.3323510427830094
5560,78.41554293825408,0.3355927467346191,78.41211877908118,0.33235162582328853
5561,78.41554293825408,0.3313894271850586,78.4121193948264,0.3323514527970993
5562,78.41554293825408,0.3360159397125244,78.41212001035022,0.3323521116404857
5563,78.41554293825408,0.3152768611907959,78.41212062565275,0.33234904220844375
5564,78.41554293825408,0.3322422504425049,78.4121212407341,0.3323490230150998
5565,78.41554293825408,0.3350563049316406,78.41212185559439,0.3323495094988224
5566,78.41554293825408,0.3340625762939453,78.41212247023375,0.3323498172722315
5567,78.41554293825408,0.331423282623291,78.4121230846523,0.3323496508388475
5568,78.41554293825408,0.3344235420227051,78.41212369885015,0.3323500233049365
5569,78.41554293825408,0.3352129459381103,78.41212431282742,0.3323505373869321
5570,78.41554293825408,0.3323144912719726,78.41212492658424,0.3323505309154572
5571,78.41554293825408,0.333716869354248,78.41212554012071,0.3323507761745559
5572,78.41554293825408,0.3335585594177246,78.41212615343696,0.33235099293393194
5573,78.41554293825408,0.3369820117950439,78.4121267665331,0.3323518239080681
5574,78.41554293825408,0.3246293067932129,78.41212737940928,0.33235043845469264
5575,78.41554293825408,0.321387767791748,78.41212799206558,0.33234847205636747
5576,78.41554293825408,0.3169121742248535,78.41212860450213,0.33234570371027145
5577,78.41554293825408,0.3313677310943603,78.41212921671905,0.3323455283520832
5578,78.41554293825408,0.3323230743408203,78.41212982871646,0.332345524326624
5579,78.41554293825408,0.3341870307922363,78.41213044049448,0.33234585440485764
5580,78.41554293825408,0.3331723213195801,78.41213105205323,0.332346002517208
5581,78.41554293825408,0.3311898708343506,78.41213166339281,0.33234579536227465
5582,78.21149751596877,0.3345365524291992,78.41209572033523,0.33234618783039843
5583,78.41554293825408,0.3320896625518799,78.41209633778426,0.3323461418828293
5584,78.41554293825408,0.3338685035705566,78.41209695501215,0.33234641451207136
5585,78.41554293825408,0.3341147899627685,78.412097572019,0.3323467311415164
5586,78.41554293825408,0.336275577545166,78.41209818880493,0.33234743447957654
5587,78.41554293825408,0.322322130203247,78.41209880537008,0.3323456400811021
5588,78.41554293825408,0.3327329158782959,78.41209942171456,0.332345709386005
5589,78.41554293825408,0.3291842937469482,78.41210003783847,0.3323451437364006
5590,78.41554293825408,0.3330168724060058,78.41210065374194,0.3323452639025311
5591,78.41554293825408,0.332719087600708,78.41210126942511,0.33234533076421924
5592,78.41554293825408,0.3336668014526367,78.41210188488806,0.33234556707872
5593,78.41554293825408,0.3358078002929687,78.41210250013094,0.33234618610843825
5594,78.41554293825408,0.3273992538452148,78.41210311515384,0.3323453017801824
5595,78.41554293825408,0.3310320377349853,78.41210372995691,0.33234506705917344
5596,78.41554293825408,0.3268876075744629,78.41210434454024,0.3323440918162348
5597,78.41554293825408,0.3352391719818115,78.41210495890395,0.3323446090719371
5598,78.41554293825408,0.3352901935577392,78.41210557304818,0.3323451352570899
5599,78.41554293825408,0.3315033912658691,78.41210618697303,0.3323449849188168
5600,78.41554293825408,0.3258910179138183,78.41210680067863,0.3323438324247088
5601,78.41554293825408,0.3336269855499267,78.41210741416508,0.3323440615182858
5602,78.41554293825408,0.3133895397186279,78.4121080274325,0.3323406779906529
5603,78.41554293825408,0.3294901847839355,78.41210864048102,0.33234016924655035
5604,78.41554293825408,0.3312671184539795,78.41210925331075,0.33233997776710844
5605,78.41554293825408,0.3342714309692383,78.4121098659218,0.3323403223617921
5606,78.41554293825408,0.3319392204284668,78.4121104783143,0.3323402508131062
5607,78.41554293825408,0.3330373764038086,78.41211109048837,0.3323403751444047
5608,78.41554293825408,0.3330228328704834,78.41211170244411,0.33234049683800776
5609,78.41554293825408,0.3329598903656006,78.41211231418164,0.3323406072665204
5610,78.41554293825408,0.3302760124206543,78.4121129257011,0.33234023924604883
5611,78.41554293825408,0.3317549228668213,78.41211353700257,0.332340134930173
5612,78.41554293825408,0.3338608741760254,78.41211414808619,0.3323404059100814
5613,78.41554293825408,0.3344061374664306,78.41211475895207,0.3323407739363697
5614,78.2248048261178,0.3280179500579834,78.41208139416176,0.33234000392855384
5615,78.41554293825408,0.3335590362548828,78.41208201064335,0.3323402210313724
5616,78.41554293825408,0.312058687210083,78.41208262690539,0.33233660964714495
5617,78.41554293825408,0.3331658840179443,78.412083242948,0.33233675728367174
5618,78.41554293825408,0.3305380344390869,78.41208385877131,0.33233643711228605
5619,78.41554293825408,0.334177017211914,78.41208447437542,0.3323367646759272
5620,78.41554293825408,0.3334672451019287,78.41208508976045,0.33233696582902794
5621,78.41554293825408,0.3186655044555664,78.41208570492654,0.3323345336174333
5622,78.41554293825408,0.334714412689209,78.41208631987377,0.33233495693281423
5623,78.41554293825408,0.3332939147949219,78.41208693460229,0.3323351274748491
5624,78.41554293825408,0.3135626316070556,78.41208754911219,0.33233178954884135
5625,78.41554293825408,0.3326919078826904,78.41208816340358,0.3323318535698785
5626,78.41554293825408,0.3302969932556152,78.41208877747663,0.3323314918812339
5627,78.41554293825408,0.3338773250579834,78.41208939133139,0.3323317665983437
5628,78.41554293825408,0.3304331302642822,78.41209000496802,0.3323314292429183
5629,78.41554293825408,0.335059642791748,78.41209061838663,0.33233191391400535
5630,78.41554293825408,0.3328211307525635,78.41209123158731,0.33233200080864805
5631,78.41554293825408,0.3315343856811523,78.41209184457021,0.3323318591614935
5632,78.41554293825408,0.3343617916107178,78.41209245733543,0.33233221958984027
5633,78.41554293825408,0.3344449996948242,78.41209306988308,0.3323325946617567
5634,78.41554293825408,0.3336961269378662,78.4120936822133,0.33233283668026503
5635,78.41554293825408,0.3323152065277099,78.41209429432617,0.3323328335515778
5636,78.41554293825408,0.3189818859100342,78.41209490622184,0.3323304646822305
5637,78.41554293825408,0.326730728149414,78.4120955179004,0.3323294712927444
5638,78.41554293825408,0.3320193290710449,78.41209612936198,0.33232941628348195
5639,78.41554293825408,0.3162600994110107,78.41209674060669,0.33232656660856225
5640,78.2514194464159,0.3345434665679931,78.41206825172475,0.3323269596759309
5641,78.41554293825408,0.3272104263305664,78.4120688676947,0.33232605264998777
5642,78.41554293825408,0.3212704658508301,78.41206948344632,0.33232409313442607
5643,78.41554293825408,0.317359447479248,78.41207009897968,0.33232144123904145
5644,78.41554293825408,0.334397554397583,78.41207071429494,0.3323218090833289
5645,78.41554293825408,0.3281786441802978,78.41207132939219,0.3323210751302903
5646,78.41554293825408,0.3202409744262695,78.41207194427156,0.33231893554461833
5647,78.41554293825408,0.3234138488769531,78.41207255893315,0.33231735858576095
5648,78.41554293825408,0.3337650299072265,78.41207317337708,0.33231761490150485
5649,78.41554293825408,0.3112993240356445,78.41207378760348,0.33231389419149143
5650,78.41554293825408,0.3364219665527344,78.41207440161246,0.33231462128394473
5651,78.41554293825408,0.3329110145568847,78.41207501540411,0.332314726821597
5652,78.41554293825408,0.3349075317382812,78.41207562897857,0.3323151855627358
5653,78.41554293825408,0.3166420459747314,78.41207624233596,0.3323124130278715
5654,78.41554293825408,0.3159642219543457,78.41207685547639,0.33230952158976157
5655,78.41554293825408,0.3198902606964111,78.41207746839996,0.3323073254339891
5656,78.41554293825408,0.3333094120025635,78.4120780811068,0.33230750260629616
5657,78.41554293825408,0.3322606086730957,78.41207869359701,0.33230749431675516
5658,78.41554293825408,0.3324334621429443,78.41207930587073,0.3323075165804219
5659,78.41554293825408,0.331829309463501,78.41207991792805,0.33230743207660196
5660,78.41554293825408,0.3233585357666015,78.41208052976911,0.3323058509995154
5661,78.41554293825408,0.3343977928161621,78.412081141394,0.33230622053525405
5662,78.41554293825408,0.3350346088409424,78.41208175280285,0.3323067024123833
5663,78.41554293825408,0.3320167064666748,78.41208236399576,0.332306651203493
5664,78.41554293825408,0.3188259601593017,78.41208297497286,0.3323042711379838
5665,78.41554293825408,0.3317878246307373,78.41208358573425,0.33230417997355177
5666,78.41554293825408,0.3331449031829834,78.41208419628006,0.3323043283539276
5667,78.41554293825408,0.334824800491333,78.4120848066104,0.3323047731169658
5668,78.41554293825408,0.3297951221466064,78.41208541672538,0.33230433034156526
5669,78.41554293825408,0.3322851657867431,78.4120860266251,0.332304326960977
5670,78.41554293825408,0.3329548835754394,78.4120866363097,0.3323044416975933
5671,78.41554293825408,0.3329005241394043,78.41208724577928,0.33230454680823374
5672,78.41554293825408,0.3321099281311035,78.41208785503395,0.3323045124960551
5673,78.41554293825408,0.3225462436676025,78.41208846407382,0.3323027923711074
5674,78.41554293825408,0.3323841094970703,78.41208907289902,0.33230280670264173
5675,78.41554293825408,0.3111655712127685,78.41208968150967,0.3322990820796479
5676,78.41554293825408,0.3323345184326172,78.41209028990586,0.33229908832283905
5677,78.41554293825408,0.3349242210388183,78.41209089808771,0.3322995507383254
5678,78.41554293825408,0.3147764205932617,78.41209150605533,0.33229646459353057
5679,78.41554293825408,0.3269538879394531,78.41209211380885,0.3322955238334225
5680,78.41554293825408,0.3320293426513672,78.41209272134837,0.3322954769705383
5681,78.41554293825408,0.3340394496917724,78.412093328674,0.3322957839539428
5682,78.41554293825408,0.3334789276123047,78.41209393578588,0.33229599218056344
5683,78.41554293825408,0.332066535949707,78.41209454268407,0.33229595180466504
5684,78.41554293825408,0.3352062702178955,78.41209514936874,0.3322964638240903
5685,78.41554293825408,0.3268530368804931,78.41209575583996,0.3322955063171521
5686,78.41554293825408,0.3348293304443359,78.41209636209787,0.33229595194221845
5687,78.41554293825408,0.3336284160614013,78.41209696814256,0.3322961862422218
5688,78.41554293825408,0.3313233852386474,78.41209757397417,0.3322960152153224
5689,78.41554293825408,0.3296284675598144,78.41209817959277,0.3322955463196192
5690,78.41554293825408,0.3345551490783691,78.41209878499852,0.3322959434378545
5691,78.41554293825408,0.3309803009033203,78.4120993901915,0.3322957122583545
5692,78.41554293825408,0.3376235961914062,78.41209999517184,0.3322966482885606
5693,78.41554293825408,0.3364784717559814,78.41210059993965,0.332297382843886
5694,78.41554293825408,0.3343300819396972,78.41210120449503,0.33229773983354105
5695,78.41554293825408,0.3322651386260986,78.4121018088381,0.3322977341090094
5696,78.41554293825408,0.3348872661590576,78.41210241296898,0.33229818873191147
5697,78.41554293825408,0.3331248760223388,78.41210301688776,0.3322983338411427
5698,78.41554293825408,0.3363606929779053,78.41210362059456,0.3322990467858842
5699,78.41554293825408,0.3306632041931152,78.4121042240895,0.3322987597455977
5700,78.41554293825408,0.3328824043273926,78.4121048273727,0.332298862139384
5701,78.41554293825408,0.3297362327575683,78.41210543044426,0.33229841263414245
5702,78.41554293825408,0.3375337123870849,78.41210603330427,0.3322993307856249
5703,78.41554293825408,0.3339622020721435,78.41210663595287,0.33229962236396726
5704,78.41554293825408,0.331423282623291,78.41210723839016,0.33229946872796784
5705,78.41554293825408,0.3296184539794922,78.41210784061627,0.33229899878673236
5706,78.41554293825408,0.3355655670166015,78.41210844263128,0.3322995712662679
5707,78.41554293825408,0.3345987796783447,78.41210904443531,0.33229997414140583
5708,78.41554293825408,0.3342773914337158,78.4121096460285,0.332300320570504
5709,78.41554293825408,0.3366818428039551,78.41211024741092,0.3323010880468104
5710,78.41554293825408,0.3329064846038818,78.4121108485827,0.33230119407072584
5711,78.41554293825408,0.333763837814331,78.41211144954394,0.33230145018064416
5712,78.41554293825408,0.3298671245574951,78.41211205029478,0.33230102400318917
5713,78.41554293825408,0.3297855854034424,78.4121126508353,0.33230058370236654
5714,78.41554293825408,0.3312416076660156,78.41211325116562,0.33230039837229364
5715,78.41554293825408,0.3307597637176513,78.41211385128585,0.33230012879492626
5716,78.41554293825408,0.3266329765319824,78.41211445119609,0.3322991373407165
5717,78.41554293825408,0.3361451625823974,78.41211505089647,0.33229981007558473
5718,78.41554293825408,0.3320705890655517,78.41211565038711,0.33229976998796495
5719,78.41554293825408,0.3270962238311767,78.41211624966807,0.33229886011803017
5720,78.41554293825408,0.3329026699066162,78.41211684873952,0.33229896567918205
5721,78.41554293825408,0.3316466808319092,78.41211744760152,0.3322988516633024
5722,78.41554293825408,0.3102180957794189,78.41211804625421,0.33229499274056845
5723,78.20706174591909,0.3306901454925537,78.41208221604272,0.3322947123199415
5724,78.41554293825408,0.3305130004882812,78.4120828206413,0.3322944010495307
5725,78.41554293825408,0.3327972888946533,78.41208342502865,0.3322944888902023
5726,78.41554293825408,0.3362946510314941,78.41208402920492,0.3322951874864547
5727,78.41554293825408,0.3373463153839111,78.41208463317018,0.3322960694714202
5728,78.41554293825408,0.3338923454284668,78.41208523692457,0.332296348150882
5729,78.41554293825408,0.3330130577087402,78.41208584046818,0.33229647325291684
5730,78.41554293825408,0.3333613872528076,78.41208644380113,0.33229665910178247
5731,78.41554293825408,0.3340930938720703,78.41208704692353,0.33229697256099905
5732,78.41554293825408,0.334831953048706,78.41208764983548,0.3322974148116075
5733,78.41554293825408,0.3151366710662842,78.41208825253712,0.33229442148459803
5734,78.41554293825408,0.3368241786956787,78.41208885502853,0.33229521146667185
5735,78.41554293825408,0.3163943290710449,78.41208945730983,0.33229243886294113
5736,78.41554293825408,0.3330531120300293,78.41209005938113,0.3322925714768126
5737,78.41554293825408,0.3305332660675049,78.41209066124253,0.3322922648173374
5738,78.41554293825408,0.3337845802307129,78.41209126289417,0.33229252489321986
5739,78.41554293825408,0.3255853652954101,78.41209186433612,0.3322913561949104
5740,78.41554293825408,0.3345558643341064,78.41209246556852,0.3322917507085235
5741,78.41554293825408,0.3242294788360595,78.41209306659145,0.3322903463761995
5742,78.41554293825408,0.3324661254882812,78.41209366740506,0.33229037698907166
5743,78.41554293825408,0.3304436206817627,78.41209426800943,0.33229005542258944
5744,78.41554293825408,0.3283538818359375,78.41209486840467,0.3322893701556001
5745,78.41554293825408,0.3319182395935058,78.41209546859089,0.3322893055549801
5746,78.41554293825408,0.3333163261413574,78.41209606856822,0.3322894842915945
5747,78.41554293825408,0.3339009284973144,78.41209666833674,0.332289764689055
5748,78.41554293825408,0.3232278823852539,78.41209726789657,0.3322881881611664
5749,78.41554293825408,0.3369107246398926,78.41209786724784,0.3322889922203904
5750,78.41554293825408,0.3327987194061279,78.41209846639062,0.3322890808685966
5751,78.41554293825408,0.3372557163238525,78.41209906532505,0.332289944481091
5752,78.41554293825408,0.3345270156860351,78.41209966405123,0.332290333401676
5753,78.41554293825408,0.3365664482116699,78.41210026256925,0.3322910766860164
5754,78.41554293825408,0.3335828781127929,78.41210086087925,0.33229130119095673
5755,78.41554293825408,0.3129441738128662,78.41210145898131,0.3322879393964514
5756,78.41554293825408,0.3349847793579101,78.41210205687557,0.3322884079231994
5757,78.41554293825408,0.3375108242034912,78.4121026545621,0.33228931506516224
5758,78.41554293825408,0.3356606960296631,78.41210325204105,0.33228990057766045
5759,78.41554293825408,0.3413491249084472,78.41210384931249,0.3322914736327622
5760,78.41554293825408,0.3354742527008056,78.41210444637655,0.33229202619857257
5761,78.41554293825408,0.3344957828521728,78.41210504323332,0.33229240872880234
5762,78.41554293825408,0.3369259834289551,78.41210563988294,0.33229321288963193
5763,78.41554293825408,0.3336410522460937,78.41210623632549,0.3322934467677087
5764,78.41554293825408,0.3283910751342773,78.41210683256107,0.33229276974278965
5765,78.41554293825408,0.3251492977142334,78.41210742858982,0.33229153063229033
5766,78.41554293825408,0.3346352577209472,78.41210802441182,0.3322919371059443
5767,78.41554293825408,0.3156526088714599,78.4121086200272,0.33228905184008084
5768,78.41554293825408,0.337578535079956,78.41210921543605,0.3322899688794775
5769,78.41554293825408,0.3383893966674804,78.41210981063848,0.3322910261559185
5770,78.41554293825408,0.3380835056304931,78.4121104056346,0.33229203005184127
5771,78.41554293825408,0.3304910659790039,78.41211100042453,0.3322917179804372
5772,78.41554293825408,0.3349497318267822,78.41211159500835,0.3322921784817966
5773,78.41554293825408,0.3375773429870605,78.4121121893862,0.33229309397885276
5774,78.41554293825408,0.3368449211120605,78.41211278355816,0.33229388231053497
5775,78.41554293825408,0.3386969566345215,78.41211337752435,0.3322949910679937
5776,78.41554293825408,0.3386836051940918,78.41211397128487,0.33229609712999614
5777,78.41554293825408,0.3288037776947021,78.41211456483983,0.332295492608716
5778,78.41554293825408,0.3376994132995605,78.41211515818932,0.33229642786671026
5779,78.41554293825408,0.3390538692474365,78.41211575133349,0.3322975971765183
5780,78.41554293825408,0.3341042995452881,78.4121163442724,0.3322979097547828
5781,78.41554293825408,0.3367197513580322,78.41211693700619,0.33229867464694735
5782,78.41554293825408,0.3364732265472412,78.41211752953495,0.3322993966379367
5783,78.41554293825408,0.3396801948547363,78.41211812185878,0.33230067293021004
5784,78.41554293825408,0.337177038192749,78.4121187139778,0.33230151600857494
5785,78.41554293825408,0.3242220878601074,78.41211930589212,0.3323001193917818
5786,78.41554293825408,0.3200340270996094,78.41211989760183,0.33229799943113675
5787,78.41554293825408,0.3347063064575195,78.41212048910704,0.3322984155892543
5788,78.41554293825408,0.3347337245941162,78.41212108040787,0.33229883634063734
5789,78.41554293825408,0.3270618915557861,78.41212167150441,0.3322979317034314
5790,78.41554293825408,0.3357667922973633,78.41212226239678,0.3322985308157965
5791,78.41554293825408,0.3266901969909668,78.41212285308507,0.3322975623589109
5792,78.41554293825408,0.3342602252960205,78.41212344356939,0.3322979012164622
5793,78.41554293825408,0.3303923606872558,78.41212403384985,0.33229757227799694
5794,78.41554293825408,0.3352491855621338,78.41212462392654,0.33229808170383124
5795,78.41554293825408,0.3174655437469482,78.41212521379961,0.33229552216320024
5796,78.41554293825408,0.3368499279022217,78.41212580346911,0.3322963079474892
5797,78.41554293825408,0.3095664978027344,78.41212639293519,0.33229238698662245
5798,78.41554293825408,0.3339047431945801,78.41212698219792,0.3322926650749646
5799,78.41554293825408,0.3355448246002197,78.41212757125743,0.33229322588881616
5800,78.41554293825408,0.3372781276702881,78.41212816011381,0.33229408535464056
5801,78.41554293825408,0.3152263164520263,78.41212874876717,0.3322911431431421
5802,78.41554293825408,0.3301448822021484,78.41212933721764,0.33229077322571
5803,78.41554293825408,0.334686279296875,78.41212992546527,0.3322911860304784
5804,78.41554293825408,0.3364472389221191,78.4121305135102,0.3322919020974825
5805,78.41554293825408,0.3344736099243164,78.41213110135254,0.3322922779300108
5806,78.41554293825408,0.3378598690032959,78.41213168899239,0.3322932368675019
5807,78.41554293825408,0.3375790119171142,78.41213227642984,0.3322941471094598
5808,78.41554293825408,0.3374857902526855,78.41213286366501,0.33229504098741147
5809,78.41554293825408,0.3333144187927246,78.412133450698,0.33229521646990506
5810,78.41554293825408,0.3365442752838135,78.4121340375289,0.3322959478053292
5811,78.41554293825408,0.3349673748016357,78.41213462415784,0.3322964075243098
5812,78.41554293825408,0.3339312076568603,78.4121352105849,0.3322966888044427
5813,78.41554293825408,0.3369479179382324,78.41213579681022,0.3322974889470771
5814,78.41554293825408,0.3348164558410644,78.41213638283386,0.3322979222059168
5815,78.41554293825408,0.337681770324707,78.41213696865594,0.3322988480611393
5816,78.41554293825408,0.3361458778381347,78.41213755427658,0.3322995095174283
5817,78.41554293825408,0.3340277671813965,78.41213813969587,0.33229980662206365
5818,78.41554293825408,0.3394081592559814,78.41213872491392,0.33230102840835346
5819,78.41554293825408,0.3349599838256836,78.41213930993082,0.3323014853520581
5820,78.41554293825408,0.3342781066894531,78.41213989474669,0.33230182497771743
5821,78.41554293825408,0.3348355293273926,78.41214047936163,0.33230226024731885
5822,78.41554293825408,0.3351800441741943,78.41214106377574,0.3323027545420503
5823,78.41554293825408,0.3315863609313965,78.4121416479891,0.3323026315137813
5824,78.41554293825408,0.334414005279541,78.41214223200187,0.33230299404361746
5825,78.41554293825408,0.3370630741119385,78.41214281581411,0.33230381122474506
5826,78.41554293825408,0.3362257480621338,78.41214339942593,0.33230448440305566
5827,78.41554293825408,0.3144924640655517,78.41214398283743,0.3323014275950348
5828,78.28690560681333,0.3177909851074219,78.41212249375438,0.3322989378142373
5829,78.41554293825408,0.3358840942382812,78.4121230805522,0.33229955286937957
5830,78.41554293825408,0.3336431980133056,78.41212366714872,0.33229978334024474
5831,78.41554293825408,0.3366010189056396,78.41212425354405,0.332300520989973
5832,78.41554293825408,0.3370134830474853,78.41212483973828,0.33230132911103905
5833,78.41554293825408,0.3334443569183349,78.41212542573152,0.3323015250698608
5834,78.41554293825408,0.332324743270874,78.41212601152385,0.33230152904966903
5835,78.41554293825408,0.3366639614105224,78.41212659711542,0.33230227668160744
5836,78.41554293825408,0.3348991870880127,78.4121271825063,0.3323027216628286
5837,78.41554293825408,0.3299834728240967,78.4121277676966,0.3323023243270673
5838,78.41554293825408,0.3361711502075195,78.41212835268642,0.33230298702420336
5839,78.41554293825408,0.3383872509002685,78.41212893747587,0.33230402902863493
5840,78.41554293825408,0.3350322246551513,78.41212952206504,0.3323044961854203
5841,78.41554293825408,0.3372144699096679,78.41213010645406,0.33230533679040647
5842,78.41554293825408,0.3372237682342529,78.41213069064301,0.33230617869924656
5843,78.41554293825408,0.337712287902832,78.41213127463199,0.3323071039275888
5844,78.41554293825408,0.3171465396881103,78.41213185842112,0.33230450971741776
5845,78.41554293825408,0.318115234375,78.41213244201049,0.33230208212540024
5846,78.41554293825408,0.3384215831756592,78.4121330254002,0.3323031289097058
5847,78.41554293825408,0.3282017707824707,78.41213360859037,0.33230242746313027
5848,78.41554293825408,0.3243446350097656,78.41213419158107,0.3323010666915069
5849,78.41554293825408,0.3374612331390381,78.41213477437245,0.33230194892205017
5850,78.41554293825408,0.3365640640258789,78.41213535696455,0.3323026774887346
5851,78.41554293825408,0.3347201347351074,78.41213593935754,0.3323030906586622
5852,78.41554293825408,0.3385884761810303,78.41213652155147,0.3323041647163386
5853,78.41554293825408,0.3409404754638672,78.41213710354647,0.3323056402520891
5854,78.41554293825408,0.3341274261474609,78.41213768534264,0.33230595145569264
5855,78.41554293825408,0.3189136981964111,78.41213826694006,0.33230366413660484
5856,78.41554293825408,0.317190408706665,78.41213884833886,0.3323010833211284
5857,78.41554293825408,0.3357632160186767,78.41213942953912,0.3323016744313721
5858,78.41554293825408,0.3270266056060791,78.41214001054095,0.33230077394164437
5859,78.41554293825408,0.3518526554107666,78.41214059134447,0.3323041110096541
5860,78.41554293825408,0.3365309238433838,78.41214117194974,0.3323048323087725
5861,78.41554293825408,0.3346045017242431,78.4121417523569,0.3323052246768693
5862,78.41554293825408,0.3236298561096191,78.41214233256603,0.33230374474364394
5863,78.41554293825408,0.3373851776123047,78.41214291257724,0.3323046114386582
5864,78.41554293825408,0.3368620872497558,78.41214349239063,0.3323053886343968
5865,78.41554293825408,0.31756591796875,78.41214407200629,0.3323028755106686
5866,78.41554293825408,0.334911584854126,78.41214465142434,0.33230332022757
5867,78.41554293825408,0.3359601497650146,78.41214523064487,0.3323039435153725
5868,78.41554293825408,0.3362491130828857,78.41214580966799,0.33230461583465803
5869,78.41554293825408,0.3347547054290771,78.41214638849378,0.3323050332975298
5870,78.41554293825408,0.3397789001464844,78.41214696712237,0.33230630652867954
5871,78.41554293825408,0.3337759971618652,78.41214754555384,0.33230655685922517
5872,78.41554293825408,0.3373570442199707,78.4121481237883,0.33230741695584654
5873,78.41554293825408,0.3341031074523926,78.41214870182584,0.3323077227093791
5874,78.41554293825408,0.3374688625335693,78.41214927966656,0.33230860135082
5875,78.41554293825408,0.3371336460113525,78.41214985731058,0.33230942263501756
5876,78.41554293825408,0.3354353904724121,78.41215043475799,0.3323099546240981
5877,78.41554293825408,0.3369455337524414,78.41215101200889,0.33231074339032723
5878,78.41554293825408,0.3366057872772217,78.41215158906338,0.33231147408850464
5879,78.41554293825408,0.3351790904998779,78.41215216592155,0.33231196186132506
5880,78.41554293825408,0.3344879150390625,78.41215274258352,0.3323123319213893
5881,78.41554293825408,0.335158109664917,78.41215331904938,0.33231281581490124
5882,78.41554293825408,0.3374032974243164,78.41215389531922,0.33231368124870087
5883,78.41554293825408,0.3356192111968994,78.41215447139317,0.33231424312698543
5884,78.41554293825408,0.3301253318786621,78.41215504727128,0.3323138711162362
5885,78.41554293825408,0.3371760845184326,78.4121556229537,0.3323146973207226
5886,78.41554293825408,0.3351597785949707,78.4121561984405,0.33231518068485344
5887,78.41554293825408,0.3361377716064453,78.4121567737318,0.3323158300123414
5888,78.41554293825408,0.3384261131286621,78.41215734882768,0.33231686776422936
5889,78.41554293825408,0.3349964618682861,78.41215792372824,0.332317322781058
5890,78.41554293825408,0.3344998359680176,78.4121584984336,0.3323176933265906
5891,78.41554293825408,0.3358464241027832,78.41215907294385,0.33231829233028715
5892,78.41554293825408,0.3366858959197998,78.41215964725907,0.3323190336072032
5893,78.41554293825408,0.3277406692504883,78.4121602213794,0.33231825669148
5894,78.41554293825408,0.3291168212890625,78.4121607953049,0.3323177135229353
5895,78.41554293825408,0.336256742477417,78.41216136903567,0.3323183817212313
5896,78.41554293825408,0.3327572345733642,78.41216194257184,0.33231845615353317
5897,78.41554293825408,0.3357603549957275,78.4121625159135,0.3323190398229994
5898,78.41554293825408,0.3346560001373291,78.41216308906073,0.3323194360522829
5899,78.41554293825408,0.33424973487854,78.41216366201364,0.33231976327703733
5900,78.41554293825408,0.3370664119720459,78.41216423477232,0.3323205677937653
5901,78.41554293825408,0.3380162715911865,78.4121648073369,0.3323215330036954
5902,78.41554293825408,0.338512659072876,78.41216537970743,0.3323225819915079
5903,78.41554293825408,0.3365645408630371,78.41216595188405,0.3323233006021925
5904,78.41554293825408,0.3396444320678711,78.41216652386684,0.3323245406312348
5905,78.41554293825408,0.3381319046020508,78.4121670956559,0.3323255240967675
5906,78.41554293825408,0.3391511440277099,78.41216766725134,0.3323266798062039
5907,78.41554293825408,0.3218953609466553,78.41216823865324,0.3323249138812234
5908,78.41554293825408,0.3380980491638183,78.41216880986171,0.33232589105374927
5909,78.41554293825408,0.3380191326141357,78.41216938087685,0.3323268545402208
5910,78.41554293825408,0.3360693454742431,78.41216995169874,0.3323274877874178
5911,78.41554293825408,0.3371233940124511,78.4121705223275,0.332328299140188
5912,78.41554293825408,0.3369791507720947,78.41217109276322,0.3323290858200987
5913,78.41554293825408,0.3295192718505859,78.41217166300598,0.3323286106274774
5914,78.41554293825408,0.3364710807800293,78.41217223305591,0.3323293110789743
5915,78.41554293825408,0.3371741771697998,78.41217280291309,0.3323301301603083
5916,78.41554293825408,0.3352975845336914,78.41217337257763,0.33233063175841066
5917,78.41554293825408,0.3252604007720947,78.4121739420496,0.33232943685711164
5918,78.41554293825408,0.3356320858001709,78.41217451132913,0.33232999492553733
5919,78.41554293825408,0.3188230991363525,78.41217508041629,0.33232771296983715
5920,78.41554293825408,0.3387074470520019,78.41217564931121,0.33232879062762133
5921,78.41554293825408,0.3252763748168945,78.41217621801395,0.3323275995423636
5922,78.41554293825408,0.3264584541320801,78.41217678652464,0.33232660846748857
5923,78.41554293825408,0.3330411911010742,78.41217735484335,0.33232672911287664
5924,78.41554293825408,0.3335464000701904,78.4121779229702,0.33232693499926375
5925,78.41554293825408,0.3350265026092529,78.41217849090528,0.33232739062248906
5926,78.41554293825408,0.335240364074707,78.41217905864868,0.33232788218061465
5927,78.41554293825408,0.3329799175262451,78.4121796262005,0.3323279921916397
5928,78.41554293825408,0.335827112197876,78.41218019356083,0.3323285824615463
5929,78.41554293825408,0.3385505676269531,78.41218076072978,0.33232963187715864
5930,78.41554293825408,0.3369920253753662,78.41218132770744,0.33233041811552255
5931,78.41554293825408,0.3364677429199219,78.41218189449391,0.33233111569178364
5932,78.41554293825408,0.3346078395843506,78.4121824610893,0.33233149949554164
5933,78.41554293825408,0.3229835033416748,78.41218302749368,0.3323299239020554
5934,78.41554293825408,0.3357641696929931,78.41218359370716,0.3323305026424988
5935,78.41554293825408,0.3333034515380859,78.41218415972983,0.3323306665766008
5936,78.41554293825408,0.3045785427093506,78.4121847255618,0.3323259913535774
5937,78.41554293825408,0.3358333110809326,78.41218529120316,0.33232658210980565
5938,78.41554293825408,0.3418862819671631,78.41218585665399,0.3323281920289463
5939,78.41554293825408,0.3354458808898926,78.41218642191441,0.33232871698076666
5940,78.41554293825408,0.3349511623382568,78.41218698698451,0.3323291584698841
5941,78.41554293825408,0.3371565341949463,78.41218755186438,0.3323299710226067
5942,78.41554293825408,0.3292841911315918,78.4121881165541,0.33232945843763684
5943,78.41554293825408,0.3365359306335449,78.4121886810538,0.33233016624046297
5944,78.41554293825408,0.3387901782989502,78.41218924536358,0.3323312530527205
5945,78.41554293825408,0.3343188762664795,78.4121898094835,0.3323315873879961
5946,78.41554293825408,0.3378002643585205,78.41219037341367,0.33233250711167095
5947,78.41554293825408,0.3391509056091308,78.41219093715418,0.3323336536390793
5948,78.41554293825408,0.3353683948516845,78.41219150070515,0.3323341638511191
5949,78.41554293825408,0.3374793529510498,78.41219206406664,0.33233502873414145
5950,78.41554293825408,0.3378205299377441,78.41219262723878,0.3323359506671168
5951,78.41554293825408,0.3301050662994385,78.41219319022166,0.3323355757915719
5952,78.41554293825408,0.3331294059753418,78.41219375301534,0.33233570916357863
5953,78.41554293825408,0.3272788524627685,78.41219431561996,0.3323348596999971
5954,78.41554293825408,0.3344278335571289,78.41219487803559,0.33233521122399057
5955,78.41554293825408,0.3399007320404053,78.41219544026232,0.33233648167249036
5956,78.41554293825408,0.3242444992065429,78.41219600230028,0.3323351230454813
5957,78.41554293825408,0.3371236324310303,78.41219656414953,0.3323359268912738
5958,78.41554293825408,0.3302373886108398,78.41219712581018,0.33233557466934016
5959,78.41554293825408,0.3396530151367187,78.41219768728232,0.33233680263384213
5960,78.41554293825408,0.3349514007568359,78.41219824856604,0.33233724132480236
5961,78.41554293825408,0.3346211910247803,78.41219880966145,0.3323376244735526
5962,78.41554293825408,0.3369886875152588,78.41219937056863,0.332338404591473
5963,78.41554293825408,0.3363676071166992,78.41219993128767,0.33233908029204745
5964,78.41554293825408,0.3370578289031982,78.4122004918187,0.3323398714973813
5965,78.41554293825408,0.3379130363464355,78.41220105216178,0.3323408058083367
5966,78.41554293825408,0.3365969657897949,78.412201612317,0.3323415192109484
5967,78.41554293825408,0.3249573707580566,78.4122021722845,0.33234028171330254
5968,78.41554293825408,0.3376393318176269,78.41220273206432,0.3323411696238428
5969,78.41554293825408,0.3358039855957031,78.41220329165658,0.33234174975719377
5970,78.41554293825408,0.3359920978546142,78.41220385106138,0.3323423612057863
5971,78.41554293825408,0.3348836898803711,78.41220441027879,0.33234278681768964
5972,78.41554293825408,0.3375864028930664,78.41220496930893,0.3323436648511919
5973,78.41554293825408,0.3365371227264404,78.41220552815189,0.332344366920148
5974,78.41554293825408,0.3346502780914306,78.41220608680776,0.33234475291130494
5975,78.41554293825408,0.3281421661376953,78.41220664527661,0.3323440495495018
5976,78.41554293825408,0.317291259765625,78.41220720355858,0.3323415306757093
5977,78.41554293825408,0.338113784790039,78.41220776165373,0.3323424964200818
5978,78.41554293825408,0.3196272850036621,78.41220831956217,0.3323403694191758
5979,78.41554293825408,0.3368449211120605,78.41220887728397,0.3323411228146755
5980,78.41554293825408,0.323185920715332,78.41220943481926,0.33233959184442474
5981,78.41554293825408,0.3342065811157226,78.41220999216812,0.33233990399778895
5982,78.41554293825408,0.3381080627441406,78.41221054933062,0.33234086825033765
5983,78.41554293825408,0.3341238498687744,78.41221110630687,0.3323411662582966
5984,78.41554293825408,0.3368406295776367,78.41221166309698,0.33234191817395825
5985,78.41554293825408,0.3225374221801758,78.41221221970102,0.33234027999584737
5986,78.41554293825408,0.3383636474609375,78.41221277611909,0.332341286238324
5987,78.41554293825408,0.3264369964599609,78.41221333235129,0.33234030005329335
5988,78.41554293825408,0.337059736251831,78.4122138883977,0.33234108820229114
5989,78.41554293825408,0.3357055187225342,78.41221444425842,0.33234164997061977
5990,78.41554293825408,0.3227555751800537,78.41221499993355,0.332340049624244
5991,78.41554293825408,0.3372445106506347,78.41221555542319,0.3323408682623723
5992,78.41554293825408,0.3330984115600586,78.4122161107274,0.3323409946881563
5993,78.41554293825408,0.3355605602264404,78.4122166658463,0.33234153190917054
5994,77.85220014194464,0.3396508693695068,78.41212323632946,0.3323427513515229
5995,78.41554293825408,0.3366894721984863,78.41212380675513,0.3323434764092122
5996,78.41554293825408,0.3359725475311279,78.41212437699055,0.33234408165789825
5997,78.41554293825408,0.338937759399414,78.41212494703579,0.3323451811539365
5998,78.41554293825408,0.3330092430114746,78.41212551689095,0.3323452918678174
5999,78.41554293825408,0.3361518383026123,78.41212608655613,0.3323459263979783
6000,78.41554293825408,0.3275821208953857,78.4121266560314,0.3323451324303945
6001,78.41554293825408,0.332970380783081,78.41212722531691,0.33234523662108817
6002,78.41554293825408,0.3350436687469482,78.4121277944127,0.33234568620991284
6003,78.41554293825408,0.3336408138275146,78.41212836331889,0.33234590195664243
6004,78.41554293825408,0.3387541770935058,78.41212893203557,0.3323469692909424
6005,78.41554293825408,0.334498643875122,78.41212950056284,0.3323473276047782
6006,78.41554293825408,0.3360462188720703,78.4121300689008,0.33234794347079005
6007,78.41554293825408,0.3384983539581299,78.41213063704951,0.3323489673446851
6008,78.41554293825408,0.3363380432128906,78.4121312050091,0.3323496313053822
6009,78.41554293825408,0.3356852531433105,78.41213177277966,0.3323501864096987
6010,78.41554293825408,0.3357968330383301,78.41213234036128,0.33235075989499463
6011,78.41554293825408,0.341921329498291,78.41213290775404,0.3323523520709393
6012,78.41554293825408,0.3342442512512207,78.41213347495805,0.33235266675809505
6013,78.41554293825408,0.3366973400115967,78.41213404197342,0.33235338930478614
6014,78.41554293825408,0.3344707489013672,78.4121346088002,0.33235374137655144
6015,78.41554293825408,0.3202316761016845,78.41213517543852,0.3323517260706038
6016,78.41554293825408,0.3372387886047363,78.41213574188846,0.3323525384147751
6017,78.41554293825408,0.3350236415863037,78.41213630815011,0.3323529823408464
6018,78.41554293825408,0.333909273147583,78.41213687422358,0.3323532409468296
6019,78.41554293825408,0.3124418258666992,78.41213744010895,0.3323499328532792
6020,78.41554293825408,0.3141124248504638,78.41213800580633,0.3323469033669
6021,78.41554293825408,0.3344228267669678,78.4121385713158,0.3323472481474016
6022,78.41554293825408,0.339141845703125,78.41213913663744,0.3323483764432428
6023,78.41554293825408,0.3360714912414551,78.41213970177137,0.3323489945928025
6024,78.41554293825408,0.3369193077087402,78.41214026671766,0.3323497532769187
6025,78.41554293825408,0.3371844291687011,78.41214083147644,0.33235055571275135
6026,78.41554293825408,0.3364961147308349,78.41214139604776,0.3323512436581576
6027,78.41554293825408,0.3345906734466553,78.41214196043173,0.33235161522440754
6028,78.41554293825408,0.3158736228942871,78.41214252462845,0.3323488816490376
6029,78.41554293825408,0.3368308544158935,78.41214308863802,0.3323496250513874
6030,78.41554293825408,0.3193175792694092,78.41214365246051,0.33234746384976516
6031,78.41554293825408,0.3301925659179687,78.41214421609604,0.3323471065461784
6032,78.41554293825408,0.3238570690155029,78.41214477954468,0.33234569904658773
6033,78.41554293825408,0.3149032592773437,78.41214534280653,0.3323428078747381
6034,78.41554293825408,0.3336377143859863,78.41214590588167,0.3323430224764138
6035,78.41554293825408,0.3372857570648193,78.41214646877022,0.33234384148794455
6036,78.41554293825408,0.3197991847991943,78.41214703147226,0.3323417631816674
6037,78.41554293825408,0.3341031074523926,78.41214759398788,0.3323420549398703
6038,78.41554293825408,0.3354401588439941,78.41214815631719,0.33234256804088125
6039,78.41554293825408,0.3356602191925049,78.41214871846024,0.3323431174118287
6040,78.41554293825408,0.3334259986877441,78.41214928041717,0.3323432966968082
6041,78.41554293825408,0.3345437049865722,78.41214984218804,0.33234366094251083
6042,78.41554293825408,0.3380806446075439,78.41215040377297,0.3323446104598337
6043,78.41554293825408,0.3361275196075439,78.41215096517202,0.33234523645836883
6044,78.41554293825408,0.3346843719482422,78.41215152638532,0.33234562347615343
6045,78.41554293825408,0.3337924480438232,78.41215208741292,0.33234586281851364
6046,78.41554293825408,0.3357384204864502,78.41215264825495,0.3323464239428385
6047,78.41554293825408,0.3248887062072754,78.41215320891148,0.3323451906506712
6048,78.41554293825408,0.335855484008789,78.4121537693826,0.332345771056319
6049,78.41554293825408,0.339097261428833,78.41215432966841,0.3323468871896258
6050,78.41554293825408,0.3360223770141601,78.41215488976901,0.33234749470860503
6051,78.41554293825408,0.3372116088867187,78.41215544968448,0.33234829856155135
6052,78.41554293825408,0.3378138542175293,78.41215600941491,0.3323492016606353
6053,78.41554293825408,0.3384861946105957,78.41215656896041,0.3323502155368867
6054,78.41554293825408,0.3113224506378174,78.41215712832106,0.33234674216970816
6055,78.41554293825408,0.3349988460540771,78.41215768749693,0.3323471801720012
6056,78.41554293825408,0.3388936519622803,78.41215824648815,0.33234826116139854
6057,78.41554293825408,0.3368887901306152,78.41215880529478,0.3323490107947103
6058,78.41554293825408,0.3367955684661865,78.41215936391693,0.3323497447923451
6059,78.41554293825408,0.3371496200561523,78.41215992235469,0.33235053698169376
6060,78.41554293825408,0.3364033699035644,78.41216048060814,0.3323512057660043
6061,78.41554293825408,0.3393797874450683,78.41216103867738,0.33235236540660473
6062,78.41554293825408,0.3369841575622558,78.4121615965625,0.3323531294765743
6063,78.41554293825408,0.3378081321716308,78.4121621542636,0.33235402919662954
6064,78.41554293825408,0.3336951732635498,78.41216271178075,0.33235425036154825
6065,78.41554293825408,0.3275654315948486,78.41216326911405,0.33235346077889916
6066,78.41554293825408,0.3393158912658691,78.4121638262636,0.33235460855840576
6067,78.41554293825408,0.3372716903686523,78.41216438322948,0.3323554190218655
6068,78.41554293825408,0.3379733562469482,78.41216494001179,0.3323563448519949
6069,78.41554293825408,0.3369853496551513,78.41216549661061,0.3323571075814072
6070,78.41554293825408,0.3343846797943115,78.41216605302606,0.33235744161307323
6071,78.41554293825408,0.3346230983734131,78.41216660925818,0.3323578148064121
6072,78.41554293825408,0.3360943794250488,78.4121671653071,0.3323584301826668
6073,78.41554293825408,0.336055040359497,78.41216772117289,0.3323590388785629
6074,78.41554293825408,0.3234255313873291,78.41216827685565,0.3323575681002469
6075,78.41554293825408,0.3360939025878906,78.41216883235548,0.3323581831347305
6076,78.41554293825408,0.3324663639068603,78.41216938767245,0.33235820093933416
6077,78.41554293825408,0.3371310234069824,78.41216994280666,0.33235898633055805
6078,78.41554293825408,0.3365037441253662,78.41217049775821,0.33235966825846114
6079,78.41554293825408,0.320751428604126,78.41217105252717,0.33235775869444495
6080,78.41554293825408,0.3387365341186523,78.41217160711363,0.3323588078351397
6081,78.41554293825408,0.3364126682281494,78.41217216151772,0.3323594744788485
6082,78.41554293825408,0.3356227874755859,78.41217271573947,0.33236001103146223
6083,78.41554293825408,0.3389496803283691,78.41217326977902,0.3323610943241298
6084,78.41554293825408,0.3371281623840332,78.41217382363644,0.3323618778658885
6085,78.41554293825408,0.3348336219787597,78.4121743773118,0.33236228406870083
6086,78.41554293825408,0.3380811214447021,78.41217493080522,0.3323632237396466
6087,78.41554293825408,0.3320925235748291,78.41217548411679,0.3323631792677943
6088,78.41554293825408,0.3335592746734619,78.41217603724658,0.33236337573550223
6089,78.41554293825408,0.319716215133667,78.41217659019469,0.3323612986849846
6090,78.41554293825408,0.3316099643707275,78.41217714296121,0.332361175313176
6091,78.41554293825408,0.3328938484191894,78.41217769554622,0.33236126276566424
6092,78.41554293825408,0.3339681625366211,78.41217824794983,0.3323615265377869
6093,78.41554293825408,0.3379445075988769,78.4121788001721,0.332362442832069
6094,78.41554293825408,0.3355810642242431,78.41217935221314,0.33236297099442413
6095,78.41554293825408,0.3361575603485107,78.41217990407303,0.3323635935685594
6096,78.41554293825408,0.333388090133667,78.41218045575188,0.3323637616290195
6097,78.41554293825408,0.3349220752716064,78.41218100724974,0.33236418123106026
6098,78.41554293825408,0.3373947143554687,78.41218155856674,0.3323650061790964
6099,78.41554293825408,0.336388349533081,78.41218210970294,0.3323656658517237
6100,78.41554293825408,0.3350305557250976,78.41218266065844,0.3323661027189161
6101,78.41554293825408,0.3256993293762207,78.41218321143334,0.33236500998439017
6102,78.41554293825408,0.335268497467041,78.41218376202771,0.3323654858099363
6103,78.41554293825408,0.3357083797454834,78.41218431244165,0.3323660335559523
6104,78.41554293825408,0.3355000019073486,78.41218486267525,0.3323665469845813
6105,78.41554293825408,0.3385062217712402,78.41218541272858,0.33236755266431706
6106,78.41554293825408,0.3351564407348633,78.41218596260174,0.3323680094098248
6107,78.41554293825408,0.3342466354370117,78.41218651229482,0.3323683170282999
6108,78.41554293825408,0.3374526500701904,78.41218706180793,0.3323691494338405
6109,78.24698367636623,0.3348135948181152,78.41216001918468,0.33236954957222387
6110,78.41554293825408,0.3362796306610107,78.41216057285392,0.33237018952002895
6111,78.41554293825408,0.3362390995025635,78.41216112634197,0.33237082262590073
6112,78.41554293825408,0.3375999927520752,78.41216167964889,0.3323716781838402
6113,78.41554293825408,0.3299648761749267,78.41216223277479,0.3323712844652063
6114,78.41554293825408,0.338087797164917,78.41216278571976,0.3323722194525632
6115,78.25585521646558,0.3407304286956787,78.41213722438383,0.33237358628972474
6116,78.41554293825408,0.3347854614257812,78.41213778123698,0.33237398064471757
6117,78.41554293825408,0.3351309299468994,78.41213833790806,0.33237443134756245
6118,78.41554293825408,0.3320271968841553,78.41213889439717,0.33237437459135727
6119,78.41554293825408,0.335930585861206,78.41213945070439,0.33237495576659337
6120,78.41554293825408,0.335883617401123,78.41214000682982,0.332375529077318
6121,78.41554293825408,0.3389596939086914,78.41214056277353,0.3323766047454819
6122,78.41554293825408,0.3151111602783203,78.41214111853562,0.33237378451606875
6123,78.41554293825408,0.3371374607086181,78.41214167411617,0.3323745625131605
6124,78.41554293825408,0.3246150016784668,78.41214222951528,0.33237329543921623
6125,78.41554293825408,0.3156118392944336,78.41214278473304,0.3323705588749477
6126,78.41554293825408,0.3370811939239502,78.41214333976953,0.33237132783267687
6127,78.41554293825408,0.3375880718231201,78.41214389462485,0.33237217926796175
6128,78.41554293825408,0.3400688171386719,78.41214444929908,0.3323734352467266
6129,78.41554293825408,0.336686372756958,78.4121450037923,0.3323741389402345
6130,78.41554293825408,0.3167202472686767,78.41214555810461,0.33237158528743327
6131,78.41554293825408,0.3346171379089355,78.4121461122361,0.3323719515494821
6132,78.41554293825408,0.3386003971099853,78.41214666618686,0.332372967277721
6133,78.41554293825408,0.3378183841705322,78.41214721995698,0.3323738551656865
6134,78.41554293825408,0.3355884552001953,78.41214777354652,0.33237437922829405
6135,78.41554293825408,0.3225297927856445,78.41214832695562,0.33237277456872716
6136,78.41554293825408,0.3370962142944336,78.41214888018432,0.33237354436007754
6137,78.41554293825408,0.3366878032684326,78.41214943323273,0.3323742473515894
6138,78.41554293825408,0.3368353843688965,78.41214998610093,0.3323749741578809
6139,78.41554293825408,0.3385591506958008,78.41215053878902,0.33237598151682174
6140,78.41554293825408,0.3385863304138183,78.41215109129708,0.33237699297429685
6141,78.41554293825408,0.3361766338348388,78.41215164362521,0.3323776117075423
6142,78.41554293825408,0.3335468769073486,78.41215219577347,0.3323778020796035
6143,78.41554293825408,0.3385772705078125,78.41215274774197,0.3323788112719246
6144,78.41554293825408,0.338430643081665,78.4121532995308,0.3323797962705915
6145,78.41554293825408,0.3272058963775635,78.41215385114003,0.33237895430152836
6146,78.41554293825408,0.3311667442321777,78.41215440256977,0.3323787570659167
6147,78.41554293825408,0.3174014091491699,78.41215495382008,0.33237632053624094
6148,78.41554293825408,0.3363325595855713,78.41215550489107,0.33237696403641165
6149,78.41554293825408,0.3313250541687011,78.41215605578283,0.33237679296634043
6150,78.41554293825408,0.3372282981872558,78.41215660649543,0.33237758182897803
6151,78.41554293825408,0.3385334014892578,78.41215715702897,0.33237858261253517
6152,78.41554293825408,0.3347303867340088,78.41215770738353,0.3323789648953898
6153,78.41554293825408,0.3352499008178711,78.4121582575592,0.3323794314866335
6154,78.41554293825408,0.3352875709533691,78.41215880755607,0.3323799040474828
6155,78.41554293825408,0.336575984954834,78.41215935737422,0.3323805857828049
6156,78.41554293825408,0.3386189937591553,78.41215990701374,0.33238159916941573
6157,78.41554293825408,0.3375346660614013,78.41216045647472,0.33238243611385165
6158,78.41554293825408,0.3339390754699707,78.41216100575726,0.3323826888971183
6159,78.41554293825408,0.3333673477172851,78.41216155486141,0.3323828487702828
6160,78.41554293825408,0.3345646858215332,78.4121621037873,0.3323832029646093
6161,78.41554293825408,0.3363616466522217,78.41216265253497,0.33238384871102833
6162,78.41554293825408,0.3339347839355469,78.41216320110455,0.33238410040450844
6163,78.41554293825408,0.3335661888122558,78.41216374949612,0.3323842922085662
6164,78.41554293825408,0.3252284526824951,78.41216429770974,0.3323831313001421
6165,78.41554293825408,0.3357269763946533,78.41216484574552,0.33238367369188493
6166,78.41554293825408,0.3329501152038574,78.41216539360353,0.3323837655571966
6167,78.41554293825408,0.3321394920349121,78.41216594128387,0.33238372594741517
6168,78.41554293825408,0.3341476917266845,78.41216648878664,0.33238401193408496
6169,78.41554293825408,0.3327946662902832,78.41216703611188,0.3323840785014956
6170,78.41554293825408,0.336883544921875,78.41216758325973,0.33238480775051027
6171,78.41554293825408,0.3221940994262695,78.41216813023024,0.33238315636364846
6172,78.41554293825408,0.334775447845459,78.4121686770235,0.33238354396758263
6173,78.41554293825408,0.3178906440734863,78.41216922363962,0.33238119617884226
6174,78.41554293825408,0.3351790904998779,78.41216977007866,0.3323816493525256
6175,78.41554293825408,0.3362774848937988,78.41217031634072,0.33238228025706673
6176,78.41554293825408,0.3337879180908203,78.41217086242587,0.33238250785386625
6177,78.41554293825408,0.3343594074249267,78.41217140833422,0.3323828278958884
6178,78.41554293825408,0.3254368305206299,78.41217195406584,0.3323817035842382
6179,78.41554293825408,0.3322556018829345,78.41217249962082,0.33238168317612987
6180,78.41554293825408,0.3347008228302002,78.41217304499924,0.332382058441446
6181,78.41554293825408,0.325770616531372,78.41217359020119,0.3323809888019201
6182,78.41554293825408,0.3340473175048828,78.41217413522676,0.3323812583471648
6183,78.41554293825408,0.3332808017730713,78.41217468007603,0.33238140383372894
6184,78.41554293825408,0.3344497680664062,78.4121752247491,0.33238173830401235
6185,78.41554293825408,0.335073709487915,78.41217576924603,0.3323821735459176
6186,78.41554293825408,0.3326959609985351,78.41217631356693,0.3323822242713383
6187,78.41554293825408,0.3390679359436035,78.41217685771186,0.33238330487771817
6188,78.41554293825408,0.3255488872528076,78.41217740168092,0.3323822004146243
6189,78.41554293825408,0.3187887668609619,78.4121779454742,0.3323800040285274
6190,78.41554293825408,0.3330276012420654,78.41217848909179,0.33238010864843265
6191,78.41554293825408,0.318739652633667,78.41217903253374,0.33237790537658407
6192,78.41554293825408,0.3306546211242676,78.41217957580018,0.3323776270684038
6193,78.41554293825408,0.3305597305297851,78.41218011889116,0.3323773335278679
6194,78.41554293825408,0.333350658416748,78.41218066180679,0.3323774906678241
6195,78.41554293825408,0.3342528343200683,78.41218120454714,0.3323777933867349
6196,78.41554293825408,0.3366315364837646,78.4121817471123,0.3323784799172541
6197,78.41554293825408,0.3395960330963135,78.41218228950235,0.3323796446022919
6198,78.41554293825408,0.3366322517395019,78.41218283171739,0.3323803307279997
6199,78.41554293825408,0.3341469764709472,78.41218337375749,0.3323806157168274
6200,78.41554293825408,0.314532995223999,78.41218391562273,0.3323777370683609
6201,78.41554293825408,0.3260660171508789,78.41218445731322,0.3323767192131895
6202,78.41554293825408,0.3368022441864013,78.412184998829,0.33237743277735804
6203,78.41554293825408,0.3155772686004638,78.4121855401702,0.3323747243839715
6204,78.41554293825408,0.3372426033020019,78.41218608133688,0.33237550901951596
6205,78.41554293825408,0.3370873928070068,78.41218662232914,0.33237626838837775
6206,78.41554293825408,0.332094669342041,78.41218716314705,0.33237622301308833
6207,78.41554293825408,0.3330528736114502,78.4121877037907,0.3323763320272011
6208,78.41554293825408,0.334939956665039,78.41218824426018,0.3323767449822008
6209,78.41554293825408,0.3272418975830078,78.41218878455555,0.3323759179814923
6210,78.41554293825408,0.3280935287475586,78.41218932467693,0.3323752283858024
6211,78.41554293825408,0.3235940933227539,78.41218986462438,0.332373814582057
6212,78.41554293825408,0.3394031524658203,78.41219040439799,0.3323749461560885
6213,78.41554293825408,0.3348772525787353,78.41219094399784,0.33237534890941584
6214,78.41554293825408,0.3368008136749267,78.41219148342402,0.33237606108591494
6215,78.41554293825408,0.3365185260772705,78.4121920226766,0.33237672761286446
6216,78.41554293825408,0.3388056755065918,78.4121925617557,0.33237776187089113
6217,78.41554293825408,0.3361985683441162,78.41219310066137,0.3323783764448775
6218,78.41554293825408,0.3283834457397461,78.41219363939369,0.33237773396647524
6219,78.41554293825408,0.3376913070678711,78.41219417795277,0.33237858837604295
6220,78.41554293825408,0.3321478366851806,78.41219471633867,0.33237855127770033
6221,78.41554293825408,0.3310585021972656,78.41219525455149,0.33237833908527464
6222,78.41554293825408,0.3365414142608642,78.4121957925913,0.3323790081748239
6223,78.41554293825408,0.3252439498901367,78.4121963304582,0.33237786161234845
6224,78.41554293825408,0.3242554664611816,78.41219686815226,0.33237655660027404
6225,78.41554293825408,0.3334550857543945,78.41219740567357,0.33237672985796946
6226,78.41554293825408,0.3233599662780761,78.4121979430222,0.33237528161454194
6227,78.41554293825408,0.3106069564819336,78.41219848019826,0.3323717858179894
6228,78.41554293825408,0.302980899810791,78.4121990172018,0.33236706666480903
6229,78.41554293825408,0.3364651203155517,78.41219955403292,0.3323677245639342
6230,78.41554293825408,0.333970308303833,78.41220009069171,0.3323679818004896
6231,78.41554293825408,0.3333351612091064,78.41220062717825,0.33236813702106555
6232,78.41554293825408,0.3331544399261474,78.41220116349261,0.33236826319290524
6233,78.41554293825408,0.3379733562469482,78.41220169963488,0.33236916245378345
6234,78.41554293825408,0.3372669219970703,78.41220223560515,0.33236994810658155
6235,78.41554293825408,0.3327906131744385,78.41220277140349,0.3323700155749164
6236,78.41554293825408,0.3331382274627685,78.41220330703,0.33237013876476373
6237,78.41554293825408,0.3215510845184326,78.41220384248474,0.3323684041079982
6238,78.2514194464159,0.3316285610198974,78.41217806749339,0.33236828550538716
6239,78.41554293825408,0.3188569545745849,78.41217860682194,0.33236611988093917
6240,78.41554293825408,0.3353257179260254,78.41217914597762,0.3323665941754977
6241,78.41554293825408,0.3195798397064209,78.41217968496052,0.33236454534446597
6242,78.41554293825408,0.337174654006958,78.41218022377073,0.33236531594822477
6243,78.41554293825408,0.3348021507263183,78.41218076240833,0.33236570627895967
6244,78.41554293825408,0.3357815742492676,78.41218130087339,0.33236625334301645
6245,78.41554293825408,0.3353381156921386,78.41218183916601,0.33236672922169525
6246,78.41554293825408,0.337069034576416,78.41218237728626,0.33236748207237643
6247,78.41554293825408,0.3311665058135986,78.41218291523424,0.33236728982389574
6248,78.41554293825408,0.3267173767089844,78.41218345301002,0.33236638554842923
6249,78.41554293825408,0.3358707427978515,78.41218399061367,0.332366946335315
6250,78.41554293825408,0.3364419937133789,78.4121845280453,0.33236759834289553
6251,78.41554293825408,0.3343875408172607,78.41218506530498,0.3323679214819891
6252,78.41554293825408,0.3336021900177002,78.41218560239278,0.33236811890178053
6253,78.41554293825408,0.3357594013214111,78.4121861393088,0.33236866124664216
6254,78.41554293825408,0.3345527648925781,78.41218667605312,0.33236901047971634
6255,78.41554293825408,0.3381068706512451,78.41218721262582,0.33236992780348473
6256,78.41554293825408,0.3323366641998291,78.41218774902698,0.33236992248641256
6257,78.41554293825408,0.3350303173065185,78.41218828525669,0.33237034767337437
6258,78.41554293825408,0.3152763843536377,78.41218882131501,0.33236761613561155
6259,78.41554293825408,0.3339166641235351,78.41218935720205,0.3323678636269022
6260,78.41554293825408,0.3364598751068115,78.41218989291788,0.33236851730285744
6261,78.41554293825408,0.3322672843933105,78.41219042846258,0.332368501134049
6262,78.41554293825408,0.3365814685821533,78.41219096383624,0.33236917391709725
6263,78.41554293825408,0.335299015045166,78.41219149903893,0.3323696417186505
6264,78.41554293825408,0.335282564163208,78.41219203407073,0.33237010674458356
6265,78.41554293825408,0.3368518352508545,78.41219256893174,0.33237082210428126
6266,78.41554293825408,0.3365395069122314,78.41219310362203,0.33237148739071726
6267,78.41554293825408,0.3390707969665527,78.41219363814167,0.33237255637261864
6268,78.41554293825408,0.3357632160186767,78.41219417249077,0.33237309732023285
6269,78.41554293825408,0.3319575786590576,78.4121947066694,0.3323730310387428
6270,78.41554293825408,0.3362390995025635,78.41219524067763,0.33237364763658395
6271,78.41554293825408,0.3333723545074463,78.41219577451555,0.3323738068945764
6272,78.41554293825408,0.3372268676757812,78.41219630818324,0.33237458066064485
6273,78.41554293825408,0.3311409950256347,78.41219684168078,0.33237438401061536
6274,78.41554293825408,0.3255460262298584,78.41219737500826,0.33237329565266494
6275,78.41554293825408,0.3315486907958984,78.41219790816577,0.3323731642415324
6276,78.41554293825408,0.335878849029541,78.41219844115335,0.33237372282738137
6277,78.41554293825408,0.334268569946289,78.41219897397112,0.3323740246988357
6278,78.41554293825408,0.329164981842041,78.41219950661915,0.33237351354196143
6279,78.41554293825408,0.332082986831665,78.41220003909751,0.3323734672723786
6280,78.41554293825408,0.3315696716308594,78.4122005714063,0.33237333927944207
6281,78.41554293825408,0.3347034454345703,78.41220110354558,0.3323737102563813
6282,78.41554293825408,0.3367316722869873,78.41220163551546,0.3323744039784492
6283,78.41554293825408,0.3163087368011474,78.412202167316,0.33237184697269123
6284,78.41554293825408,0.3342952728271484,78.41220269894727,0.3323721530557362
6285,78.41554293825408,0.3346202373504638,78.41220323040938,0.332372510746157
6286,78.41554293825408,0.3173213005065918,78.41220376170239,0.3323701163442735
6287,78.41554293825408,0.3371748924255371,78.41220429282639,0.33237088058414643
6288,78.41554293825408,0.3329036235809326,78.41220482378145,0.3323709653079055
6289,78.41554293825408,0.336453914642334,78.41220535456767,0.3323716145286615
6290,78.41554293825408,0.327894926071167,78.41220588518512,0.3323709028134854
6291,78.41554293825408,0.3361496925354004,78.41220641563386,0.33237150347947203
6292,78.41554293825408,0.3285858631134033,78.41220694591401,0.332370901820164
6293,78.41554293825408,0.3352625370025635,78.41220747602561,0.3323713613204313
6294,78.41554293825408,0.3344690799713135,78.41220800596878,0.3323716946090635
6295,78.41554293825408,0.3338634967803955,78.41220853574357,0.33237193159114
6296,78.41554293825408,0.3180983066558838,78.41220906535007,0.3323696644969635
6297,78.41554293825408,0.3348846435546875,78.41220959478837,0.33237006389017576
6298,78.41554293825408,0.3354854583740234,78.41221012405853,0.3323705585542729
6299,78.41554293825408,0.3364744186401367,78.41221065316064,0.33237121006405
6300,78.41554293825408,0.3369319438934326,78.4122111820948,0.33237193399005466
6301,78.41554293825408,0.3216979503631592,78.41221171086104,0.33237023997583043
6302,78.41554293825408,0.3371429443359375,78.41221223945949,0.33237099730752834
6303,78.41554293825408,0.325477123260498,78.41221276789021,0.33236990356263746
6304,78.41554293825408,0.3334348201751709,78.41221329615328,0.3323700724897651
6305,78.41554293825408,0.3372652530670166,78.41221382424878,0.33237084888636736
6306,78.41554293825408,0.3326106071472168,78.41221435217679,0.332370886907024
6307,78.41554293825408,0.334543228149414,78.4122148799374,0.3323712313403905
6308,78.41554293825408,0.3365988731384277,78.41221540753067,0.3323719015435925
6309,78.41554293825408,0.3321902751922607,78.41221593495668,0.33237187275513924
6310,78.41554293825408,0.3332395553588867,78.41221646221553,0.3323720102642682
6311,78.41554293825408,0.3306028842926025,78.41221698930728,0.33237172994007685
6312,78.41554293825408,0.3299884796142578,78.41221751623202,0.33237135236556387
6313,78.41554293825408,0.336005687713623,78.41221804298983,0.33237192805625737
6314,78.41554293825408,0.3339815139770508,78.41221856958079,0.33237218297958976
6315,78.41554293825408,0.3360726833343506,78.41221909600497,0.3323727689653942
6316,78.41554293825408,0.3123092651367187,78.41221962226246,0.3323695923498418
6317,78.41554293825408,0.3360199928283691,78.41222014835333,0.3323701702191593
6318,78.41554293825408,0.3347845077514648,78.41222067427765,0.3323705523555209
6319,78.41554293825408,0.3340530395507812,78.41222120003553,0.3323708186139787
6320,78.41554293825408,0.3117866516113281,78.41222172562702,0.33236756162552894
6321,78.41554293825408,0.3253357410430908,78.41222225105221,0.3323664491717111
6322,78.41554293825408,0.3351442813873291,78.4122227763112,0.33236688856307706
6323,78.41554293825408,0.3336162567138672,78.41222330140403,0.33236708615411786
6324,78.41554293825408,0.3249526023864746,78.41222382633079,0.33236591371835444
6325,78.41554293825408,0.3340609073638916,78.41222435109157,0.33236618170153953
6326,78.41554293825408,0.333322525024414,78.41222487568645,0.3323663328781635
6327,78.41554293825408,0.3349161148071289,78.4122254001155,0.3323667358783103
6328,78.41554293825408,0.3343009948730469,78.4122259243788,0.3323670415450288
6329,78.41554293825408,0.335134744644165,78.41222644847643,0.33236747884998996
6330,78.41554293825408,0.334207534790039,78.41222697240846,0.33236776953813213
6331,78.41554293825408,0.3336853981018066,78.41222749617499,0.33236797766142445
6332,78.41554293825408,0.3376755714416504,78.41222801977608,0.3323688158790145
6333,78.41554293825408,0.3281869888305664,78.41222854321181,0.3323681555557793
6334,78.41554293825408,0.3351166248321533,78.41222906648227,0.33236858947893627
6335,78.41554293825408,0.3334598541259765,78.41222958958753,0.33236876173854907
6336,78.41554293825408,0.3319170475006103,78.41223011252767,0.33236869044526657
6337,78.41554293825408,0.338062047958374,78.41223063530276,0.3323695888763086
6338,78.41554293825408,0.3354508876800537,78.41223115791288,0.3323700750389472
6339,78.41554293825408,0.3312501907348633,78.41223168035812,0.3323698983731791
6340,78.41554293825408,0.3333206176757812,78.41223220263855,0.3323700483289051
6341,78.41554293825408,0.3340036869049072,78.41223272475425,0.33237030595996897
6342,78.41554293825408,0.3290045261383056,78.4122332467053,0.33236977524728817
6343,78.41554293825408,0.3342118263244629,78.41223376849176,0.33237006565420557
6344,78.41554293825408,0.3367707729339599,78.41223429011373,0.3323707593344199
6345,78.41554293825408,0.3341989517211914,78.41223481157128,0.33237104746560775
6346,78.41554293825408,0.3356280326843261,78.4122353328645,0.33237156069996304
6347,78.41554293825408,0.3371615409851074,78.41223585399344,0.33237231538411066
6348,78.41554293825408,0.3177945613861084,78.4122363749582,0.3323700189515338
6349,78.41554293825408,0.3377983570098877,78.41223689575885,0.3323708739425652
6350,78.41554293825408,0.3372902870178222,78.41223741639547,0.3323716486532857
6351,78.41554293825408,0.3160398006439209,78.41223793686812,0.3323690771136842
6352,78.41554293825408,0.3187956809997558,78.41223845717691,0.33236694024401886
6353,78.41554293825408,0.3327510356903076,78.4122389773219,0.33236700070292746
6354,78.41554293825408,0.3345804214477539,78.41223949730318,0.33236734905369
6355,78.41554293825408,0.3364014625549316,78.4122400171208,0.3323679838473172
6356,78.41554293825408,0.3356721401214599,78.41224053677485,0.33236850369569265
6357,78.41554293825408,0.333705186843872,78.4122410562654,0.3323687139651827
6358,78.41554293825408,0.3345634937286377,78.41224157559256,0.33236905916489384
6359,78.41554293825408,0.33547043800354,78.41224209475637,0.3323695468797607
6360,78.41554293825408,0.3349390029907226,78.41224261375692,0.3323699508822939
6361,78.41554293825408,0.3342471122741699,78.4122431325943,0.332370245987056
6362,78.41554293825408,0.3350749015808105,78.41224365126855,0.3323706711136819
6363,78.41554293825408,0.3120856285095215,78.4122441697798,0.332367483145333
6364,78.41554293825408,0.3153951168060303,78.41224468812808,0.33236481621159014
6365,78.41554293825408,0.3347818851470947,78.4122452063135,0.3323651959553349
6366,78.41554293825408,0.3153584003448486,78.41224572433612,0.33236252445115483
6367,78.41554293825408,0.3313922882080078,78.412246242196,0.33236237206600594
6368,78.41554293825408,0.3364930152893066,78.41224675989326,0.33236302072229096
6369,78.41554293825408,0.3343229293823242,78.41224727742794,0.33236332844856825
6370,78.41554293825408,0.332972764968872,78.41224779480012,0.3323634241214914
6371,78.41554293825408,0.3242931365966797,78.41224831200991,0.3323621573992304
6372,78.41554293825408,0.336754560470581,78.41224882905735,0.33236284672802374
6373,78.41554293825408,0.3375232219696045,78.41224934594251,0.3323636564526812
6374,78.41554293825408,0.3343348503112793,78.4122498626655,0.3323639657080716
6375,78.41554293825408,0.3375351428985595,78.41225037922639,0.33236477687312105
6376,78.41554293825408,0.3358755111694336,78.41225089562523,0.3323653274901688
6377,78.41554293825408,0.3384356498718261,78.41225141186213,0.3323662793989632
6378,78.41554293825408,0.325847864151001,78.41225192793713,0.33236525738340217
6379,78.41554293825408,0.3342211246490478,78.41225244385035,0.33236554831728926
6380,78.41554293825408,0.3173274993896484,78.41225295960183,0.3323631912563288
6381,78.41554293825408,0.3364582061767578,78.41225347519165,0.33236383300760924
6382,78.41554293825408,0.3254342079162597,78.4122539906199,0.3323627471998544
6383,78.41554293825408,0.334850549697876,78.41225450588665,0.33236313695427994
6384,78.41554293825408,0.3323171138763428,78.41225502099198,0.33236312974515114
6385,78.41554293825408,0.330763578414917,78.41225553593596,0.3323628792281065
6386,78.41554293825408,0.3340818881988525,78.41225605071865,0.33236314841209813
6387,78.41554293825408,0.3355932235717773,78.41225656534016,0.3323636541385988
6388,78.41554293825408,0.3368914127349853,78.41225707980054,0.3323643629298631
6389,78.41554293825408,0.3371028900146484,78.41225759409988,0.3323651045994647
6390,78.41554293825408,0.3353633880615234,78.41225810823825,0.332365573814404
6391,78.41554293825408,0.3360278606414795,78.41225862221573,0.33236614685255567
6392,78.41554293825408,0.3339071273803711,78.41225913603239,0.3323663879321126
6393,78.41554293825408,0.3238906860351562,78.4122596496883,0.33236506215362094
6394,78.41554293825408,0.3366143703460693,78.41226016318355,0.3323657267310674
6395,78.41554293825408,0.3378059864044189,78.41226067651819,0.33236657743625475
6396,78.41554293825408,0.3303115367889404,78.41226118969233,0.33236625613534054
6397,78.41554293825408,0.3335905075073242,78.41226170270602,0.3323664475143263
6398,78.41554293825408,0.3291323184967041,78.41226221555935,0.3323659420237015
6399,78.41554293825408,0.3333115577697754,78.41226272825237,0.33236608979925175
6400,78.41554293825408,0.3329143524169922,78.4122632407852,0.3323661754652858
6401,78.41554293825408,0.3331634998321533,78.41226375315787,0.3323663000277552
6402,78.41554293825408,0.3361043930053711,78.41226426537048,0.3323668839223159
6403,78.41554293825408,0.3366000652313232,78.4122647774231,0.3323675450469933
6404,78.41554293825408,0.3349947929382324,78.4122652893158,0.33236795529806934
6405,78.41554293825408,0.3281152248382568,78.41226580104866,0.33236729132766185
6406,78.41554293825408,0.3289802074432373,78.41226631262175,0.3323667625914951
6407,78.41554293825408,0.3368892669677734,78.41226682403516,0.3323674684607594
6408,78.41554293825408,0.3344888687133789,78.41226733528893,0.33236779951573014
6409,78.41554293825408,0.3345832824707031,78.41226784638317,0.332368145198825
6410,78.41554293825408,0.3301868438720703,78.41226835731796,0.33236780490220613
6411,78.41554293825408,0.3164088726043701,78.41226886809334,0.332365315597527
6412,78.41554293825408,0.3392441272735595,78.4122693787094,0.33236638840034616
6413,78.41554293825408,0.3351955413818359,78.41226988916621,0.33236682955939517
6414,78.41554293825408,0.3330702781677246,78.41227039946386,0.3323669392333285
6415,78.2735982966643,0.3355908393859863,78.4122487826123,0.3323674417898605
6416,78.41554293825408,0.3180413246154785,78.41224929604054,0.33236520891623605
6417,78.41554293825408,0.3323416709899902,78.41224980930878,0.33236520524817836
6418,78.41554293825408,0.3329551219940185,78.41225032241707,0.3323652971641562
6419,78.41554293825408,0.3397364616394043,78.41225083536548,0.33236644549948496
6420,78.41554293825408,0.3164694309234619,78.41225134815409,0.33236396932899026
6421,78.41554293825408,0.3386023044586181,78.41225186078299,0.33236494088094937
6422,78.41554293825408,0.3330411911010742,78.41225237325223,0.3323650461830702
6423,78.41554293825408,0.3370325565338135,78.41225288556191,0.3323657728700313
6424,78.41554293825408,0.3362598419189453,78.41225339771208,0.3323663790451634
6425,78.41554293825408,0.3400211334228515,78.41225390970283,0.33236757044662296
6426,78.41554293825408,0.3138360977172851,78.41225442153423,0.3323646866195565
6427,78.41554293825408,0.3321638107299804,78.41225493320636,0.3323646553645558
6428,78.41554293825408,0.3354756832122803,78.41225544471928,0.3323651393452415
6429,78.41554293825408,0.3342299461364746,78.41225595607308,0.33236542940696046
6430,78.41554293825408,0.3374805450439453,78.41225646726782,0.33236622491483553
6431,78.41554293825408,0.3339242935180664,78.41225697830359,0.3323664671895367
6432,78.41554293825408,0.3359997272491455,78.41225748918045,0.3323670320620584
6433,78.41554293825408,0.3262510299682617,78.41225799989849,0.33236608133889756
6434,78.41554293825408,0.3400166034698486,78.41225851045776,0.3323672704160084
6435,78.41554293825408,0.3346357345581054,78.41225902085836,0.33236762293568856
6436,78.41554293825408,0.3357758522033691,78.41225953110033,0.33236815249275314
6437,78.41554293825408,0.3359487056732178,78.41226004118379,0.3323687087383925
6438,78.41554293825408,0.332468032836914,78.41226055110879,0.3323687241661804
6439,78.41554293825408,0.3197135925292969,78.41226106087538,0.3323667587784437
6440,78.41554293825408,0.3157052993774414,78.41226157048368,0.33236417159530685
6441,78.41554293825408,0.3362734317779541,78.41226207993374,0.33236477852904117
6442,78.41554293825408,0.3363993167877197,78.41226258922562,0.3323654048156383
6443,78.41554293825408,0.3251006603240967,78.41226309835942,0.3323642772749753
6444,78.41554293825408,0.3339858055114746,78.41226360733519,0.3323645289087799
6445,78.41554293825408,0.3353490829467773,78.41226411615304,0.3323649919893133
6446,78.41554293825408,0.335047960281372,78.41226462481299,0.3323654082115119
6447,78.41554293825408,0.3383440971374511,78.41226513331516,0.3323663355713577
6448,78.41554293825408,0.3361907005310058,78.4122656416596,0.33236692868006734
6449,78.41554293825408,0.337050199508667,78.4122661498464,0.3323676548811572
6450,78.41554293825408,0.3164374828338623,78.41226665787562,0.3323651850870413
6451,78.41554293825408,0.3152151107788086,78.41226716574732,0.3323625265729647
6452,78.41554293825408,0.3342263698577881,78.4122676734616,0.33236281545134116
6453,78.41554293825408,0.3354415893554687,78.41226818101852,0.3323632925587182
6454,78.41554293825408,0.3357653617858886,78.41226868841817,0.3323638196844119
6455,78.41554293825408,0.3231992721557617,78.41226919566058,0.3323623999249187
6456,78.41554293825408,0.3368282318115234,78.41226970274587,0.3323630916584823
6457,78.41554293825408,0.321336030960083,78.4122702096741,0.3323613838900607
6458,78.41554293825408,0.3350656032562256,78.41227071644533,0.3323618026295104
6459,78.41554293825408,0.330883264541626,78.41227122305965,0.33236157371821023
6460,78.41554293825408,0.3358378410339355,78.4122717295171,0.33236211184008574
6461,78.41554293825408,0.3328912258148193,78.4122722358178,0.33236219373359677
6462,78.41554293825408,0.3259637355804443,78.41227274196179,0.33236120356675164
6463,78.41554293825408,0.3357138633728027,78.41227324794914,0.3323617223134337
6464,78.41554293825408,0.3333637714385986,78.41227375377996,0.3323618773334097
6465,78.41554293825408,0.3377797603607178,78.41227425945428,0.3323627153663606
6466,78.41554293825408,0.336564302444458,78.4122747649722,0.3323633651633105
6467,78.41554293825408,0.3358151912689209,78.41227527033377,0.3323638989233392
6468,78.41554293825408,0.3364026546478271,78.41227577553907,0.3323645233444469
6469,78.41554293825408,0.3348822593688965,78.4122762805882,0.3323649125446361
6470,78.41554293825408,0.3349668979644775,78.4122767854812,0.3323653147062157
6471,78.41554293825408,0.320256233215332,78.41227729021814,0.3323634434217943
6472,78.41554293825408,0.334385871887207,78.41227779479911,0.3323637559107414
6473,78.41554293825408,0.3262646198272705,78.41227829922418,0.33236281366818254
6474,78.41554293825408,0.3348720073699951,78.41227880349342,0.33236320124830326
6475,78.41554293825408,0.3344752788543701,78.41227930760691,0.33236352743789493
6476,78.41554293825408,0.331707239151001,78.4122798115647,0.3323634260962818
6477,78.41554293825408,0.3354377746582031,78.41228031536689,0.3323639007525365
6478,78.41554293825408,0.3351025581359863,78.41228081901352,0.33236432351533113
6479,78.41554293825408,0.3342146873474121,78.41228132250468,0.3323646091093784
6480,78.41554293825408,0.3306300640106201,78.41228182584045,0.3323643414326656
6481,78.41554293825408,0.3365216255187988,78.4122823290209,0.33236498288986144
6482,78.41554293825408,0.3363754749298095,78.41228283204607,0.33236560160199347
6483,78.41554293825408,0.3346624374389648,78.41228333491608,0.33236595588794704
6484,78.41554293825408,0.3246960639953613,78.41228383763098,0.3323647729928371
6485,78.41554293825408,0.3376820087432861,78.41228434019082,0.33236559292124895
6486,78.41554293825408,0.3356661796569824,78.41228484259571,0.3323661017998699
6487,78.41554293825408,0.3346514701843261,78.4122853448457,0.33236645409960547
6488,78.41554293825408,0.334787368774414,78.41228584694088,0.3323668272368858
6489,78.41554293825408,0.3335750102996826,78.41228634888128,0.33236701342629293
6490,78.41554293825408,0.3341760635375976,78.41228685066702,0.33236729217053196
6491,78.41554293825408,0.3366379737854004,78.41228735229814,0.33236795010946507
6492,78.41554293825408,0.3154902458190918,78.41228785377473,0.3323653503398578
6493,78.41554293825408,0.3366291522979736,78.41228835509683,0.33236600701658015
6494,78.41554293825408,0.3380374908447265,78.41228885626457,0.33236688035871564
6495,78.41554293825408,0.3353989124298095,78.41228935727796,0.33236734718428473
6496,78.41554293825408,0.3363819122314453,78.4122898581371,0.3323679651899878
6497,78.41554293825408,0.3331222534179687,78.41229035884207,0.33236808128791423
6498,78.41554293825408,0.3381087779998779,78.41229085939291,0.33236896474385635
6499,78.41554293825408,0.317451000213623,78.41229135978973,0.3323666693192479
6500,78.41554293825408,0.3352906703948974,78.41229186003258,0.33236711916556727
6501,78.41554293825408,0.3340542316436767,78.41229236012153,0.3323673786814076
6502,78.41554293825408,0.3347468376159668,78.41229286005664,0.33236774463941043
6503,78.41554293825408,0.3317494392395019,78.41229335983802,0.33236764955938586
6504,78.41554293825408,0.3383798599243164,78.41229385946569,0.33236857394597336
6505,78.41554293825408,0.3369500637054443,78.41229435893976,0.3323692782487803
6506,78.41554293825408,0.3371312618255615,78.41229485826028,0.33237001018600393
6507,78.41554293825408,0.3395688533782959,78.41229535742734,0.33237111650891654
6508,78.41554293825408,0.3351693153381347,78.41229585644099,0.33237154647185896
6509,78.2514194464159,0.3387222290039062,78.41227114044622,0.3323725221490032
6510,78.41554293825408,0.3346090316772461,78.41227164302653,0.33237286569885394
6511,78.41554293825408,0.3364708423614502,78.41227214545246,0.33237349509167574
6512,78.41554293825408,0.3377919197082519,78.4122726477241,0.33237432715933796
6513,78.41554293825408,0.339076280593872,78.41227314984148,0.33237535617107367
6514,78.41554293825408,0.3360750675201416,78.4122736518047,0.33237592413413003
6515,78.41554293825408,0.3364357948303222,78.41227415361384,0.3323765472915661
6516,78.41554293825408,0.3250973224639892,78.41227465526893,0.33237543016068405
6517,78.41554293825408,0.3345088958740234,78.4122751567701,0.3323757575299818
6518,78.41554293825408,0.335914134979248,78.41227565811737,0.3323763003924318
6519,78.41554293825408,0.3350260257720947,78.41227615931082,0.3323767068543707
6520,78.41554293825408,0.3354921340942383,78.41227666035054,0.3323771846806345
6521,78.41554293825408,0.3277521133422851,78.41227716123659,0.3323764754226467
6522,78.41554293825408,0.3338770866394043,78.41227766196904,0.3323767055071632
6523,78.41554293825408,0.3358471393585205,78.41227816254796,0.33237723753749454
6524,78.41554293825408,0.3222634792327881,78.41227866297342,0.3323756872986373
6525,78.41554293825408,0.3368873596191406,78.4122791632455,0.3323763787426711
6526,78.41554293825408,0.3342478275299072,78.41227966336426,0.33237666551079664
6527,78.41554293825408,0.3243691921234131,78.41228016332978,0.33237543868784775
6528,78.41554293825408,0.3366968631744385,78.41228066314211,0.33237610067076545
6529,78.41554293825408,0.3358557224273681,78.41228116280135,0.3323766336194186
6530,78.41554293825408,0.3344197273254394,78.41228166230755,0.3323769464974747
6531,78.41554293825408,0.320347785949707,78.41228216166078,0.33237510464162595
6532,78.41554293825408,0.3300209045410156,78.41228266086112,0.33237474423132274
6533,78.41554293825408,0.3375930786132812,78.41228315990864,0.3323755429967264
6534,78.41554293825408,0.3332371711730957,78.4122836588034,0.33237567486513414
6535,78.41554293825408,0.336191177368164,78.41228415754549,0.3323762587216763
6536,78.41554293825408,0.3373188972473144,78.41228465613494,0.332377014939321
6537,78.41554293825408,0.3373801708221435,78.41228515457186,0.33237778029894816
6538,78.41554293825408,0.3359661102294922,78.41228565285631,0.3323783291410911
6539,78.41554293825408,0.3355929851531982,78.41228615098835,0.3323788207538778
6540,78.41554293825408,0.3311541080474853,78.41228664896806,0.332378633488938
6541,78.41554293825408,0.3365345001220703,78.4122871467955,0.3323792688454023
6542,78.41554293825408,0.3297629356384277,78.41228764447075,0.33237886891675555
6543,78.41554293825408,0.336221694946289,78.41228814199388,0.33237945623542126
6544,78.41554293825408,0.333970308303833,78.41228863936496,0.33237969933628747
6545,78.41554293825408,0.3360252380371094,78.41228913658404,0.33238025633226925
6546,78.41554293825408,0.3131077289581299,78.41228963365121,0.33237731216371225
6547,78.41554293825408,0.3362355232238769,78.41229013056653,0.3323779014734816
6548,78.41554293825408,0.3345417976379394,78.41229062733008,0.33237823194021415
6549,78.41554293825408,0.3148281574249267,78.41229112394193,0.3323755521303935
6550,78.41554293825408,0.3204522132873535,78.41229162040213,0.33237373177331825
6551,78.41554293825408,0.337015151977539,78.41229211671076,0.33237444027892105
6552,78.41554293825408,0.336289644241333,78.4122926128679,0.33237503783752337
6553,78.41554293825408,0.3358190059661865,78.41229310887361,0.33237556339347163
6554,78.41554293825408,0.3354127407073974,78.41229360472796,0.3323760268016672
6555,78.41554293825408,0.3394696712493896,78.41229410043103,0.3323771089747332
6556,78.41554293825408,0.324195384979248,78.41229459598286,0.33237586099974914
6557,78.41554293825408,0.3399713039398193,78.41229509138354,0.3323770193714039
6558,78.41554293825408,0.3370206356048584,78.41229558663315,0.3323777274556115
6559,78.41554293825408,0.3366899490356445,78.41229608173174,0.3323783849066833
6560,78.41554293825408,0.3361885547637939,78.41229657667938,0.3323789657252591
6561,78.41554293825408,0.3350040912628174,78.41229707147615,0.3323793658358425
6562,78.41554293825408,0.3363621234893799,78.4122975661221,0.3323799727784901
6563,78.41554293825408,0.3373785018920898,78.41229806061733,0.3323807344010885
6564,78.41554293825408,0.3344297409057617,78.4122985549619,0.3323810465593007
6565,78.19375443577005,0.3355491161346435,78.4122652656825,0.3323815291289237
6566,78.41554293825408,0.3354384899139404,78.41226576487114,0.3323819947032133
6567,78.41554293825408,0.325411319732666,78.41226626390775,0.3323809332329878
6568,78.41554293825408,0.3367583751678467,78.4122667627924,0.3323815997131849
6569,78.41554293825408,0.3380782604217529,78.41226726152516,0.33238246691682455
6570,78.41554293825408,0.3357007503509521,78.41226776010609,0.33238297198279626
6571,78.41554293825408,0.3375594615936279,78.41226825853528,0.332383759760853
6572,78.41554293825408,0.3406872749328613,78.41226875681278,0.3323850232293819
6573,78.41554293825408,0.3255674839019775,78.41226925493866,0.33238398602577207
6574,78.41554293825408,0.3399901390075683,78.41226975291302,0.33238514303109334
6575,78.41554293825408,0.3339424133300781,78.41227025073589,0.3323853798782871
6576,78.41554293825408,0.3179273605346679,78.41227074840735,0.3323831812743723
6577,78.41554293825408,0.3354299068450928,78.41227124592747,0.3323836445137779
6578,78.41554293825408,0.3268039226531982,78.41227174329633,0.33238279627390854
6579,78.41554293825408,0.3401463031768799,78.41227224051399,0.3323839763175175
6580,78.41554293825408,0.3354840278625488,78.41227273758052,0.3323844474499711
6581,78.41554293825408,0.3345668315887451,78.41227323449598,0.33238477906889513
6582,78.41554293825408,0.3347351551055908,78.41227373126047,0.33238513616036225
6583,78.41554293825408,0.3413403034210205,78.41227422787402,0.3323864965078118
6584,78.41554293825408,0.32692551612854,78.41227472433671,0.332385667075798
6585,78.41554293825408,0.3335285186767578,78.41227522064862,0.3323858406295718
6586,78.41554293825408,0.3311591148376465,78.41227571680983,0.332385654366925
6587,78.41554293825408,0.3380122184753418,78.41227621282037,0.33238650855913826
6588,78.41554293825408,0.335763931274414,78.41227670868034,0.3323870212219669
6589,78.41554293825408,0.3277561664581299,78.4122772043898,0.3323863184059457
6590,78.41554293825408,0.3342556953430176,78.4122776999488,0.33238660207467663
6591,78.41554293825408,0.3327410221099853,78.41227819535744,0.33238665584800925
6592,78.41554293825408,0.3260746002197265,78.41227869061578,0.3323856983152987
6593,78.41554293825408,0.3306810855865478,78.41227918572388,0.3323854397664243
6594,78.41554293825408,0.3387801647186279,78.41227968068179,0.33238640954576193
6595,78.41554293825408,0.3180387020111084,78.41228017548961,0.3323842340025421
6596,78.41554293825408,0.3352808952331543,78.41228067014741,0.3323846731567614
6597,78.41554293825408,0.337982177734375,78.41228116465524,0.332385521649194
6598,78.41554293825408,0.3334605693817138,78.41228165901317,0.3323856845845884
6599,78.41554293825408,0.3360943794250488,78.41228215322127,0.33238624659320193
6600,78.41554293825408,0.3351423740386963,78.41228264727961,0.3323866641882694
6601,78.41554293825408,0.3274431228637695,78.41228314118827,0.3323859152803275
6602,78.41554293825408,0.3356077671051025,78.41228363494729,0.3323864032918126
6603,78.41554293825408,0.3373281955718994,78.41228412855676,0.3323871517080295
6604,78.41554293825408,0.3365955352783203,78.41228462201674,0.3323877889556931
6605,78.41554293825408,0.3357236385345459,78.41228511532731,0.3323882940048345
6606,78.41554293825408,0.3174903392791748,78.41228560848852,0.332386038789163
6607,78.41554293825408,0.3372457027435303,78.41228610150044,0.33238677432177305
6608,78.41554293825408,0.3346529006958008,78.41228659436315,0.332387117258573
6609,78.41554293825408,0.3344876766204834,78.4122870870767,0.33238743509173413
6610,78.41554293825408,0.3381776809692383,78.41228757964119,0.332388311074469
6611,78.41554293825408,0.335564374923706,78.41228807205665,0.3323887914955625
6612,78.41554293825408,0.3343513011932373,78.41228856432318,0.3323890883058616
6613,78.41554293825408,0.3363120555877685,78.41228905644081,0.33238968152637904
6614,78.41554293825408,0.3133971691131592,78.41228954840965,0.3323868099641757
6615,78.41554293825408,0.3358559608459472,78.41229004022973,0.33238733440119483
6616,78.41554293825408,0.3366870880126953,78.41229053190114,0.33238798430349403
6617,78.41554293825408,0.3356351852416992,78.41229102342395,0.3323884750396189
6618,78.41554293825408,0.3366520404815674,78.4122915147982,0.33238911927737075
6619,78.41554293825408,0.3365147113800049,78.41229200602399,0.3323897425727481
6620,78.41554293825408,0.3348000049591064,78.41229249710138,0.3323901066607219
6621,78.41554293825408,0.3374032974243164,78.41229298803042,0.33239086382591804
6622,78.41554293825408,0.337721586227417,78.41229347881118,0.3323916688277908
6623,78.41554293825408,0.316561222076416,78.41229396944374,0.3323892786048176
6624,78.41554293825408,0.336738109588623,78.41229445992816,0.33238993513123427
6625,78.41554293825408,0.3390092849731445,78.41229495026452,0.3323909342783802
6626,78.41554293825408,0.3247313499450683,78.41229544045288,0.3323897782891962
6627,78.41554293825408,0.3362979888916015,78.41229593049329,0.3323903680297428
6628,78.41554293825408,0.337444543838501,78.41229642038583,0.3323911305788992
6629,78.41554293825408,0.3184843063354492,78.41229691013058,0.33238903270225967
6630,78.41554293825408,0.3379366397857666,78.41229739972758,0.33238986944540955
6631,78.41554293825408,0.3336024284362793,78.41229788917693,0.33239005230757074
6632,78.41554293825408,0.3349552154541015,78.41229837847865,0.33239043909332866
6633,78.41554293825408,0.3311550617218017,78.41229886763286,0.3323902528461748
6634,78.41554293825408,0.3374545574188232,78.41229935663958,0.33239101623245343
6635,78.41554293825408,0.3365654945373535,78.41229984549891,0.33239164539271043
6636,78.41554293825408,0.3394498825073242,78.4123003342109,0.33239270902096757
6637,78.41554293825408,0.3354482650756836,78.41230082277563,0.33239316940307617
6638,78.41554293825408,0.334139347076416,78.41230131119315,0.3323934324608757
6639,78.41554293825408,0.3259491920471191,78.41230179946353,0.33239246179655674
6640,78.41554293825408,0.334207534790039,78.41230228758685,0.3323927351509232
6641,78.41554293825408,0.3137269020080566,78.41230277556316,0.3323899244547716
6642,78.41554293825408,0.3344917297363281,78.41230326339254,0.33239024089639785
6643,78.41554293825408,0.3349583148956299,78.41230375107504,0.3323906274798691
6644,78.41554293825408,0.3373637199401855,78.41230423861074,0.332391375988668
6645,78.41554293825408,0.3376567363739013,78.41230472599972,0.3323921683679585
6646,78.41554293825408,0.3358411788940429,78.412305213242,0.3323926873283145
6647,78.41554293825408,0.3212265968322754,78.4123057003377,0.33239100745912603
6648,78.26916252661462,0.3276727199554443,78.41228416857268,0.3323902977287554
6649,78.41554293825408,0.3338501453399658,78.41228465868694,0.3323905172877284
6650,78.41554293825408,0.335421085357666,78.41228514865381,0.3323909730122502
6651,78.41554293825408,0.3347644805908203,78.41228563847332,0.33239132987701914
6652,78.41554293825408,0.3372256755828857,78.41228612814557,0.3323920566277266
6653,78.41554293825408,0.3372848033905029,78.41228661767062,0.3323927920473512
6654,78.41554293825408,0.3366756439208984,78.41228710704853,0.3323934356980686
6655,78.41554293825408,0.3377120494842529,78.41228759627937,0.3323942348887202
6656,78.41554293825408,0.3256638050079345,78.4122880853632,0.3323932237063463
6657,78.41554293825408,0.3271949291229248,78.4122885743001,0.3323924428298879
6658,78.41554293825408,0.3227334022521972,78.41228906309013,0.33239099208783657
6659,78.41554293825408,0.3354725837707519,78.41228955173334,0.33239145485877564
6660,78.41554293825408,0.3356471061706543,78.41229004022982,0.33239194369530894
6661,78.41554293825408,0.3363339900970459,78.41229052857963,0.3323925355053077
6662,78.41554293825408,0.335773229598999,78.41229101678282,0.3323930429646433
6663,78.41554293825408,0.3363449573516845,78.41229150483947,0.3323936360780137
6664,78.41554293825408,0.3347032070159912,78.41229199274966,0.3323939826522841
6665,78.41554293825408,0.3327610492706299,78.41229248051343,0.33239403772604525
6666,78.41554293825408,0.3368186950683594,78.41229296813086,0.3323947014910231
6667,78.41554293825408,0.3352165222167969,78.41229345560201,0.3323951247429694
6668,78.41554293825408,0.3115596771240234,78.41229394292694,0.33239200005076497
6669,78.41554293825408,0.3174915313720703,78.41229443010573,0.3323897657624641
6670,78.41554293825408,0.3375318050384521,78.41229491713844,0.33239053668289525
6671,78.41554293825408,0.338430643081665,78.41229540402514,0.3323914421103273
6672,78.41554293825408,0.3352270126342773,78.41229589076589,0.3323918671059094
6673,78.41554293825408,0.3374464511871338,78.41229637736075,0.33239262457392693
6674,78.41554293825408,0.3370444774627685,78.41229686380979,0.33239332158514795
6675,78.41554293825408,0.3206849098205566,78.41229735011308,0.3323915675159697
6676,78.41554293825408,0.3167746067047119,78.41229783627068,0.3323892282468248
6677,78.41554293825408,0.3388903141021728,78.41229832228267,0.33239020190053986
6678,78.41554293825408,0.3370516300201416,78.41229880814909,0.33239089992811094
6679,78.41554293825408,0.3392808437347412,78.41229929387003,0.3323919315112531
6680,78.41554293825408,0.3373010158538818,78.41229977944555,0.3323926664041188
6681,78.41554293825408,0.3391730785369873,78.4123002648757,0.3323936812839471
6682,78.41554293825408,0.3280646800994873,78.41230075016055,0.33239303342384763
6683,78.41554293825408,0.3374619483947754,78.41230123530018,0.3323937919028198
6684,78.41554293825408,0.3395793437957763,78.41230172029464,0.3323948669405058
6685,78.41554293825408,0.3378281593322754,78.412302205144,0.3323956796992779
6686,78.41554293825408,0.3374953269958496,78.41230268984833,0.33239644243444044
6687,78.41554293825408,0.3347361087799072,78.41230317440768,0.33239679231724967
6688,78.41554293825408,0.334975004196167,78.41230365882214,0.3323971778154373
6689,78.41554293825408,0.3385848999023437,78.41230414309176,0.3323981028748015
6690,78.41554293825408,0.3203825950622558,78.4123046272166,0.33239630683476973
6691,78.41554293825408,0.3366453647613525,78.41230511119673,0.3323969418755598
6692,78.41554293825408,0.3363940715789795,78.41230559503222,0.3323975391752764
6693,78.41554293825408,0.3375468254089355,78.41230607872312,0.3323983085292632
6694,78.41554293825408,0.33656907081604,78.41230656226952,0.33239893158906103
6695,78.41554293825408,0.3361604213714599,78.41230704567147,0.33239949342472686
6696,78.41554293825408,0.3310804367065429,78.41230752892902,0.33239929643298277
6697,78.41554293825408,0.3353214263916015,78.41230801204226,0.33239973276715606
6698,78.41554293825408,0.3383076190948486,78.41230849501125,0.3324006148045296
6699,78.41554293825408,0.3345410823822021,78.41230897783603,0.332400934324992
6700,78.41554293825408,0.3351154327392578,78.4123094605167,0.332401339474009
6701,78.41554293825408,0.3330345153808594,78.41230994305329,0.3324014339637728
6702,78.41554293825408,0.3359608650207519,78.4123104254459,0.33240196506360226
6703,78.41554293825408,0.3335256576538086,78.41231090769456,0.33240213270385144
6704,78.41554293825408,0.3248128890991211,78.41231138979937,0.33240100065677436
6705,78.41554293825408,0.3363533020019531,78.41231187176037,0.33240159011260506
6706,78.41554293825408,0.3355867862701416,78.41231235357762,0.3324020650896641
6707,78.41554293825408,0.3388466835021972,78.4123128352512,0.3324030259691053
6708,78.41554293825408,0.3364152908325195,78.41231331678117,0.3324036241004207
6709,78.41554293825408,0.3358583450317383,78.41231379816759,0.3324041390387023
6710,78.41554293825408,0.3336217403411865,78.41231427941052,0.3324043204994031
6711,78.41554293825408,0.3361642360687256,78.41231476051004,0.3324048807609989
6712,78.41554293825408,0.336998701095581,78.41231524146622,0.33240556517999986
6713,78.41554293825408,0.3371233940124511,78.41231572227909,0.3324062679699347
6714,78.41554293825408,0.3277990818023681,78.41231620294873,0.3324055817640712
6715,78.41554293825408,0.3353557586669922,78.41231668347521,0.33240602110538214
6716,78.41554293825408,0.3354425430297851,78.4123171638586,0.33240647323789024
6717,78.41554293825408,0.336226224899292,78.41231764409895,0.33240704190718623
6718,78.41554293825408,0.3365333080291748,78.41231812419632,0.33240765611768375
6719,78.41554293825408,0.3387784957885742,78.4123186041508,0.33240860430040003
6720,78.41554293825408,0.334829568862915,78.41231908396242,0.33240896456298374
6721,78.41554293825408,0.3385267257690429,78.41231956363127,0.33240987480866235
6722,78.41554293825408,0.3371431827545166,78.4123200431574,0.3324105789603949
6723,78.41554293825408,0.3338751792907715,78.41232052254088,0.3324107968096185
6724,78.41554293825408,0.3361403942108154,78.41232100178176,0.33241135147907136
6725,78.41554293825408,0.3346247673034668,78.41232148088012,0.332411680611536
6726,78.41554293825408,0.3361704349517822,78.41232195983604,0.3324122394510156
6727,78.41554293825408,0.337505578994751,78.41232243864954,0.33241299659975115
6728,78.41554293825408,0.3281285762786865,78.41232291732071,0.33241235979530387
6729,78.41554293825408,0.3237836360931396,78.4123233958496,0.33241107747643006
6730,78.41554293825408,0.3385546207427978,78.4123238742363,0.3324119903357564
6731,78.41554293825408,0.3371973037719726,78.41232435248084,0.3324127012722348
6732,78.41554293825408,0.3268508911132812,78.4123248305833,0.33241187509722603
6733,78.41554293825408,0.3155338764190674,78.41232530854376,0.33240936833966206
6734,78.41554293825408,0.337254524230957,78.41232578636225,0.33241008784603143
6735,78.41554293825408,0.3363144397735595,78.41232626403885,0.33241066755678533
6736,78.41554293825408,0.3369388580322265,78.41232674157362,0.3324113397940887
6737,78.41554293825408,0.3355655670166015,78.41232721896664,0.3324118079887187
6738,78.41554293825408,0.3370687961578369,78.41232769621794,0.3324124991416082
6739,78.41554293825408,0.3344998359680176,78.41232817332761,0.3324128088814548
6740,78.41554293825408,0.3369538784027099,78.4123286502957,0.33241348263064197
6741,78.41554293825408,0.3317816257476806,78.41232912712229,0.332413388897237
6742,78.41554293825408,0.3130762577056885,78.41232960380742,0.33241052073776034
6743,78.41554293825408,0.3200931549072265,78.41233008035117,0.332408694048478
6744,78.41554293825408,0.3332505226135254,78.41233055675359,0.3324088188747777
6745,78.41554293825408,0.3311679363250732,78.41233103301475,0.33240863490405126
6746,78.41554293825408,0.3341844081878662,78.41233150913472,0.332408898137565
6747,78.41554293825408,0.3209564685821533,78.41233198511354,0.33240720072692986
6748,78.41554293825408,0.3335888385772705,78.41233246095129,0.33240737583627344
6749,78.41554293825408,0.3348362445831299,78.41233293664804,0.3324077357219968
6750,78.41554293825408,0.3375008106231689,78.41233341220384,0.3324084902516118
6751,78.41554293825408,0.3451948165893554,78.41233388761874,0.33241038424158925
6752,78.41554293825408,0.3335409164428711,78.41233436289284,0.3324105516782304
6753,78.41554293825408,0.3358948230743408,78.41233483802617,0.33241106763727024
6754,78.41554293825408,0.3368973731994629,78.4123353130188,0.33241173188150513
6755,78.41554293825408,0.3202633857727051,78.4123357878708,0.3324099334586911
6756,78.41554293825408,0.3369102478027344,78.41233626258223,0.33241059957981955
6757,78.41554293825408,0.3248188495635986,78.41233673715315,0.33240947604126453
6758,78.41554293825408,0.3356640338897705,78.41233721158362,0.3324099576272143
6759,78.41554293825408,0.3358089923858642,78.41233768587371,0.33241046051739903
6760,78.41554293825408,0.3290908336639404,78.41233816002348,0.3324099694483379
6761,78.41554293825408,0.3381884098052978,78.41233863403298,0.33241082412077644
6762,78.41554293825408,0.3333797454833984,78.41233910790228,0.3324109674099457
6763,78.41554293825408,0.3285074234008789,78.41233958163146,0.332410390218757
6764,78.41554293825408,0.334179162979126,78.41234005522055,0.3324106517167997
6765,78.41554293825408,0.3375976085662842,78.41234052866963,0.33241141845099764
6766,78.41554293825408,0.3369438648223877,78.41234100197877,0.33241208833665703
6767,78.41554293825408,0.3376786708831787,78.41234147514803,0.33241286661101
6768,78.41554293825408,0.3390800952911377,78.41234194817744,0.33241385172163057
6769,78.41554293825408,0.333606481552124,78.41234242106711,0.3324140279115893
6770,78.41554293825408,0.3351948261260986,78.41234289381705,0.33241443866464904
6771,78.41554293825408,0.3288526535034179,78.41234336642738,0.3324139126293276
6772,78.41554293825408,0.3340556621551513,78.41234383889812,0.3324141550613309
6773,78.41554293825408,0.3218312263488769,78.41234431122935,0.33241259254417266
6774,78.41554293825408,0.3330538272857666,78.41234478342112,0.3324126872053391
6775,78.41554293825408,0.3181016445159912,78.4123452554735,0.33241057487431486
6776,78.41554293825408,0.336728572845459,78.41234572738654,0.33241121212312996
6777,78.41554293825408,0.3371405601501465,78.41234619916031,0.33241190997587117
6778,78.41554293825408,0.3322422504425049,78.41234667079489,0.33241188494495744
6779,78.41554293825408,0.3251824378967285,78.41234714229032,0.3324108184975392
6780,78.41554293825408,0.3265938758850097,78.41234761364666,0.33240996054140165
6781,78.41554293825408,0.3347232341766357,78.41234808486396,0.33241030168188757
6782,78.41554293825408,0.3351263999938965,78.41234855594233,0.33241070216822083
6783,78.41554293825408,0.3361639976501465,78.41234902688178,0.3324112555067852
6784,78.41554293825408,0.3312807083129883,78.4123494976824,0.33241108885772946
6785,78.41554293825408,0.3389837741851806,78.41234996834424,0.33241205756595754
6786,78.41554293825408,0.340484619140625,78.41235043886738,0.33241324715652265
6787,78.41554293825408,0.3280000686645508,78.41235090925184,0.3324125969165798
6788,78.41554293825408,0.3341233730316162,78.41235137949772,0.3324128489460605
6789,78.41554293825408,0.3358325958251953,78.41235184960507,0.33241335266485256
6790,78.41554293825408,0.3185005187988281,78.41235231957396,0.33241130364661015
6791,78.41554293825408,0.3320999145507812,78.41235278940442,0.33241125779340797
6792,78.41554293825408,0.3394551277160644,78.41235325909653,0.3324122948767299
6793,78.41554293825408,0.328749418258667,78.41235372865037,0.33241175566333114
6794,78.24698367636623,0.3344712257385254,78.41232938804802,0.33241205879404573
6795,78.41554293825408,0.3330931663513183,78.41232986097668,0.3324121590306252
6796,78.41554293825408,0.3393540382385254,78.41233033376616,0.3324131804960766
6797,78.41554293825408,0.3349826335906982,78.41233080641652,0.33241355852360266
6798,78.41554293825408,0.3353080749511719,78.41233127892784,0.3324139843130154
6799,78.41554293825408,0.3368062973022461,78.41233175130014,0.33241463033639956
6800,78.41554293825408,0.3377125263214111,78.41233222353353,0.3324154094387503
6801,78.41554293825408,0.3324580192565918,78.41233269562804,0.33241541570397865
6802,78.41554293825408,0.328324556350708,78.41233316758372,0.3324148142839032
6803,78.41554293825408,0.3349652290344238,78.41233363940069,0.3324151891795008
6804,78.41554293825408,0.3378643989562988,78.41233411107893,0.33241599006277195
6805,78.41554293825408,0.3346824645996094,78.41233458261857,0.33241632312295366
6806,78.41554293825408,0.3361842632293701,78.41233505401964,0.33241687674330433
6807,78.41554293825408,0.312828779220581,78.4123355252822,0.33241399910300423
6808,78.41554293825408,0.3329987525939941,78.41233599640631,0.3324140849951151
6809,78.41554293825408,0.3349664211273193,78.41233646739205,0.33241445984254236
6810,78.41554293825408,0.3370721340179443,78.41233693823946,0.33241514378882364
6811,78.41554293825408,0.3357777595520019,78.41233740894862,0.33241563749250347
6812,78.41554293825408,0.3365600109100342,78.41233787951957,0.33241624588554775
6813,78.41554293825408,0.3359272480010986,78.41233834995239,0.332416761224182
6814,78.41554293825408,0.336005687713623,78.41233882024713,0.33241728792310915
6815,78.41554293825408,0.3383758068084717,78.41233929040385,0.33241816224723025
6816,78.41554293825408,0.3351979255676269,78.41233976042261,0.3324185700763559
6817,78.41554293825408,0.3170340061187744,78.41234023030347,0.3324163132824645
6818,78.41554293825408,0.3366961479187011,78.4123407000465,0.33241694100828384
6819,78.41554293825408,0.3355360031127929,78.41234116965175,0.33241739841583695
6820,78.41554293825408,0.3187119960784912,78.41234163911929,0.33241538882605143
6821,78.41554293825408,0.3341193199157715,78.41234210844918,0.3324156386326912
6822,78.41554293825408,0.3345570564270019,78.41234257764148,0.3324159525315177
6823,78.41554293825408,0.3355093002319336,78.41234304669624,0.33241640590213184
6824,78.41554293825408,0.3187212944030761,78.41234351561353,0.3324143989983365
6825,78.41554293825408,0.339012861251831,78.4123439843934,0.33241536580599274
6826,78.41554293825408,0.3258430957794189,78.41234445303593,0.3324144029770993
6827,78.41554293825408,0.3379018306732178,78.41234492154116,0.3324152067602685
6828,78.41554293825408,0.3360950946807861,78.41234538990918,0.3324157457010887
6829,78.41554293825408,0.3379666805267334,78.41234585814001,0.3324165585484786
6830,78.41554293825408,0.3367617130279541,78.41234632623373,0.3324171947350788
6831,78.41554293825408,0.3352000713348388,78.41234679419041,0.3324176021244215
6832,78.41554293825408,0.3373546600341797,78.4123472620101,0.33241832476170335
6833,78.41554293825408,0.3172817230224609,78.41234772969285,0.33241610954119416
6834,78.41554293825408,0.3374388217926025,78.41234819723874,0.33241684450055203
6835,78.41554293825408,0.3359642028808594,78.41234866464781,0.3324173634995835
6836,78.41554293825408,0.3360123634338379,78.41234913192014,0.3324178893919086
6837,78.41554293825408,0.3348798751831054,78.41234959905579,0.3324182494892892
6838,78.41554293825408,0.3181495666503906,78.41235006605478,0.33241616281440783
6839,78.41554293825408,0.3361716270446777,78.41235053291723,0.33241671193916733
6840,78.41554293825408,0.3370425701141357,78.41235099964317,0.3324173882342221
6841,78.41554293825408,0.3188872337341308,78.41235146623264,0.33241541043061157
6842,78.41554293825408,0.3386499881744385,78.41235193268574,0.33241632165214674
6843,78.41554293825408,0.3374149799346924,78.41235239900249,0.33241705212975636
6844,78.41554293825408,0.3344235420227051,78.41235286518298,0.33241734530478456
6845,78.41554293825408,0.3283500671386719,78.41235333122727,0.3324167511078282
6846,78.41554293825408,0.3354358673095703,78.4123537971354,0.3324171921122398
6847,78.41554293825408,0.3376893997192383,78.41235426290743,0.3324179621148113
6848,78.41554293825408,0.3371407985687256,78.41235472854343,0.33241865178134955
6849,78.41554293825408,0.3202633857727051,78.41235519404347,0.33241687703087375
6850,78.41554293825408,0.3368270397186279,78.4123556594076,0.33241752085024423
6851,78.41554293825408,0.3357970714569092,78.41235612463586,0.3324180141432827
6852,78.41554293825408,0.335411787033081,78.41235658972833,0.33241845106285217
6853,78.41554293825408,0.3357546329498291,78.41235705468507,0.33241893788349813
6854,78.41554293825408,0.3363711833953857,78.41235751950614,0.33241951451692564
6855,78.41554293825408,0.3212847709655761,78.4123579841916,0.33241789019255635
6856,78.41554293825408,0.3342180252075195,78.4123584487415,0.3324181527560066
6857,78.41554293825408,0.3357963562011719,78.4123589131559,0.3324186454209395
6858,78.41554293825408,0.3297643661499023,78.41235937743485,0.3324182583869251
6859,78.41554293825408,0.3272910118103027,78.41235984157845,0.33241751086591964
6860,78.41554293825408,0.3395862579345703,78.41236030558672,0.33241855587278096
6861,78.41554293825408,0.335176944732666,78.41236076945971,0.33241895791167614
6862,78.41554293825408,0.3356063365936279,78.41236123319752,0.3324194224087152
6863,78.41554293825408,0.3392770290374756,78.41236169680019,0.3324204216228531
6864,78.41554293825408,0.3217287063598633,78.41236216026776,0.3324188639720281
6865,78.41554293825408,0.3382840156555176,78.41236262360033,0.3324197183276994
6866,78.41554293825408,0.3153893947601318,78.41236308679792,0.33241723794267647
6867,78.41554293825408,0.3356940746307373,78.41236354986061,0.33241771512873847
6868,78.41554293825408,0.3361489772796631,78.41236401278844,0.3324182584109387
6869,78.41554293825408,0.3350725173950195,78.4123644755815,0.3324186448222044
6870,78.41554293825408,0.3212950229644775,78.41236493823983,0.33241702566327314
6871,78.41554293825408,0.3252956867218017,78.41236540076349,0.3324159892291381
6872,78.41554293825408,0.3342392444610595,78.41236586315253,0.33241625454567364
6873,78.41554293825408,0.3355355262756347,78.41236632540702,0.3324167083899527
6874,78.41554293825408,0.334181547164917,78.41236678752702,0.3324169651311187
6875,78.41554293825408,0.3383536338806152,78.41236724951258,0.33241782864657315
6876,78.41554293825408,0.3361935615539551,78.41236771136377,0.3324183777642153
6877,78.41554293825408,0.3355402946472168,78.41236817308065,0.33241883172915393
6878,78.41554293825408,0.3309776782989502,78.41236863466325,0.33241862219826845
6879,78.41554293825408,0.3315939903259277,78.41236909611168,0.3324185023215608
6880,78.41554293825408,0.3350467681884765,78.41236955742593,0.3324188843369484
6881,78.41554293825408,0.3337645530700683,78.41237001860613,0.33241907989990915
6882,78.41554293825408,0.3362865447998047,78.41237047965228,0.3324196418680725
6883,78.41554293825408,0.3258512020111084,78.41237094056447,0.33241868756909576
6884,78.41554293825408,0.3380801677703857,78.41237140134277,0.3324195099805137
6885,78.41554293825408,0.3355066776275635,78.4123718619872,0.3324199583708764
6886,78.41554293825408,0.3246464729309082,78.41237232249784,0.33241882948829726
6887,78.41554293825408,0.3371069431304931,78.41237278287475,0.33241951020757154
6888,78.41554293825408,0.3358378410339355,78.41237324311798,0.33242000648092035
6889,78.41554293825408,0.3379621505737304,78.4123737032276,0.3324208109727323
6890,78.41554293825408,0.3333299160003662,78.41237416320367,0.33242094291830965
6891,78.41554293825408,0.3360738754272461,78.41237462304622,0.3324214730202555
6892,78.41554293825408,0.3330132961273193,78.41237508275535,0.3324215588912809
6893,78.41554293825408,0.3338310718536377,78.41237554233108,0.33242176337597007
6894,78.41554293825408,0.3170762062072754,78.41237600177348,0.3324195374465867
6895,78.41554293825408,0.3352038860321045,78.41237646108262,0.3324199412679914
6896,78.41554293825408,0.3345093727111816,78.41237692025855,0.33242024425979005
6897,78.41554293825408,0.340214729309082,78.41237737930132,0.3324213743866639
6898,78.41554293825408,0.3311977386474609,78.412377838211,0.3324211969967336
6899,78.41554293825408,0.3376352787017822,78.41237829698765,0.33242195277028125
6900,78.41554293825408,0.3285748958587646,78.41237875563131,0.33242139522580133
6901,78.41554293825408,0.3343780040740967,78.41237921414206,0.3324216787512104
6902,78.41554293825408,0.3363580703735351,78.41237967251993,0.33242224907743795
6903,78.41554293825408,0.3354642391204834,78.41238013076502,0.33242268975396166
6904,78.41554293825408,0.3369061946868896,78.41238058887734,0.3324233391608175
6905,78.41554293825408,0.3229243755340576,78.41238104685698,0.3324219634962807
6906,78.41554293825408,0.3153159618377685,78.41238150470399,0.33241948651949843
6907,78.41554293825408,0.3323051929473877,78.41238196241842,0.3324194699719999
6908,78.41554293825408,0.3283710479736328,78.41238242000034,0.33241888392365043
6909,78.41554293825408,0.3329997062683105,78.41238287744979,0.33241896799114856
6910,78.41554293825408,0.3372302055358886,78.41238333476684,0.3324196642628627
6911,78.41554293825408,0.3356783390045166,78.41238379195156,0.33242013578286583
6912,78.41554293825408,0.3357772827148437,78.41238424900396,0.33242062148120666
6913,78.41554293825408,0.3129997253417969,78.41238470592415,0.3324178121515178
6914,78.41554293825408,0.3303625583648681,78.41238516271218,0.33241751489178584
6915,78.41554293825408,0.3366711139678955,78.41238561936808,0.33241813001818876
6916,78.41554293825408,0.3256402015686035,78.41238607589193,0.33241714998226485
6917,78.41554293825408,0.3348619937896728,78.41238653228378,0.33241750343662474
6918,78.41554293825408,0.3388571739196777,78.41238698854367,0.33241843429387874
6919,78.41554293825408,0.3140056133270263,78.41238744467168,0.3324157730970343
6920,78.41554293825408,0.3347964286804199,78.41238790066787,0.3324161171224076
6921,78.41554293825408,0.3381516933441162,78.41238835653229,0.33241694584314474
6922,78.41554293825408,0.3365144729614258,78.412388812265,0.3324175378002551
6923,78.41554293825408,0.3320293426513672,78.41238926786603,0.3324174817269995
6924,78.41554293825408,0.3362452983856201,78.41238972333547,0.3324180345601391
6925,78.41554293825408,0.3264079093933105,78.41239017867336,0.33241716667202836
6926,78.41554293825408,0.324840784072876,78.41239063387978,0.3324160727675237
6927,78.41554293825408,0.3360986709594726,78.41239108895476,0.3324166043971169
6928,78.41554293825408,0.3244845867156982,78.41239154389837,0.33241545947539614
6929,78.41554293825408,0.3359313011169433,78.41239199871066,0.33241596688507163
6930,78.41554293825408,0.3374190330505371,78.4123924533917,0.33241668882824127
6931,78.41554293825408,0.3342697620391845,78.41239290794154,0.3324169561883929
6932,78.41554293825408,0.3224077224731445,78.41239336236022,0.33241551227123833
6933,78.41554293825408,0.3310167789459228,78.41239381664782,0.33241531052115536
6934,78.41554293825408,0.3360204696655273,78.41239427080438,0.3324158304460392
6935,78.41554293825408,0.3399889469146728,78.41239472482998,0.3324169224599496
6936,78.41554293825408,0.3170526027679443,78.41239517872465,0.33241470730428463
6937,78.41554293825408,0.330735445022583,78.41239563248845,0.33241446523101353
6938,78.41554293825408,0.33193039894104,78.41239608612146,0.33241439546072094
6939,78.41554293825408,0.3370776176452636,78.41239653962373,0.3324150674915877
6940,78.41554293825408,0.3349311351776123,78.41239699299528,0.3324154300373638
6941,78.41554293825408,0.3351902961730957,78.41239744623621,0.33241582981637774
6942,78.41554293825408,0.3337669372558594,78.41239789934656,0.3324160244443581
6943,78.41554293825408,0.3362319469451904,78.41239835232639,0.3324165740515165
6944,78.41554293825408,0.3359963893890381,78.41239880517576,0.33241708957791877
6945,78.41554293825408,0.3334753513336181,78.4123992578947,0.3324172419554214
6946,78.41554293825408,0.3354148864746094,78.4123997104833,0.3324176735195618
6947,78.41554293825408,0.3333995342254638,78.4124001629416,0.3324178148554918
6948,78.41554293825408,0.3342933654785156,78.41240061526965,0.3324180847965717
6949,78.41554293825408,0.3345088958740234,78.41240106746753,0.33241838567598997
6950,78.41554293825408,0.337904691696167,78.41240151953527,0.33241917507253965
6951,78.41554293825408,0.3347933292388916,78.41240197147293,0.33241951662831093
6952,78.41554293825408,0.3224151134490967,78.4124024232806,0.3324180775599595
6953,78.41554293825408,0.3323352336883545,78.41240287495829,0.33241806564512105
6954,78.41554293825408,0.3352408409118652,78.41240332650607,0.33241847156621207
6955,78.41554293825408,0.3352358341217041,78.41240377792401,0.33241887665069164
6956,78.41554293825408,0.3347704410552978,78.41240422921216,0.3324192147134295
6957,78.41554293825408,0.3351814746856689,78.41240468037057,0.3324196117610035
6958,78.41554293825408,0.334003210067749,78.4124051313993,0.3324198393548964
6959,78.3179559971611,0.3312983512878418,78.41239155917137,0.33241967819839874
6960,78.41554293825408,0.3135769367218017,78.41239201195572,0.3324169709079567
6961,78.41554293825408,0.3369195461273193,78.41239246460998,0.33241761773674844
6962,78.41554293825408,0.3361186981201172,78.41239291713421,0.33241814934840935
6963,78.41554293825408,0.336472749710083,78.41239336952846,0.3324187316549384
6964,78.41554293825408,0.3367998600006103,78.41239382179279,0.3324193607658439
6965,78.41554293825408,0.3282673358917236,78.41239427392723,0.33241876463879805
6966,78.41554293825408,0.3347294330596924,78.41239472593189,0.33241909634543326
6967,78.41554293825408,0.3375723361968994,78.41239517780677,0.33241983600954284
6968,78.41554293825408,0.3351223468780517,78.41239562955197,0.3324202238555343
6969,78.41554293825408,0.3152954578399658,78.4123960811675,0.33241776657816086
6970,78.41554293825408,0.333174467086792,78.41239653265346,0.3324178751435136
6971,78.41554293825408,0.3358693122863769,78.41239698400989,0.33241837025714766
6972,78.41554293825408,0.3344295024871826,78.41239743523683,0.3324186587155857
6973,78.41554293825408,0.3352081775665283,78.41239788633436,0.3324190587613122
6974,78.41554293825408,0.325840950012207,78.41239833730252,0.33241811552805306
6975,78.41554293825408,0.3350355625152588,78.41239878814137,0.3324184907892699
6976,78.41554293825408,0.3368487358093261,78.41239923885097,0.33241912585879685
6977,78.41554293825408,0.333730936050415,78.41239968943135,0.33241931387803025
6978,78.41554293825408,0.337040901184082,78.4124001398826,0.3324199761863286
6979,78.41554293825408,0.3349256515502929,78.41240059020478,0.3324203352170442
6980,78.41554293825408,0.3389198780059814,78.41240104039791,0.3324212663836329
6981,78.41554293825408,0.323866605758667,78.41240149046207,0.3324200409631165
6982,78.41554293825408,0.3346471786499023,78.4124019403973,0.3324203599458846
6983,78.41554293825408,0.3347556591033935,78.41240239020368,0.3324206943722282
6984,78.41554293825408,0.3342456817626953,78.41240283988124,0.33242095568199204
6985,78.41554293825408,0.3358430862426758,78.41240328943005,0.33242144560762704
6986,78.41554293825408,0.3264162540435791,78.41240373885014,0.33242058600391045
6987,78.41554293825408,0.3341114521026611,78.41240418814161,0.33242082800564204
6988,78.41554293825408,0.3353002071380615,78.41240463730448,0.3324212400518831
6989,78.41554293825408,0.331467866897583,78.41240508633881,0.3324211036413588
6990,78.41554293825408,0.3376591205596924,78.41240553524467,0.3324218530000024
6991,78.41554293825408,0.3355097770690918,78.4124059840221,0.33242229469991214
6992,78.41554293825408,0.3252668380737304,78.41240643267116,0.3324212713222482
6993,78.41554293825408,0.3356430530548095,78.41240688119191,0.33242173203749664
6994,78.41554293825408,0.3277347087860107,78.41240732958441,0.33242106188833287
6995,78.41554293825408,0.3357601165771484,78.4124077778487,0.332421539237109
6996,78.41554293825408,0.3279283046722412,78.41240822598483,0.3324208969794525
6997,78.41554293825408,0.332634687423706,78.41240867399289,0.33242092753403935
6998,78.41554293825408,0.3364639282226562,78.4124091218729,0.33242150527063385
6999,78.41554293825408,0.3342869281768799,78.41240956962491,0.3324217717976958
7000,78.41554293825408,0.3345153331756592,78.412410017249,0.3324220708778926
7001,78.41554293825408,0.3360857963562011,78.41241046474522,0.33242259419248743
7002,78.41554293825408,0.3345153331756592,78.41241091211363,0.3324228930698058
7003,78.41554293825408,0.3356626033782959,78.41241135935427,0.3324233556872995
7004,78.41554293825408,0.3366661071777344,78.41241180646719,0.33242396144850606
7005,78.41554293825408,0.3337185382843017,78.41241225345246,0.3324241462560486
7006,78.41554293825408,0.3370511531829834,78.41241270031013,0.33242480669095115
7007,78.41554293825408,0.3390898704528808,78.41241314704025,0.33242575789171636
7008,78.41554293825408,0.3253471851348877,78.41241359364288,0.33242474782140286
7009,78.41554293825408,0.3350913524627685,78.41241404011808,0.3324251282757675
7010,78.41554293825408,0.3207299709320068,78.41241448646589,0.33242345992236605
7011,78.41554293825408,0.3346288204193115,78.41241493268637,0.33242377447956145
7012,78.41554293825408,0.3341767787933349,78.41241537877958,0.33242402448017666
7013,78.41554293825408,0.3339707851409912,78.41241582474558,0.33242424503638096
7014,78.41554293825408,0.3337204456329345,78.4124162705844,0.33242442983829096
7015,78.41554293825408,0.333320140838623,78.41241671629612,0.33242455752339434
7016,78.41554293825408,0.331679105758667,78.41241716188078,0.3324244512731428
7017,78.41554293825408,0.3347971439361572,78.41241760733844,0.33242478940805276
7018,78.41554293825408,0.335968017578125,78.41241805266915,0.33242529428525
7019,78.41554293825408,0.3343152999877929,78.41241849787298,0.33242556355518904
7020,78.41554293825408,0.3374311923980713,78.41241894294996,0.3324262766077308
7021,78.41554293825408,0.3343839645385742,78.41241938790014,0.3324265554409356
7022,78.41554293825408,0.3353455066680908,78.41241983272361,0.33242697112752445
7023,78.41554293825408,0.3352677822113037,78.41242027742041,0.3324273756286043
7024,78.41554293825408,0.3347260951995849,78.41242072199057,0.332427702895058
7025,78.41554293825408,0.3376846313476562,78.41242116643417,0.3324284512122755
7026,78.41554293825408,0.3356573581695556,78.41242161075127,0.3324289107777405
7027,78.41554293825408,0.3387949466705322,78.41242205494189,0.332429816717102
7028,78.41554293825408,0.3372697830200195,78.41242249900611,0.3324305053861832
7029,78.41554293825408,0.335280179977417,78.41242294294398,0.33243091080296955
7030,78.41554293825408,0.3352422714233398,78.41242338675555,0.33243131071201937
7031,78.41554293825408,0.3154022693634033,78.41242383044087,0.33242888871780113
7032,78.41554293825408,0.3352315425872803,78.412424274,0.3324292872749498
7033,78.41554293825408,0.326561689376831,78.412424717433,0.3324284529797844
7034,78.41554293825408,0.3341574668884277,78.41242516073991,0.3324286987878465
7035,78.41554293825408,0.3352742195129394,78.41242560392081,0.3324291032684044
7036,78.41554293825408,0.333876371383667,78.41242604697572,0.3324293089631337
7037,78.41554293825408,0.3381519317626953,78.41242648990472,0.33243012218223267
7038,78.41554293825408,0.3369438648223877,78.41242693270783,0.33243076352105627
7039,78.41554293825408,0.3357548713684082,78.41242737538514,0.33243123576254613
7040,78.41554293825408,0.334500789642334,78.41242781793669,0.33243152973326767
7041,78.41554293825408,0.3344655036926269,78.41242826036253,0.3324318186089898
7042,78.41554293825408,0.3343424797058105,78.41242870266272,0.3324320899326332
7043,78.41554293825408,0.3335940837860107,78.4124291448373,0.3324322549182719
7044,78.41554293825408,0.3395195007324219,78.41242958688635,0.33243326105765497
7045,78.41554293825408,0.3363757133483886,78.4124300288099,0.33243382066763233
7046,78.41554293825408,0.3327932357788086,78.412430470608,0.33243387167744093
7047,78.41554293825408,0.3336315155029297,78.41243091228073,0.33243404162831725
7048,78.41554293825408,0.3177545070648193,78.41243135382811,0.3324319588339694
7049,78.41554293825408,0.3276174068450928,78.41243179525023,0.33243127582191256
7050,78.41554293825408,0.3352270126342773,78.4124322365471,0.3324316723803256
7051,78.41554293825408,0.3302912712097168,78.41243267771881,0.3324313688203809
7052,78.41554293825408,0.3373372554779053,78.4124331187654,0.3324320644934747
7053,78.41554293825408,0.321244478225708,78.41243355968693,0.3324304782767913
7054,78.41554293825408,0.3337235450744629,78.41243400048344,0.33243066158651596
7055,77.87881476224273,0.326751708984375,78.41235836345463,0.33242985663221375
7056,78.41554293825408,0.3335351943969726,78.41235881478326,0.3324300132843913
7057,78.41554293825408,0.3343639373779297,78.412359265984,0.33243028732776575
7058,78.41554293825408,0.3348538875579834,78.41235971705686,0.3324306307111931
7059,78.41554293825408,0.3341443538665771,78.41236016800192,0.33243087348257083
7060,78.41554293825408,0.3113136291503906,78.41236061881924,0.33242788237147564
7061,78.41554293825408,0.333662748336792,78.41236106950888,0.33242805725689767
7062,78.41554293825408,0.3360905647277832,78.41236152007086,0.3324285758787429
7063,78.41554293825408,0.3362789154052734,78.41236197050527,0.33242912102096667
7064,78.41554293825408,0.3251020908355713,78.41236242081214,0.33242808378566296
7065,78.41554293825408,0.3330857753753662,78.41236287099154,0.3324281768771831
7066,78.41554293825408,0.3169283866882324,78.41236332104353,0.33242598330370604
7067,78.41554293825408,0.3345839977264404,78.41236377096814,0.33242628866870144
7068,78.41554293825408,0.3355281352996826,78.41236422076544,0.3324267275264591
7069,78.41554293825408,0.3340885639190674,78.41236467043548,0.332426962614363
7070,78.41554293825408,0.3360328674316406,78.41236511997832,0.3324274726433329
7071,78.41554293825408,0.3330099582672119,78.412365569394,0.3324275550200298
7072,78.41554293825408,0.333301305770874,78.41236601868258,0.33242767857075817
7073,78.41554293825408,0.3358614444732666,78.41236646784412,0.33242816404593173
7074,78.41554293825408,0.3312547206878662,78.41236691687868,0.33242799816476715
7075,78.41554293825408,0.332085371017456,78.4123673657863,0.3324279497369018
7076,78.41554293825408,0.3374586105346679,78.41236781456703,0.33242866068387716
7077,78.41554293825408,0.317012071609497,78.41236826322094,0.3324264822764907
7078,78.41554293825408,0.3144497871398926,78.41236871174807,0.33242394247779944
7079,78.41554293825408,0.3377468585968017,78.4123691601485,0.3324246944083149
7080,78.41554293825408,0.3354737758636474,78.41236960842224,0.3324251250695374
7081,78.41554293825408,0.3326091766357422,78.41237005656937,0.3324251510618501
7082,78.41554293825408,0.3269486427307129,78.41237050458994,0.3324243777621705
7083,78.41554293825408,0.3344259262084961,78.41237095248403,0.33242466034701396
7084,78.41554293825408,0.334942102432251,78.41237140025163,0.3324250157171558
7085,78.41554293825408,0.3101093769073486,78.41237184789286,0.3324218660151361
7086,78.41554293825408,0.3343555927276611,78.41237229540772,0.33242213890911193
7087,78.41554293825408,0.3388619422912597,78.41237274279631,0.33242304758745
7088,78.41554293825408,0.3240587711334228,78.41237319005864,0.33242186752587355
7089,78.41554293825408,0.3379724025726318,78.4123736371948,0.3324226505044385
7090,78.41554293825408,0.3263986110687256,78.41237408420483,0.33242180085148565
7091,78.41554293825408,0.3349745273590088,78.41237453108879,0.3324221608467624
7092,78.41554293825408,0.3332226276397705,78.41237497784671,0.3324222737157405
7093,78.41554293825408,0.3228347301483154,78.41237542447865,0.3324209220248386
7094,78.41554293825408,0.3370020389556885,78.41237587098469,0.3324215677982994
7095,78.41554293825408,0.321826696395874,78.41237631736486,0.33242007451128003
7096,78.41554293825408,0.3316214084625244,78.41237676361922,0.3324199619596948
7097,78.41554293825408,0.3364522457122803,78.41237720974782,0.3324205301270546
7098,78.41554293825408,0.333439826965332,78.4123776557507,0.3324206737304412
7099,78.41554293825408,0.3368804454803467,78.41237810162795,0.33242130195578984
7100,78.41554293825408,0.3361661434173584,78.41237854737959,0.3324218293982492
7101,78.41554293825408,0.3317492008209228,78.41237899300569,0.33242173467517117
7102,78.41554293825408,0.335925817489624,78.41237943850629,0.33242222806897775
7103,78.41554293825408,0.3373644351959228,78.41237988388144,0.3324229238604922
7104,78.41554293825408,0.3367402553558349,78.41238032913122,0.3324235315929662
7105,78.41554293825408,0.3358705043792724,78.41238077425567,0.33242401674043787
7106,78.41554293825408,0.3363509178161621,78.41238121925483,0.3324245693580956
7107,78.41554293825408,0.3332934379577636,78.41238166412876,0.3324246916134213
7108,78.41554293825408,0.3340795040130615,78.41238210887751,0.3324249244232693
7109,78.41554293825408,0.3349783420562744,78.41238255350115,0.3324252836042558
7110,78.41554293825408,0.3377416133880615,78.4123829979997,0.3324260313299638
7111,78.41554293825408,0.3383584022521972,78.41238344237325,0.33242686558265994
7112,78.41554293825408,0.3341963291168213,78.41238388662183,0.33242711438236944
7113,78.41554293825408,0.3377718925476074,78.4123843307455,0.3324278657922057
7114,78.41554293825408,0.3325731754302978,78.41238477474431,0.33242788621807556
7115,78.41554293825408,0.333040714263916,78.41238521861831,0.3324279723499161
7116,78.41554293825408,0.3351175785064697,78.41238566236757,0.33242835031593027
7117,78.41554293825408,0.3355791568756103,78.41238610599211,0.33242879303147893
7118,78.41554293825408,0.3276858329772949,78.41238654949201,0.33242812669823163
7119,78.41554293825408,0.3353824615478515,78.41238699286731,0.332428541691187
7120,78.41554293825408,0.3326866626739502,78.41238743611808,0.33242857794413405
7121,78.41554293825408,0.3364937305450439,78.41238787924435,0.33242914881235497
7122,78.41554293825408,0.3320777416229248,78.41238832224617,0.33242909947127247
7123,78.41554293825408,0.3376154899597168,78.41238876512362,0.3324298275901112
7124,78.41554293825408,0.337148904800415,78.41238920787673,0.33243049000970837
7125,78.41554293825408,0.3323543071746826,78.41238965050556,0.3324304793173807
7126,78.41554293825408,0.3364646434783935,78.41239009301016,0.3324310454364041
7127,78.41554293825408,0.3322954177856445,78.41239053539059,0.33243102640628613
7128,78.41554293825408,0.3370223045349121,78.41239097764688,0.33243167052499106
7129,78.41554293825408,0.3349473476409912,78.4123914197791,0.3324320234043733
7130,78.41554293825408,0.3365955352783203,78.41239186178731,0.3324326073471326
7131,78.41554293825408,0.3392162322998047,78.41239230367155,0.3324335586337618
7132,78.41554293825408,0.3362410068511963,78.41239274543187,0.3324340924879706
7133,78.41554293825408,0.3331556320190429,78.41239318706832,0.33243419364309906
7134,78.41554293825408,0.3115506172180176,78.41239362858097,0.33243126631250963
7135,78.41554293825408,0.3325676918029785,78.41239406996985,0.33243128543311096
7136,78.41554293825408,0.3340685367584228,78.41239451123504,0.3324315148685545
7137,78.41554293825408,0.3372294902801513,78.41239495237656,0.33243218713637174
7138,78.41554293825408,0.3366177082061767,78.41239539339448,0.3324327735080543
7139,78.41554293825408,0.3336751461029053,78.41239583428884,0.33243294753419167
7140,78.41554293825408,0.3359432220458984,78.4123962750597,0.3324334391692773
7141,78.41554293825408,0.3296303749084472,78.41239671570713,0.33243304663822276
7142,78.41554293825408,0.337221622467041,78.41239715623115,0.3324337171192965
7143,78.41554293825408,0.3372440338134765,78.41239759663183,0.33243439055016505
7144,78.41554293825408,0.336029052734375,78.41239803690922,0.3324348937223633
7145,78.41554293825408,0.331942081451416,78.41239847706336,0.3324348247493373
7146,78.41554293825408,0.3359794616699219,78.41239891709432,0.33243532078025256
7147,78.41554293825408,0.3364379405975342,78.41239935700214,0.33243588082220266
7148,78.41554293825408,0.3344573974609375,78.41239979678687,0.33243616363090983
7149,78.41554293825408,0.3237068653106689,78.41240023644858,0.3324349425792494
7150,78.41554293825408,0.3350722789764404,78.41240067598729,0.3324353114374868
7151,78.41554293825408,0.3335773944854736,78.41240111540307,0.3324354711470446
7152,78.41554293825408,0.3369784355163574,78.41240155469599,0.3324361063489978
7153,78.41554293825408,0.3375041484832763,78.41240199386607,0.3324368148687985
7154,78.41554293825408,0.333437442779541,78.41240243291337,0.3324369547385092
7155,78.41554293825408,0.331233263015747,78.41240287183795,0.3324367865076605
7156,78.41554293825408,0.333148717880249,78.41240331063986,0.33243688599499593
7157,78.41554293825408,0.338259220123291,78.41240374931914,0.3324376995110122
7158,78.41554293825408,0.3364801406860351,78.41240418787585,0.33243826425551837
7159,78.41554293825408,0.3260948657989502,78.41240462631005,0.33243737818226
7160,78.41554293825408,0.3322925567626953,78.41240506462178,0.33243735795580476
7161,78.41554293825408,0.3368618488311767,78.4124055028111,0.33243797581516454
7162,78.41554293825408,0.3376991748809814,78.41240594087803,0.33243871041430806
7163,78.41554293825408,0.3327395915985107,78.41240637882267,0.33243875241922
7164,78.41554293825408,0.3368401527404785,78.41240681664505,0.3324393667967076
7165,78.41554293825408,0.338381290435791,78.4124072543452,0.33244019609519176
7166,78.41554293825408,0.336895227432251,78.41240769192319,0.332440817785303
7167,78.41554293825408,0.3364412784576416,78.41240812937909,0.332441375963156
7168,78.41554293825408,0.3350164890289306,78.41240856671291,0.3324417352144207
7169,78.41554293825408,0.3336930274963379,78.41240900392474,0.3324419097565161
7170,78.41554293825408,0.3336889743804931,78.4124094410146,0.3324420836846366
7171,78.41554293825408,0.3300814628601074,78.41240987798257,0.3324417544947294
7172,78.41554293825408,0.3354091644287109,78.41241031482868,0.33244216824402306
7173,78.41554293825408,0.3347585201263428,78.41241075155298,0.3324424911705367
7174,78.41554293825408,0.336984634399414,78.41241118815555,0.33244312431010026
7175,78.41554293825408,0.3337454795837402,78.41241162463639,0.3324433058230304
7176,78.41554293825408,0.3354682922363281,78.4124120609956,0.3324437273651727
7177,78.41554293825408,0.3281643390655517,78.4124124972332,0.3324431311009537
7178,78.41554293825408,0.3179929256439209,78.41241293334926,0.33244111797676074
7179,78.41554293825408,0.3345527648925781,78.41241336934382,0.3324414121189694
7180,78.41554293825408,0.3312904834747314,78.41241380521693,0.33244125182250084
7181,78.41554293825408,0.3359630107879638,78.41241424096864,0.33244174224987383
7182,78.41554293825408,0.3341503143310547,78.41241467659901,0.33244198014629284
7183,78.41554293825408,0.333853006362915,78.41241511210809,0.33244217658597214
7184,78.41554293825408,0.3316113948822021,78.41241554749593,0.33244206094263923
7185,78.41554293825408,0.3310997486114502,78.41241598276255,0.3324418741211596
7186,78.41554293825408,0.3353826999664306,78.41241641790805,0.33244228336494547
7187,78.41554293825408,0.3290178775787353,78.41241685293245,0.33244180689273367
7188,78.41554293825408,0.3143966197967529,78.41241728783581,0.33243929643264797
7189,78.41554293825408,0.3219845294952392,78.41241772261817,0.3324378421598788
7190,78.41554293825408,0.3220911026000976,78.4124181572796,0.33243640311404293
7191,78.41554293825408,0.323002815246582,78.41241859182014,0.33243509125368037
7192,78.41554293825408,0.333972692489624,78.41241902623985,0.3324353050469557
7193,78.41554293825408,0.3170459270477295,78.41241946053874,0.33243316555328134
7194,78.41554293825408,0.3397214412689209,78.41241989471692,0.3324341786580514
7195,78.41554293825408,0.3273248672485351,78.41242032877439,0.33243346853832806
7196,78.41554293825408,0.3340256214141845,78.41242076271124,0.3324336897935915
7197,78.41554293825408,0.3351001739501953,78.41242119652749,0.332434060292988
7198,78.41554293825408,0.3248054981231689,78.4124216302232,0.33243300047607083
7199,78.41554293825408,0.3348932266235351,78.41242206379843,0.3324333422216115
7200,78.41554293825408,0.3352978229522705,78.41242249725322,0.33243374006615745
7201,78.41554293825408,0.3160111904144287,78.41242293058762,0.3324314594732326
7202,78.41554293825408,0.3373501300811767,78.41242336380168,0.33243214243221736
7203,78.41554293825408,0.3296997547149658,78.41242379689547,0.3324317630919817
7204,78.41554293825408,0.3144624233245849,78.412424229869,0.3324292687361006
7205,78.41554293825408,0.3348634243011474,78.41242466272236,0.33242960657864956
7206,78.41554293825408,0.3361852169036865,78.41242509545557,0.33243012775687947
7207,78.41554293825408,0.3378829956054687,78.4124255280687,0.33243088436404594
7208,78.41554293825408,0.3342983722686767,78.41242596056179,0.3324311434494933
7209,78.41554293825408,0.3347253799438476,78.4124263929349,0.3324314616956432
7210,78.41554293825408,0.3350746631622314,78.41242682518806,0.33243182829778833
7211,78.41554293825408,0.3355453014373779,78.41242725732135,0.33243226006496895
7212,78.41554293825408,0.336944580078125,78.41242768933479,0.3324328857333014
7213,78.41554293825408,0.3235352039337158,78.41242812122846,0.332431652171427
7214,78.41554293825408,0.3349552154541015,78.41242855300237,0.33243200198613215
7215,78.41554293825408,0.3364057540893554,78.4124289846566,0.3324325527487244
7216,78.41554293825408,0.3330690860748291,78.4124294161912,0.3324326409601055
7217,78.41554293825408,0.3352351188659668,78.4124298476062,0.3324330292762903
7218,78.41554293825408,0.3365464210510254,78.41243027890167,0.3324335991560042
7219,78.41554293825408,0.3388960361480713,78.41243071007764,0.3324344943543685
7220,78.41554293825408,0.328068733215332,78.41243114113418,0.3324338896783105
7221,78.41554293825408,0.3357400894165039,78.41243157207133,0.3324343475372965
7222,78.41554293825408,0.3376104831695556,78.41243200288913,0.3324350642550523
7223,78.41554293825408,0.3376576900482178,78.41243243358765,0.33243578730998696
7224,78.41554293825408,0.3377068042755127,78.41243286416693,0.3324365169634983
7225,78.41554293825408,0.3371014595031738,78.41243329462702,0.3324371626302858
7226,78.41554293825408,0.3363733291625976,78.41243372496795,0.3324377073530276
7227,78.41554293825408,0.336970567703247,78.41243415518981,0.3324383345649205
7228,78.41554293825408,0.3353197574615478,78.41243458529262,0.33243873321224987
7229,78.41554293825408,0.3366982936859131,78.41243501527643,0.33243932244457436
7230,78.41554293825408,0.3379678726196289,78.4124354451413,0.3324400871126484
7231,78.41554293825408,0.3352596759796142,78.41243587488728,0.33244047704334495
7232,78.41554293825408,0.3363561630249023,78.4124363045144,0.3324410184822251
7233,78.41554293825408,0.3395702838897705,78.41243673402273,0.33244200414037633
7234,78.41554293825408,0.3342134952545166,78.41243716341232,0.332442249024412
7235,78.41554293825408,0.3357801437377929,78.4124375926832,0.3324427103782079
7236,78.41554293825408,0.3338408470153808,78.41243802183544,0.33244290359775425
7237,78.41554293825408,0.3360404968261719,78.41243845086909,0.33244340070888156
7238,78.41554293825408,0.3350412845611572,78.41243887978418,0.33244375963176803
7239,78.41554293825408,0.3345494270324707,78.41243930858076,0.3324440505099833
7240,78.41554293825408,0.3355610370635986,78.4124397372589,0.33244448103298796
7241,78.41554293825408,0.3371903896331787,78.41244016581862,0.3324451364546977
7242,78.41554293825408,0.3355484008789062,78.41244059426,0.3324455649640079
7243,78.41554293825408,0.3373034000396728,78.41244102258308,0.33244623565779163
7244,78.41554293825408,0.3340489864349365,78.4124414507879,0.3324464569099696
7245,78.41554293825408,0.330014705657959,78.4124418788745,0.33244612126452416
7246,78.41554293825408,0.3344161510467529,78.41244230684296,0.3324463931427718
7247,78.41554293825408,0.317523717880249,78.4124427346933,0.33244433399067264
7248,78.41554293825408,0.3365676403045654,78.41244316242559,0.33244490287951284
7249,78.41554293825408,0.3334584236145019,78.41244359003986,0.33244504269476116
7250,78.41554293825408,0.3371198177337646,78.41244401753617,0.33244568749131825
7251,78.41554293825408,0.3405232429504394,78.41244444491457,0.3324468014832448
7252,78.41554293825408,0.3350224494934082,78.41244487217509,0.3324471566470631
7253,78.41554293825408,0.3346695899963379,78.41244529931781,0.33244746306280126
7254,78.41554293825408,0.3363134860992431,78.41244572634275,0.33244799601331637
7255,78.41554293825408,0.3310372829437256,78.41244615324999,0.3324478015663047
7256,78.41554293825408,0.3375005722045898,78.41244658003954,0.3324484979238899
7257,78.41554293825408,0.3221573829650879,78.41244700671147,0.3324470798289528
7258,78.41554293825408,0.328627347946167,78.41244743326584,0.3324465535501042
7259,78.41554293825408,0.3135690689086914,78.41244785970268,0.3324439529874039
7260,78.41554293825408,0.3346951007843017,78.41244828602204,0.33244426306285807
7261,78.41554293825408,0.325725793838501,78.41244871222398,0.33244333778132323
7262,78.41554293825408,0.3237566947937011,78.41244913830853,0.33244214160355023
7263,78.41554293825408,0.329524278640747,78.41244956427576,0.3324417398600609
7264,78.41554293825408,0.337756872177124,78.41244999012571,0.332442471568805
7265,78.41554293825408,0.3271706104278564,78.41245041585842,0.33244174591689296
7266,78.41554293825408,0.3356955051422119,78.41245084147396,0.3324421937230071
7267,78.41554293825408,0.3344390392303467,78.41245126697234,0.3324424685056557
7268,78.41554293825408,0.3357417583465576,78.41245169235364,0.33244292245307466
7269,78.41554293825408,0.319143533706665,78.4124521176179,0.33244109284945017
7270,78.41554293825408,0.336834192276001,78.41245254276518,0.3324416971272255
7271,78.41554293825408,0.3274362087249756,78.4124529677955,0.33244100870907084
7272,78.41554293825408,0.3342170715332031,78.41245339270894,0.3324412529421325
7273,78.41554293825408,0.3155195713043213,78.41245381750552,0.3324389262981564
7274,78.41554293825408,0.3303375244140625,78.4124542421853,0.3324386374059535
7275,78.41554293825408,0.3364143371582031,78.41245466674835,0.33243918389389193
7276,78.41554293825408,0.3330543041229248,78.41245509119469,0.33243926843488
7277,78.41554293825408,0.3268754482269287,78.41245551552436,0.33243850385878987
7278,78.41554293825408,0.326134443283081,78.41245593973744,0.3324376376784415
7279,78.41554293825408,0.3323028087615967,78.41245636383395,0.33243761915544146
7280,78.41554293825408,0.3347289562225342,78.41245678781397,0.3324379338995441
7281,78.41554293825408,0.3334035873413086,78.4124572116775,0.3324380665260297
7282,78.41554293825408,0.3336081504821777,78.41245763542463,0.33243822720770455
7283,78.41554293825408,0.3374383449554443,78.4124580590554,0.332438913754148
7284,78.41554293825408,0.3192191123962402,78.41245848256985,0.3324370988445711
7285,78.41554293825408,0.3354954719543457,78.41245890596802,0.3324375186624311
7286,78.41554293825408,0.3285849094390869,78.41245932924997,0.3324369898936659
7287,78.41554293825408,0.3362166881561279,78.41245975241576,0.3324375085842467
7288,78.41554293825408,0.3371257781982422,78.41246017546541,0.3324381518704177
7289,78.41554293825408,0.3358280658721924,78.41246059839898,0.33243861694299304
7290,78.41554293825408,0.3385462760925293,78.41246102121653,0.3324394547563194
7291,78.41554293825408,0.33504319190979,78.41246144391808,0.3324398118729226
7292,78.41554293825408,0.3378376960754394,78.4124618665037,0.33244055212034473
7293,78.41554293825408,0.3193047046661377,78.41246228897344,0.33243875096204856
7294,78.41554293825408,0.3355157375335693,78.41246271132734,0.3324391728137858
7295,78.41554293825408,0.3357148170471191,78.41246313356544,0.332439621839726
7296,78.41554293825408,0.3370773792266845,78.4124635556878,0.3324402574972625
7297,78.41554293825408,0.3352751731872558,78.41246397769446,0.3324406460015369
7298,78.41554293825408,0.3243441581726074,78.41246439958546,0.3324395365896667
7299,78.41554293825408,0.3332979679107666,78.41246482136087,0.3324396541991092
7300,78.41554293825408,0.337599515914917,78.41246524302072,0.3324403610294812
7301,78.41554293825408,0.3371641635894775,78.41246566456506,0.33244100803709115
7302,78.41554293825408,0.3381636142730713,78.41246608599396,0.3324417917410402
7303,78.41554293825408,0.3337874412536621,78.41246650730743,0.33244197600086667
7304,78.41554293825408,0.334564208984375,78.41246692850552,0.33244226655850406
7305,78.41554293825408,0.3245446681976318,78.41246734958831,0.3324411854362096
7306,78.41554293825408,0.3349332809448242,78.41246777055584,0.3324415265387977
7307,78.41554293825408,0.3293182849884033,78.41246819140814,0.3324410991073552
7308,78.41554293825408,0.3195881843566894,78.41246861214525,0.3324393403614944
7309,78.41554293825408,0.3348333835601806,78.41246903276725,0.3324396679087921
7310,78.41554293825408,0.3377387523651123,78.41246945327416,0.33244039281774646
7311,78.41554293825408,0.3238887786865234,78.41246987366603,0.3324392231263046
7312,78.41554293825408,0.327275276184082,78.41247029394292,0.332438516897237
7313,78.41554293825408,0.3356199264526367,78.41247071410487,0.33243895193204565
7314,78.2514194464159,0.3348777294158935,78.41244869451673,0.3324392853716797
7315,78.41554293825408,0.335806131362915,78.41244911751656,0.33243974563770723
7316,78.41554293825408,0.3378026485443115,78.41244954040076,0.3324404786752833
7317,78.41554293825408,0.3378770351409912,78.41244996316935,0.33244122167876367
7318,78.41554293825408,0.3256361484527588,78.41245038582242,0.33244029176987794
7319,78.41554293825408,0.3376035690307617,78.41245080835999,0.33244099723199855
7320,78.04293825408091,0.3328242301940918,78.41240032850284,0.33244104958622833
7321,78.41554293825408,0.3378162384033203,78.41240075776248,0.3324417838013379
7322,78.41554293825408,0.3339180946350097,78.41240118690486,0.33244198542805653
7323,78.41554293825408,0.3330245018005371,78.41240161593004,0.33244206497419504
7324,78.41554293825408,0.3350272178649902,78.41240204483806,0.3324424179442784
7325,78.41554293825408,0.3252298831939697,78.41240247362897,0.33244143329789616
7326,78.41554293825408,0.3376815319061279,78.41240290230283,0.33244214857207144
7327,78.41554293825408,0.3341302871704101,78.41240333085966,0.332442378971771
7328,78.41554293825408,0.3368501663208008,78.41240375929955,0.3324429804711363
7329,78.41554293825408,0.336125373840332,78.4124041876225,0.33244348291258385
7330,78.41554293825408,0.3267934322357178,78.41240461582859,0.3324427121007589
7331,78.41554293825408,0.3364224433898926,78.41240504391787,0.3324432549641185
7332,78.41554293825408,0.3360254764556885,78.41240547189037,0.3324437435376989
7333,78.41554293825408,0.3292310237884521,78.41240589974615,0.3324433054196368
7334,78.41554293825408,0.3389146327972412,78.41240632748524,0.3324441877931543
7335,78.41554293825408,0.3331756591796875,78.41240675510771,0.33244428751658806
7336,78.41554293825408,0.3386909961700439,78.41240718261359,0.3324451390308538
7337,78.41554293825408,0.3401093482971191,78.41240761000294,0.33244618362800066
7338,78.41554293825408,0.3353285789489746,78.41240803727581,0.3324465764319419
7339,78.41554293825408,0.3267319202423095,78.41240846443223,0.33244579776234257
7340,78.41554293825408,0.3185534477233886,78.41240889147227,0.33244390507160154
7341,78.41554293825408,0.3395359516143799,78.41240931839596,0.33244487115885707
7342,78.41554293825408,0.3345351219177246,78.41240974520335,0.3324451558565905
7343,78.41554293825408,0.3389711380004883,78.41241017189449,0.332446044591732
7344,78.41554293825408,0.3224647045135498,78.41241059846944,0.3324446854767976
7345,78.41554293825408,0.3382651805877685,78.41241102492823,0.3324454779199713
7346,78.41554293825408,0.3201401233673095,78.41241145127091,0.3324438028104488
7347,78.41554293825408,0.3388574123382568,78.41241187749753,0.3324446757666932
7348,78.41554293825408,0.3156900405883789,78.41241230360815,0.33244239560403965
7349,78.41554293825408,0.3095772266387939,78.41241272960279,0.33243928427338715
7350,78.41554293825408,0.3360300064086914,78.41241315548153,0.332439772807011
7351,78.41554293825408,0.3378818035125732,78.4124135812444,0.3324405131186292
7352,78.41554293825408,0.3381471633911133,78.41241400689144,0.33244128932242034
7353,78.41554293825408,0.3336660861968994,78.4124144324227,0.3324414558934627
7354,78.41554293825408,0.3332502841949463,78.41241485783823,0.3324415658782739
7355,78.41554293825408,0.3216869831085205,78.41241528313809,0.3324401036644371
7356,78.41554293825408,0.3258891105651855,78.41241570832231,0.3324392130998505
7357,78.41554293825408,0.3340272903442383,78.41241613339095,0.3324394289592013
7358,78.41554293825408,0.3344504833221435,78.41241655834405,0.3324397022745537
7359,78.41554293825408,0.3376016616821289,78.41241698318166,0.3324404037230396
7360,78.41554293825408,0.3349030017852783,78.41241740790382,0.3324407383151676
7361,78.41554293825408,0.3308455944061279,78.41241783251057,0.33244052161310145
7362,78.41554293825408,0.3353843688964844,78.41241825700199,0.3324409214836914
7363,78.41554293825408,0.337592601776123,78.4124186813781,0.33244162115506076
7364,78.41554293825408,0.3356859683990478,78.41241910563895,0.33244206172367075
7365,78.41554293825408,0.3347563743591308,78.41241952978459,0.33244237595485004
7366,78.41554293825408,0.3382077217102051,78.41241995381506,0.332443158651803
7367,78.41554293825408,0.3381490707397461,78.41242037773043,0.3324439331749587
7368,78.41554293825408,0.3368682861328125,78.41242080153071,0.33244453365717336
7369,78.41554293825408,0.3385725021362304,78.41242122521598,0.33244536524469936
7370,78.41554293825408,0.3345711231231689,78.41242164878628,0.3324456536786042
7371,78.41554293825408,0.338310956954956,78.41242207224164,0.3324464494055444
7372,78.41554293825408,0.3304822444915771,78.41242249558212,0.33244618296429185
7373,78.41554293825408,0.3381168842315674,78.41242291880778,0.3324469520815124
7374,78.41554293825408,0.337477445602417,78.41242334191863,0.3324476342748296
7375,78.41554293825408,0.3204853534698486,78.41242376491475,0.3324460122706526
7376,78.41554293825408,0.3333516120910644,78.41242418779618,0.33244613504720094
7377,78.41554293825408,0.3266093730926513,78.41242461056294,0.33244534383641683
7378,78.41554293825408,0.335205078125,78.41242503321511,0.33244571788552074
7379,78.41554293825408,0.3299100399017334,78.41242545575273,0.3324453742511551
7380,78.41554293825408,0.3329899311065674,78.41242587817584,0.3324454480393469
7381,78.41554293825408,0.3361291885375976,78.41242630048448,0.33244594712354936
7382,78.41554293825408,0.3356106281280517,78.4124267226787,0.33244637582593417
7383,78.41554293825408,0.3336877822875976,78.41242714475857,0.33244654396984064
7384,78.41554293825408,0.3271996974945068,78.4124275667241,0.3324458334001663
7385,78.41554293825408,0.3386228084564209,78.41242798857536,0.33244666982197485
7386,78.41554293825408,0.3378152847290039,78.4124284103124,0.3324473966856233
7387,78.41554293825408,0.3404302597045898,78.41242883193524,0.3324484773493594
7388,78.41554293825408,0.3241832256317138,78.41242925344395,0.33244735860927854
7389,78.41554293825408,0.3344039916992187,78.41242967483858,0.3324476234127824
7390,78.41554293825408,0.338796854019165,78.41243009611914,0.3324484825779524
7391,78.41554293825408,0.3364953994750976,78.41243051728571,0.3324490301245492
7392,78.41554293825408,0.3347790241241455,78.41243093833835,0.33244934532936515
7393,78.41554293825408,0.3359310626983642,78.41243135927706,0.33244981627720355
7394,78.41554293825408,0.3373963832855224,78.41243178010193,0.332450485274635
7395,78.41554293825408,0.3254532814025879,78.41243220081297,0.33244953906721486
7396,78.41554293825408,0.3353245258331299,78.41243262141025,0.3324499277890599
7397,78.41554293825408,0.3319847583770752,78.4124330418938,0.3324498649028341
7398,78.41554293825408,0.337313175201416,78.41243346226368,0.33245052228459926
7399,78.41554293825408,0.3364646434783935,78.41243388251993,0.33245106480672304
7400,78.41554293825408,0.332857608795166,78.4124343026626,0.3324511197450999
7401,78.41554293825408,0.338071346282959,78.41243472269174,0.33245187913255264
7402,78.41554293825408,0.3374514579772949,78.41243514260738,0.3324525545687651
7403,78.41554293825408,0.3363871574401855,78.41243556240958,0.3324530860563879
7404,78.41554293825408,0.338071346282959,78.41243598209839,0.332453844870573
7405,78.41554293825408,0.337287425994873,78.41243640167383,0.3324544976161671
7406,78.41554293825408,0.3356802463531494,78.41243682113597,0.33245493317500274
7407,78.41554293825408,0.3376483917236328,78.41243724048485,0.3324556343304704
7408,78.41554293825408,0.3395614624023437,78.41243765972051,0.33245659354052326
7409,78.41554293825408,0.3373737335205078,78.41243807884301,0.33245725721173125
7410,78.41554293825408,0.3375749588012695,78.41243849785238,0.33245794785971905
7411,78.41554293825408,0.3357713222503662,78.41243891674867,0.3324583949484238
7412,78.41554293825408,0.3399219512939453,78.41243933553193,0.3324594019042178
7413,78.41554293825408,0.3338532447814941,78.41243975420221,0.332459589931046
7414,78.41554293825408,0.3366026878356933,78.41244017275955,0.33246014875191254
7415,78.41554293825408,0.3346505165100097,78.41244059120397,0.3324604441487781
7416,78.41554293825408,0.3375933170318603,78.41244100953557,0.33246113628374074
7417,78.41554293825408,0.3288979530334472,78.41244142775436,0.33246065587612983
7418,78.41554293825408,0.3352870941162109,78.41244184586039,0.3324610369004275
7419,78.41554293825408,0.3331332206726074,78.4124422638537,0.33246112750344303
7420,78.41554293825408,0.3360538482666015,78.41244268173435,0.33246161169761596
7421,78.41554293825408,0.3378071784973144,78.41244309950238,0.3324623320273289
7422,78.41554293825408,0.3370018005371094,78.41244351715784,0.33246294365067974
7423,78.41554293825408,0.318789005279541,78.41244393470076,0.3324611015466286
7424,78.2514194464159,0.3363270759582519,78.41242224497982,0.3324616222867164
7425,78.41554293825408,0.3285915851593017,78.41242266527522,0.33246110106959487
7426,78.41554293825408,0.3347208499908447,78.4124230854574,0.33246140537190044
7427,78.41554293825408,0.3267216682434082,78.41242350552646,0.33246063255149805
7428,78.41554293825408,0.3357276916503906,78.4124239254824,0.3324610723817483
7429,78.41554293825408,0.3319778442382812,78.41242434532529,0.3324610073355586
7430,78.41554293825408,0.338848352432251,78.41242476505516,0.3324618670051544
7431,78.41554293825408,0.3302633762359619,78.41242518467207,0.3324615711511954
7432,78.41554293825408,0.3366575241088867,78.41242560417605,0.3324621357304416
7433,78.41554293825408,0.3200738430023193,78.41242602356716,0.33246046906923776
7434,78.41554293825408,0.3376731872558594,78.41242644284544,0.3324611702688862
7435,78.41554293825408,0.3349826335906982,78.41242686201093,0.3324615094031595
7436,78.41554293825408,0.3394124507904053,78.41242728106369,0.3324624441720389
7437,78.41554293825408,0.3363406658172607,78.41242770000375,0.3324629656486619
7438,78.41554293825408,0.3380331993103027,78.41242811883116,0.3324637145372962
7439,78.41554293825408,0.3360011577606201,78.41242853754596,0.33246419006400985
7440,78.41554293825408,0.3366994857788086,78.4124289561482,0.33246475932418657
7441,78.41554293825408,0.3370020389556885,78.41242937463795,0.3324653690916414
7442,78.41554293825408,0.3387680053710937,78.41242979301522,0.3324662159925121
7443,78.41554293825408,0.3343763351440429,78.41243021128007,0.3324664726254762
7444,78.41554293825408,0.3338959217071533,78.41243062943254,0.33246666465248875
7445,78.41554293825408,0.332277774810791,78.41243104747268,0.3324666392811198
7446,78.41554293825408,0.3187379837036133,78.41243146540053,0.33246479551861946
7447,78.41554293825408,0.3283398151397705,78.41243188321614,0.33246424160692634
7448,78.41554293825408,0.3352174758911133,78.41243230091956,0.332464611267813
7449,78.41554293825408,0.3360705375671386,78.41243271851083,0.3324650953497434
7450,78.41554293825408,0.3365516662597656,78.41243313599,0.33246564388275146
7451,78.41554293825408,0.3250875473022461,78.4124335533571,0.332464653667132
7452,78.41554293825408,0.3368420600891113,78.41243397061218,0.3324652410807689
7453,78.41554293825408,0.3370523452758789,78.41243438775531,0.3324658565516122
7454,78.41554293825408,0.3278610706329345,78.4124348047865,0.33246523879122597
7455,78.41554293825408,0.3393166065216064,78.41243522170582,0.3324661578211026
7456,78.41554293825408,0.3373870849609375,78.4124356385133,0.3324668178166954
7457,78.41554293825408,0.3356623649597168,78.41243605520899,0.33246724634655234
7458,78.41554293825408,0.3349494934082031,78.41243647179294,0.3324675791766759
7459,78.41554293825408,0.3358356952667236,78.41243688826519,0.332468030727298
7460,78.41554293825408,0.3161952495574951,78.41243730462577,0.3324658493893396
7461,78.41554293825408,0.3339800834655761,78.41243772087476,0.3324660523425732
7462,78.41554293825408,0.3380706310272217,78.41243813701217,0.33246680342521656
7463,78.41554293825408,0.3358387947082519,78.41243855303807,0.33246725525307175
7464,78.41554293825408,0.3098907470703125,78.4124389689525,0.3324642305333259
7465,78.41554293825408,0.3142592906951904,78.41243938475549,0.33246179182738644
7466,78.41554293825408,0.3178300857543945,78.41243980044709,0.3324598320489143
7467,78.41554293825408,0.336693525314331,78.41244021602735,0.33246039903609326
7468,78.41554293825408,0.338047981262207,78.41244063149632,0.33246114723939085
7469,78.41554293825408,0.3375000953674316,78.41244104685404,0.3324618218876875
7470,78.41554293825408,0.326265811920166,78.41244146210055,0.3324609924352153
7471,78.41554293825408,0.3352766036987304,78.41244187723589,0.33246136930728915
7472,78.41554293825408,0.336104154586792,78.41244229226012,0.3324618568320856
7473,78.41554293825408,0.3370375633239746,78.41244270717328,0.33246246913055905
7474,78.41554293825408,0.3266608715057373,78.41244312197541,0.3324616928932531
7475,78.41554293825408,0.3221673965454101,78.41244353666656,0.33246031572986207
7476,78.41554293825408,0.3204357624053955,78.41244395124676,0.3324587073091392
7477,78.41554293825408,0.3351774215698242,78.41244436571607,0.33245907091944554
7478,78.41554293825408,0.3359401226043701,78.41244478007454,0.3324595364251536
7479,78.41554293825408,0.3361797332763672,78.41244519432219,0.33246003384417366
7480,78.41554293825408,0.33563232421875,78.41244560845908,0.33246045794716494
7481,78.41554293825408,0.3388369083404541,78.41244602248526,0.33246131029984416
7482,78.41554293825408,0.338754653930664,78.41244643640076,0.33246215143104313
7483,78.41554293825408,0.3385195732116699,78.41244685020563,0.332462960922127
7484,78.41554293825408,0.3155543804168701,78.41244726389992,0.3324607016248922
7485,78.41554293825408,0.3356359004974365,78.41244767748367,0.3324611258331584
7486,78.41554293825408,0.336127758026123,78.41244809095693,0.3324616156317415
7487,78.41554293825408,0.3361732959747314,78.41244850431974,0.3324621113817539
7488,78.41554293825408,0.3376801013946533,78.41244891757214,0.33246280822871077
7489,78.41554293825408,0.3359022140502929,78.41244933071417,0.3324632674897365
7490,78.41554293825408,0.3212504386901855,78.4124497437459,0.3324617704498434
7491,78.41554293825408,0.3186523914337158,78.41245015666733,0.33245992698715265
7492,78.41554293825408,0.3359177112579345,78.41245056947855,0.3324603885173543
7493,78.41554293825408,0.337918758392334,78.41245098217958,0.33246111697990266
7494,78.41554293825408,0.3217763900756836,78.41245139477046,0.33245969120903207
7495,78.41554293825408,0.3360993862152099,78.41245180725124,0.3324601768254439
7496,78.41554293825408,0.3379554748535156,78.41245221962198,0.3324609099228329
7497,78.41554293825408,0.3329946994781494,78.41245263188272,0.33246098112325373
7498,78.41554293825408,0.3356306552886963,78.41245304403347,0.3324614038592054
7499,78.41554293825408,0.3248391151428222,78.4124534560743,0.3324603874185178
7500,78.41554293825408,0.3330326080322265,78.41245386800527,0.3324604637145996
7501,78.41554293825408,0.3359467983245849,78.41245427982639,0.33246092849724324
7502,78.41554293825408,0.3364343643188476,78.41245469153773,0.3324614581474461
7503,78.41554293825408,0.338803768157959,78.41245510313932,0.3324623034506595
7504,78.41554293825408,0.3373289108276367,78.41245551463122,0.33246295198575776
7505,78.41554293825408,0.3271389007568359,78.41245592601345,0.33246224258519425
7506,78.41554293825408,0.3336241245269775,78.41245633728606,0.3324623973789515
7507,78.41554293825408,0.3345439434051513,78.41245674844912,0.33246267465962637
7508,78.41554293825408,0.3126704692840576,78.41245715950264,0.3324600385108017
7509,78.41554293825408,0.3365364074707031,78.41245757044668,0.3324605813752257
7510,78.41554293825408,0.3191084861755371,78.41245798128126,0.3324588034664108
7511,78.41554293825408,0.3373243808746338,78.41245839200647,0.33245945125996806
7512,78.41554293825408,0.3384590148925781,78.41245880262233,0.3324602499239234
7513,78.41554293825408,0.3364403247833252,78.41245921312887,0.3324607796823234
7514,78.41554293825408,0.3226480484008789,78.41245962352615,0.3324594737558819
7515,78.41554293825408,0.3356060981750488,78.4124600338142,0.3324598924683795
7516,78.41554293825408,0.3368432521820068,78.41246044399308,0.3324604756721732
7517,78.41554293825408,0.3285989761352539,78.41246085406283,0.33245996196995997
7518,78.41554293825408,0.3359363079071045,78.41246126402349,0.33246042437298434
7519,78.41554293825408,0.3368804454803467,78.4124616738751,0.33246101221991975
7520,78.41554293825408,0.3326773643493652,78.41246208361771,0.3324610409901497
7521,78.41554293825408,0.3357439041137695,78.41246249325135,0.33246147748305277
7522,78.41554293825408,0.3374154567718506,78.41246290277608,0.33246213608173514
7523,78.41554293825408,0.3379695415496826,78.41246331219195,0.33246286815743203
7524,78.41554293825408,0.3385632038116455,78.41246372149897,0.3324636789410118
7525,78.41554293825408,0.3213005065917969,78.41246413069722,0.33246219546295874
7526,78.41554293825408,0.3364415168762207,78.41246453978671,0.33246272420617073
7527,78.41554293825408,0.3352179527282715,78.41246494876752,0.33246309025220794
7528,78.41554293825408,0.3343172073364258,78.41246535763966,0.3324633365483137
7529,78.41554293825408,0.3357264995574951,78.4124657664032,0.3324637699608531
7530,78.41554293825408,0.3342247009277344,78.41246617505816,0.3324640038162272
7531,78.41554293825408,0.3355004787445068,78.4124665836046,0.3324644070130043
7532,78.41554293825408,0.3376688957214355,78.41246699204255,0.33246509799663526
7533,78.41554293825408,0.3372175693511963,78.41246740037207,0.33246572888357995
7534,78.41554293825408,0.3356008529663086,78.41246780859319,0.33246614501366795
7535,78.41554293825408,0.3372747898101806,78.41246821670595,0.33246678318815986
7536,78.41554293825408,0.3353471755981445,78.41246862471041,0.3324671654058363
7537,78.41554293825408,0.3381936550140381,78.4124690326066,0.3324679251895179
7538,78.41554293825408,0.3354890346527099,78.41246944039456,0.3324683259734743
7539,78.41554293825408,0.3381531238555908,78.41246984807434,0.33246908002545494
7540,78.41554293825408,0.3356626033782959,78.41247025564599,0.3324695035696662
7541,78.41554293825408,0.3357937335968017,78.41247066310954,0.33246994439051586
7542,78.41554293825408,0.3352613449096679,78.41247107046503,0.3324703145046128
7543,78.41554293825408,0.3344919681549072,78.41247147771253,0.33247058252180095
7544,78.41554293825408,0.3359544277191162,78.41247188485205,0.33247104432524704
7545,78.41554293825408,0.338907241821289,78.41247229188366,0.33247189736666466
7546,78.41554293825408,0.3370981216430664,78.41247269880738,0.33247251043640713
7547,78.41554293825408,0.339385986328125,78.41247310562326,0.33247342649257405
7548,78.41554293825408,0.3348746299743652,78.41247351233135,0.33247374461704166
7549,78.41554293825408,0.3361363410949707,78.41247391893168,0.33247422979341973
7550,78.41554293825408,0.3164496421813965,78.41247432542431,0.33247210733148436
7551,78.41554293825408,0.3388445377349853,78.41247473180928,0.3324729512502241
7552,78.41554293825408,0.3338708877563476,78.41247513808662,0.3324731363583419
7553,78.41554293825408,0.3326876163482666,78.41247554425638,0.33247316475500416
7554,78.41554293825408,0.3342082500457763,78.4124759503186,0.33247339444593493
7555,78.41554293825408,0.3360989093780517,78.41247635627333,0.33247387432878495
7556,78.41554293825408,0.3322420120239258,78.4124767621206,0.33247384364293203
7557,78.41554293825408,0.3378682136535644,78.41247716786046,0.3324745574672023
7558,78.41554293825408,0.3374011516571045,78.41247757349296,0.3324752093055445
7559,78.41554293825408,0.3365464210510254,78.41247797901813,0.33247574789685885
7560,77.96753016323635,0.3351726531982422,78.41241912348694,0.3324761046303643
7561,78.41554293825408,0.3329262733459472,78.41241953663531,0.3324761641686153
7562,78.41554293825408,0.3353703022003174,78.41241994967442,0.3324765468898572
7563,78.41554293825408,0.3358354568481445,78.41242036260428,0.33247699101387657
7564,78.41554293825408,0.3351697921752929,78.41242077542496,0.3324773470161454
7565,78.41554293825408,0.3341953754425049,78.41242118813652,0.33247757411838286
7566,78.41554293825408,0.3260257244110107,78.41242160073897,0.3324767213758892
7567,78.41554293825408,0.3363432884216308,78.41242201323236,0.33247723235342924
7568,78.41554293825408,0.3339323997497558,78.41242242561675,0.33247742463241925
7569,78.41554293825408,0.3341240882873535,78.41242283789218,0.33247764218607956
7570,78.41554293825408,0.3352625370025635,78.41242325005867,0.33247801007178845
7571,78.41554293825408,0.3369979858398437,78.41242366211628,0.33247860708351323
7572,78.41554293825408,0.3356797695159912,78.41242407406507,0.3324790298466448
7573,78.41554293825408,0.3335652351379394,78.41242448590505,0.3324791732779523
7574,78.41554293825408,0.3355476856231689,78.41242489763628,0.33247957841557374
7575,78.41554293825408,0.3355488777160644,78.41242530925882,0.3324799836036002
7576,78.41554293825408,0.33819580078125,78.41242572077267,0.33248073806732487
7577,78.41554293825408,0.3340909481048584,78.41242613217793,0.33248095058019767
7578,78.41554293825408,0.338226318359375,78.41242654347458,0.332481708744328
7579,78.41554293825408,0.3394603729248047,78.4124269546627,0.33248262953390184
7580,78.41554293825408,0.3349692821502685,78.41242736574235,0.33248295758833674
7581,78.41554293825408,0.3356521129608154,78.41242777671353,0.33248337562756275
7582,78.30464868701206,0.3345754146575928,78.41241356158694,0.33248365154935516
7583,78.41554293825408,0.3355154991149902,78.41241397427015,0.3324840513710043
7584,78.41554293825408,0.3382844924926758,78.41241438684452,0.3324848161971016
7585,78.41554293825408,0.3345651626586914,78.4124147993101,0.3324850904682237
7586,78.41554293825408,0.3342947959899902,78.41241521166694,0.3324853290268214
7587,78.41554293825408,0.3364439010620117,78.41241562391507,0.3324858507840423
7588,78.41554293825408,0.3368475437164306,78.41241603605455,0.332486425598609
7589,78.41554293825408,0.337925910949707,78.41241644808541,0.3324871423577804
7590,78.41554293825408,0.334888219833374,78.41241686000771,0.33248745870527385
7591,78.41554293825408,0.337270975112915,78.41241727182147,0.3324880888615652
7592,78.41554293825408,0.3319737911224365,78.41241768352674,0.3324880211195026
7593,78.41554293825408,0.3330419063568115,78.41241809512358,0.33248809406632696
7594,78.41554293825408,0.3159234523773193,78.41241850661201,0.3324859127861467
7595,78.41554293825408,0.3328859806060791,78.41241891799208,0.33248596546130404
7596,78.09616749467708,0.3391580581665039,78.4123772840501,0.3324868438305385
7597,78.41554293825408,0.3181514739990234,78.41237770074804,0.3324849568528063
7598,78.41554293825408,0.3206157684326172,78.41237811733629,0.3324833947063967
7599,78.41554293825408,0.3343238830566406,78.4123785338149,0.3324836369077851
7600,78.41554293825408,0.3358397483825683,78.4123789501839,0.3324840785014002
7601,78.41554293825408,0.3349766731262207,78.41237936644336,0.3324844064312285
7602,78.41554293825408,0.3378431797027588,78.41237978259329,0.33248511134747044
7603,78.41554293825408,0.3384206295013428,78.41238019863377,0.3324858920285377
7604,78.41554293825408,0.3359253406524658,78.41238061456481,0.33248634434950347
7605,78.41554293825408,0.333784818649292,78.41238103038647,0.33248651508905636
7606,78.41554293825408,0.3362390995025635,78.41238144609879,0.3324870084606595
7607,78.41554293825408,0.3332612514495849,78.4123818617018,0.3324871102409919
7608,78.41554293825408,0.332127571105957,78.41238227719558,0.3324870629829563
7609,78.41554293825408,0.3304383754730224,78.41238269258012,0.3324867937376534
7610,78.41554293825408,0.33540940284729,78.41238310785552,0.3324871777861566
7611,78.41554293825408,0.3359642028808594,78.41238352302177,0.33248763462823977
7612,78.41554293825408,0.3273253440856933,78.41238393807896,0.33248695645029147
7613,78.41554293825408,0.3169491291046142,78.41238435302711,0.33248491549044046
7614,78.41554293825408,0.3365461826324463,78.41238476786624,0.3324854488851268
7615,78.41554293825408,0.3221120834350586,78.41238518259644,0.33248408665722795
7616,78.41554293825408,0.3326261043548584,78.41238559721772,0.33248410530450967
7617,78.41554293825408,0.3422982692718506,78.41238601173013,0.33248539375980274
7618,78.41554293825408,0.3304970264434814,78.41238642613372,0.3324851327507037
7619,78.41554293825408,0.3349499702453613,78.41238684042854,0.3324854562626468
7620,78.41554293825408,0.3177242279052734,78.4123872546146,0.33248351909357104
7621,78.41554293825408,0.3323321342468261,78.41238766869198,0.3324834992294001
7622,78.41554293825408,0.3194422721862793,78.4123880826607,0.33248178823136243
7623,78.41554293825408,0.3315610885620117,78.4123884965208,0.33248166745218505
7624,78.41554293825408,0.3181078433990478,78.41238891027236,0.33247978211324836
7625,78.41554293825408,0.3233087062835693,78.41238932391536,0.33247857934920516
7626,78.41554293825408,0.3214197158813476,78.4123897374499,0.3324771291966392
7627,78.41554293825408,0.33772873878479,78.412390150876,0.3324778177517183
7628,78.41554293825408,0.3308491706848144,78.4123905641937,0.33247760424266387
7629,78.41554293825408,0.3357396125793457,78.41239097740305,0.3324780318227316
7630,78.41554293825408,0.3350107669830322,78.41239139050407,0.3324783637670514
7631,78.41554293825408,0.3378939628601074,78.41239180349685,0.33247907345111555
7632,78.41554293825408,0.3335146903991699,78.41239221638138,0.3324792091451601
7633,78.41554293825408,0.3352138996124267,78.41239262915772,0.33247956741719825
7634,78.41554293825408,0.3323960304260254,78.41239304182594,0.3324795564744433
7635,78.41554293825408,0.3365523815155029,78.41239345438605,0.33248008991583705
7636,78.41554293825408,0.3351249694824219,78.4123938668381,0.3324804362856074
7637,78.41554293825408,0.3355481624603271,78.41239427918215,0.33248083797817973
7638,78.41554293825408,0.3377461433410644,78.41239469141821,0.3324815273347342
7639,78.41554293825408,0.3380820751190185,78.41239510354636,0.33248226048668916
7640,78.41554293825408,0.332392930984497,78.41239551556662,0.33248224879434596
7641,78.41554293825408,0.3384644985198974,78.41239592747903,0.33248303170885
7642,78.41554293825408,0.3379037380218506,78.41239633928363,0.3324837410396944
7643,78.41554293825408,0.3338520526885986,78.41239675098048,0.3324839200677788
7644,78.41554293825408,0.3348138332366943,78.4123971625696,0.3324842248706528
7645,78.41554293825408,0.332411527633667,78.41239757405106,0.3324842153615309
7646,78.41554293825408,0.3158042430877685,78.41239798542487,0.33248203383232955
7647,78.41554293825408,0.3377907276153564,78.4123983966911,0.33248272805147205
7648,78.41554293825408,0.3373241424560547,78.41239880784978,0.3324833610815982
7649,78.41554293825408,0.3329598903656006,78.41239921890096,0.3324834233811516
7650,78.41554293825408,0.3359448909759521,78.41239962984467,0.33248387586057576
7651,78.41554293825408,0.3363227844238281,78.41240004068095,0.3324843776131
7652,78.41554293825408,0.3359146118164062,78.41240045140987,0.3324848258925307
7653,78.41554293825408,0.3364961147308349,78.41240086203143,0.3324853500384654
7654,78.41554293825408,0.3393409252166748,78.41240127254571,0.3324862457237513
7655,78.41554293825408,0.335777997970581,78.41240168295273,0.33248667573710816
7656,78.41554293825408,0.3150677680969238,78.41240209325254,0.33248440054018547
7657,78.41554293825408,0.3358001708984375,78.41240250344518,0.3324848335779755
7658,78.41554293825408,0.3355908393859863,78.41240291353068,0.33248523916766054
7659,78.41554293825408,0.3354501724243164,78.41240332350911,0.33248562628520284
7660,78.41554293825408,0.3347129821777344,78.41240373338049,0.3324859170627345
7661,78.41554293825408,0.3349201679229736,78.41240414314487,0.33248623480857187
7662,78.41554293825408,0.3188645839691162,78.41240455280229,0.332484456989355
7663,78.41554293825408,0.3375551700592041,78.41240496235278,0.3324851187031838
7664,78.41554293825408,0.3346829414367676,78.41240537179641,0.3324854054754612
7665,78.41554293825408,0.3368372917175293,78.41240578113319,0.3324859732362233
7666,78.41554293825408,0.3351109027862549,78.41240619036319,0.3324863156481135
7667,78.41554293825408,0.3193767070770263,78.41240659948643,0.3324846057735118
7668,78.41554293825408,0.3290550708770752,78.41240700850297,0.33248415852065627
7669,78.41554293825408,0.3322885036468506,78.41240741741284,0.33248413300822
7670,78.41554293825408,0.3341763019561767,78.41240782621608,0.33248435362998635
7671,78.41554293825408,0.3135838508605957,78.41240823491273,0.3324818897396501
7672,78.41554293825408,0.3343541622161865,78.41240864350286,0.33248213377933683
7673,78.41554293825408,0.3352551460266113,78.41240905198647,0.3324824951780397
7674,78.41554293825408,0.3336079120635986,78.41240946036362,0.3324826418312695
7675,78.41554293825408,0.3155205249786377,78.41240986863437,0.33248043178347114
7676,78.41554293825408,0.3170397281646728,78.41241027679872,0.332478420227502
7677,78.41554293825408,0.3302369117736816,78.41241068485675,0.33247812825036854
7678,78.41554293825408,0.3369629383087158,78.41241109280848,0.332478712362124
7679,78.41554293825408,0.3284595012664795,78.41241150065397,0.33247818895919445
7680,78.41554293825408,0.3327457904815674,78.41241190839325,0.3324782238031427
7681,78.41554293825408,0.3357810974121094,78.41241231602635,0.33247865380882025
7682,78.41554293825408,0.3414621353149414,78.41241272355333,0.3324798232284383
7683,78.41554293825408,0.3385696411132812,78.41241313097423,0.3324806158638522
7684,78.41554293825408,0.3374989032745361,78.41241353828907,0.3324812689465449
7685,78.41554293825408,0.3357267379760742,78.41241394549793,0.3324816912587153
7686,78.41554293825408,0.337646484375,78.4124143526008,0.3324823632328392
7687,78.41554293825408,0.3346190452575683,78.41241475959778,0.3324826411932951
7688,78.41554293825408,0.3308384418487549,78.41241516648887,0.3324824273276155
7689,78.41554293825408,0.3368184566497803,78.41241557327412,0.3324829912539157
7690,78.41554293825408,0.3403422832489013,78.41241597995356,0.33248401326847943
7691,78.41554293825408,0.3382279872894287,78.41241638652727,0.33248476011206557
7692,78.41554293825408,0.334794282913208,78.41241679299526,0.33248506036203973
7693,78.41554293825408,0.3361527919769287,78.41241719935758,0.33248553712424106
7694,78.41554293825408,0.318721055984497,78.41241760561425,0.3324837481352705
7695,78.41554293825408,0.336618423461914,78.41241801176535,0.332484285455001
7696,78.41554293825408,0.333850622177124,78.4124184178109,0.3324844629935564
7697,78.41554293825408,0.3343288898468017,78.41241882375093,0.33248470262287344
7698,78.41554293825408,0.3329658508300781,78.41241922958551,0.33248476512588815
7699,78.41554293825408,0.3228144645690918,78.41241963531465,0.332483509079576
7700,78.41554293825408,0.3249721527099609,78.41242004093841,0.33248253357874885
7701,78.41554293825408,0.3364880084991455,78.41242044645684,0.33248305370274833
7702,78.41554293825408,0.3343570232391357,78.41242085186994,0.3324832970122182
7703,78.41554293825408,0.3349332809448242,78.4124212571778,0.3324836150680318
7704,78.41554293825408,0.3337352275848388,78.41242166238044,0.33248377753071573
7705,78.41554293825408,0.315770149230957,78.41242206747789,0.3324816083382044
7706,78.41554293825408,0.3355052471160888,78.41242247247021,0.3324820007128187
7707,78.41554293825408,0.3398902416229248,78.41242287735743,0.3324829619481775
7708,78.41554293825408,0.3330340385437011,78.4124232821396,0.3324830334422869
7709,78.41554293825408,0.3313772678375244,78.41242368681675,0.3324828900040193
7710,78.41554293825408,0.3345868587493896,78.41242409138891,0.33248316289231317
7711,78.41554293825408,0.336444616317749,78.41242449585616,0.33248367663286893
7712,78.41554293825408,0.3200569152832031,78.41242490021851,0.33248206527895946
7713,78.41554293825408,0.3353497982025146,78.412425304476,0.33248243708408376
7714,78.41554293825408,0.3294742107391357,78.41242570862869,0.3324820471143735
7715,78.41554293825408,0.3332059383392334,78.4124261126766,0.332482140943437
7716,78.41554293825408,0.3385107517242431,78.41242651661979,0.3324829222563946
7717,78.41554293825408,0.332604169845581,78.41242692045827,0.33248293796814643
7718,78.41554293825408,0.3373911380767822,78.41242732419212,0.3324835739101144
7719,78.41554293825408,0.3269476890563965,78.41242772782137,0.3324828567336856
7720,78.41554293825408,0.3358838558197021,78.41242813134603,0.33248329727760867
7721,78.41554293825408,0.3351120948791504,78.41242853476618,0.3324836377513299
7722,78.41554293825408,0.3392472267150879,78.41242893808183,0.3324845136369766
7723,78.2514194464159,0.3324391841888428,78.41240809003165,0.33248450776756727
7724,78.41554293825408,0.3174371719360351,78.41240849588978,0.33248255964019396
7725,78.41554293825408,0.3343353271484375,78.41240890164283,0.33248279948064813
7726,78.41554293825408,0.3368256092071533,78.41240930729086,0.3324833615839003
7727,78.41554293825408,0.3338282108306885,78.41240971283389,0.3324835356293574
7728,78.41554293825408,0.3329167366027832,78.41241011827196,0.33248359168538394
7729,78.41554293825408,0.3366127014160156,78.41241052360513,0.3324841259213434
7730,78.41554293825408,0.3338265419006347,78.41241092883342,0.3324842995844714
7731,78.41554293825408,0.338895320892334,78.41241133395688,0.33248512884605563
7732,78.41554293825408,0.330291748046875,78.41241173897555,0.33248484517031857
7733,78.41554293825408,0.325667142868042,78.41241214388945,0.3324839635328813
7734,78.41554293825408,0.3355247974395752,78.41241254869867,0.3324843567102677
7735,78.10947480482612,0.3370287418365478,78.41237338415517,0.332484944219657
7736,78.41554293825408,0.3325798511505127,78.41237379387003,0.33248495648787457
7737,78.41554293825408,0.3376898765563965,78.41237420347898,0.3324856292189161
7738,78.41554293825408,0.3381440639495849,78.41237461298205,0.33248636047178903
7739,78.41554293825408,0.3335366249084472,78.41237502237931,0.3324864961824024
7740,78.41554293825408,0.3360505104064941,78.41237543167077,0.3324869566493564
7741,78.41554293825408,0.338456392288208,78.41237584085647,0.3324877277946398
7742,78.41554293825408,0.3367402553558349,78.41237624993649,0.3324882770748725
7743,78.41554293825408,0.336315393447876,78.41237665891083,0.3324887713427755
7744,78.41554293825408,0.335585355758667,78.41237706777954,0.33248917121163085
7745,78.41554293825408,0.3255684375762939,78.41237747654269,0.3324882776372428
7746,78.41554293825408,0.3355906009674072,78.41237788520029,0.3324886781437404
7747,78.41554293825408,0.3330235481262207,78.41237829375238,0.332488747185948
7748,78.41554293825408,0.3328242301940918,78.412378702199,0.3324887904852521
7749,78.41554293825408,0.3365907669067383,78.41237911054023,0.33248931984083624
7750,78.41554293825408,0.3174405097961426,78.41237951877606,0.332487378058895
7751,78.41554293825408,0.3329129219055176,78.41237992690657,0.33248743296069433
7752,78.41554293825408,0.3351433277130127,78.41238033493177,0.3324877755683765
7753,78.41554293825408,0.3188910484313965,78.41238074285171,0.33248602183083786
7754,78.41554293825408,0.3375186920166015,78.41238115066645,0.3324866708726467
7755,78.41554293825408,0.3288803100585937,78.412381558376,0.33248620583579125
7756,78.41554293825408,0.3375973701477051,78.41238196598043,0.3324868648306742
7757,78.41554293825408,0.3380975723266601,78.41238237347976,0.3324875881396204
7758,78.41554293825408,0.3384582996368408,78.41238278087404,0.33248835775956076
7759,78.41554293825408,0.3347313404083252,78.4123831881633,0.3324886468409693
7760,78.41554293825408,0.3359134197235107,78.41238359534759,0.33248908817768097
7761,78.41554293825408,0.3351724147796631,78.41238400242696,0.33248943392263675
7762,78.41554293825408,0.3377785682678222,78.41238440940143,0.33249011533649214
7763,78.41554293825408,0.3285157680511474,78.41238481627104,0.33248960337625955
7764,78.41554293825408,0.332878828048706,78.41238522303587,0.33248965350823695
7765,78.41554293825408,0.3312604427337646,78.4123856296959,0.332489495206785
7766,78.41554293825408,0.3242847919464111,78.41238603625122,0.3324884387165377
7767,78.41554293825408,0.3197894096374511,78.41238644270184,0.3324868037185875
7768,78.41554293825408,0.332998514175415,78.41238684904783,0.3324868695927452
7769,78.41554293825408,0.3333973884582519,78.4123872552892,0.3324869867917239
7770,78.41554293825408,0.3369138240814209,78.41238766142601,0.33248755652625284
7771,78.41554293825408,0.3289058208465576,78.4123880674583,0.3324870956157291
7772,78.41554293825408,0.3342936038970947,78.41238847338609,0.3324873280537478
7773,78.41554293825408,0.3227486610412597,78.41238887920944,0.3324860751697889
7774,78.41554293825408,0.3120114803314209,78.41238928492838,0.33248344144264225
7775,78.41554293825408,0.3343253135681152,78.41238969054297,0.33248367833937864
7776,78.41554293825408,0.3349816799163818,78.41239009605322,0.3324839995844374
7777,78.41554293825408,0.3351888656616211,78.41239050145919,0.3324843473877134
7778,78.41554293825408,0.3368523120880127,78.4123909067609,0.3324849089671297
7779,78.41554293825408,0.3361198902130127,78.41239131195843,0.3324853762484314
7780,78.41554293825408,0.3372998237609863,78.41239171705179,0.33248599507201915
7781,78.41554293825408,0.3325181007385254,78.41239212204103,0.3324859991981811
7782,78.41554293825408,0.3357036113739013,78.41239252692617,0.3324864126667208
7783,78.41554293825408,0.3281047344207763,78.41239293170729,0.33248584968609046
7784,78.41554293825408,0.3361876010894775,78.41239333638438,0.3324863252451094
7785,78.41554293825408,0.3344202041625976,78.41239374095753,0.33248657365601725
7786,78.41554293825408,0.325836181640625,78.41239414542675,0.33248571950857114
7787,78.41554293825408,0.3360161781311035,78.41239454979208,0.3324861728871023
7788,78.41554293825408,0.3369669914245605,78.41239495405357,0.3324867482361698
7789,78.41554293825408,0.3334290981292724,78.41239535821126,0.3324868692208781
7790,78.41554293825408,0.3342061042785644,78.41239576226518,0.3324870899185749
7791,78.41554293825408,0.3342454433441162,78.41239616621537,0.33248731560891315
7792,78.41554293825408,0.3329811096191406,78.4123965700619,0.33248737898083436
7793,78.41554293825408,0.3347363471984863,78.41239697380477,0.3324876675690825
7794,78.41554293825408,0.3337523937225342,78.41239737744404,0.3324878298382836
7795,78.41554293825408,0.3115561008453369,78.41239778097975,0.33248514456195355
7796,78.41554293825408,0.3351671695709228,78.41239818441193,0.33248548858773713
7797,78.41554293825408,0.3349292278289795,78.41239858774063,0.33248580200818617
7798,78.41554293825408,0.3352868556976318,78.41239899096588,0.3324861612097365
7799,78.41554293825408,0.3375725746154785,78.41239939408774,0.33248681339763314
7800,78.41554293825408,0.3090295791625976,78.41239979710622,0.3324838060599107
7801,78.41554293825408,0.3370645046234131,78.41240020002138,0.33248439325367607
7802,78.41554293825408,0.3287451267242431,78.41240060283326,0.3324839139834211
7803,78.41554293825408,0.3388967514038086,78.4124010055419,0.33248473582597143
7804,78.41554293825408,0.3375248908996582,78.41240140814732,0.3324853816684975
7805,78.41554293825408,0.3328490257263183,78.41240181064958,0.33248542825966443
7806,78.41554293825408,0.335219144821167,78.41240221304871,0.3324857784667566
7807,78.41554293825408,0.3331754207611084,78.41240261534476,0.3324858668031591
7808,78.41554293825408,0.3355360031127929,78.41240301753776,0.3324862574456168
7809,78.41554293825408,0.3299453258514404,78.41240341962775,0.33248593206060023
7810,78.41554293825408,0.3374905586242676,78.41240382161477,0.33248657285785554
7811,78.41554293825408,0.3349077701568603,78.41240422349887,0.33248688283062455
7812,78.41554293825408,0.3348915576934814,78.41240462528008,0.33248719064870735
7813,78.41554293825408,0.3332338333129883,78.41240502695842,0.3324872862128523
7814,78.41554293825408,0.3367271423339844,78.41240542853397,0.3324878288102571
7815,78.41554293825408,0.336846113204956,78.41240583000675,0.3324883864922014
7816,78.41554293825408,0.3156783580780029,78.41240623137679,0.33248623577208697
7817,78.41554293825408,0.3141100406646728,78.41240663264415,0.33248388497317344
7818,78.41554293825408,0.3266260623931885,78.41240703380885,0.33248313569937193
7819,78.41554293825408,0.3373420238494873,78.41240743487094,0.33248375712003314
7820,78.41554293825408,0.3396699428558349,78.41240783583045,0.33248467606961574
7821,78.41554293825408,0.3358561992645263,78.41240823668744,0.3324851071555632
7822,78.41554293825408,0.3350131511688232,78.41240863744193,0.3324854303521898
7823,78.28246983676365,0.329141616821289,78.41239202759907,0.33248500291852867
7824,78.41554293825408,0.3333380222320556,78.41239243032283,0.3324851119445145
7825,78.41554293825408,0.3150863647460937,78.41239283294365,0.33248288846244445
7826,78.41554293825408,0.3267009258270263,78.41239323546158,0.3324821496478987
7827,78.41554293825408,0.3183064460754394,78.41239363787666,0.3324803385192961
7828,78.41554293825408,0.3334298133850097,78.41239404018893,0.33248045981143526
7829,78.41554293825408,0.3348548412322998,78.41239444239841,0.3324807630917292
7830,78.41554293825408,0.3338196277618408,78.41239484450517,0.33248093408338564
7831,78.41554293825408,0.3350436687469482,78.41239524650922,0.3324812613384825
7832,78.41554293825408,0.3309192657470703,78.41239564841062,0.33248106190084314
7833,78.41554293825408,0.3360979557037353,78.41239605020941,0.3324815236516159
7834,78.41554293825408,0.3353166580200195,78.41239645190561,0.33248188555286284
7835,78.41554293825408,0.3346114158630371,78.41239685349927,0.33248215734996683
7836,78.41554293825408,0.3215913772583008,78.41239725499045,0.3324807675107515
7837,78.41554293825408,0.3380684852600097,78.41239765637916,0.3324814805026807
7838,78.41554293825408,0.328054666519165,78.41239805766544,0.3324809157139612
7839,78.41554293825408,0.3366203308105469,78.41239845884934,0.3324814437679345
7840,78.41554293825408,0.3244011402130127,78.4123988599309,0.33248041311697085
7841,78.16270404542229,0.3340351581573486,78.41236701516435,0.3324806114009959
7842,78.41554293825408,0.3144164085388183,78.41236742015327,0.3324783078811206
7843,78.41554293825408,0.3332171440124511,78.41236782503891,0.3324784020843759
7844,78.41554293825408,0.3363232612609863,78.41236822982133,0.33247889225000266
7845,78.41554293825408,0.3373935222625732,78.41236863450055,0.33247951871654347
7846,78.41554293825408,0.3277606964111328,78.41236903907661,0.3324789172862216
7847,78.41554293825408,0.3358244895935058,78.41236944354955,0.33247934363671316
7848,78.41554293825408,0.3321340084075928,78.41236984791942,0.3324792996337533
7849,78.41554293825408,0.3347318172454834,78.41237025218626,0.33247958661523014
7850,78.41554293825408,0.3362188339233398,78.41237065635009,0.33248006295246685
7851,78.41554293825408,0.3344206809997558,78.41237106041096,0.3324803101334689
7852,78.41554293825408,0.3366122245788574,78.41237146436892,0.3324808363579271
7853,78.41554293825408,0.3249533176422119,78.412371868224,0.33247987780467153
7854,78.41554293825408,0.3360934257507324,78.41237227197624,0.3324803378948098
7855,78.41554293825408,0.3345024585723877,78.41237267562566,0.3324805953258318
7856,78.41554293825408,0.3351428508758545,78.41237307917234,0.33248093420764824
7857,78.41554293825408,0.334913969039917,78.41237348261629,0.33248124387225714
7858,78.41554293825408,0.3266301155090332,78.41237388595755,0.3324804992644227
7859,78.41554293825408,0.3381338119506836,78.41237428919618,0.33248121860692
7860,78.41554293825408,0.3235425949096679,78.4123746923322,0.33248008137744195
7861,78.41554293825408,0.3374433517456054,78.41237509536565,0.3324807127564482
7862,78.41554293825408,0.3374361991882324,78.41237549829657,0.332481343065076
7863,78.41554293825408,0.336827278137207,78.412375901125,0.33248189577206727
7864,78.41554293825408,0.3375618457794189,78.41237630385099,0.33248254174739883
7865,78.41554293825408,0.3367199897766113,78.41237670647456,0.3324830805201934
7866,78.41554293825408,0.3365912437438965,78.41237710899577,0.332483602788592
7867,78.41554293825408,0.3338174819946289,78.41237751141465,0.33248377234232357
7868,78.41554293825408,0.3345892429351806,78.41237791373122,0.33248403994153464
7869,78.41554293825408,0.3261189460754394,78.41237831594555,0.3324832310593557
7870,78.41554293825408,0.3148961067199707,78.41237871805767,0.3324809963548653
7871,78.41554293825408,0.3357102870941162,78.4123791200676,0.3324814066319253
7872,78.41554293825408,0.3370821475982666,78.41237952197541,0.33248199107564563
7873,78.41554293825408,0.3365688323974609,78.4123799237811,0.33248251017145686
7874,78.41554293825408,0.3359959125518799,78.41238032548475,0.3324829563744516
7875,78.41554293825408,0.3350112438201904,78.41238072708637,0.33248327742682565
7876,78.41554293825408,0.336022138595581,78.41238112858602,0.33248372674896487
7877,78.41554293825408,0.3278028964996338,78.41238152998372,0.3324831325087403
7878,78.41554293825408,0.3386662006378174,78.41238193127953,0.33248391736125726
7879,78.41554293825408,0.3347475528717041,78.41238233247346,0.3324842046611063
7880,78.41554293825408,0.3348026275634765,78.41238273356556,0.33248449887721065
7881,78.41554293825408,0.3361685276031494,78.41238313455588,0.3324849663342245
7882,78.41554293825408,0.3336708545684814,78.41238353544446,0.3324851167894686
7883,78.41554293825408,0.3352899551391601,78.41238393623132,0.3324854725979615
7884,78.41554293825408,0.3373544216156006,78.4123843369165,0.3324860901714037
7885,78.41554293825408,0.3230977058410644,78.41238473750006,0.33248489950756976
7886,78.41554293825408,0.3387465476989746,78.41238513798203,0.33248569352839036
7887,78.41554293825408,0.3350389003753662,78.41238553836244,0.33248601725183996
7888,78.41554293825408,0.3313689231872558,78.41238593864134,0.3324858756324099
7889,78.41554293825408,0.3175914287567138,78.41238633881876,0.3324839876305242
7890,78.41554293825408,0.3395583629608154,78.41238673889474,0.3324848842560414
7891,78.41554293825408,0.3342902660369873,78.4123871388693,0.33248511304602757
7892,78.41554293825408,0.3366346359252929,78.41238753874252,0.3324856388345323
7893,78.41554293825408,0.3345201015472412,78.41238793851441,0.33248589658984873
7894,78.41554293825408,0.3259527683258056,78.41238833818502,0.3324850689830253
7895,78.41554293825408,0.3359594345092773,78.41238873775438,0.3324855090546563
7896,78.41554293825408,0.333400011062622,78.41238913722253,0.33248562487304634
7897,78.41554293825408,0.3350875377655029,78.41238953658952,0.3324859543542281
7898,78.41554293825408,0.3360681533813476,78.41238993585537,0.33248640791196765
7899,78.41554293825408,0.327648401260376,78.41239033502012,0.33248579542853285
7900,78.41554293825408,0.3382062911987304,78.41239073408383,0.3324865195419215
7901,78.41554293825408,0.3352978229522705,78.41239113304651,0.33248687535807264
7902,78.41554293825408,0.3355107307434082,78.41239153190823,0.33248725802769874
7903,78.41554293825408,0.3361294269561767,78.412391930669,0.33248771888673057
7904,78.41554293825408,0.3351435661315918,78.41239232932887,0.33248805489979294
7905,78.41554293825408,0.3185722827911377,78.41239272788788,0.3324862945238146
7906,78.41554293825408,0.3391151428222656,78.41239312634606,0.33248713298173244
7907,78.41554293825408,0.3349287509918213,78.41239352470346,0.3324874417736902
7908,78.41554293825408,0.333829402923584,78.4123939229601,0.3324876114703455
7909,78.41554293825408,0.3322069644927978,78.41239432111604,0.332487575985837
7910,78.41554293825408,0.3372535705566406,78.41239471917132,0.33248817851359563
7911,78.41554293825408,0.3329954147338867,78.41239511712594,0.3324882426314341
7912,78.41554293825408,0.3385913372039795,78.41239551497998,0.33248901400334674
7913,78.41554293825408,0.3355212211608886,78.41239591273346,0.3324893971964666
7914,78.41554293825408,0.3384385108947754,78.41239631038643,0.3324901489166711
7915,78.41554293825408,0.3360874652862549,78.41239670793891,0.33249060341021114
7916,78.41554293825408,0.3328428268432617,78.41239710539095,0.3324906479053391
7917,78.41554293825408,0.335731029510498,78.41239750274258,0.33249105719946637
7918,78.41554293825408,0.3371295928955078,78.41239789999385,0.33249164302110007
7919,78.41554293825408,0.3169302940368652,78.41239829714479,0.3324896779561949
7920,78.41554293825408,0.3366017341613769,78.41239869419543,0.3324901971552107
7921,78.41554293825408,0.334193468093872,78.41239909114583,0.3324904121875221
7922,78.41554293825408,0.3363134860992431,78.41239948799601,0.33249089477700855
7923,78.41554293825408,0.3375470638275146,78.41239988474602,0.33249153294046313
7924,78.41554293825408,0.3164551258087158,78.41240028139589,0.33248950916369235
7925,78.41554293825408,0.3203499317169189,78.41240067794566,0.33248797735581265
7926,78.41554293825408,0.3343803882598877,78.41240107439535,0.3324882161157046
7927,78.41554293825408,0.3206813335418701,78.41240147074502,0.33248672666413737
7928,78.41554293825408,0.3359467983245849,78.41240186699471,0.33248716310102694
7929,78.41554293825408,0.3323590755462646,78.41240226314446,0.33248714694671305
7930,78.41554293825408,0.3349988460540771,78.41240265919429,0.3324874636805223
7931,78.41554293825408,0.3356735706329345,78.41240305514424,0.3324878654087977
7932,78.41554293825408,0.3358669281005859,78.41240345099436,0.33248829141266706
7933,78.41554293825408,0.3316001892089844,78.41240384674468,0.33248817946230735
7934,78.41554293825408,0.3324406147003174,78.41240424239524,0.3324881734672529
7935,78.41554293825408,0.3339536190032959,78.41240463794607,0.3324883581484799
7936,78.41554293825408,0.3340842723846435,78.41240503339722,0.3324885592465439
7937,78.41554293825408,0.3367626667022705,78.41240542874873,0.33248909775069607
7938,78.41554293825408,0.3327584266662597,78.41240582400061,0.3324891316797608
7939,78.41554293825408,0.3325016498565674,78.41240621915294,0.33248913325655594
7940,78.41554293825408,0.3337972164154053,78.41240661420574,0.33248929800254573
7941,78.41554293825408,0.3339629173278808,78.41240700915903,0.3324894835735475
7942,78.41554293825408,0.3338785171508789,78.41240740401285,0.3324896584707494
7943,78.41554293825408,0.3332483768463135,78.41240779876726,0.33248975399112907
7944,78.41554293825408,0.3390984535217285,78.41240819342228,0.3324905859019461
7945,78.41554293825408,0.336683988571167,78.41240858797796,0.33249111370593215
7946,78.41554293825408,0.319779634475708,78.41240898243433,0.33248951397282994
7947,78.41554293825408,0.3361761569976806,78.41240937679143,0.3324899778765703
7948,78.41554293825408,0.3361732959747314,78.41240977104928,0.33249044130360833
7949,78.41554293825408,0.3178811073303222,78.41241016520796,0.33248860342035597
7950,78.41554293825408,0.3157918453216553,78.41241055926746,0.33248650319921147
7951,78.41554293825408,0.3323345184326172,78.41241095322785,0.3324864840840352
7952,78.41554293825408,0.3373274803161621,78.41241134708915,0.33248709286122735
7953,78.41554293825408,0.332831859588623,78.4124117408514,0.33248713621175263
7954,78.41554293825408,0.3296165466308594,78.41241213451464,0.3324867753128865
7955,78.41554293825408,0.3320364952087402,78.4124125280789,0.3324867187094793
7956,78.41554293825408,0.3333432674407959,78.41241292154425,0.3324868263702047
7957,78.41554293825408,0.317697525024414,78.41241331491068,0.33248496771727704
7958,78.41554293825408,0.3289432525634765,78.41241370817825,0.3324845226663655
7959,78.41554293825408,0.3355088233947754,78.41241410134701,0.33248490265137975
7960,78.41554293825408,0.3356599807739258,78.41241449441698,0.3324853015305409
7961,78.41554293825408,0.335268497467041,78.4124148873882,0.3324856511343515
7962,78.41554293825408,0.339616060256958,78.4124152802607,0.3324865466893782
7963,78.41554293825408,0.3351888656616211,78.41241567303453,0.332486886048787
7964,78.41554293825408,0.3325264453887939,78.41241606570972,0.3324868910160572
7965,78.41554293825408,0.3365614414215088,78.41241645828632,0.3324874025729192
7966,78.41554293825408,0.3346784114837646,78.41241685076434,0.33248767761797454
7967,78.41554293825408,0.3335721492767334,78.41241724314385,0.33248781373842873
7968,78.41554293825408,0.3343362808227539,78.41241763542487,0.3324880457247596
7969,78.41554293825408,0.3397040367126465,78.41241802760743,0.3324889512324755
7970,78.41554293825408,0.3390624523162842,78.41241841969158,0.3324897760130381
7971,78.41554293825408,0.3361299037933349,78.41241881167736,0.3324902326844445
7972,78.41554293825408,0.3334434032440185,78.41241920356478,0.33249035224924123
7973,78.41554293825408,0.325843334197998,78.41241959535391,0.3324895185582778
7974,78.41554293825408,0.3357884883880615,78.41241998704477,0.3324899322740829
7975,78.41554293825408,0.331298828125,78.4124203786374,0.3324897829193307
7976,78.41554293825408,0.3330740928649902,78.41242077013185,0.33248985617784943
7977,78.41554293825408,0.336564302444458,78.41242116152813,0.33249036695210876
7978,78.41554293825408,0.3361186981201172,78.41242155282629,0.33249082174418293
7979,78.2292405961675,0.3346176147460937,78.41239859494226,0.33249108829299884
7980,78.41554293825408,0.3356993198394775,78.41239898897025,0.3324914903270272
7981,78.41554293825408,0.3317639827728271,78.4123993828995,0.33249139917209
7982,78.41554293825408,0.3323051929473877,78.41239977673004,0.33249137584382327
7983,78.41554293825408,0.3334798812866211,78.41240017046191,0.3324914996701345
7984,78.41554293825408,0.3334524631500244,78.41240056409517,0.33249162003129185
7985,78.41554293825408,0.3341152667999267,78.41240095762981,0.332491823368395
7986,78.41554293825408,0.316478967666626,78.41240135106591,0.3324898182524794
7987,78.41554293825408,0.3359107971191406,78.41240174440348,0.3324902465708551
7988,78.41554293825408,0.3353776931762695,78.41240213764257,0.33249060804389036
7989,78.41554293825408,0.3319685459136963,78.41240253078323,0.3324905426962711
7990,78.41554293825408,0.3367030620574951,78.41240292382545,0.33249106992022115
7991,78.41554293825408,0.3351404666900635,78.41240331676933,0.3324914014678084
7992,78.41554293825408,0.3345565795898437,78.41240370961486,0.33249165987347934
7993,78.41554293825408,0.3179128170013428,78.4124041023621,0.33248983592216297
7994,78.41554293825408,0.3333957195281982,78.41240449501107,0.332489949242604
7995,78.41554293825408,0.335146427154541,78.41240488756183,0.33249028151001014
7996,78.41554293825408,0.3343076705932617,78.4124052800144,0.3324905087972892
7997,78.41554293825408,0.3359653949737549,78.4124056723688,0.33249094332100765
7998,78.41554293825408,0.3335771560668945,78.41240606462512,0.3324910791315535
7999,78.41554293825408,0.314629316329956,78.41240645678334,0.3324888461320784
8000,78.41554293825408,0.3309864997863769,78.41240684884353,0.33248865833878516
8001,78.41554293825408,0.3362445831298828,78.41240724080572,0.33248912777070505
8002,78.41554293825408,0.3148765563964844,78.41240763266993,0.33248692674953856
8003,78.41554293825408,0.3343312740325928,78.41240802443622,0.3324871572065276
8004,78.41554293825408,0.3168179988861084,78.41240841610461,0.33248519954057054
8005,78.41554293825408,0.3363282680511474,78.41240880767516,0.33248567962408215
8006,78.41554293825408,0.3331191539764404,78.41240919914787,0.33248575874903247
8007,78.41554293825408,0.3246288299560547,78.41240959052281,0.33248477749153366
8008,78.41554293825408,0.3310890197753906,78.41240998180001,0.33248460319611456
8009,78.41554293825408,0.3320679664611816,78.4124103729795,0.3324845511750464
8010,78.41554293825408,0.3124291896820068,78.4124107640613,0.33248204738459786
8011,78.41554293825408,0.3292829990386963,78.41241115504548,0.332481648052636
8012,78.41554293825408,0.3253049850463867,78.41241154593206,0.33248075231336915
8013,78.41554293825408,0.3252429962158203,78.41241193672107,0.332479849061641
8014,78.41554293825408,0.3330504894256592,78.41241232741255,0.332479920267077
8015,78.41554293825408,0.3371815681457519,78.41241271800655,0.33248050687317543
8016,78.41554293825408,0.3348197937011719,78.41241310850309,0.3324807987003745
8017,78.41554293825408,0.3347499370574951,78.41241349890221,0.3324810817412074
8018,78.41554293825408,0.3367044925689697,78.41241388920395,0.33248160848239317
8019,78.41554293825408,0.3371703624725342,78.41241427940835,0.33248219318796624
8020,78.41554293825408,0.3378877639770508,78.41241466951544,0.33248286719928655
8021,78.41554293825408,0.3334221839904785,78.41241505952526,0.3324829843064791
8022,78.41554293825408,0.3336806297302246,78.41241544943784,0.3324831336015955
8023,78.41554293825408,0.3350987434387207,78.41241583925323,0.33248345961553505
8024,78.41554293825408,0.3301343917846679,78.41241622897145,0.3324831668603218
8025,78.41554293825408,0.3156375885009765,78.41241661859256,0.33248106772283154
8026,78.41554293825408,0.3108081817626953,78.41241700811656,0.33247836738817416
8027,78.41554293825408,0.3346412181854248,78.41241739754352,0.33247863683514034
8028,78.41554293825408,0.3329741954803467,78.41241778687346,0.33247869856392026
8029,78.41554293825408,0.3320283889770508,78.41241817610641,0.3324786424785314
8030,78.41554293825408,0.332688570022583,78.41241856524242,0.33247866862143854
8031,78.41554293825408,0.335416316986084,78.41241895428152,0.3324790344100532
8032,78.41554293825408,0.3364825248718261,78.41241934322376,0.3324795328525908
8033,78.41554293825408,0.3345530033111572,78.41241973206915,0.332479790971657
8034,78.41554293825408,0.337566614151001,78.41242012081774,0.33248042413361606
8035,78.41554293825408,0.3364570140838623,78.41242050946958,0.33248091904213506
8036,78.41554293825408,0.3346402645111084,78.41242089802468,0.3324811877511282
8037,78.41554293825408,0.3337922096252441,78.4124212864831,0.33248135087441727
8038,78.41554293825408,0.3353440761566162,78.41242167484485,0.33248170702337004
8039,78.41554293825408,0.3381028175354004,78.41242206310999,0.33248240625343745
8040,78.41554293825408,0.3397562503814697,78.41242245127854,0.33248331096041855
8041,78.41554293825408,0.3357224464416504,78.41242283935054,0.33248371378786307
8042,78.41554293825408,0.3338232040405273,78.41242322732604,0.332483880349695
8043,78.41554293825408,0.3371906280517578,78.41242361520506,0.3324844655477184
8044,78.41554293825408,0.3325676918029785,78.41242400298765,0.33248447589409524
8045,78.41554293825408,0.3360128402709961,78.41242439067382,0.33248491447263806
8046,78.41554293825408,0.3350560665130615,78.41242477826363,0.3324852340291929
8047,78.41554293825408,0.3339908123016357,78.41242516575711,0.33248542112727575
8048,78.41554293825408,0.3345386981964111,78.41242555315429,0.3324856762561362
8049,78.41554293825408,0.3339908123016357,78.41242594045521,0.3324858632527874
8050,78.41554293825408,0.3356795310974121,78.41242632765992,0.3324862599817122
8051,78.41554293825408,0.3327460289001465,78.41242671476842,0.33248629224713494
8052,78.41554293825408,0.3334228992462158,78.41242710178078,0.3324864085669311
8053,78.41554293825408,0.3342788219451904,78.41242748869702,0.33248663114403015
8054,78.41554293825408,0.3346059322357178,78.41242787551718,0.33248689428049544
8055,78.41554293825408,0.3256068229675293,78.4124282622413,0.3324860401437713
8056,78.41554293825408,0.3361377716064453,78.41242864886941,0.3324864934371505
8057,78.41554293825408,0.3381035327911377,78.41242903540154,0.332487190599786
8058,78.41554293825408,0.325716495513916,78.41242942183774,0.3324863503546773
8059,78.41554293825408,0.3347847461700439,78.41242980817803,0.3324866355508326
8060,78.41554293825408,0.3374574184417724,78.41243019442247,0.3324872522732756
8061,78.41554293825408,0.3108479976654053,78.41243058057107,0.33248456783528924
8062,78.41554293825408,0.3345553874969482,78.41243096662387,0.3324848246970682
8063,78.41554293825408,0.3343338966369629,78.41243135258091,0.3324850540251024
8064,78.41554293825408,0.3357412815093994,78.41243173844224,0.33248545782315353
8065,78.41554293825408,0.333831787109375,78.41243212420787,0.33248562475796894
8066,78.41554293825408,0.3334181308746338,78.41243250987786,0.33248574036745526
8067,78.41554293825408,0.3366451263427734,78.41243289545221,0.33248625597250986
8068,78.41554293825408,0.3368384838104248,78.412433280931,0.3324867954157223
8069,78.41554293825408,0.3345396518707275,78.41243366631424,0.3324870498284692
8070,78.41554293825408,0.3351542949676513,78.41243405160196,0.33248738034211717
8071,78.41554293825408,0.3236868381500244,78.41243443679423,0.3324862899515594
8072,78.41554293825408,0.3353948593139648,78.41243482189104,0.3324866502797757
8073,78.41554293825408,0.318281888961792,78.41243520689245,0.3324848907404077
8074,78.41554293825408,0.3359613418579101,78.41243559179848,0.3324853213139917
8075,78.41554293825408,0.3352024555206299,78.4124359766092,0.3324856578012
8076,78.41554293825408,0.3349461555480957,78.41243636132461,0.3324859624690736
8077,78.41554293825408,0.3325278759002685,78.41243674594476,0.33248596765830607
8078,78.41554293825408,0.3367025852203369,78.41243713046968,0.33248648964612015
8079,78.41554293825408,0.3331470489501953,78.41243751489942,0.3324865714086284
8080,78.41554293825408,0.3339889049530029,78.41243789923399,0.33248675734099775
8081,78.41554293825408,0.336794376373291,78.41243828347345,0.33248729039619296
8082,78.41554293825408,0.3322274684906006,78.41243866761782,0.332487258247974
8083,78.41554293825408,0.316483736038208,78.41243905166715,0.3324852783491481
8084,78.41554293825408,0.3316195011138916,78.41243943562145,0.3324851712515188
8085,78.41554293825408,0.338597297668457,78.41243981948078,0.3324859272349964
8086,78.41554293825408,0.3339979648590088,78.41244020324517,0.33248611422950847
8087,78.41554293825408,0.3371198177337646,78.41244058691464,0.33248668721126984
8088,78.41554293825408,0.3362412452697754,78.41244097048924,0.3324871514246796
8089,78.41554293825408,0.3339841365814209,78.412441353969,0.3324873364889838
8090,78.41554293825408,0.3342452049255371,78.41244173735396,0.33248755377803657
8091,78.41554293825408,0.3345470428466797,78.41244212064414,0.3324878083187693
8092,78.41554293825408,0.3341062068939209,78.4124425038396,0.3324880083185932
8093,78.41554293825408,0.3343815803527832,78.41244288694037,0.33248824229512036
8094,78.41554293825408,0.323216438293457,78.41244326994646,0.33248709677942956
8095,78.41554293825408,0.330972671508789,78.41244365285793,0.33248690969786426
8096,78.41554293825408,0.3360824584960937,78.4124440356748,0.3324873538120933
8097,78.41554293825408,0.3344955444335937,78.41244441839711,0.3324876018287194
8098,78.41554293825408,0.333111047744751,78.41244480102492,0.3324876788163603
8099,78.41554293825408,0.3252978324890136,78.41244518355822,0.3324867910714131
8100,78.41554293825408,0.3340647220611572,78.41244556599707,0.33248698587770814
8101,78.41554293825408,0.3254122734069824,78.41244594834151,0.33248611256423194
8102,78.41554293825408,0.3158369064331054,78.41244633059156,0.33248405761408
8103,78.41554293825408,0.3360044956207275,78.41244671274727,0.33248449207514463
8104,78.41554293825408,0.3371412754058838,78.41244709480867,0.3324850667029001
8105,78.41554293825408,0.3370001316070556,78.41244747677578,0.33248562377444907
8106,78.41554293825408,0.3367602825164795,78.41244785864866,0.3324861511194703
8107,78.41554293825408,0.3333146572113037,78.41244824042732,0.33248625331585513
8108,78.41554293825408,0.3341937065124511,78.41244862211181,0.3324864639045572
8109,78.41554293825408,0.3359725475311279,78.41244900370216,0.33248689380758184
8110,78.41554293825408,0.3367681503295898,78.41244938519841,0.33248742170604323
8111,78.41554293825408,0.334665298461914,78.41244976660059,0.3324876902150749
8112,78.41554293825408,0.3385696411132812,78.41245014790874,0.3324884399624736
8113,78.41554293825408,0.3375866413116455,78.41245052912289,0.33248906836150594
8114,78.20706174591909,0.348372220993042,78.41242521623366,0.33249102586121404
8115,78.41554293825408,0.3252158164978027,78.41242560042615,0.3324901293474293
8116,78.41554293825408,0.3312070369720459,78.41242598452396,0.332489971253248
8117,78.41554293825408,0.3321316242218017,78.41242636852714,0.33248992710552944
8118,78.41554293825408,0.3348438739776611,78.4124267524357,0.3324902170718847
8119,78.41554293825408,0.3353147506713867,78.4124271362497,0.33249056496369395
8120,78.41554293825408,0.3344910144805908,78.41242751996916,0.3324908113244719
8121,78.41554293825408,0.335137128829956,78.41242790359412,0.3324911371855119
8122,78.41554293825408,0.3304600715637207,78.41242828712461,0.33249088711587116
8123,78.41554293825408,0.332244873046875,78.41242867056069,0.3324908568297615
8124,78.41554293825408,0.3328173160552978,78.41242905390236,0.33249089701430423
8125,78.41554293825408,0.3363418579101562,78.41242943714965,0.3324913709787222
8126,78.41554293825408,0.3392972946166992,78.41242982030265,0.3324922085277793
8127,78.41554293825408,0.3365323543548584,78.41243020336134,0.3324927056541269
8128,78.41554293825408,0.3304038047790527,78.41243058632577,0.3324924486535271
8129,78.41554293825408,0.3365101814270019,78.41243096919598,0.3324929429003931
8130,78.41554293825408,0.3326435089111328,78.412431351972,0.33249296142019763
8131,78.41554293825408,0.3363804817199707,78.41243173465388,0.33249343953116794
8132,78.41554293825408,0.3352913856506347,78.41243211724164,0.33249378359734105
8133,78.41554293825408,0.3375780582427978,78.4124324997353,0.3324944087386967
8134,78.41554293825408,0.3339238166809082,78.41243288213492,0.33249458447117053
8135,78.41554293825408,0.3269879817962646,78.41243326444054,0.33249390756856756
8136,78.41554293825408,0.3173635005950928,78.41243364665218,0.3324920478823614
8137,78.41554293825408,0.3340795040130615,78.41243402876987,0.332492242973443
8138,78.41554293825408,0.3358814716339111,78.41243441079364,0.33249265944292694
8139,78.41554293825408,0.3357675075531006,78.41243479272354,0.33249306180785015
8140,78.41554293825408,0.3328523635864258,78.4124351745596,0.3324931059481178
8141,78.41554293825408,0.3335914611816406,78.41243555630186,0.3324932408646187
8142,78.41554293825408,0.3343126773834228,78.41243593795035,0.3324934643277136
8143,78.41554293825408,0.3365731239318847,78.4124363195051,0.3324939653297526
8144,78.41554293825408,0.3357827663421631,78.41243670096615,0.33249436916091824
8145,78.41554293825408,0.3346085548400879,78.41243708233353,0.3324946287294485
8146,78.41554293825408,0.3338565826416015,78.41243746360728,0.3324947959224159
8147,78.41554293825408,0.336803674697876,78.41243784478743,0.3324953248138821
8148,78.41554293825408,0.3369331359863281,78.41243822587401,0.3324958694642469
8149,78.41554293825408,0.3283393383026123,78.41243860686707,0.3324953593978386
8150,78.41554293825408,0.3270504474639892,78.41243898776662,0.3324946913104847
8151,78.41554293825408,0.3340785503387451,78.41243936857272,0.3324948856251735
8152,78.41554293825408,0.3363244533538818,78.4124397492854,0.33249535539550334
8153,78.41554293825408,0.3326613903045654,78.41244012990468,0.3324953757603885
8154,78.41554293825408,0.3361008167266845,78.4124405104306,0.332495817928768
8155,78.41554293825408,0.3364298343658447,78.41244089086321,0.33249630033421707
8156,78.41554293825408,0.3363087177276611,78.41244127120251,0.33249676777136683
8157,78.41554293825408,0.3377854824066162,78.41244165144857,0.3324974161365299
8158,78.41554293825408,0.3342561721801758,78.4124420316014,0.33249763172319863
8159,78.41554293825408,0.3291876316070556,78.41244241166105,0.33249722603621296
8160,78.41554293825408,0.334867000579834,78.41244279162756,0.33249751644976
8161,78.41554293825408,0.333672285079956,78.41244317150093,0.3324976603988631
8162,78.41554293825408,0.3327457904815674,78.41244355128123,0.3324976907995103
8163,78.41554293825408,0.3363990783691406,78.41244393096848,0.33249816873502047
8164,78.41554293825408,0.3337528705596924,78.4124443105627,0.33249832242216215
8165,78.41554293825408,0.3343863487243652,78.41244469006396,0.3324985536562469
8166,78.41554293825408,0.3353316783905029,78.41244506947227,0.33249890059780146
8167,78.41554293825408,0.3365795612335205,78.41244544878765,0.3324994002501384
8168,78.41554293825408,0.3323853015899658,78.41244582801016,0.33249938628115455
8169,78.41554293825408,0.3282616138458252,78.41244620713984,0.33249886751846197
8170,78.41554293825408,0.3241539001464844,78.4124465861767,0.332497846102627
8171,78.41554293825408,0.3354854583740234,78.41244696512078,0.33249821173869004
8172,78.41554293825408,0.3199012279510498,78.41244734397212,0.3324966702575609
8173,78.41554293825408,0.3375389575958252,78.41244772273076,0.3324972872020535
8174,78.41554293825408,0.3378689289093017,78.41244810139672,0.3324979443639947
8175,78.41554293825408,0.3366918563842773,78.41244847997004,0.3324984573807556
8176,78.41554293825408,0.3374974727630615,78.41244885845074,0.3324990688063161
8177,78.41554293825408,0.3368027210235595,78.41244923683888,0.33249959511819294
8178,78.41554293825408,0.3369886875152588,78.41244961513449,0.33250014404120554
8179,78.41554293825408,0.3247652053833008,78.41244999333759,0.33249919833407043
8180,78.41554293825408,0.3373067378997803,78.41245037144822,0.33249978605284375
8181,78.41554293825408,0.3351879119873047,78.41245074946642,0.33250011463442725
8182,78.41554293825408,0.3352904319763183,78.4124511273922,0.332500455665635
8183,78.41554293825408,0.3243556022644043,78.41245150522562,0.3324994603273237
8184,78.41554293825408,0.337435245513916,78.4124518829667,0.33250006342913047
8185,78.41554293825408,0.3156583309173584,78.4124522606155,0.3324980057953477
8186,78.41554293825408,0.3367319107055664,78.41245263817201,0.33249852300826127
8187,78.41554293825408,0.3356068134307861,78.4124530156363,0.3324989026699716
8188,78.41554293825408,0.3333292007446289,78.41245339300839,0.33249900407423083
8189,78.41554293825408,0.3326005935668945,78.41245377028831,0.33249901647983504
8190,78.41554293825408,0.3328382968902588,78.4124541474761,0.3324990579060146
8191,78.41554293825408,0.3362455368041992,78.41245452457179,0.33249951529569816
8192,78.41554293825408,0.3354442119598388,78.41245490157542,0.33249987475574017
8193,78.41554293825408,0.3378400802612304,78.41245527848702,0.33250052655672946
8194,78.41554293825408,0.3383140563964844,78.41245565530662,0.33250123604291937
8195,78.41554293825408,0.3171610832214355,78.41245603203424,0.33249936415117787
8196,78.41554293825408,0.3260366916656494,78.41245640866995,0.33249857563574525
8197,78.41554293825408,0.3365583419799804,78.41245678521376,0.33249907091039993
8198,78.41554293825408,0.3312723636627197,78.41245716166571,0.33249892127545877
8199,78.41554293825408,0.3362505435943603,78.41245753802583,0.33249937884617703
8200,78.41554293825408,0.3350553512573242,78.41245791429415,0.33249969055012957
8201,78.41554293825408,0.3341689109802246,78.41245829047071,0.3324998940887749
8202,78.41554293825408,0.3356192111968994,78.41245866655555,0.3325002744005413
8203,78.41554293825408,0.3232250213623047,78.41245904254869,0.33249914368579814
8204,78.41554293825408,0.3367612361907959,78.41245941845017,0.3324996631997553
8205,78.41554293825408,0.3374736309051513,78.41245979426002,0.3325002694115415
8206,78.41554293825408,0.3302516937255859,78.41246016997827,0.33249999539549396
8207,78.41554293825408,0.3322668075561523,78.41246054560497,0.33249996698220785
8208,78.41554293825408,0.335460901260376,78.41246092114014,0.3325003277198148
8209,78.41554293825408,0.3360428810119629,78.41246129658381,0.332500759264862
8210,78.41554293825408,0.3279173374176025,78.41246167193604,0.332500200991799
8211,78.41554293825408,0.3356359004974365,78.41246204719683,0.33250058288188616
8212,78.41554293825408,0.3339245319366455,78.41246242236622,0.3325007562804559
8213,78.41554293825408,0.3156967163085937,78.41246279744426,0.3324987102509938
8214,78.41554293825408,0.3377900123596191,78.41246317243098,0.3324993544319177
8215,78.41554293825408,0.3334584236145019,78.41246354732638,0.3324994711780142
8216,78.41554293825408,0.3378360271453857,78.41246392213054,0.3325001207101426
8217,78.41554293825408,0.3354184627532959,78.41246429684347,0.3325004758692084
8218,78.41554293825408,0.3359382152557373,78.41246467146522,0.3325008941874593
8219,78.41554293825408,0.3231234550476074,78.41246504599579,0.3324997532409768
8220,78.41554293825408,0.3346152305603027,78.41246542043524,0.33250001059831497
8221,78.41554293825408,0.3368244171142578,78.4124657947836,0.33250053661784007
8222,78.41554293825408,0.3359363079071045,78.4124661690409,0.3325009544932097
8223,78.41554293825408,0.3371977806091308,78.41246654320716,0.3325015256747877
8224,78.41554293825408,0.3335442543029785,78.41246691728244,0.3325016524657201
8225,78.41554293825408,0.3352115154266357,78.41246729126675,0.3325019819323415
8226,78.41554293825408,0.3343825340270996,78.41246766516015,0.3325022105430994
8227,78.41554293825408,0.334956407546997,78.41246803896264,0.3325025088531765
8228,78.41554293825408,0.333897590637207,78.41246841267427,0.33250267840614006
8229,78.41554293825408,0.3328173160552978,78.41246878629508,0.33250271664136294
8230,78.41554293825408,0.3355097770690918,78.4124691598251,0.3325030820193007
8231,78.41554293825408,0.3339323997497558,78.41246953326434,0.33250325566985717
8232,78.41554293825408,0.3326649665832519,78.41246990661286,0.33250327531404006
8233,78.41554293825408,0.3336756229400635,78.41247027987067,0.332503417710205
8234,78.41554293825408,0.326089859008789,78.41247065303784,0.3325026387985337
8235,78.41554293825408,0.335123062133789,78.41247102611437,0.3325029570041603
8236,78.41554293825408,0.3333306312561035,78.41247139910031,0.3325030574988485
8237,78.41554293825408,0.3194212913513183,78.41247177199568,0.3325014693276518
8238,78.41554293825408,0.3346703052520752,78.41247214480053,0.33250173259979604
8239,78.41554293825408,0.3362078666687011,78.41247251751487,0.3325021824279389
8240,78.41554293825408,0.3349173069000244,78.41247289013874,0.332502475525569
8241,78.41554293825408,0.3335280418395996,78.4124732626722,0.33250259997239756
8242,78.41554293825408,0.3326852321624756,78.41247363511525,0.3325026221311199
8243,78.41554293825408,0.3342795372009277,78.41247400746792,0.3325028376976697
8244,78.41554293825408,0.3357887268066406,78.41247437973028,0.3325032362771347
8245,78.41554293825408,0.3337264060974121,78.41247475190232,0.332503384630054
8246,78.41554293825408,0.3379771709442138,78.41247512398411,0.33250404844115206
8247,78.41554293825408,0.3350801467895508,78.41247549597566,0.33250436080908563
8248,78.41554293825408,0.3385818004608154,78.412475867877,0.33250509764706476
8249,78.41554293825408,0.3379395008087158,78.41247623968817,0.3325057564424535
8250,78.41554293825408,0.3344659805297851,78.41247661140922,0.3325059940453732
8251,78.41554293825408,0.3190648555755615,78.41247698304016,0.3325043650139261
8252,78.41554293825408,0.3361244201660156,78.41247735458103,0.3325048037021413
8253,78.41554293825408,0.3367419242858886,78.41247772603185,0.3325053171058229
8254,78.41554293825408,0.3363125324249267,78.41247809739268,0.33250577836282785
8255,78.41554293825408,0.3254585266113281,78.41247846866354,0.3325049246678852
8256,78.41554293825408,0.333292007446289,78.41247883984445,0.3325050200025241
8257,78.41554293825408,0.3331437110900879,78.41247921093546,0.33250509735399403
8258,78.41554293825408,0.3366477489471435,78.4124795819366,0.33250559900712956
8259,78.41554293825408,0.3360950946807861,78.41247995284787,0.33250603362338743
8260,78.41554293825408,0.3249936103820801,78.41248032366936,0.33250512412904826
8261,78.41554293825408,0.3354780673980713,78.41248069440107,0.33250548400597224
8262,78.41554293825408,0.342846155166626,78.41248106504302,0.33250673560015775
8263,78.41554293825408,0.3342053890228271,78.41248143559527,0.3325069411736084
8264,78.41554293825408,0.3268613815307617,78.41248180605784,0.33250625802263517
8265,78.41554293825408,0.3339602947235107,78.41248217643077,0.3325064339496407
8266,78.41554293825408,0.3368027210235595,78.41248254671407,0.3325069537037024
8267,78.41554293825408,0.3379082679748535,78.4124829169078,0.33250760706214816
8268,78.41554293825408,0.3315057754516601,78.412483287012,0.33250748589238394
8269,78.41554293825408,0.3356976509094238,78.41248365702666,0.33250787169054785
8270,78.41554293825408,0.3284261226654053,78.41248402695184,0.3325073781296016
8271,78.41554293825408,0.3360011577606201,78.41248439678758,0.33250780054280815
8272,78.41554293825408,0.3171498775482178,78.41248476653388,0.33250594392735905
8273,78.41554293825408,0.3144643306732178,78.41248513619081,0.3325037631449036
8274,78.41554293825408,0.3357422351837158,78.41248550575838,0.3325041545483407
8275,78.41554293825408,0.3349201679229736,78.41248587523663,0.3325044465137032
8276,78.41554293825408,0.3332774639129638,78.4124862446256,0.33250453991841555
8277,78.41554293825408,0.324023962020874,78.4124866139253,0.3325035153228015
8278,78.41554293825408,0.3363761901855469,78.41248698313578,0.33250398315015867
8279,78.41554293825408,0.3347668647766113,78.41248735225706,0.3325042564780517
8280,78.41554293825408,0.3354315757751465,78.4124877212892,0.33250461001902964
8281,78.41554293825408,0.3342084884643554,78.41248809023219,0.3325048157766006
8282,78.41554293825408,0.3334980010986328,78.4124884590861,0.3325049356975523
8283,78.41554293825408,0.3343334197998047,78.41248882785094,0.3325051564489832
8284,78.41554293825408,0.3346090316772461,78.41248919652675,0.33250541041750425
8285,78.41554293825408,0.3353612422943115,78.41248956511357,0.33250575511658415
8286,78.41554293825408,0.3331427574157715,78.41248993361141,0.3325058319935211
8287,78.41554293825408,0.3246762752532959,78.41249030202033,0.3325048871936248
8288,78.41554293825408,0.334789514541626,78.41249067034035,0.3325051628484689
8289,78.41554293825408,0.3354651927947998,78.41249103857149,0.33250551995185246
8290,78.41554293825408,0.3365631103515625,78.4124914067138,0.3325060094078717
8291,78.41554293825408,0.338738203048706,78.41249177476729,0.3325067610896521
8292,78.41554293825408,0.3347334861755371,78.41249214273202,0.33250702962861567
8293,78.41554293825408,0.3376917839050293,78.412492510608,0.3325076548250797
8294,78.41554293825408,0.3368637561798095,78.41249287839528,0.33250818003623894
8295,78.41554293825408,0.3383982181549072,78.41249324609387,0.3325088901071393
8296,78.41554293825408,0.3327803611755371,78.41249361370383,0.3325089228302672
8297,78.41554293825408,0.3340463638305664,78.41249398122518,0.3325091081310988
8298,78.41554293825408,0.333115816116333,78.41249434865794,0.3325091812460645
8299,78.41554293825408,0.3150787353515625,78.41249471600216,0.33250708093929326
8300,78.41554293825408,0.3353538513183594,78.41249508325785,0.33250742392367627
8301,78.41554293825408,0.3337025642395019,78.41249545042506,0.332507567899139
8302,78.41554293825408,0.3314127922058105,78.41249581750382,0.33250743603022864
8303,78.41554293825408,0.3384037017822265,78.41249618449416,0.3325081461670168
8304,78.41554293825408,0.3368880748748779,78.4124965513961,0.3325086736150789
8305,78.41554293825408,0.3339095115661621,78.4124969182097,0.3325088422891248
8306,78.41554293825408,0.3353385925292969,78.41249728493497,0.3325091829766086
8307,78.41554293825408,0.3366398811340332,78.41249765157194,0.3325096802317136
8308,78.41554293825408,0.3389389514923095,78.41249801812066,0.3325104540968148
8309,78.41554293825408,0.3352184295654297,78.41249838458114,0.3325107800055245
8310,78.41554293825408,0.3333964347839355,78.41249875095342,0.33251088658251343
8311,78.41554293825408,0.3358700275421142,78.41249911723754,0.3325112907626313
8312,78.41554293825408,0.3320264816284179,78.41249948343354,0.3325112324362196
8313,78.41554293825408,0.3357102870941162,78.41249984954142,0.3325116172617528
8314,78.41554293825408,0.3153285980224609,78.41250021556122,0.33250955050456743
8315,78.41554293825408,0.3326900005340576,78.412500581493,0.33250957220631483
8316,78.41554293825408,0.3364026546478271,78.41250094733678,0.3325100403499466
8317,78.41554293825408,0.3146805763244629,78.41250131309258,0.3325078966125382
8318,78.41554293825408,0.3363063335418701,78.41250167876042,0.3325083532652106
8319,78.41554293825408,0.3354425430297851,78.41250204434036,0.3325087059746426
8320,78.41554293825408,0.3339505195617676,78.41250240983243,0.3325088792695449
8321,78.41554293825408,0.3349766731262207,78.41250277523663,0.3325091758437375
8322,78.41554293825408,0.3334920406341553,78.41250314055303,0.33250929394813433
8323,78.41554293825408,0.3358118534088135,78.41250350578164,0.3325096907473006
8324,78.41554293825408,0.3189613819122314,78.41250387092249,0.33250806312730596
8325,78.41554293825408,0.335054874420166,78.41250423597563,0.3325083690505844
8326,78.41554293825408,0.3320679664611816,78.41250460094108,0.3325083161557262
8327,78.41554293825408,0.3372421264648437,78.41250496581887,0.33250888464501516
8328,78.41554293825408,0.335284948348999,78.41250533060904,0.33250921798599786
8329,78.41554293825408,0.3255257606506347,78.4125056953116,0.33250837953512313
8330,78.41554293825408,0.334937572479248,78.4125060599266,0.3325086711549244
8331,78.41554293825408,0.3315200805664062,78.41250642445407,0.3325085524908278
8332,78.41554293825408,0.3335397243499756,78.41250678889404,0.3325086762512526
8333,78.41554293825408,0.3344361782073974,78.41250715324654,0.3325089075607397
8334,78.41554293825408,0.3337674140930176,78.4125075175116,0.33250905856944285
8335,78.41554293825408,0.3341658115386963,78.41250788168925,0.33250925734004505
8336,78.41554293825408,0.3322947025299072,78.41250824577953,0.3325092316017041
8337,78.41554293825408,0.3340420722961426,78.41250860978248,0.33250941546168905
8338,78.41554293825408,0.332679271697998,78.41250897369811,0.33250943583302944
8339,78.41554293825408,0.3343195915222168,78.41250933752646,0.33250965290410384
8340,78.41554293825408,0.3318948745727539,78.41250970126755,0.3325095791896756
8341,78.41554293825408,0.3329756259918213,78.41251006492143,0.3325096350638876
8342,78.41554293825408,0.332700252532959,78.41251042848812,0.33250965791421955
8343,78.41554293825408,0.3361916542053222,78.41251079196766,0.33251009924183444
8344,78.41554293825408,0.3312768936157226,78.41251115536008,0.33250995144633755
8345,78.41554293825408,0.335977554321289,78.4125115186654,0.3325103669769397
8346,78.41554293825408,0.3321104049682617,78.41251188188366,0.332510319054341
8347,78.41554293825408,0.3328566551208496,78.4125122450149,0.33251036054662164
8348,78.41554293825408,0.3342649936676025,78.41251260805913,0.3325105707326687
8349,78.41554293825408,0.3327686786651611,78.4125129710164,0.33251060164750074
8350,78.41554293825408,0.3347096443176269,78.41251333388672,0.3325108650059043
8351,78.41554293825408,0.3321232795715332,78.41251369667016,0.33251081859404535
8352,78.41554293825408,0.3356678485870361,78.41251405936671,0.3325111965909315
8353,78.41554293825408,0.3340914249420166,78.41251442197643,0.3325113857718666
8354,78.41554293825408,0.3280496597290039,78.41251478449932,0.3325108516892663
8355,78.41554293825408,0.3329620361328125,78.41251514693543,0.33251090569099506
8356,78.41554293825408,0.3317396640777588,78.4125155092848,0.33251081339305183
8357,78.41554293825408,0.3343830108642578,78.41251587154746,0.3325110374205104
8358,78.41554293825408,0.3329315185546875,78.41251623372342,0.3325110877293324
8359,78.41554293825408,0.3338751792907715,78.41251659581275,0.3325112509176996
8360,78.41554293825408,0.3357462882995605,78.41251695781543,0.3325116378838936
8361,78.41554293825408,0.3348903656005859,78.41251731973152,0.3325119223866704
8362,78.41554293825408,0.3231105804443359,78.41251768156106,0.3325107980932068
8363,78.41554293825408,0.333878755569458,78.41251804330406,0.3325109616657856
8364,78.41554293825408,0.3350508213043213,78.41251840496057,0.3325112653314526
8365,78.41554293825408,0.3340590000152588,78.4125187665306,0.33251145035651936
8366,78.41554293825408,0.3350839614868164,78.41251912801418,0.3325117578524709
8367,78.41554293825408,0.3356685638427734,78.41251948941137,0.33251213514492817
8368,78.41554293825408,0.3333065509796142,78.41251985072218,0.3325122300798989
8369,78.41554293825408,0.3362088203430176,78.41252021194666,0.33251267178025296
8370,78.41554293825408,0.335742712020874,78.4125205730848,0.3325130576870917
8371,78.41554293825408,0.3336565494537353,78.41252093413667,0.3325131942886646
8372,78.41554293825408,0.3134620189666748,78.4125212951023,0.332510918706328
8373,78.41554293825408,0.3334805965423584,78.41252165598168,0.33251103451641234
8374,78.41554293825408,0.32448410987854,78.41252201677489,0.3325100759631955
8375,78.41554293825408,0.3328027725219726,78.41252237748193,0.3325101109120383
8376,78.41554293825408,0.331622838973999,78.41252273810285,0.33251000498176875
8377,78.41554293825408,0.3340497016906738,78.41252309863766,0.33251018878225924
8378,78.41554293825408,0.3353223800659179,78.41252345908642,0.33251052444605533
8379,78.41554293825408,0.3175654411315918,78.41252381944913,0.33250874081038106
8380,78.41554293825408,0.3336226940155029,78.41252417972585,0.3325088737403578
8381,78.41554293825408,0.3325879573822021,78.41252453991659,0.3325088831764206
8382,78.41554293825408,0.3324105739593506,78.41252490002138,0.3325088714478096
8383,78.41554293825408,0.3284721374511719,78.41252526004025,0.33250838990969717
8384,78.41554293825408,0.3345506191253662,78.41252561997325,0.33250863349619714
8385,78.41554293825408,0.3331050872802734,78.4125259798204,0.33250870462962395
8386,78.41554293825408,0.3318166732788086,78.41252633958172,0.3325086221074023
8387,78.41554293825408,0.3327615261077881,78.41252669925726,0.33250865226168874
8388,78.2514194464159,0.3241360187530517,78.412507492384,0.3325076540936501
8389,78.41554293825408,0.3326115608215332,78.41250785422044,0.33250766647971847
8390,78.41554293825408,0.3326983451843261,78.41250821597063,0.3325076892066201
8391,78.41554293825408,0.3316707611083984,78.4125085776346,0.33250758946545717
8392,78.41554293825408,0.3171641826629638,78.41250893921236,0.33250576112813557
8393,78.41554293825408,0.3353374004364013,78.41250930070397,0.33250609850920415
8394,78.41554293825408,0.3317744731903076,78.41250966210944,0.3325060113486944
8395,78.41554293825408,0.3193774223327636,78.41251002342882,0.3325044474905626
8396,78.41554293825408,0.3349027633666992,78.41251038466213,0.33250473314038115
8397,78.41554293825408,0.3355429172515869,78.4125107458094,0.3325050949581864
8398,78.41554293825408,0.3365769386291504,78.41251110687067,0.3325055798169232
8399,78.41554293825408,0.3310813903808594,78.41251146784595,0.3325054102503752
8400,78.41554293825408,0.3333899974822998,78.41251182873528,0.33250551555837904
8401,78.41554293825408,0.3277039527893066,78.4125121895387,0.3325049440118049
8402,78.41554293825408,0.3347430229187011,78.41251255025624,0.3325052103863475
8403,78.41554293825408,0.3318381309509277,78.41251291088793,0.3325051310004811
8404,78.41554293825408,0.3357892036437988,78.41251327143378,0.3325055217754268
8405,78.41554293825408,0.3326270580291748,78.41251363189384,0.3325055362354213
8406,78.41554293825408,0.3324618339538574,78.41251399226815,0.3325055310364822
8407,78.41554293825408,0.3281552791595459,78.41251435255671,0.3325050135805673
8408,78.41554293825408,0.3347930908203125,78.41251471275959,0.33250528571154253
8409,78.41554293825408,0.3332793712615967,78.41251507287679,0.33250537776595446
8410,78.41554293825408,0.3334095478057861,78.41251543290835,0.33250548527725526
8411,78.41554293825408,0.3351209163665771,78.4125157928543,0.33250579623089804
8412,78.41554293825408,0.3337969779968261,78.41251615271466,0.33250594972373754
8413,78.41554293825408,0.3284716606140136,78.41251651248949,0.33250547019335486
8414,78.41554293825408,0.3333816528320312,78.41251687217878,0.33250557432725536
8415,78.41554293825408,0.3317275047302246,78.4125172317826,0.3325054818650335
8416,78.41554293825408,0.3348183631896972,78.41251759130095,0.3325057566845825
8417,78.41554293825408,0.335472822189331,78.41251795073389,0.33250610919325596
8418,78.41554293825408,0.3334946632385254,78.41251831008142,0.33250622662661844
8419,78.41554293825408,0.3132452964782715,78.4125186693436,0.33250393883351376
8420,78.41554293825408,0.3314919471740722,78.41251902852042,0.3325038186444806
8421,78.41554293825408,0.3311700820922851,78.41251938761195,0.3325036602622751
8422,78.41554293825408,0.3328382968902588,78.4125197466182,0.3325036999959047
8423,78.41554293825408,0.3321189880371094,78.41252010553922,0.33250365432192164
8424,78.41554293825408,0.3335044384002685,78.412520464375,0.3325037731234504
8425,78.41554293825408,0.3351743221282959,78.41252082312563,0.3325040901025608
8426,78.41554293825408,0.3353710174560547,78.41252118179108,0.3325044303502885
8427,78.41554293825408,0.3177859783172607,78.41252154037142,0.3325026837676336
8428,78.41554293825408,0.3148877620697021,78.41252189886666,0.33250059371997126
8429,78.41554293825408,0.3318347930908203,78.41252225727685,0.3325005147306927
8430,78.41554293825408,0.3138165473937988,78.41252261560199,0.33249829836446054
8431,78.41554293825408,0.3290305137634277,78.41252297384214,0.33249788705090333
8432,78.41554293825408,0.3332834243774414,78.41252333199732,0.33249798021235094
8433,78.41554293825408,0.3302502632141113,78.41252369006754,0.3324977136741085
8434,78.41554293825408,0.3312373161315918,78.41252404805287,0.3324975642316681
8435,78.41554293825408,0.3323097229003906,78.41252440595332,0.3324975419623935
8436,78.41554293825408,0.333888292312622,78.4125247637689,0.3324977068213729
8437,78.41554293825408,0.3342933654785156,78.41252512149967,0.33249791965278896
8438,78.41554293825408,0.3377885818481445,78.41252547914566,0.3324985466570785
8439,78.41554293825408,0.307854413986206,78.41252583670688,0.33249562639014274
8440,78.41554293825408,0.3226916790008545,78.41252619418337,0.33249446478500183
8441,78.41554293825408,0.3345396518707275,78.41252655157516,0.33249470707703904
8442,78.41554293825408,0.3366231918334961,78.41252690888227,0.3324951961181142
8443,78.41554293825408,0.3354673385620117,78.41252726610476,0.33249554814256566
8444,78.41554293825408,0.3326947689056396,78.41252762324262,0.3324955717357399
8445,78.41554293825408,0.3333592414855957,78.41252798029592,0.3324956740056925
8446,78.41554293825408,0.3163092136383056,78.41252833726466,0.33249375754105037
8447,78.41554293825408,0.3260471820831299,78.41252869414888,0.33249299436176094
8448,78.41554293825408,0.3247909545898437,78.4125290509486,0.33249208266197733
8449,78.41554293825408,0.3328852653503418,78.41252940766388,0.3324921291979802
8450,78.41554293825408,0.3339517116546631,78.41252976429472,0.33249230192963186
8451,78.41554293825408,0.3360025882720947,78.41253012084117,0.33249271729897784
8452,78.41554293825408,0.3322653770446777,78.41253047730324,0.3324926904011721
8453,78.41554293825408,0.3351385593414306,78.41253083368098,0.3324930034106291
8454,78.41554293825408,0.3313386440277099,78.4125311899744,0.3324928668646884
8455,78.41554293825408,0.3348646163940429,78.41253154618354,0.33249314737912117
8456,78.41554293825408,0.334660530090332,78.41253190230843,0.33249340369211916
8457,78.41554293825408,0.3313708305358886,78.4125322583491,0.3324932709531862
8458,78.41554293825408,0.3322269916534424,78.41253261430559,0.33249323947064896
8459,78.41554293825408,0.3345987796783447,78.4125329701779,0.33249348838189235
8460,78.41554293825408,0.3310399055480957,78.4125333259661,0.3324933165635905
8461,78.41554293825408,0.3322775363922119,78.4125336816702,0.3324932910606746
8462,78.41554293825408,0.33211350440979,78.41253403729021,0.33249324617924575
8463,78.41554293825408,0.3298141956329345,78.41253439282619,0.3324929296188598
8464,78.41554293825408,0.3355650901794433,78.41253474827816,0.3324932925867899
8465,78.41554293825408,0.3375964164733886,78.41253510364615,0.33249389543662883
8466,78.41554293825408,0.3316595554351806,78.41253545893018,0.3324937968847742
8467,78.41554293825408,0.3325788974761963,78.4125358141303,0.33249380693562947
8468,78.41554293825408,0.3341443538665771,78.41253616924651,0.33249400185142197
8469,78.41554293825408,0.3151862621307373,78.41253652427886,0.33249195819340793
8470,78.41554293825408,0.3325579166412353,78.41253687922739,0.33249196598070996
8471,78.41554293825408,0.3152539730072021,78.41253723409211,0.3324899310387936
8472,78.41554293825408,0.335129976272583,78.41253758887306,0.3324902426588637
8473,78.41554293825408,0.3331642150878906,78.41253794357027,0.3324903222024054
8474,78.41554293825408,0.3356459140777588,78.41253829818376,0.33249069458756886
8475,78.41554293825408,0.3323140144348144,78.41253865271356,0.3324906737403532
8476,78.41554293825408,0.3310303688049316,78.41253900715971,0.33249050145331505
8477,78.41554293825408,0.3339185714721679,78.41253936152224,0.33249066991739656
8478,78.41554293825408,0.3342232704162597,78.41253971580116,0.3324908742816922
8479,78.41554293825408,0.3220977783203125,78.41254006999652,0.33248964853620794
8480,78.41554293825408,0.3371033668518066,78.41254042410836,0.33249019260676405
8481,78.41554293825408,0.3319973945617676,78.41254077813667,0.33249013450063913
8482,78.41554293825408,0.3344261646270752,78.41254113208151,0.33249036275224564
8483,78.41554293825408,0.3341262340545654,78.41254148594291,0.33249055559337526
8484,78.41554293825408,0.3320930004119873,78.41254183972089,0.3324905087339715
8485,78.41554293825408,0.3349795341491699,78.41254219341546,0.3324908020781572
8486,78.41554293825408,0.3325459957122803,78.41254254702669,0.3324908085822385
8487,78.41554293825408,0.3351993560791015,78.41254290055458,0.3324911277229828
8488,78.41554293825408,0.3313181400299072,78.41254325399919,0.33249098952933376
8489,78.41554293825408,0.3293144702911377,78.4125436073605,0.3324906153369391
8490,78.41554293825408,0.3322017192840576,78.41254396063859,0.33249058130913545
8491,78.41554293825408,0.3310425281524658,78.41254431383346,0.332490410769369
8492,78.41554293825408,0.3327076435089111,78.41254466694515,0.332490436350238
8493,78.41554293825408,0.3351249694824219,78.41254501997368,0.33249074655077165
8494,78.41554293825408,0.3359866142272949,78.4125453729191,0.3324911581198412
8495,78.41554293825408,0.3334133625030517,78.41254572578141,0.33249126667833245
8496,78.41554293825408,0.3315017223358154,78.41254607856065,0.3324911502065407
8497,78.41554293825408,0.3345141410827636,78.41254643125687,0.3324913882894966
8498,78.41554293825408,0.3357119560241699,78.41254678387007,0.33249176726899
8499,78.41554293825408,0.3326425552368164,78.4125471364003,0.33249178501083815
8500,78.41554293825408,0.3360412120819092,78.41254748884758,0.3324922025904936
8501,78.41554293825408,0.3351776599884033,78.41254784121195,0.33249251848949346
8502,78.41554293825408,0.3335678577423095,78.41254819349342,0.3324926449702336
8503,78.41554293825408,0.3339450359344482,78.41254854569203,0.3324928157794732
8504,78.41554293825408,0.3337674140930176,78.41254889780781,0.3324929656616832
8505,78.41554293825408,0.335315465927124,78.41254924984078,0.332493297525324
8506,78.41554293825408,0.334352970123291,78.41254960179099,0.33249351615600803
8507,78.41554293825408,0.336022138595581,78.41254995365846,0.33249393094646756
8508,78.41554293825408,0.3341255187988281,78.41255030544319,0.33249412271748924
8509,78.41554293825408,0.3369240760803222,78.41255065714526,0.33249464333722867
8510,78.41554293825408,0.3313977718353271,78.41255100876467,0.3324945144451603
8511,78.41554293825408,0.3342366218566894,78.41255136030144,0.3324947191340819
8512,78.41554293825408,0.3353967666625976,78.41255171175563,0.3324950600701167
8513,78.41554293825408,0.3367161750793457,78.41255206312724,0.33249555591353375
8514,78.41554293825408,0.3336527347564697,78.4125524144163,0.3324956918283614
8515,78.41554293825408,0.3333325386047363,78.41255276562286,0.3324957901074896
8516,78.41554293825408,0.3305637836456299,78.41255311674693,0.33249556323965707
8517,78.41554293825408,0.3328526020050049,78.41255346778857,0.3324956051603763
8518,78.41554293825408,0.3359272480010986,78.41255381874777,0.3324960080299279
8519,78.41554293825408,0.3330903053283691,78.41255416962458,0.3324960777913199
8520,78.41554293825408,0.3355433940887451,78.41255452041902,0.332496435457552
8521,78.41554293825408,0.3334357738494873,78.41255487113114,0.3324965456955982
8522,78.41554293825408,0.3337488174438476,78.41255522176093,0.33249669264135606
8523,78.41554293825408,0.3307323455810547,78.41255557230845,0.3324964856312586
8524,78.41554293825408,0.3338208198547363,78.41255592277372,0.3324966409966063
8525,78.41554293825408,0.3310964107513428,78.41255627315677,0.33249647674672417
8526,78.41554293825408,0.3324322700500488,78.41255662345763,0.3324964692160302
8527,78.41554293825408,0.3328959941864013,78.41255697367633,0.3324965160701372
8528,78.41554293825408,0.3334095478057861,78.41255732381289,0.33249662313295797
8529,78.41554293825408,0.3338782787322998,78.41255767386734,0.33249678512798664
8530,78.41554293825408,0.321967601776123,78.41255802383972,0.33249555075713644
8531,78.41554293825408,0.337778091430664,78.41255837373006,0.3324961699741888
8532,78.41554293825408,0.3351597785949707,78.41255872353838,0.3324964821646038
8533,78.41554293825408,0.332047700881958,78.4125590732647,0.3324964295709928
8534,78.41554293825408,0.3330037593841553,78.41255942290907,0.3324964890190609
8535,78.41554293825408,0.3322713375091553,78.41255977247151,0.33249646263927063
8536,78.41554293825408,0.3370218276977539,78.41256012195204,0.33249699278981637
8537,78.41554293825408,0.3389539718627929,78.41256047135069,0.3324977491420564
8538,78.41554293825408,0.3377845287322998,78.41256082066751,0.3324983683479114
8539,78.41554293825408,0.3325591087341308,78.41256116990249,0.33249837546120176
8540,78.41554293825408,0.3355374336242676,78.4125615190557,0.3324987313228134
8541,78.41554293825408,0.3340764045715332,78.41256186812714,0.33249891604043996
8542,78.41554293825408,0.3327178955078125,78.41256221711686,0.3324989416760601
8543,78.41554293825408,0.3339364528656006,78.41256256602487,0.33249910994378684
8544,78.41554293825408,0.3343484401702881,78.41256291485122,0.332499326391613
8545,78.41554293825408,0.3343257904052734,78.41256326359591,0.33249954013813304
8546,78.41554293825408,0.3310210704803467,78.41256361225899,0.3324993671367689
8547,78.41554293825408,0.325019359588623,78.41256396084049,0.3324984919750106
8548,78.41554293825408,0.3178975582122803,78.41256430934042,0.33249678386390125
8549,78.41554293825408,0.3155488967895508,78.41256465775882,0.3324948014230223
8550,78.41554293825408,0.3214914798736572,78.41256500609573,0.3324935144848294
8551,78.41554293825408,0.3337352275848388,78.41256535435116,0.33249365969744776
8552,78.41554293825408,0.3328127861022949,78.41256570252514,0.3324936970134446
8553,78.41554293825408,0.3332915306091308,78.41256605061771,0.3324937902945852
8554,78.41554293825408,0.3343949317932129,78.4125663986289,0.33249401254633865
8555,78.41554293825408,0.3333325386047363,78.41256674655872,0.3324941105622426
8556,78.41554293825408,0.3357505798339844,78.41256709440722,0.33249449116874935
8557,78.41554293825408,0.3338735103607178,78.41256744217442,0.33249465232560244
8558,78.41554293825408,0.3325893878936767,78.41256778986033,0.3324946633954281
8559,78.41554293825408,0.335221529006958,78.41256813746502,0.33249498199171407
8560,78.41554293825408,0.3358922004699707,78.41256848498847,0.3324953788630316
8561,78.41554293825408,0.3327302932739258,78.41256883243074,0.3324954063030983
8562,78.41554293825408,0.335465669631958,78.41256917979186,0.3324957532154236
8563,78.41554293825408,0.3334474563598633,78.41256952707184,0.33249586435674605
8564,78.41554293825408,0.3358876705169678,78.41256987427072,0.3324962604107115
8565,78.41554293825408,0.3326058387756347,78.41257022138852,0.3324962732044494
8566,78.41554293825408,0.3345043659210205,78.41257056842528,0.3324965076304028
8567,78.41554293825408,0.334705114364624,78.41257091538102,0.33249676543438716
8568,78.41554293825408,0.3310027122497558,78.41257126225578,0.3324965910584319
8569,78.41554293825408,0.3331074714660644,78.41257160904958,0.3324966623480115
8570,78.41554293825408,0.336162805557251,78.41257195576244,0.33249709013601725
8571,78.41554293825408,0.3353133201599121,78.4125723023944,0.3324974187126155
8572,78.41554293825408,0.3300719261169433,78.41257264894548,0.332497135757343
8573,78.41554293825408,0.3141195774078369,78.41257299541572,0.33249499210187244
8574,78.41554293825408,0.3354198932647705,78.41257334180514,0.3324953332380006
8575,78.41554293825408,0.3331489562988281,78.41257368811377,0.33249540946226425
8576,78.41554293825408,0.3346626758575439,78.41257403434163,0.33249566217523013
8577,78.41554293825408,0.3346540927886963,78.41257438048876,0.33249591382856036
8578,78.41554293825408,0.3326344490051269,78.41257472655518,0.33249592997861593
8579,78.41554293825408,0.3211841583251953,78.41257507254093,0.3324946114366351
8580,78.41554293825408,0.3346478939056396,78.41257541844602,0.33249486240195786
8581,78.41554293825408,0.3327734470367431,78.4125757642705,0.33249489486724565
8582,78.41554293825408,0.3335916996002197,78.41257611001438,0.3324950226701742
8583,78.41554293825408,0.3327507972717285,78.41257645567771,0.3324950524703142
8584,78.41554293825408,0.3307244777679443,78.41257680126049,0.3324948462057869
8585,78.41554293825408,0.3338649272918701,78.41257714676276,0.33249500579589597
8586,78.41554293825408,0.3342235088348388,78.41257749218455,0.33249520711234587
8587,78.41554293825408,0.3341517448425293,78.4125778375259,0.33249540002462374
8588,78.41554293825408,0.3319613933563232,78.41257818278682,0.33249533784406154
8589,78.41554293825408,0.3350911140441894,78.41257852796734,0.33249564006506516
8590,78.41554293825408,0.3352763652801513,78.41257887306749,0.33249596378162105
8591,78.41554293825408,0.3195469379425049,78.4125792180873,0.3324944565035581
8592,78.41554293825408,0.3337552547454834,78.41257956302681,0.332494603244508
8593,78.41554293825408,0.3323559761047363,78.41257990788603,0.33249458711194196
8594,78.41554293825408,0.3222939968109131,78.41258025266498,0.3324934001686908
8595,78.41554293825408,0.3301470279693603,78.41258059736371,0.33249312717599744
8596,78.41554293825408,0.3285844326019287,78.41258094198226,0.3324926724651349
8597,78.2514194464159,0.3274598121643066,78.41256219573408,0.3324920870446044
8598,78.41554293825408,0.3345720767974853,78.41256254241267,0.3324923289601374
8599,78.41554293825408,0.3348238468170166,78.41256288901063,0.33249260009839265
8600,78.41554293825408,0.3344063758850097,78.41256323552798,0.33249282263046087
8601,78.41554293825408,0.3348498344421386,78.41256358196476,0.33249309666973675
8602,78.41554293825408,0.331639289855957,78.412563928321,0.3324929974129576
8603,78.41554293825408,0.3331453800201416,78.41256427459672,0.3324930732449473
8604,78.41554293825408,0.3331694602966308,78.41256462079194,0.33249315185804024
8605,78.41554293825408,0.3240265846252441,78.4125649669067,0.33249216794552044
8606,78.41554293825408,0.3338842391967773,78.41256531294101,0.3324923297014177
8607,78.41554293825408,0.3307158946990967,78.41256565889493,0.3324921233072034
8608,78.41554293825408,0.3330893516540527,78.41256600476846,0.3324921926878199
8609,78.41554293825408,0.3331785202026367,78.41256635056165,0.33249227240991475
8610,78.28246983676365,0.332932710647583,78.41255124062972,0.3324923235641816
8611,78.41554293825408,0.3338820934295654,78.41255158805717,0.33249248495889366
8612,78.41554293825408,0.3301968574523926,78.41255193540391,0.33249221839740895
8613,78.41554293825408,0.3340044021606445,78.41255228267,0.3324923939673338
8614,78.41554293825408,0.3310334682464599,78.41255262985548,0.3324922246005216
8615,78.41554293825408,0.3319177627563476,78.41255297696034,0.3324921579189378
8616,78.41554293825408,0.3325874805450439,78.41255332398464,0.33249216898238093
8617,78.41554293825408,0.332679271697998,78.41255367092839,0.3324921906955892
8618,78.41554293825408,0.331871747970581,78.41255401779162,0.33249211870177103
8619,78.41554293825408,0.3340272903442383,78.41255436457438,0.3324922968165921
8620,78.41554293825408,0.3351974487304687,78.41255471127666,0.3324926106393199
8621,78.41554293825408,0.3320915699005127,78.41255505789852,0.3324925641202689
8622,78.41554293825408,0.3358359336853027,78.41255540443996,0.3324929518921971
8623,78.41554293825408,0.3332991600036621,78.41255575090103,0.33249304538728136
8624,78.41554293825408,0.3316061496734619,78.41255609728177,0.33249294254686923
8625,78.41554293825408,0.3143148422241211,78.41255644358216,0.3324908349410347
8626,78.41554293825408,0.331660509109497,78.41255678980228,0.33249073868253354
8627,78.41554293825408,0.3155982494354248,78.41255713594212,0.3324887805871067
8628,78.41554293825408,0.3357291221618652,78.41255748200174,0.33248915614825353
8629,78.41554293825408,0.3319227695465088,78.41255782798115,0.3324890905106823
8630,78.41554293825408,0.33111572265625,78.41255817388037,0.3324889313718811
8631,78.41554293825408,0.3357100486755371,78.41255851969945,0.33248930457513726
8632,78.41554293825408,0.330477237701416,78.41255886543838,0.33248907148119916
8633,78.41554293825408,0.331949234008789,78.41255921109723,0.33248900894934785
8634,78.41554293825408,0.3357384204864502,78.41255955667602,0.3324893853000007
8635,78.41554293825408,0.3380107879638672,78.41255990217475,0.3324900247212704
8636,78.41554293825408,0.3372702598571777,78.41256024759348,0.33249057824548717
8637,78.41554293825408,0.3380541801452636,78.41256059293222,0.3324912224045586
8638,78.41554293825408,0.3280622959136963,78.41256093819099,0.3324907096786393
8639,78.41554293825408,0.334824800491333,78.41256128336985,0.3324909798593098
8640,78.41554293825408,0.3353374004364013,78.4125616284688,0.3324913093061359
8641,78.41554293825408,0.3375952243804931,78.41256197348787,0.33249189996868356
8642,78.41554293825408,0.3358092308044433,78.41256231842709,0.33249228383015494
8643,78.41554293825408,0.3371365070343017,78.41256266328651,0.33249282116941264
8644,78.41554293825408,0.3355755805969238,78.41256300806612,0.33249317780516313
8645,78.41554293825408,0.3362693786621094,78.41256335276597,0.3324936146126654
8646,78.41554293825408,0.3343029022216797,78.41256369738609,0.332493823875632
8647,78.41554293825408,0.3358786106109619,78.41256404192649,0.3324942153162166
8648,78.41554293825408,0.3337759971618652,78.41256438638722,0.3324943635333588
8649,78.41554293825408,0.3359227180480957,78.4125647307683,0.33249475992074634
8650,78.41554293825408,0.336998701095581,78.41256507506974,0.3324952806075873
8651,78.41554293825408,0.3253555297851562,78.41256541929158,0.3324944552982795
8652,78.41554293825408,0.3379123210906982,78.41256576343386,0.33249508149636
8653,78.41554293825408,0.3329646587371826,78.4125661074966,0.33249513576392503
8654,78.41554293825408,0.3339776992797851,78.41256645147982,0.33249530707933017
8655,78.41554293825408,0.3333485126495361,78.41256679538355,0.3324954056588299
8656,78.41554293825408,0.3397061824798584,78.41256713920782,0.33249623869681755
8657,78.41554293825408,0.334122896194458,78.41256748295267,0.332496426597649
8658,78.41554293825408,0.3347842693328857,78.4125678266181,0.33249669084374917
8659,78.41554293825408,0.3330056667327881,78.41256817020415,0.332496749623734
8660,78.41554293825408,0.3360960483551025,78.41256851371085,0.3324971652471441
8661,78.41554293825408,0.3353917598724365,78.41256885713824,0.3324974994573537
8662,78.41554293825408,0.3378582000732422,78.41256920048633,0.33249811833297316
8663,78.41554293825408,0.3353416919708252,78.41256954375515,0.33249844657649597
8664,78.41554293825408,0.3356542587280273,78.41256988694474,0.33249881082074245
8665,78.41554293825408,0.3195061683654785,78.4125702300551,0.3324973113813362
8666,78.41554293825408,0.3382589817047119,78.41257057308628,0.3324979762405934
8667,78.41554293825408,0.3352642059326172,78.4125709160383,0.3324982954086668
8668,78.41554293825408,0.3364074230194092,78.4125712589112,0.33249874639247057
8669,78.41554293825408,0.3254907131195068,78.41257160170498,0.33249793799089333
8670,78.41554293825408,0.3146946430206299,78.41257194441971,0.3324958845543339
8671,78.41554293825408,0.3217380046844482,78.41257228705537,0.3324946438808395
8672,78.41554293825408,0.336395263671875,78.41257262961201,0.3324950936755571
8673,78.41554293825408,0.3336296081542969,78.41257297208966,0.332495224485482
8674,78.41554293825408,0.3321261405944824,78.41257331448836,0.33249518193488353
8675,78.41554293825408,0.3377468585968017,78.41257365680809,0.3324957873154786
8676,78.41554293825408,0.3184108734130859,78.41257399904893,0.33249416388141884
8677,78.41554293825408,0.3357305526733398,78.41257434121088,0.33249453686618224
8678,78.41554293825408,0.3260228633880615,78.41257468329397,0.3324937911098469
8679,78.41554293825408,0.337958812713623,78.41257502529824,0.33249442079317487
8680,78.41554293825408,0.336719274520874,78.4125753672237,0.3324949075274753
8681,78.41554293825408,0.3238945007324219,78.41257570907038,0.33249391681133716
8682,78.41554293825408,0.3379671573638916,78.41257605083831,0.3324945472237482
8683,78.41554293825408,0.3381714820861816,78.41257639252753,0.33249520102253466
8684,78.41554293825408,0.3356039524078369,78.41257673413804,0.3324955590086453
8685,78.41554293825408,0.3255178928375244,78.4125770756699,0.3324947555928513
8686,78.41554293825408,0.3347721099853515,78.4125774171231,0.33249501777963375
8687,78.41554293825408,0.3186941146850586,78.4125777584977,0.3324934290950367
8688,78.41554293825408,0.3277587890625,78.41257809979372,0.3324928841318654
8689,78.41554293825408,0.3208887577056885,78.41257844101118,0.33249154863567176
8690,78.41554293825408,0.3291008472442627,78.4125787821501,0.332491158451392
8691,78.41554293825408,0.3305613994598388,78.41257912321053,0.332490936410316
8692,78.41554293825408,0.3154523372650146,78.41257946419248,0.33248897614810413
8693,78.41554293825408,0.3363053798675537,78.41257980509597,0.3324894151684331
8694,78.41554293825408,0.3330333232879638,78.41258014592104,0.3324894777297535
8695,78.41554293825408,0.333683967590332,78.41258048666772,0.3324896151063907
8696,78.41554293825408,0.336545467376709,78.41258082733603,0.3324900815107456
8697,78.41554293825408,0.3369271755218506,78.41258116792599,0.33249059169747797
8698,78.41554293825408,0.3373444080352783,78.41258150843765,0.3324911497356865
8699,78.41554293825408,0.3262484073638916,78.41258184887101,0.3324904320966048
8700,78.41554293825408,0.3300724029541015,78.41258218922613,0.33249015416222055
8701,78.41554293825408,0.3239126205444336,78.412582529503,0.3324891683521277
8702,78.41554293825408,0.3368487358093261,78.41258286970165,0.33248966933666657
8703,78.41554293825408,0.3341398239135742,78.41258320982215,0.33248985894422456
8704,78.41554293825408,0.3367893695831299,78.41258354986448,0.3324903529137373
8705,78.41554293825408,0.3358566761016845,78.41258388982868,0.3324907396251891
8706,78.41554293825408,0.3311858177185058,78.41258422971478,0.33249058973753615
8707,78.41554293825408,0.333845853805542,78.41258456952282,0.3324907453897778
8708,78.41554293825408,0.3346476554870605,78.41258490925281,0.332490993082715
8709,78.41554293825408,0.3404417037963867,78.41258524890479,0.3324919060130989
8710,78.41554293825408,0.3361454010009765,78.41258558847876,0.33249232547291385
8711,78.41554293825408,0.3303179740905761,78.41258592797479,0.3324920758630663
8712,78.41554293825408,0.3388292789459228,78.41258626739287,0.3324928032738884
8713,78.41554293825408,0.336078405380249,78.41258660673303,0.3324932147971418
8714,78.41554293825408,0.336036205291748,78.41258694599532,0.3324936213831522
8715,78.41554293825408,0.3362390995025635,78.41258728517974,0.33249405115688935
8716,78.41554293825408,0.334939956665039,78.41258762428635,0.3324943317793662
8717,78.41554293825408,0.3354880809783935,78.41258796331513,0.33249467521738374
8718,78.41554293825408,0.3362829685211181,78.41258830226616,0.33249510975435365
8719,78.41554293825408,0.3354208469390869,78.41258864113942,0.3324954453131545
8720,78.41554293825408,0.3368422985076904,78.41258897993497,0.33249594380549335
8721,78.41554293825408,0.3390922546386719,78.4125893186528,0.3324967001764179
8722,78.41554293825408,0.3374178409576416,78.41258965729298,0.3324972643980163
8723,78.41554293825408,0.3351175785064697,78.41258999585553,0.33249756478940784
8724,78.41554293825408,0.3375203609466553,78.41259033434044,0.3324981405340384
8725,78.41554293825408,0.3363897800445556,78.41259067274777,0.33249858656722014
8726,78.41554293825408,0.3361461162567138,78.41259101107754,0.33249900457428977
8727,78.41554293825408,0.3175480365753174,78.41259134932976,0.33249729138900286
8728,78.41554293825408,0.3362483978271484,78.41259168750449,0.33249772116746734
8729,78.41554293825408,0.3373768329620361,78.41259202560173,0.3324982801217341
8730,78.41554293825408,0.3363010883331299,78.4125923636215,0.33249871572404927
8731,78.41554293825408,0.3278913497924804,78.41259270156385,0.3324981880220757
8732,78.41554293825408,0.3077788352966308,78.4125930394288,0.3324953571296426
8733,78.41554293825408,0.3258578777313232,78.41259337721637,0.33249459708390827
8734,78.41554293825408,0.338937759399414,78.41259371492659,0.33249533479427185
8735,78.41554293825408,0.3400490283966064,78.41259405255948,0.3324961995559893
8736,78.41554293825408,0.3370347023010254,78.41259439011509,0.33249671907324496
8737,78.41554293825408,0.3327202796936035,78.41259472759342,0.3324967446610463
8738,78.41554293825408,0.3390951156616211,78.4125950649945,0.33249749979620313
8739,78.41554293825408,0.3356122970581054,78.41259540231837,0.3324978562211101
8740,78.41554293825408,0.3347954750061035,78.41259573956505,0.3324981191065546
8741,78.41554293825408,0.3340184688568115,78.41259607673456,0.33249829303971445
8742,78.41554293825408,0.3362336158752441,78.41259641382693,0.3324987203244131
8743,78.41554293825408,0.3345520496368408,78.4125967508422,0.33249895517850353
8744,78.41554293825408,0.3189742565155029,78.41259708778038,0.33249740843803427
8745,78.41554293825408,0.336106538772583,78.4125974246415,0.3324978211459056
8746,78.41554293825408,0.3374891281127929,78.41259776142559,0.3324983918418771
8747,78.41554293825408,0.3384084701538086,78.41259809813268,0.33249906751105646
8748,78.41554293825408,0.3365905284881592,78.41259843476277,0.3324995352135001
8749,78.41554293825408,0.3338382244110107,78.41259877131593,0.3324996882240382
8750,78.41554293825408,0.3333015441894531,78.41259910779215,0.33249977986471996
8751,78.41554293825408,0.3357703685760498,78.41259944419147,0.33250015360357393
8752,78.41554293825408,0.3167726993560791,78.41259978051393,0.3324983565909771
8753,78.41554293825408,0.3353383541107178,78.41260011675952,0.3324986810508788
8754,78.41554293825408,0.3346445560455322,78.41260045292832,0.33249892618167554
8755,78.41554293825408,0.3375136852264404,78.4126007890203,0.3324994989696875
8756,78.41554293825408,0.3349978923797607,78.41260112503552,0.33249978430470467
8757,78.41554293825408,0.3388915061950683,78.41260146097399,0.3325005142032876
8758,78.41554293825408,0.3353886604309082,78.41260179683576,0.332500843975636
8759,78.41554293825408,0.3370974063873291,78.41260213262083,0.33250136875727904
8760,78.41554293825408,0.3354048728942871,78.41260246832924,0.332501700207523
8761,78.41554293825408,0.3185245990753174,78.41260280396101,0.33250010483015374
8762,78.41554293825408,0.3362014293670654,78.41260313951616,0.3325005272593408
8763,78.41554293825408,0.3366219997406006,78.41260347499474,0.33250099758599616
8764,78.41554293825408,0.3355743885040283,78.41260381039676,0.3325013482695788
8765,78.41554293825408,0.3395450115203857,78.41260414572226,0.33250215188204324
8766,78.41554293825408,0.3348932266235351,78.41260448097123,0.3325024246489542
8767,78.41554293825408,0.3385369777679443,78.41260481614373,0.3325031129748489
8768,78.41554293825408,0.3179659843444824,78.41260515123977,0.3325014549994121
8769,78.41554293825408,0.3366286754608154,78.4126054862594,0.33250192565974523
8770,78.41554293825408,0.3322689533233642,78.41260582120262,0.3325018990950546
8771,78.41554293825408,0.3383164405822754,78.41260615606946,0.33250256202305456
8772,78.41554293825408,0.3354020118713379,78.41260649085994,0.332502892557693
8773,78.41554293825408,0.3398089408874511,78.41260682557412,0.33250372534560246
8774,78.41554293825408,0.3379013538360595,78.41260716021199,0.33250434053006683
8775,78.41554293825408,0.320995569229126,78.4126074947736,0.33250302898917783
8776,78.41554293825408,0.3237576484680176,78.41260782925896,0.3325020324781795
8777,78.41554293825408,0.3358430862426758,78.4126081636681,0.3325024131382871
8778,78.41554293825408,0.3294589519500732,78.41260849800105,0.3325020664236382
8779,78.41554293825408,0.3343813419342041,78.41260883225783,0.3325022804885101
8780,78.41554293825408,0.3348376750946045,78.41260916643847,0.3325025464787842
8781,78.41554293825408,0.3420631885528564,78.41260950054298,0.33250363526617444
8782,78.41554293825408,0.3381061553955078,78.41260983457143,0.33250427322109694
8783,78.41554293825408,0.3322262763977051,78.4126101685238,0.3325042415694035
8784,78.41554293825408,0.3403220176696777,78.41261050240014,0.3325051315712364
8785,78.41554293825408,0.3366641998291015,78.41261083620047,0.3325056049996095
8786,78.41554293825408,0.332965612411499,78.41261116992482,0.3325056573564741
8787,78.41554293825408,0.3159914016723633,78.4126115035732,0.33250377796012903
8788,78.41554293825408,0.3257241249084472,78.41261183714565,0.3325030064930089
8789,78.41554293825408,0.3348026275634765,78.41261217064219,0.3325032681406446
8790,78.41554293825408,0.3338425159454345,78.41261250406286,0.332503420501032
8791,78.41554293825408,0.3373680114746094,78.41261283740766,0.3325039738613975
8792,78.41554293825408,0.3359594345092773,78.41261317067665,0.3325043668846741
8793,78.41554293825408,0.3404252529144287,78.41261350386982,0.3325052677019185
8794,78.41554293825408,0.3370969295501709,78.41261383698722,0.33250578983767565
8795,78.41554293825408,0.3191137313842773,78.41261417002887,0.3325042671476866
8796,78.41554293825408,0.3244726657867431,78.4126145029948,0.33250335405066966
8797,78.41554293825408,0.3389430046081543,78.41261483588502,0.33250408607869714
8798,78.41554293825408,0.3351955413818359,78.41261516869956,0.3325043919954172
8799,78.41554293825408,0.3297019004821777,78.41261550143847,0.3325040734942792
8800,78.41554293825408,0.3352894783020019,78.41261583410174,0.33250439001755283
8801,78.41554293825408,0.3113462924957275,78.41261616668942,0.3325019859614772
8802,78.41554293825408,0.3365321159362793,78.41261649920153,0.33250244382673216
8803,78.41554293825408,0.3380463123321533,78.4126168316381,0.3325030735970952
8804,78.41554293825408,0.3340897560119629,78.41261716399914,0.33250325381999557
8805,78.41554293825408,0.3384175300598144,78.4126174962847,0.332503925515196
8806,78.41554293825408,0.3186814785003662,78.41261782849477,0.332502355852805
8807,78.41554293825408,0.3356280326843261,78.41261816062942,0.3325027107610407
8808,78.41554293825408,0.3376641273498535,78.41261849268865,0.33250329675293316
8809,78.41554293825408,0.3364622592926025,78.41261882467248,0.3325037461754033
8810,78.41554293825408,0.3365888595581054,78.41261915658094,0.3325042098659121
8811,78.41554293825408,0.3383920192718506,78.41261948841408,0.33250487809987034
8812,78.41554293825408,0.3297579288482666,78.4126198201719,0.3325045663716303
8813,78.41554293825408,0.3390662670135498,78.41262015185441,0.3325053109195302
8814,78.41554293825408,0.3202426433563232,78.41262048346168,0.3325039196479664
8815,78.41554293825408,0.3367226123809814,78.41262081499372,0.3325043982291046
8816,78.41554293825408,0.3368887901306152,78.41262114645052,0.33250489555123497
8817,78.41554293825408,0.3236572742462158,78.41262147783216,0.3325038920782504
8818,78.41554293825408,0.3363573551177978,78.41262180913863,0.33250432907791466
8819,78.41554293825408,0.336270809173584,78.41262214036996,0.33250475616489683
8820,78.41554293825408,0.3338127136230469,78.41262247152619,0.33250490445939324
8821,78.41554293825408,0.3225340843200683,78.41262280260733,0.332503774109077
8822,78.41554293825408,0.336169958114624,78.41262313361341,0.3325041896819636
8823,78.41554293825408,0.3158473968505859,78.41262346454447,0.3325023017988364
8824,78.41554293825408,0.3173825740814209,78.4126237954005,0.33250058832108054
8825,78.41554293825408,0.3337521553039551,78.41262412618157,0.33250073014170184
8826,78.41554293825408,0.3362979888916015,78.41262445688768,0.33250116037722754
8827,78.30464868701206,0.3366200923919678,78.41261222444518,0.3325016270059819
8828,78.41554293825408,0.3282952308654785,78.41261255642455,0.3325011505225043
8829,78.41554293825408,0.3274426460266113,78.41261288832871,0.33250057758055207
8830,78.41554293825408,0.3386809825897217,78.4126132201577,0.3325012775131692
8831,78.41554293825408,0.3228039741516113,78.41261355191153,0.3325001794151779
8832,78.41554293825408,0.3373379707336426,78.41261388359025,0.3325007271723471
8833,78.41554293825408,0.3277580738067627,78.41261421519386,0.3325001902479312
8834,78.41554293825408,0.3377251625061035,78.4126145467224,0.33250078170958597
8835,78.41554293825408,0.327714204788208,78.41261487817589,0.3325002399351749
8836,78.41554293825408,0.3356027603149414,78.41261520955435,0.33250059105789787
8837,78.41554293825408,0.3332233428955078,78.41261554085781,0.3325006728449113
8838,78.41554293825408,0.3352248668670654,78.4126158720863,0.33250098108139264
8839,78.41554293825408,0.3280653953552246,78.41261620323985,0.3325004792615345
8840,78.41554293825408,0.3355886936187744,78.41261653431847,0.33250082860705
8841,78.41554293825408,0.334683895111084,78.4126168653222,0.3325010755323417
8842,78.41554293825408,0.3210325241088867,78.41261719625106,0.3324997784783468
8843,78.41554293825408,0.3288583755493164,78.41261752710507,0.3324993666946841
8844,78.41554293825408,0.3255329132080078,78.41261785788427,0.332498578990762
8845,78.41554293825408,0.3361608982086181,78.41261818858867,0.3324989930460721
8846,78.41554293825408,0.3230404853820801,78.41261851921828,0.33249792380487114
8847,78.41554293825408,0.3360490798950195,78.41261884977318,0.33249832520151296
8848,78.41554293825408,0.3362329006195068,78.41261918025334,0.33249874728282147
8849,78.41554293825408,0.3336622714996338,78.41261951065881,0.33249887876934164
8850,78.41554293825408,0.3376967906951904,78.41261984098962,0.33249946610402253
8851,78.41554293825408,0.3261663913726806,78.41262017124578,0.33249875058320777
8852,78.41554293825408,0.3271543979644775,78.41262050142733,0.33249814683799556
8853,78.41554293825408,0.3320596218109131,78.41262083153428,0.3324980973039362
8854,78.41554293825408,0.3332257270812988,78.41262116156666,0.3324981794848463
8855,78.41554293825408,0.3230156898498535,78.4126214915245,0.3324971086220981
8856,78.41554293825408,0.3363227844238281,78.41262182140784,0.33249754060897724
8857,78.41554293825408,0.3196809291839599,78.41262215121668,0.3324960935488638
8858,78.41554293825408,0.3362047672271728,78.41262248095104,0.332496512229568
8859,78.41554293825408,0.3327672481536865,78.41262281061098,0.33249654279011936
8860,78.41554293825408,0.3408408164978027,78.41262314019649,0.3324974845817342
8861,78.41554293825408,0.3342885971069336,78.41262346970763,0.3324976867160898
8862,78.41554293825408,0.3193116188049316,78.41262379914438,0.33249619878245057
8863,78.41554293825408,0.3310341835021972,78.4126241285068,0.3324960338252938
8864,78.41554293825408,0.334620714187622,78.4126244577949,0.3324962735229881
8865,78.41554293825408,0.3317930698394775,78.41262478700872,0.3324961941993916
8866,78.41554293825408,0.3344333171844482,78.41262511614828,0.3324964126883364
8867,78.41554293825408,0.334223985671997,78.41262544521359,0.3324966075200702
8868,78.41554293825408,0.3190248012542724,78.41262577420468,0.33249508837186703
8869,78.41554293825408,0.3256940841674804,78.4126261031216,0.3324943215431147
8870,78.41554293825408,0.3263285160064697,78.41262643196434,0.33249362641284
8871,78.41554293825408,0.3358960151672363,78.41262676073295,0.33249400995345035
8872,78.41554293825408,0.3332803249359131,78.41262708942745,0.3324940985822807
8873,78.41554293825408,0.3360090255737304,78.41262741804785,0.33249449471966275
8874,78.41554293825408,0.3356852531433105,78.4126277465942,0.3324948542822528
8875,78.41554293825408,0.3339166641235351,78.4126280750665,0.3324950144861785
8876,78.41554293825408,0.3263037204742431,78.41262840346478,0.3324943169541808
8877,78.41554293825408,0.3368134498596191,78.41262873178908,0.3324948035073976
8878,78.41554293825408,0.3403542041778564,78.41262906003942,0.33249568877442515
8879,78.41554293825408,0.3345293998718261,78.41262938821582,0.3324959178217387
8880,78.41554293825408,0.3302559852600097,78.4126297163183,0.3324956655770809
8881,78.41554293825408,0.3355751037597656,78.4126300443469,0.3324960123216122
8882,78.41554293825408,0.3351385593414306,78.41263037230163,0.3324963098387277
8883,78.41554293825408,0.3349573612213135,78.41263070018253,0.33249658689055506
8884,78.41554293825408,0.3360140323638916,78.4126310279896,0.33249698282093254
8885,78.41554293825408,0.3346889019012451,78.4126313557229,0.3324972295197598
8886,78.41554293825408,0.336179256439209,78.41263168338243,0.3324976438824561
8887,78.41554293825408,0.3376073837280273,78.41263201096821,0.3324982188503694
8888,78.41554293825408,0.3348100185394287,78.4126323384803,0.33249847895384477
8889,78.41554293825408,0.3365075588226318,78.41263266591868,0.3324989299696923
8890,78.41554293825408,0.3388371467590332,78.4126329932834,0.3324996429299611
8891,78.41554293825408,0.3390154838562011,78.41263332057447,0.3325003757880115
8892,78.41554293825408,0.33864426612854,78.41263364779194,0.3325010667338438
8893,78.41554293825408,0.3368699550628662,78.41263397493582,0.33250155800656717
8894,78.41554293825408,0.3363068103790283,78.41263430200613,0.33250198585144825
8895,78.41554293825408,0.3181214332580566,78.4126346290029,0.3325003691507632
8896,78.41554293825408,0.3293898105621338,78.41263495592615,0.3325000194926485
8897,78.41554293825408,0.3357152938842773,78.41263528277591,0.33250038088125045
8898,78.41554293825408,0.334697961807251,78.41263560955221,0.3325006278559556
8899,78.41554293825408,0.3283593654632568,78.41263593625507,0.3325001624932864
8900,78.41554293825408,0.3373496532440185,78.41263626288452,0.33250070737988763
8901,78.41554293825408,0.3278846740722656,78.41263658944057,0.33250018878272913
8902,78.41554293825408,0.3368613719940185,78.41263691592324,0.3325006786932224
8903,78.41554293825408,0.3318297863006592,78.41263724233258,0.33250060333745557
8904,78.41554293825408,0.3374123573303222,78.41263756866861,0.332501154972001
8905,78.41554293825408,0.3249456882476806,78.41263789493134,0.3325003065198141
8906,78.41554293825408,0.3381931781768799,78.4126382211208,0.3325009457373817
8907,78.41554293825408,0.3363521099090576,78.41263854723702,0.33250137811238695
8908,78.41554293825408,0.3124113082885742,78.41263887328002,0.3324991228283924
8909,78.41554293825408,0.336747407913208,78.41263919924982,0.33249959968158405
8910,78.41554293825408,0.3372745513916015,78.41263952514646,0.3325001355908669
8911,78.41554293825408,0.322209358215332,78.41263985096995,0.33249898075107615
8912,78.41554293825408,0.3383865356445312,78.41264017672033,0.3324996413833577
8913,78.41554293825408,0.3386807441711426,78.41264050239761,0.3325003348763217
8914,78.41554293825408,0.3371944427490234,78.41264082800181,0.33250086147581376
8915,78.41554293825408,0.3342888355255127,78.41264115353296,0.3325010620337554
8916,78.41554293825408,0.3103630542755127,78.4126414789911,0.33249857908088887
8917,78.41554293825408,0.3363664150238037,78.41264180437624,0.33249901284066713
8918,78.41554293825408,0.3354992866516113,78.41264212968841,0.3324993492696659
8919,78.41554293825408,0.3347842693328857,78.41264245492762,0.332499605455344
8920,78.41554293825408,0.3366811275482178,78.41264278009392,0.3325000742358477
8921,78.41554293825408,0.332866907119751,78.41264310518731,0.3325001153560006
8922,78.41554293825408,0.3389787673950195,78.41264343020784,0.33250084149947057
8923,78.41554293825408,0.3377261161804199,78.41264375515551,0.33250142709564684
8924,78.41554293825408,0.3371095657348633,78.41264408003036,0.3325019434715589
8925,78.41554293825408,0.3387484550476074,78.4126444048324,0.33250264336081115
8926,78.41554293825408,0.3362581729888916,78.41264472956166,0.3325030641013027
8927,78.41554293825408,0.3345727920532226,78.41264505421819,0.332503295951639
8928,78.41554293825408,0.3199896812438965,78.41264537880197,0.3325018943370884
8929,78.41554293825408,0.3387315273284912,78.41264570331306,0.33250259202249455
8930,78.41554293825408,0.3336060047149658,78.41264602775146,0.3325027155849461
8931,78.41554293825408,0.3344624042510986,78.41264635211722,0.332502935010393
8932,78.41554293825408,0.3350999355316162,78.41264667641033,0.33250322576280245
8933,78.41554293825408,0.3392395973205566,78.41264700063086,0.3325039798623835
8934,78.41554293825408,0.3358900547027588,78.41264732477879,0.3325043588723276
8935,78.41554293825408,0.3248910903930664,78.41264764885416,0.33250350679975016
8936,78.41554293825408,0.336921215057373,78.41264797285702,0.33250400117175755
8937,78.41554293825408,0.3387622833251953,78.41264829678735,0.33250470143830707
8938,78.41554293825408,0.3302850723266601,78.4126486206452,0.33250445310208965
8939,78.41554293825408,0.3345527648925781,78.4126489444306,0.33250468224537083
8940,78.41554293825408,0.3372144699096679,78.41264926814355,0.33250520906725717
8941,78.41554293825408,0.3286070823669433,78.4126495917841,0.33250477308395554
8942,78.41554293825408,0.3376872539520263,78.41264991535226,0.3325053526501452
8943,78.41554293825408,0.3316414356231689,78.41265023884806,0.33250525604754794
8944,78.41554293825408,0.326937198638916,78.41265056227152,0.33250463350087883
8945,78.41554293825408,0.3213157653808594,78.41265088562267,0.3325033826492165
8946,78.41554293825408,0.3364748954772949,78.41265120890154,0.3325038265920767
8947,78.41554293825408,0.3280212879180908,78.41265153210811,0.3325033255818304
8948,78.2514194464159,0.3364725112915039,78.4126335133234,0.33250376916539204
8949,78.41554293825408,0.3232839107513428,78.41263383843514,0.33250273889850035
8950,78.41554293825408,0.3331682682037353,78.41263416347422,0.3325028132593166
8951,78.41554293825408,0.3391897678375244,78.41263448844069,0.3325035603216088
8952,78.41554293825408,0.319786787033081,78.41263481333455,0.33250213977052656
8953,78.41554293825408,0.3363871574401855,78.41263513815584,0.33250257370526015
8954,78.41554293825408,0.3325636386871338,78.41263546290456,0.33250258052511517
8955,78.41554293825408,0.3352570533752441,78.41263578758077,0.3325028881156065
8956,78.41554293825408,0.3364875316619873,78.41263611218446,0.33250333302891005
8957,78.41554293825408,0.3376264572143554,78.41263643671567,0.3325039049976703
8958,78.41554293825408,0.3396737575531006,78.41263676117444,0.33250470538308613
8959,78.41554293825408,0.3273732662200928,78.41263708556076,0.3325041326138973
8960,78.41554293825408,0.3357956409454345,78.41263740987468,0.33250449996973785
8961,78.41554293825408,0.3372018337249756,78.41263773411622,0.33250502416723315
8962,78.41554293825408,0.3130733966827392,78.4126380582854,0.3325028559427872
8963,78.41554293825408,0.3347005844116211,78.41263838238224,0.33250310114288417
8964,78.41554293825408,0.3329920768737793,78.41263870640677,0.33250315569171623
8965,78.41554293825408,0.3362042903900146,78.41263903035902,0.33250356853440427
8966,78.41554293825408,0.3315448760986328,78.41263935423899,0.33250346160908245
8967,78.41554293825408,0.3390834331512451,78.41263967804674,0.3325041954076262
8968,78.41554293825408,0.3140175342559814,78.41264000178226,0.33250213400473244
8969,78.41554293825408,0.3366851806640625,78.41264032544561,0.332502600394147
8970,78.41554293825408,0.3229353427886963,78.41264064903679,0.3325015338102445
8971,78.41554293825408,0.3295576572418213,78.41264097255582,0.3325012056554604
8972,78.41554293825408,0.3381133079528808,78.41264129600273,0.33250183116842263
8973,78.41554293825408,0.3364710807800293,78.41264161937755,0.33250227352322165
8974,78.41554293825408,0.3152675628662109,78.41264194268031,0.33250035300721353
8975,78.41554293825408,0.3359394073486328,78.41264226591102,0.33250073618875575
8976,78.41554293825408,0.3381764888763428,78.4126425890697,0.33250136851414425
8977,78.41554293825408,0.3368396759033203,78.41264291215639,0.33250185178331987
8978,78.41554293825408,0.3343729972839355,78.4126432351711,0.3325020601978332
8979,78.41554293825408,0.3345019817352295,78.41264355811387,0.33250228293104817
8980,78.41554293825408,0.3261935710906982,78.41264388098472,0.33250158040189
8981,78.41554293825408,0.3331527709960937,78.41264420378366,0.33250165290947203
8982,78.41554293825408,0.3165173530578613,78.41264452651073,0.3324998733169702
8983,78.41554293825408,0.337932825088501,78.41264484916594,0.3325004781206851
8984,78.41554293825408,0.3339929580688476,78.41264517174932,0.3325006442471264
8985,78.41554293825408,0.3360514640808105,78.4126454942609,0.3325010394413205
8986,78.41554293825408,0.3392963409423828,78.4126458167007,0.33250179565114696
8987,78.41554293825408,0.336740493774414,78.41264613906874,0.33250226729887405
8988,78.41554293825408,0.3201982975006103,78.41264646136504,0.3325008983658747
8989,78.41554293825408,0.3297810554504394,78.41264678358965,0.33250059579129293
8990,78.41554293825408,0.3358454704284668,78.41264710574255,0.3325009678574372
8991,78.41554293825408,0.332080602645874,78.41264742782381,0.3325009211034375
8992,78.41554293825408,0.3261170387268066,78.41264774983343,0.3325002111521056
8993,78.41554293825408,0.3330137729644775,78.41264807177143,0.3325002682589456
8994,78.41554293825408,0.3365943431854248,78.41264839363784,0.3325007234596268
8995,78.41554293825408,0.3331418037414551,78.41264871543268,0.33250079473036404
8996,78.41554293825408,0.324613094329834,78.41264903715599,0.33249991792951916
8997,78.41554293825408,0.3369522094726562,78.41264935880777,0.3325004127935342
8998,78.41554293825408,0.3362069129943847,78.41264968038807,0.33250082471842873
8999,78.41554293825408,0.3391845226287842,78.41265000189689,0.3325015674340538
9000,78.41554293825408,0.3374381065368652,78.41265032333426,0.33250211593839857
9001,78.41554293825408,0.3179690837860107,78.41265064470022,0.33250050133644854
9002,78.41554293825408,0.329460859298706,78.41265096599477,0.33250016367348056
9003,78.41554293825408,0.3395435810089111,78.41265128721795,0.3325009460146263
9004,78.41554293825408,0.3396193981170654,78.41265160836979,0.3325017366023765
9005,78.41554293825408,0.340404748916626,78.41265192945028,0.33250261422728644
9006,78.41554293825408,0.3316771984100342,78.41265225045949,0.33250252257551904
9007,78.41554293825408,0.3366560935974121,78.4126525713974,0.33250298372473874
9008,78.41554293825408,0.3341162204742431,78.41265289226406,0.33250316281407594
9009,78.41554293825408,0.3376333713531494,78.41265321305949,0.33250373226779323
9010,78.41554293825408,0.329336404800415,78.41265353378371,0.3325033807331132
9011,78.41554293825408,0.3372867107391357,78.41265385443674,0.3325039115654299
9012,78.41554293825408,0.3335788249969482,78.41265417501862,0.33250403084122127
9013,78.41554293825408,0.3352243900299072,78.41265449552935,0.3325043326673822
9014,78.41554293825408,0.3371338844299316,78.41265481596898,0.3325048462630958
9015,78.41554293825408,0.3338613510131836,78.4126551363375,0.33250499673505923
9016,78.41554293825408,0.3372581005096435,78.41265545663497,0.3325055239204823
9017,78.41554293825408,0.3355870246887207,78.41265577686138,0.33250586566394114
9018,78.41554293825408,0.3383409976959228,78.4126560970168,0.3325065127178369
9019,78.41554293825408,0.339257001876831,78.4126564171012,0.33250726119207563
9020,78.41554293825408,0.3178353309631347,78.41265673711463,0.33250563459227195
9021,78.41554293825408,0.3289005756378174,78.41265705705712,0.33250523496263507
9022,78.41554293825408,0.3367722034454345,78.41265737692868,0.3325057079141406
9023,78.41554293825408,0.3280200958251953,78.41265769672934,0.332505210783243
9024,78.41554293825408,0.3349621295928955,78.41265801645912,0.332505483048182
9025,78.41554293825408,0.3321146965026855,78.41265833611806,0.3325054397477338
9026,78.41554293825408,0.3264155387878418,78.41265865570615,0.33250476504122367
9027,78.41554293825408,0.3358457088470459,78.41265897522344,0.3325051351468851
9028,78.41554293825408,0.3382687568664551,78.41265929466995,0.33250577356311456
9029,78.41554293825408,0.334986925125122,78.4126596140457,0.3325060483611611
9030,78.41554293825408,0.3349072933197021,78.4126599333507,0.3325063142797612
9031,78.41554293825408,0.3167901039123535,78.412660252585,0.33250457402836403
9032,78.41554293825408,0.3357512950897217,78.4126605717486,0.3325049334970378
9033,78.41554293825408,0.3317115306854248,78.41266089084155,0.33250484566322713
9034,78.41554293825408,0.3363950252532959,78.41266120986384,0.3325052762786345
9035,78.41554293825408,0.3362531661987304,78.41266152881552,0.33250569109766276
9036,78.41554293825408,0.3370149135589599,78.4126618476966,0.33250619012626625
9037,78.41554293825408,0.3318417072296142,78.41266216650712,0.33250611659711976
9038,78.41554293825408,0.3369698524475097,78.41266248524708,0.3325066104824761
9039,78.41554293825408,0.335784912109375,78.41266280391652,0.3325069731665813
9040,78.41554293825408,0.3361935615539551,78.41266312251544,0.33250738097503124
9041,78.41554293825408,0.3369550704956054,78.4126634410439,0.3325078729216655
9042,78.41554293825408,0.3346037864685058,78.4126637595019,0.33250810471922654
9043,78.41554293825408,0.3359267711639404,78.41266407788947,0.3325084827648358
9044,78.41554293825408,0.318702220916748,78.41266439620662,0.33250695619895254
9045,78.41554293825408,0.3358709812164306,78.4126647144534,0.3325073281199053
9046,78.41554293825408,0.3386948108673095,78.41266503262982,0.3325080121219778
9047,78.41554293825408,0.3265755176544189,78.41266535073589,0.3325073563803543
9048,78.41554293825408,0.3320460319519043,78.41266566877165,0.33250730539401163
9049,78.41554293825408,0.3347804546356201,78.41266598673711,0.3325075565984808
9050,78.41554293825408,0.3360207080841064,78.41266630463231,0.3325079447920151
9051,78.41554293825408,0.3375740051269531,78.41266662245727,0.3325085045158396
9052,78.41554293825408,0.3340411186218261,78.41266694021199,0.33250867382804744
9053,78.41554293825408,0.3375918865203857,78.41266725789653,0.3325092353228771
9054,78.41554293825408,0.3240015506744385,78.41266757551088,0.33250829566254475
9055,78.41554293825408,0.3241474628448486,78.41266789305509,0.33250737232374655
9056,78.41554293825408,0.3365323543548584,78.41266821052916,0.3325078167784762
9057,78.41554293825408,0.3322620391845703,78.41266852793314,0.33250778964172073
9058,78.41554293825408,0.3356382846832275,78.41266884526702,0.33250813524726736
9059,78.41554293825408,0.3282465934753418,78.41266916253085,0.3325076648264956
9060,78.41554293825408,0.3394148349761963,78.41266947972464,0.3325084272073068
9061,78.41554293825408,0.3373370170593261,78.41266979684842,0.3325089601054253
9062,78.41554293825408,0.3370499610900879,78.41267011390221,0.3325094612090431
9063,78.41554293825408,0.3371212482452392,78.41267043088602,0.3325099700678135
9064,78.41554293825408,0.3370037078857422,78.41267074779991,0.33251046584647836
9065,78.41554293825408,0.3333351612091064,78.41267106464387,0.33251055682224917
9066,78.41554293825408,0.3263642787933349,78.41267138141792,0.33250987887408806
9067,78.41554293825408,0.3380756378173828,78.41267169812211,0.3325104927219918
9068,78.41554293825408,0.337620735168457,78.41267201475645,0.33251105626879884
9069,78.41554293825408,0.3323190212249756,78.41267233132096,0.33251103509391255
9070,78.41554293825408,0.3355131149291992,78.41267264781567,0.3325113660839716
9071,78.41554293825408,0.3350389003753662,78.41267296424058,0.332511644722963
9072,78.41554293825408,0.335517406463623,78.41267328059574,0.3325119760459062
9073,78.41554293825408,0.3330144882202148,78.41267359688118,0.3325120314313547
9074,78.41554293825408,0.3364205360412597,78.4126739130969,0.33251246216803204
9075,78.41554293825408,0.335690975189209,78.41267422924291,0.33251281241740077
9076,78.41554293825408,0.3253147602081299,78.41267454531928,0.33251201933099606
9077,78.41554293825408,0.3288197517395019,78.412674861326,0.33251161255920014
9078,78.41554293825408,0.3355777263641357,78.41267517726308,0.3325119503113267
9079,78.41554293825408,0.3315963745117187,78.41267549313059,0.3325118494658812
9080,78.41554293825408,0.3326635360717773,78.41267580892851,0.33251186617145456
9081,78.41554293825408,0.3366231918334961,78.41267612465688,0.3325123189107632
9082,78.41554293825408,0.3385965824127197,78.41267644031572,0.33251298883627545
9083,78.41554293825408,0.340691328048706,78.41267675590507,0.33251388923693737
9084,78.41554293825408,0.3189589977264404,78.41267707142492,0.3325123970648204
9085,78.41554293825408,0.3361184597015381,78.41267738687532,0.3325127939897116
9086,78.41554293825408,0.3348455429077148,78.41267770225627,0.3325130507307328
9087,78.41554293825408,0.3384814262390136,78.41267801756783,0.3325137075344643
9088,78.41554293825408,0.3377821445465088,78.41267833280997,0.33251428724804394
9089,78.41554293825408,0.3314611911773681,78.41267864798277,0.33251417138314454
9090,78.41554293825408,0.3372566699981689,78.41267896308621,0.3325146931101649
9091,78.41554293825408,0.3346405029296875,78.41267927812034,0.33251492694690665
9092,78.41554293825408,0.3378074169158935,78.41267959308516,0.3325155090509508
9093,78.41554293825408,0.3354041576385498,78.4126799079807,0.3325158267292294
9094,78.41554293825408,0.3353102207183838,78.412680222807,0.33251613400809343
9095,78.41554293825408,0.3412878513336181,78.41268053756406,0.3325170984629945
9096,78.41554293825408,0.3356387615203857,78.41268085225191,0.33251744165374403
9097,78.41554293825408,0.3342287540435791,78.41268116687058,0.3325176297720676
9098,78.41554293825408,0.3347368240356445,78.41268148142008,0.33251787369317815
9099,78.41554293825408,0.3342628479003906,78.41268179590045,0.33251806546965984
9100,78.41554293825408,0.3329205513000488,78.4126821103117,0.33251810969887197
9101,78.41554293825408,0.3173439502716064,78.41268242465385,0.3325164423920456
9102,78.41554293825408,0.335090160369873,78.41268273892695,0.332516725156051
9103,78.41554293825408,0.3432838916778564,78.41268305313098,0.33251790797122427
9104,78.41554293825408,0.3303396701812744,78.412683367266,0.3325176687096041
9105,78.41554293825408,0.3374252319335937,78.412683681332,0.3325182077061141
9106,78.41554293825408,0.3355200290679931,78.41268399532903,0.33251853735923975
9107,78.41554293825408,0.3301537036895752,78.4126843092571,0.3325182776871557
9108,78.41554293825408,0.3401484489440918,78.41268462311623,0.33251911543103546
9109,78.41554293825408,0.314251184463501,78.41268493690647,0.3325171099495372
9110,78.41554293825408,0.3369069099426269,78.4126852506278,0.3325175918156177
9111,78.41554293825408,0.3377900123596191,78.41268556428027,0.33251817050297844
9112,78.41554293825408,0.321984052658081,78.4126858778639,0.33251701443209997
9113,78.41554293825408,0.3356471061706543,78.41268619137871,0.3325173579075459
9114,78.41554293825408,0.3352823257446289,78.4126865048247,0.3325176612834332
9115,78.41554293825408,0.3355441093444824,78.41268681820195,0.332517993312842
9116,78.41554293825408,0.334402322769165,78.41268713151042,0.33251820001857435
9117,78.41554293825408,0.3353612422943115,78.41268744475016,0.3325185118582448
9118,78.41554293825408,0.3375444412231445,78.4126877579212,0.33251906306787027
9119,78.41554293825408,0.3312060832977295,78.41268807102355,0.33251891908500264
9120,78.41554293825408,0.3364078998565674,78.41268838405725,0.33251934550833284
9121,78.41554293825408,0.3366143703460693,78.4126886970223,0.33251979447498536
9122,78.41554293825408,0.3179037570953369,78.41268900991874,0.3325181921906859
9123,78.41554293825408,0.3160064220428467,78.41268932274657,0.33251638228493696
9124,78.41554293825408,0.3332610130310058,78.41268963550583,0.3325164638972502
9125,78.41554293825408,0.3348116874694824,78.41268994819654,0.33251671542860056
9126,78.41554293825408,0.3375661373138428,78.41269026081874,0.3325172687292674
9127,78.41554293825408,0.3346374034881592,78.41269057337242,0.33251750102188915
9128,78.41554293825408,0.3327317237854004,78.41269088585761,0.33251752449064065
9129,78.41554293825408,0.3379411697387695,78.41269119827436,0.3325181186022901
9130,78.41554293825408,0.3443810939788818,78.41269151062266,0.33251941794241896
9131,78.41554293825408,0.3338716030120849,78.41269182290254,0.33251956602971167
9132,78.41554293825408,0.3373947143554687,78.41269213511404,0.3325200998830106
9133,78.41554293825408,0.3268947601318359,78.41269244725717,0.33251948394741976
9134,78.41554293825408,0.3324806690216064,78.41269275933195,0.33251947969792056
9135,78.41554293825408,0.3365466594696045,78.41269307133841,0.332519920549565
9136,78.41554293825408,0.3200404644012451,78.41269338327655,0.33251855458457497
9137,78.41554293825408,0.3362846374511719,78.41269369514643,0.33251896676394094
9138,78.41554293825408,0.3326897621154785,78.41269400694803,0.33251898545461195
9139,78.41554293825408,0.3330659866333008,78.41269431868142,0.33251904530811655
9140,78.41554293825408,0.3248724937438965,78.41269463034658,0.33251820870510074
9141,78.41554293825408,0.3346366882324219,78.41269494194356,0.3325184404608745
9142,78.41554293825408,0.3349456787109375,78.41269525347235,0.33251870596494904
9143,78.41554293825408,0.3183267116546631,78.41269556493302,0.3325171537398249
9144,78.41554293825408,0.3346734046936035,78.41269587632556,0.33251738955029664
9145,78.41554293825408,0.3315091133117676,78.41269618764998,0.33251727929592395
9146,78.41554293825408,0.3370857238769531,78.41269649890634,0.3325177787978462
9147,78.41554293825408,0.3395571708679199,78.41269681009464,0.3325185483826358
9148,78.41554293825408,0.3227925300598144,78.4126971212149,0.33251748519742336
9149,78.41554293825408,0.3364412784576416,78.41269743226717,0.33251791407415965
9150,78.41554293825408,0.3378894329071045,78.41269774325143,0.3325185011253982
9151,78.41554293825408,0.3361561298370361,78.41269805416772,0.3325188986370048
9152,78.41554293825408,0.3343627452850342,78.41269836501607,0.3325191001062627
9153,78.41554293825408,0.3368816375732422,78.4126986757965,0.3325195767300436
9154,78.41554293825408,0.3225038051605224,78.41269898650903,0.3325184825885132
9155,78.41554293825408,0.3317208290100097,78.41269929715368,0.3325183954608694
9156,78.41554293825408,0.3370521068572998,78.41269960773047,0.3325188906237568
9157,78.41554293825408,0.332270860671997,78.41269991823944,0.33251886353738
9158,78.41554293825408,0.3374228477478027,78.41270022868058,0.3325193990237537
9159,78.41554293825408,0.3353555202484131,78.41270053905394,0.3325197086777798
9160,78.41554293825408,0.3403410911560058,78.41270084935954,0.3325205625404958
9161,78.41554293825408,0.3341758251190185,78.41270115959738,0.3325207432262919
9162,78.41554293825408,0.3353829383850097,78.41270146976751,0.332521055624803
9163,78.41554293825408,0.3337409496307373,78.41270177986993,0.33252118875740216
9164,78.41554293825408,0.3368535041809082,78.41270208990467,0.33252166151115853
9165,78.41554293825408,0.3310713768005371,78.41270239987176,0.3325215032695098
9166,78.41554293825408,0.337909460067749,78.41270270977122,0.3325220910893656
9167,78.41554293825408,0.3139979839324951,78.41270301960307,0.33252007035115716
9168,78.41554293825408,0.3346996307373047,78.41270332936732,0.3325203080868014
9169,78.41554293825408,0.3343374729156494,78.412703639064,0.3325205062725172
9170,78.41554293825408,0.3373348712921142,78.41270394869315,0.3325210312850603
9171,78.41554293825408,0.3298461437225342,78.41270425825476,0.3325207396170238
9172,78.41554293825408,0.3362143039703369,78.41270456774888,0.3325211423170187
9173,78.41554293825408,0.3172099590301513,78.41270487717551,0.3325194731593509
9174,78.28246983676365,0.3366963863372803,78.41269068107344,0.3325199284583675
9175,78.41554293825408,0.3346295356750488,78.41269099194616,0.33252015838830934
9176,78.41554293825408,0.335766077041626,78.41269130275113,0.3325205121283544
9177,78.41554293825408,0.3372039794921875,78.41269161348835,0.33252102247676496
9178,78.41554293825408,0.3351850509643554,78.41269192415787,0.3325213127391846
9179,78.41554293825408,0.3370816707611084,78.41269223475969,0.33252180956433136
9180,78.41554293825408,0.3358516693115234,78.41269254529384,0.33252217229415126
9181,78.41554293825408,0.3356242179870605,78.41269285576034,0.33252251017081974
9182,78.41554293825408,0.3369336128234863,78.41269316615923,0.33252299057842727
9183,78.41554293825408,0.33412766456604,78.4126934764905,0.3325231653224094
9184,78.41554293825408,0.3371345996856689,78.4126937867542,0.33252366743852035
9185,78.41554293825408,0.3358960151672363,78.41269409695033,0.33252403459668356
9186,78.41554293825408,0.3373806476593017,78.41269440707893,0.33252456329394703
9187,78.41554293825408,0.3360409736633301,78.41269471714003,0.3325249460533211
9188,78.41554293825408,0.3239209651947021,78.41269502713362,0.33252400961657114
9189,78.41554293825408,0.3385288715362549,78.41269533705974,0.33252466310029294
9190,78.41554293825408,0.3350532054901123,78.41269564691842,0.33252493824092294
9191,78.41554293825408,0.3364105224609375,78.41269595670967,0.3325253610006031
9192,78.41554293825408,0.334346055984497,78.41269626643351,0.3325255590744699
9193,78.41554293825408,0.3371212482452392,78.41269657608997,0.3325260589862692
9194,78.41554293825408,0.3387255668640136,78.41269688567907,0.3325267332855815
9195,78.41554293825408,0.3345513343811035,78.41269719520083,0.33252695347058375
9196,78.41554293825408,0.3317310810089111,78.41269750465527,0.33252686692507905
9197,78.41554293825408,0.3332312107086181,78.41269781404243,0.332526943509159
9198,78.41554293825408,0.3360533714294433,78.4126981233623,0.33252732689988745
9199,78.41554293825408,0.3364300727844238,78.41269843261493,0.3325277511575116
9200,78.41554293825408,0.3358087539672851,78.41269874180033,0.3325281077882518
9201,78.41554293825408,0.3331232070922851,78.41269905091852,0.3325281724659286
9202,78.41554293825408,0.3329799175262451,78.41269935996952,0.33252822155798034
9203,78.41554293825408,0.3337175846099853,78.41269966895338,0.3325283507944306
9204,78.41554293825408,0.3236556053161621,78.41269997787008,0.33252738678470894
9205,78.41554293825408,0.3345911502838135,78.41270028671966,0.33252761098498046
9206,78.41554293825408,0.3329288959503174,78.41270059550214,0.3325276545744835
9207,78.41554293825408,0.3342840671539306,78.41270090421756,0.3325278453437438
9208,78.41554293825408,0.3349368572235107,78.41270121286591,0.3325281069653641
9209,78.41554293825408,0.3362050056457519,78.41270152144723,0.33252850623767166
9210,78.41554293825408,0.3377308845520019,78.41270182996155,0.33252907109959506
9211,78.41554293825408,0.3230214118957519,78.41270213840887,0.33252803889253785
9212,78.41554293825408,0.3331742286682129,78.41270244678924,0.3325281090390615
9213,78.41554293825408,0.3381330966949463,78.41270275510264,0.3325287174171854
9214,78.41554293825408,0.3377261161804199,78.41270306334914,0.3325292814934567
9215,78.41554293825408,0.3382542133331299,78.41270337152874,0.332529902755729
9216,78.41554293825408,0.3364133834838867,78.41270367964144,0.33253032414035666
9217,78.41554293825408,0.3361091613769531,78.4127039876873,0.33253071242691806
9218,78.41554293825408,0.3347651958465576,78.41270429566632,0.33253095483128126
9219,78.41554293825408,0.3233230113983154,78.41270460357852,0.33252995603060514
9220,78.41554293825408,0.3374879360198974,78.41270491142393,0.33253049377246946
9221,78.41554293825408,0.3362257480621338,78.41270521920258,0.3325308945158042
9222,78.41554293825408,0.3377935886383056,78.41270552691446,0.3325314651831348
9223,78.41554293825408,0.3364226818084717,78.41270583455963,0.3325318870867047
9224,78.41554293825408,0.334242582321167,78.41270614213809,0.33253207254802675
9225,78.41554293825408,0.3379826545715332,78.41270644964987,0.3325326633970266
9226,78.41554293825408,0.3164336681365967,78.41270675709498,0.3325309184376444
9227,78.41554293825408,0.337512731552124,78.41270706447347,0.33253145835453113
9228,78.41554293825408,0.3355324268341064,78.41270737178532,0.3325317835570105
9229,78.41554293825408,0.3338375091552734,78.41270767903058,0.33253192503773416
9230,78.41554293825408,0.3334074020385742,78.41270798620926,0.3325320198889802
9231,78.41554293825408,0.3371057510375976,78.41270829332139,0.33253251536413436
9232,78.41554293825408,0.3348135948181152,78.41270860036698,0.3325327624481307
9233,78.41554293825408,0.3331546783447265,78.41270890734607,0.3325328298060747
9234,78.41554293825408,0.3334391117095947,78.41270921425867,0.332532927952263
9235,78.41554293825408,0.3198449611663818,78.4127095211048,0.33253155405223206
9236,78.41554293825408,0.336029052734375,78.41270982788448,0.3325319327333367
9237,78.41554293825408,0.3363025188446045,78.41271013459776,0.33253234093796064
9238,78.41554293825408,0.3384108543395996,78.41271044124461,0.3325329772784458
9239,78.41554293825408,0.3376727104187011,78.41271074782509,0.33253353358682763
9240,78.41554293825408,0.3345434665679931,78.41271105433921,0.33253375111204203
9241,78.41554293825408,0.3356657028198242,78.41271136078699,0.332534090031175
9242,78.41554293825408,0.3385927677154541,78.41271166716845,0.3325347455903272
9243,78.41554293825408,0.3337383270263672,78.41271197348362,0.3325348758057806
9244,78.41554293825408,0.3335692882537842,78.41271227973252,0.3325349877067378
9245,78.41554293825408,0.3372044563293457,78.41271258591516,0.33253549278717287
9246,78.41554293825408,0.3361361026763916,78.41271289203158,0.3325358822106954
9247,78.41554293825408,0.3336038589477539,78.41271319808179,0.3325359977050976
9248,78.41554293825408,0.3320250511169433,78.4127135040658,0.3325359424556828
9249,78.41554293825408,0.3317327499389648,78.41271380998366,0.33253585561467114
9250,78.41554293825408,0.3274624347686767,78.41271411583536,0.33253530713674184
9251,78.41554293825408,0.3341400623321533,78.41271442162095,0.3325354806050367
9252,78.41554293825408,0.3394086360931396,78.41271472734043,0.33253622348824985
9253,78.41554293825408,0.3364644050598144,78.41271503299383,0.33253664801884225
9254,78.41554293825408,0.3175585269927978,78.41271533858118,0.33253502946243135
9255,78.41554293825408,0.3366830348968506,78.41271564410249,0.33253547765318603
9256,78.41554293825408,0.3338282108306885,78.41271594955778,0.33253561731753106
9257,78.41554293825408,0.3232083320617676,78.41271625494707,0.3325346097248708
9258,78.41554293825408,0.3363702297210693,78.4127165602704,0.3325350240281757
9259,78.41554293825408,0.3116800785064697,78.41271686552777,0.3325327716309922
9260,78.41554293825408,0.3308565616607666,78.4127171707192,0.33253259061479673
9261,78.41554293825408,0.3101272583007812,78.41271747584474,0.3325301712937392
9262,78.41554293825408,0.3272883892059326,78.41271778090439,0.3325296053487934
9263,78.41554293825408,0.3334095478057861,78.41271808589816,0.3325297003442006
9264,78.41554293825408,0.3365395069122314,78.4127183908261,0.33253013318169716
9265,78.41554293825408,0.3351285457611084,78.41271869568821,0.3325304136363738
9266,78.41554293825408,0.3365426063537597,78.41271900048453,0.3325308466379621
9267,78.41554293825408,0.3353223800659179,78.41271930521505,0.33253114787174093
9268,78.41554293825408,0.3339216709136963,78.41271960987982,0.3325312979065965
9269,78.41554293825408,0.3368821144104004,78.41271991447884,0.33253176730097606
9270,78.41554293825408,0.3390679359436035,78.41272021901216,0.332532472389287
9271,78.41554293825408,0.3312826156616211,78.41272052347978,0.33253233757570405
9272,78.2514194464159,0.3324818611145019,78.41270312690115,0.33253233213173716
9273,78.41554293825408,0.3330121040344238,78.4127034331463,0.3325323838703226
9274,78.41554293825408,0.329111099243164,78.41270373932542,0.33253201495888984
9275,78.41554293825408,0.3337526321411133,78.41270404543852,0.33253214656182056
9276,78.41554293825408,0.3399941921234131,78.41270435148562,0.332532951008302
9277,78.41554293825408,0.3261768817901611,78.41270465746673,0.3325322658655599
9278,78.41554293825408,0.3349783420562744,78.41270496338188,0.33253252950817586
9279,78.41554293825408,0.336137056350708,78.4127052692311,0.33253291796887663
9280,78.41554293825408,0.3376569747924804,78.4127055750144,0.33253347013017226
9281,78.41554293825408,0.3372571468353271,78.4127058807318,0.33253397909221355
9282,78.41554293825408,0.3343169689178467,78.41270618638335,0.33253417118333894
9283,78.41554293825408,0.3341503143310547,78.41270649196903,0.332534345280414
9284,78.41554293825408,0.3340706825256347,78.41270679748888,0.3325345107626679
9285,78.41554293825408,0.326937198638916,78.41270710294293,0.3325339079288366
9286,78.41554293825408,0.335512638092041,78.41270740833119,0.33253422870529176
9287,78.41554293825408,0.3335192203521728,78.41270771365367,0.33253433476662986
9288,78.41554293825408,0.334789514541626,78.41270801891041,0.33253457757237653
9289,78.41554293825408,0.337855577468872,78.41270832410143,0.3325351504004416
9290,78.41554293825408,0.334979772567749,78.41270862922674,0.3325354135459925
9291,78.41554293825408,0.3351523876190185,78.41270893428639,0.3325356952136357
9292,78.41554293825408,0.3331377506256103,78.41270923928035,0.3325357600065125
9293,78.41554293825408,0.3330285549163818,78.41270954420868,0.3325358130351265
9294,78.41554293825408,0.3357841968536377,78.4127098490714,0.33253616254920215
9295,78.41554293825408,0.3328516483306885,78.41271015386852,0.3325361964906525
9296,78.41554293825408,0.3162381649017334,78.41271045860006,0.33253444326005993
9297,78.41554293825408,0.3403081893920898,78.41271076326605,0.33253527941646865
9298,78.41554293825408,0.3258633613586426,78.4127110678665,0.3325345618516098
9299,78.41554293825408,0.3365788459777832,78.41271137240145,0.3325349967676358
9300,78.41554293825408,0.3356802463531494,78.41271167687088,0.332535334966516
9301,78.41554293825408,0.3277039527893066,78.41271198127487,0.3325348155189107
9302,78.41554293825408,0.3336446285247803,78.4127122856134,0.3325349348279846
9303,78.41554293825408,0.334268569946289,78.4127125898865,0.33253512118024925
9304,78.41554293825408,0.3355982303619385,78.4127128940942,0.3325354504052258
9305,78.41554293825408,0.3376519680023193,78.4127131982365,0.3325360002727806
9306,78.41554293825408,0.3384726047515869,78.41271350231345,0.3325366382057785
9307,78.41554293825408,0.3364007472991943,78.41271380632504,0.33253705338887657
9308,78.41554293825408,0.3334174156188965,78.41271411027132,0.33253714797012174
9309,78.41554293825408,0.340308666229248,78.4127144141523,0.33253798280933744
9310,78.41554293825408,0.3174774646759033,78.412714717968,0.33253636513821677
9311,78.41554293825408,0.3373346328735351,78.41271502171844,0.3325368804714501
9312,78.41554293825408,0.3252813816070556,78.41271532540364,0.3325361013156442
9313,78.41554293825408,0.334291934967041,78.41271562902362,0.3325362898514169
9314,78.41554293825408,0.3351786136627197,78.4127159325784,0.33253657354519095
9315,78.41554293825408,0.3330686092376709,78.41271623606801,0.3325366306612073
9316,78.41554293825408,0.3364944458007812,78.41271653949246,0.3325370555018191
9317,78.41554293825408,0.3369081020355224,78.41271684285178,0.3325375246492414
9318,78.41554293825408,0.3392932415008545,78.412717146146,0.3325382496671478
9319,78.41554293825408,0.3337225914001465,78.41271744937511,0.3325383767560772
9320,78.41554293825408,0.3199183940887451,78.41271775253915,0.3325370226806837
9321,78.41554293825408,0.3346767425537109,78.41271805563815,0.3325372522397303
9322,78.41554293825408,0.3340747356414795,78.41271835867211,0.33253741717036767
9323,78.41554293825408,0.3336279392242431,78.41271866164108,0.33253753414152004
9324,78.41554293825408,0.3351559638977051,78.41271896454505,0.33253781496839224
9325,78.41554293825408,0.3370428085327148,78.41271926738405,0.33253829807762164
9326,78.41554293825408,0.3257880210876465,78.41271957015812,0.3325375742649485
9327,78.41554293825408,0.3381767272949219,78.41271987286726,0.33253817887018383
9328,78.41554293825408,0.3389966487884521,78.41272017551148,0.33253887124474624
9329,78.41554293825408,0.3351407051086426,78.41272047809083,0.3325391501421483
9330,78.41554293825408,0.3146898746490478,78.41272078060533,0.33253723703652205
9331,78.41554293825408,0.3371317386627197,78.41272108305498,0.3325377294276512
9332,78.41554293825408,0.3346788883209228,78.41272138543981,0.3325379588703102
9333,78.41554293825408,0.3332607746124267,78.41272168775984,0.3325380363176199
9334,78.41554293825408,0.333869457244873,78.41272199001509,0.3325381789596734
9335,78.41554293825408,0.3355357646942138,78.41272229220559,0.332538500072232
9336,78.41554293825408,0.334183931350708,78.41272259433134,0.3325386763180845
9337,78.41554293825408,0.3130161762237549,78.41272289639238,0.332536585443061
9338,78.41554293825408,0.314434289932251,78.41272319838873,0.3325346468806803
9339,78.41554293825408,0.3364148139953613,78.4127235003204,0.3325350623606155
9340,78.41554293825408,0.3366696834564209,78.41272380218741,0.33253550503953366
9341,78.41554293825408,0.3372621536254883,78.4127241039898,0.332536011050516
9342,78.41554293825408,0.3341765403747558,78.41272440572759,0.3325361866584505
9343,78.41554293825408,0.3352620601654053,78.41272470740077,0.3325364784141507
9344,78.41554293825408,0.3362219333648681,78.41272500900938,0.332536872833559
9345,78.41554293825408,0.3379635810852051,78.41272531055344,0.33253745354070197
9346,78.41554293825408,0.3345117568969726,78.41272561203297,0.3325376647865137
9347,78.41554293825408,0.3365695476531982,78.412725913448,0.33253809614233554
9348,78.41554293825408,0.3342683315277099,78.41272621479854,0.33253828123384016
9349,78.41554293825408,0.3374307155609131,78.41272651608462,0.3325388045448175
9350,78.41554293825408,0.3102295398712158,78.41272681730624,0.33253641852720534
9351,78.41554293825408,0.3367338180541992,78.41272711846344,0.3325368673989332
9352,78.41554293825408,0.3269784450531006,78.41272741955623,0.3325362730423949
9353,78.41554293825408,0.3357021808624267,78.41272772058464,0.332536611533555
9354,78.41554293825408,0.335017442703247,78.41272802154869,0.33253687674963045
9355,78.41554293825408,0.3349528312683105,78.41272832244839,0.33253713500238496
9356,78.41554293825408,0.3352081775665283,78.41272862328378,0.3325374204921845
9357,78.41554293825408,0.3190090656280517,78.41272892405486,0.33253597469172874
9358,78.41554293825408,0.3353488445281982,78.41272922476166,0.3325362752762379
9359,78.41554293825408,0.3332583904266357,78.41272952540419,0.33253635243353574
9360,78.41554293825408,0.3365294933319092,78.4127298259825,0.3325367790511531
9361,78.41554293825408,0.3372163772583008,78.41273012649657,0.332537278954818
9362,78.41554293825408,0.3159017562866211,78.41273042694645,0.3325355020350713
9363,78.41554293825408,0.3349325656890869,78.41273072733216,0.33253575804955965
9364,78.41554293825408,0.334477424621582,78.4127310276537,0.33253596540395647
9365,78.41554293825408,0.333575963973999,78.4127313279111,0.33253607645559236
9366,78.41554293825408,0.3333010673522949,78.4127316281044,0.33253615813303167
9367,78.41554293825408,0.3261721134185791,78.4127319282336,0.33253547872183126
9368,78.41554293825408,0.3353104591369629,78.41273222829872,0.3325357749409191
9369,78.41554293825408,0.3358514308929443,78.41273252829978,0.33253612883738104
9370,78.41554293825408,0.3229408264160156,78.41273282823681,0.33253510479229875
9371,78.41554293825408,0.3355803489685058,78.41273312810983,0.3325354297569958
9372,78.41554293825408,0.3302595615386963,78.41273342791885,0.3325351869200113
9373,78.41554293825408,0.3342740535736084,78.4127337276639,0.3325353724386984
9374,78.41554293825408,0.3352105617523193,78.41273402734501,0.33253565782266614
9375,78.41554293825408,0.3368017673492431,78.41273432696217,0.332536112874349
9376,78.41554293825408,0.3342366218566894,78.41273462651543,0.3325362942426278
9377,78.41554293825408,0.318495512008667,78.41273492600479,0.33253479687862714
9378,78.41554293825408,0.3222765922546386,78.41273522543028,0.33253370302016866
9379,78.41554293825408,0.3339560031890869,78.41273552479193,0.3325338546674838
9380,78.41554293825408,0.3218452930450439,78.41273582408974,0.33253271516198035
9381,78.41554293825408,0.3355278968811035,78.41273612332374,0.3325330344436901
9382,78.41554293825408,0.3123912811279297,78.41273642249396,0.33253088759298494
9383,78.41554293825408,0.3389155864715576,78.41273672160041,0.332531568046878
9384,78.41554293825408,0.3236985206604004,78.4127370206431,0.3325306267587933
9385,78.41554293825408,0.3359284400939941,78.41273731962207,0.33253098880603205
9386,78.41554293825408,0.3363406658172607,78.41273761853734,0.33253139469533644
9387,78.41554293825408,0.339691162109375,78.41273791738891,0.33253215742756337
9388,78.41554293825408,0.3165280818939209,78.41273821617682,0.33253045269007575
9389,78.41554293825408,0.333411693572998,78.41273851490108,0.3325305465489407
9390,78.41554293825408,0.3327972888946533,78.41273881356172,0.33253057495600624
9391,78.41554293825408,0.3367564678192138,78.41273911215875,0.33253102494992204
9392,78.41554293825408,0.3358211517333984,78.4127394106922,0.3325313752615472
9393,78.41554293825408,0.3364536762237549,78.41273970916208,0.33253179283856865
9394,78.41554293825408,0.3371419906616211,78.41274000756842,0.3325322835983965
9395,78.41554293825408,0.3377714157104492,78.41274030591123,0.33253284124949944
9396,78.41554293825408,0.3349804878234863,78.41274060419053,0.3325331017482834
9397,78.41554293825408,0.3352391719818115,78.41274090240636,0.33253338972000135
9398,78.41554293825408,0.3337888717651367,78.41274120055871,0.3325335233103445
9399,78.41554293825408,0.3359513282775879,78.41274149864763,0.33253388694530217
9400,78.41554293825408,0.3209364414215088,78.41274179667313,0.33253265317450176
9401,78.41554293825408,0.3407552242279053,78.41274209463522,0.3325335278230555
9402,78.41554293825408,0.3348884582519531,78.41274239253393,0.33253377829427744
9403,78.41554293825408,0.3264870643615722,78.41274269036927,0.3325331352320704
9404,78.41554293825408,0.3376436233520508,78.41274298814128,0.3325336786697693
9405,78.41554293825408,0.3393106460571289,78.41274328584996,0.33253439924046435
9406,78.41554293825408,0.3363955020904541,78.41274358349533,0.3325348097340695
9407,78.41554293825408,0.3343548774719238,78.41274388107742,0.332535003214216
9408,78.41554293825408,0.3343214988708496,78.41274417859626,0.33253519310533597
9409,78.41554293825408,0.3189928531646728,78.41274447605186,0.3325337538089239
9410,78.41554293825408,0.332512617111206,78.41274477344423,0.33253375156272863
9411,78.41554293825408,0.3335304260253906,78.4127450707734,0.3325338574679951
9412,78.41554293825408,0.3380193710327148,78.4127453680394,0.33253444028924084
9413,78.41554293825408,0.3378455638885498,78.41274566524223,0.3325350045220677
9414,78.41554293825408,0.3376617431640625,78.4127459623819,0.3325355491087091
9415,78.41554293825408,0.3317275047302246,78.41274625945847,0.33253546328349626
9416,78.41554293825408,0.3182320594787597,78.41274655647194,0.33253394423041593
9417,78.41554293825408,0.33730149269104,78.41274685342233,0.3325344505008269
9418,78.41554293825408,0.3345515727996826,78.41274715030967,0.3325346646781787
9419,78.41554293825408,0.3163211345672607,78.41274744713395,0.3325329433139032
9420,78.41554293825408,0.3341453075408935,78.41274774389522,0.33253311447783385
9421,78.41554293825408,0.3342094421386719,78.41274804059348,0.3325332924130489
9422,78.41554293825408,0.3334913253784179,78.41274833722878,0.332533394093474
9423,78.41554293825408,0.3365523815155029,78.4127486338011,0.33253382060174336
9424,78.41554293825408,0.3354392051696777,78.4127489303105,0.3325341288980685
9425,78.41554293825408,0.3351645469665527,78.41274922675696,0.3325344079875187
9426,78.41554293825408,0.3140642642974853,78.41274952314053,0.33253244849847885
9427,78.28690560681333,0.3342859745025635,78.41273617383362,0.33253263450951137
9428,78.41554293825408,0.3312501907348633,78.4127364715388,0.3325324984845035
9429,78.41554293825408,0.3341619968414306,78.41273676918084,0.33253267130223146
9430,78.41554293825408,0.3369085788726806,78.41273706675975,0.3325331353433312
9431,78.41554293825408,0.3390426635742187,78.41273736427554,0.33253382557005484
9432,78.41554293825408,0.3359029293060303,78.41273766172826,0.3325341827693483
9433,78.41554293825408,0.3278455734252929,78.4127379591179,0.3325336857260594
9434,78.41554293825408,0.3381392955780029,78.41273825644451,0.33253427991832696
9435,78.41554293825408,0.3350915908813476,78.41273855370808,0.33253455096347406
9436,78.41554293825408,0.3351449966430664,78.41273885090865,0.33253482761096026
9437,78.41554293825408,0.3388614654541015,78.41273914804624,0.3325354980187003
9438,78.41554293825408,0.335784912109375,78.41273944512085,0.3325358423092376
9439,78.41554293825408,0.3142457008361816,78.41273974213253,0.3325339045889841
9440,78.41554293825408,0.3377783298492431,78.41274003908127,0.33253446014250737
9441,78.41554293825408,0.3377666473388672,78.4127403359671,0.3325350143409182
9442,78.41554293825408,0.3347640037536621,78.41274063279006,0.3325352504126628
9443,78.41554293825408,0.3251264095306396,78.41274092955014,0.33253446582716223
9444,78.41554293825408,0.33465576171875,78.41274122624739,0.3325346904455328
9445,78.41554293825408,0.3368589878082275,78.4127415228818,0.3325351482853806
9446,78.41554293825408,0.3359251022338867,78.4127418194534,0.33253550716257185
9447,78.41554293825408,0.3368325233459472,78.41274211596223,0.33253596201767754
9448,78.41554293825408,0.3327386379241943,78.41274241240828,0.33253598346940344
9449,78.41554293825408,0.3369269371032715,78.41274270879158,0.3325364481697563
9450,78.41554293825408,0.3368654251098633,78.41274300511216,0.33253690626255417
9451,78.41554293825408,0.336198091506958,78.41274330137004,0.33253729364857093
9452,78.41554293825408,0.3230633735656738,78.41274359756522,0.33253629132947626
9453,78.41554293825408,0.3375499248504638,78.41274389369775,0.332536821704333
9454,78.41554293825408,0.3374407291412353,78.41274418976762,0.33253734041677613
9455,78.41554293825408,0.3335380554199219,78.41274448577487,0.33253744625654375
9456,78.41554293825408,0.3371241092681885,78.41274478171951,0.33253793130973874
9457,78.41554293825408,0.3377296924591064,78.41274507760156,0.33253848029579663
9458,78.41554293825408,0.3342621326446533,78.41274537342105,0.33253866253859093
9459,78.41554293825408,0.3337056636810303,78.41274566917798,0.3325387859132756
9460,78.41554293825408,0.3352394104003906,78.41274596487239,0.33253907139155126
9461,78.41554293825408,0.328303575515747,78.41274626050429,0.3325386237120379
9462,78.41554293825408,0.3167362213134765,78.4127465560737,0.3325369536208945
9463,78.41554293825408,0.3320281505584717,78.41274685158065,0.3325368998532667
9464,78.41554293825408,0.3362038135528564,78.41274714702514,0.3325372873124488
9465,78.41554293825408,0.3364937305450439,78.41274744240721,0.332537705320186
9466,78.41554293825408,0.3295619487762451,78.41274773772686,0.3325373909575678
9467,78.41554293825408,0.3357055187225342,78.41274803298413,0.33253772560716793
9468,78.41554293825408,0.3357682228088379,78.41274832817903,0.3325380668088158
9469,78.41554293825408,0.3399577140808105,78.41274862331157,0.33253885038123865
9470,78.41554293825408,0.3356091976165771,78.4127489183818,0.3325391745995317
9471,78.41554293825408,0.3348920345306396,78.4127492133897,0.3325394230273568
9472,78.41554293825408,0.3375513553619385,78.41274950833532,0.33253995215872656
9473,78.41554293825408,0.3103046417236328,78.41274980321867,0.33253760492865847
9474,78.41554293825408,0.335803747177124,78.41275009803977,0.3325379496766264
9475,78.41554293825408,0.337470531463623,78.41275039279863,0.33253847026573324
9476,78.41554293825408,0.3352839946746826,78.41275068749528,0.3325387600002635
9477,78.41554293825408,0.335662841796875,78.41275098212974,0.3325390896490761
9478,78.41554293825408,0.336045503616333,78.41275127670202,0.33253945960201625
9479,78.41554293825408,0.3249928951263428,78.41275157121217,0.33253866346693073
9480,78.41554293825408,0.3356139659881592,78.41275186566017,0.3325389878659309
9481,78.41554293825408,0.3174264430999756,78.41275216004605,0.3325373938837807
9482,78.41554293825408,0.3351747989654541,78.41275245436985,0.33253767203238666
9483,78.41554293825408,0.3172063827514648,78.41275274863158,0.332536055319397
9484,78.41554293825408,0.3241052627563476,78.41275304283124,0.33253516637037095
9485,78.41554293825408,0.3308186531066894,78.41275333696888,0.33253498539902
9486,78.41554293825408,0.3197751045227051,78.4127536310445,0.3325336402713712
9487,78.41554293825408,0.3370339870452881,78.41275392505813,0.33253411464122196
9488,78.41554293825408,0.3387360572814941,78.41275421900977,0.33253476830296735
9489,78.41554293825408,0.3345532417297363,78.41275451289945,0.3325349810201585
9490,78.41554293825408,0.3339157104492187,78.41275480672721,0.332535126513249
9491,78.41554293825408,0.3368322849273681,78.41275510049304,0.3325355792746455
9492,78.41554293825408,0.3343136310577392,78.41275539419699,0.33253576659573514
9493,78.41554293825408,0.3353354930877685,78.41275568783905,0.3325360615211004
9494,78.41554293825408,0.3388500213623047,78.41275598141925,0.332536726568482
9495,78.41554293825408,0.3335318565368652,78.4127562749376,0.3325368313741659
9496,78.41554293825408,0.3336954116821289,78.41275656839416,0.33253695338135925
9497,78.41554293825408,0.3372442722320556,78.4127568617889,0.33253744904513205
9498,78.41554293825408,0.3369324207305908,78.41275715512187,0.33253791177114655
9499,78.41554293825408,0.3349690437316894,78.41275744839307,0.33253816770671457
9500,78.41554293825408,0.3374881744384765,78.41275774160253,0.3325386887600547
9501,78.41554293825408,0.3349218368530273,78.41275803475027,0.33253893959134545
9502,78.41554293825408,0.3376011848449707,78.41275832783631,0.3325394723471078
9503,78.41554293825408,0.3263249397277832,78.41275862086066,0.3325388183922915
9504,78.2514194464159,0.3133699893951416,78.41274164493743,0.3325368014700485
9505,78.41554293825408,0.3244073390960693,78.41274193965529,0.33253594618731586
9506,78.41554293825408,0.3358221054077148,78.41274223431115,0.3325362918804802
9507,78.41554293825408,0.3124959468841553,78.41274252890503,0.33253418392371187
9508,78.41554293825408,0.317035436630249,78.41274282343694,0.33253255384932257
9509,78.41554293825408,0.3382039070129394,78.4127431179069,0.3325331502688371
9510,78.41554293825408,0.3349545001983642,78.41274341231492,0.33253340487976557
9511,78.41554293825408,0.3139946460723877,78.41274370666105,0.33253145568842846
9512,78.41554293825408,0.3344564437866211,78.41274400094528,0.33253165806312335
9513,78.41554293825408,0.3382670879364013,78.41274429516764,0.3325322609675566
9514,78.41554293825408,0.340693712234497,78.41274458932816,0.33253311880351066
9515,78.41554293825408,0.3392224311828613,78.41274488342684,0.33253382183161145
9516,78.41554293825408,0.3354907035827636,78.4127451774637,0.3325341325589918
9517,78.41554293825408,0.3374433517456054,78.41274547143878,0.33253464839582975
9518,78.41554293825408,0.320392370223999,78.4127457653521,0.3325333726784341
9519,78.41554293825408,0.3338234424591064,78.41274605920364,0.3325335082042016
9520,78.41554293825408,0.3362219333648681,78.41274635299347,0.3325338956438193
9521,78.41554293825408,0.3362712860107422,78.41274664672157,0.33253428818560765
9522,78.41554293825408,0.3344099521636963,78.41274694038798,0.3325344851677519
9523,78.41554293825408,0.3126347064971924,78.41274723399272,0.33253239551337094
9524,78.41554293825408,0.3260824680328369,78.4127475275358,0.33253171828453004
9525,78.41554293825408,0.3359537124633789,78.41274782101723,0.33253207754901076
9526,78.41554293825408,0.3293282985687256,78.41274811443706,0.3325317412295713
9527,78.41554293825408,0.3371913433074951,78.41274840779529,0.33253223032394286
9528,78.41554293825408,0.3315773010253906,78.41274870109194,0.33253213010046484
9529,78.41554293825408,0.3378016948699951,78.41274899432703,0.3325326831033791
9530,78.41554293825408,0.3404593467712402,78.41274928750059,0.3325335148624208
9531,78.41554293825408,0.3363461494445801,78.41274958061263,0.3325339148870333
9532,78.41554293825408,0.3385167121887207,78.41274987366316,0.33253454254096765
9533,78.41554293825408,0.3218903541564941,78.4127501666522,0.33253342597866986
9534,78.41554293825408,0.3360347747802734,78.4127504595798,0.332533793227338
9535,78.41554293825408,0.322880744934082,78.41275075244593,0.3325327808468143
9536,78.41554293825408,0.3374743461608886,78.41275104525066,0.33253329904787493
9537,78.41554293825408,0.3362882137298584,78.41275133799398,0.33253369276861333
9538,78.41554293825408,0.3247799873352051,78.41275163067591,0.33253287984080526
9539,78.41554293825408,0.3256111145019531,78.41275192329648,0.3325321542128213
9540,78.41554293825408,0.3377230167388916,78.4127522158557,0.33253269832839005
9541,78.41554293825408,0.3376946449279785,78.4127525083536,0.33253323935622775
9542,78.41554293825408,0.3368151187896728,78.41275280079019,0.33253368809647443
9543,78.41554293825408,0.3357019424438476,78.41275309316549,0.33253402009420546
9544,78.41554293825408,0.3377971649169922,78.41275338547952,0.3325345715553143
9545,78.41554293825408,0.3352367877960205,78.4127536777323,0.33253485465811583
9546,78.41554293825408,0.3362519741058349,78.41275396992386,0.33253524404837853
9547,78.41554293825408,0.3330707550048828,78.4127542620542,0.3325353001404448
9548,78.41554293825408,0.3387126922607422,78.41275455412334,0.332535947123281
9549,78.41554293825408,0.3377673625946045,78.41275484613132,0.33253649497284343
9550,78.41554293825408,0.317965030670166,78.41275513807814,0.33253496916506303
9551,78.41554293825408,0.3374378681182861,78.41275542996382,0.3325354825038708
9552,78.41554293825408,0.3336224555969238,78.4127557217884,0.33253559629921137
9553,78.41554293825408,0.3403887748718261,78.41275601355187,0.332536418363335
9554,78.41554293825408,0.3294017314910888,78.41275630525428,0.3325360902612968
9555,78.41554293825408,0.31764817237854,78.41275659689562,0.33253453213279
9556,78.41554293825408,0.3396713733673095,78.41275688847593,0.3325352789767869
9557,78.41554293825408,0.3390862941741943,78.41275717999521,0.3325359644445276
9558,78.41554293825408,0.3350000381469726,78.41275747145349,0.33253622224675633
9559,78.41554293825408,0.3372912406921386,78.4127577628508,0.33253671968565635
9560,78.41554293825408,0.3361344337463379,78.41275805418714,0.332537096015579
9561,78.41554293825408,0.3334345817565918,78.41275834546254,0.3325371898850217
9562,78.41554293825408,0.3369102478027344,78.41275863667701,0.33253764722218104
9563,78.41554293825408,0.3378736972808838,78.41275892783058,0.3325382052113119
9564,78.41554293825408,0.335869550704956,78.41275921892327,0.3325385535326726
9565,78.41554293825408,0.3351647853851318,78.4127595099551,0.3325388280995155
9566,78.41554293825408,0.3240103721618652,78.41275980092607,0.332537936561157
9567,78.41554293825408,0.3270554542541504,78.4127600918362,0.33253736349935004
9568,78.41554293825408,0.3221886157989502,78.41276038268555,0.332536281899465
9569,78.41554293825408,0.3384003639221191,78.4127606734741,0.3325368947202428
9570,78.41554293825408,0.3362412452697754,78.41276096420187,0.33253728179971503
9571,78.41554293825408,0.3240165710449219,78.41276125486888,0.3325363915363408
9572,78.41554293825408,0.3366475105285644,78.41276154547518,0.33253682103059407
9573,78.41554293825408,0.318840742111206,78.41276183602075,0.3325353903318664
9574,78.41554293825408,0.3252673149108886,78.41276212650564,0.33253463118465304
9575,78.41554293825408,0.332038402557373,78.41276241692984,0.33253457935920894
9576,78.41554293825408,0.3128433227539062,78.4127627072934,0.3325325230458625
9577,78.41554293825408,0.3214879035949707,78.4127629975963,0.3325313698016889
9578,78.41554293825408,0.325801134109497,78.4127632878386,0.3325306671251706
9579,78.41554293825408,0.3321602344512939,78.41276357802029,0.3325306284538402
9580,78.41554293825408,0.3368654251098633,78.41276386814141,0.3325310809378335
9581,78.41554293825408,0.3345751762390136,78.41276415820195,0.3325312942866803
9582,78.41554293825408,0.335608959197998,78.41276444820197,0.3325316154790109
9583,78.41554293825408,0.3327653408050537,78.41276473814145,0.33253163986858886
9584,78.41554293825408,0.3188586235046386,78.41276502802043,0.3325302132183005
9585,78.41554293825408,0.3326523303985595,78.41276531783892,0.33253022595874704
9586,78.41554293825408,0.3179998397827148,78.41276560759695,0.33252871016632307
9587,78.41554293825408,0.3390531539916992,78.41276589729452,0.3325293907174679
9588,78.41554293825408,0.3375487327575683,78.41276618693168,0.33252991421997524
9589,78.41554293825408,0.333751916885376,78.41276647650841,0.3325300416579422
9590,78.41554293825408,0.3328783512115478,78.41276676602476,0.3325300779780208
9591,78.41554293825408,0.3200821876525879,78.41276705548074,0.33252878010602355
9592,78.41554293825408,0.3356719017028808,78.41276734487636,0.3325291077875912
9593,78.41554293825408,0.3263373374938965,78.41276763421165,0.33252846234088074
9594,78.41554293825408,0.3189802169799804,78.41276792348661,0.33252705018272344
9595,78.41554293825408,0.3324105739593506,78.4127682127013,0.33252703804346095
9596,78.41554293825408,0.3305554389953613,78.41276850185568,0.33252683258295157
9597,78.41554293825408,0.3397622108459472,78.41276879094983,0.33252758650378755
9598,78.41554293825408,0.3394052982330322,78.41276907998372,0.3325283030813797
9599,78.41554293825408,0.3377032279968261,78.41276936895738,0.3325288421922158
9600,78.41554293825408,0.3326635360717773,78.41276965787087,0.33252885622282824
9601,78.41554293825408,0.3361022472381592,78.41276994672415,0.33252922841228927
9602,78.41554293825408,0.3265004158020019,78.41277023551727,0.332528600541782
9603,78.41554293825408,0.3395159244537353,78.41277052425025,0.33252932816064196
9604,78.41554293825408,0.3345491886138916,78.4127708129231,0.3325295384751415
9605,78.41554293825408,0.3346357345581054,78.41277110153584,0.33252975775635785
9606,78.41554293825408,0.3347601890563965,78.41277139008848,0.3325299899478319
9607,78.41554293825408,0.3256764411926269,78.41277167858105,0.3325292765566843
9608,78.41554293825408,0.3368613719940185,78.41277196701358,0.3325297274408888
9609,78.41554293825408,0.3333988189697265,78.41277225538607,0.3325298178864637
9610,78.41554293825408,0.3182799816131592,78.41277254369855,0.3325283350731158
9611,78.41554293825408,0.3360705375671386,78.41277283195103,0.33252870363023723
9612,78.41554293825408,0.3321068286895752,78.41277312014353,0.33252865973979395
9613,78.41554293825408,0.3340089321136474,78.41277340827608,0.3325288137263095
9614,78.41554293825408,0.3368954658508301,78.41277369634868,0.3325292679235348
9615,78.41554293825408,0.3360190391540527,78.41277398436137,0.33252963087426085
9616,78.41554293825408,0.3336598873138428,78.41277427231414,0.33252974841340804
9617,78.41554293825408,0.3339929580688476,78.41277456020704,0.3325299005616513
9618,78.41554293825408,0.334083080291748,78.41277484804006,0.33253006204841884
9619,78.41554293825408,0.3347172737121582,78.41277513581325,0.3325302894329353
9620,78.41554293825408,0.3370513916015625,78.4127754235266,0.3325307594019757
9621,78.41554293825408,0.3069684505462646,78.41277571118015,0.33252810247350095
9622,78.41554293825408,0.3353340625762939,78.4127759987739,0.3325283940927176
9623,78.41554293825408,0.3207833766937256,78.41277628630787,0.3325271735775561
9624,78.41554293825408,0.3337488174438476,78.41277657378211,0.33252730051478246
9625,78.41554293825408,0.3351292610168457,78.4127768611966,0.3325275708483411
9626,78.41554293825408,0.3352780342102051,78.41277714855138,0.3325278565810818
9627,78.41554293825408,0.3188238143920898,78.41277743584646,0.3325264330802831
9628,78.41554293825408,0.334214448928833,78.41277772308186,0.33252660840390674
9629,78.41554293825408,0.3367290496826172,78.4127780102576,0.3325270448398065
9630,78.41554293825408,0.3320410251617431,78.41277829737369,0.3325269943704734
9631,78.41554293825408,0.3231391906738281,78.41277858443017,0.33252601962188066
9632,78.41554293825408,0.3330304622650146,78.41277887142704,0.3325260719934175
9633,78.41554293825408,0.3213417530059814,78.41277915836433,0.332524910951272
9634,78.41554293825408,0.3364231586456299,78.41277944524204,0.33252531558566006
9635,78.41554293825408,0.3352546691894531,78.4127797320602,0.3325255988605541
9636,78.41554293825408,0.3120419979095459,78.41278001881885,0.3325234731236351
9637,78.41554293825408,0.3346719741821289,78.41278030551797,0.3325236960665695
9638,78.41554293825408,0.335221529006958,78.4127805921576,0.33252397598283223
9639,78.41554293825408,0.3352468013763428,78.41278087873775,0.3325242584629021
9640,78.41554293825408,0.333575963973999,78.41278116525845,0.3325243675609842
9641,78.41554293825408,0.3352916240692138,78.41278145171971,0.33252465459101305
9642,78.41554293825408,0.3358330726623535,78.41278173812155,0.3325249977167205
9643,78.41554293825408,0.33870530128479,78.412782024464,0.33252563862759554
9644,78.41554293825408,0.3161249160766601,78.41278231074706,0.33252393801347785
9645,78.41554293825408,0.3347148895263672,78.41278259697076,0.33252416517278455
9646,78.41554293825408,0.3372209072113037,78.41278288313511,0.3325246520836324
9647,78.41554293825408,0.3384449481964111,78.41278316924013,0.3325252657766056
9648,78.41554293825408,0.3342442512512207,78.41278345528583,0.3325254439467419
9649,78.41554293825408,0.3382036685943603,78.41278374127226,0.332526032424786
9650,78.41554293825408,0.3359932899475097,78.41278402719941,0.3325263917260837
9651,78.41554293825408,0.3385558128356933,78.4127843130673,0.33252701647182087
9652,78.41554293825408,0.3236680030822754,78.41278459887597,0.33252609862957166
9653,78.41554293825408,0.3337736129760742,78.41278488462542,0.3325262278654928
9654,78.41554293825408,0.3345496654510498,78.41278517031567,0.33252643746126503
9655,78.41554293825408,0.3217091560363769,78.41278545594673,0.3325253170799678
9656,78.41554293825408,0.3371627330780029,78.41278574151865,0.33252579734260224
9657,78.41554293825408,0.3152484893798828,78.4127860270314,0.33252400824578515
9658,78.41554293825408,0.3356404304504394,78.41278631248504,0.3325243309235864
9659,78.41554293825408,0.3312218189239502,78.41278659787957,0.3325241960740161
9660,78.41554293825408,0.3334975242614746,78.41278688321502,0.33252429683262763
9661,78.41554293825408,0.3219354152679443,78.4127871684914,0.3325232007885779
9662,78.41554293825408,0.3389041423797607,78.41278745370872,0.3325238612048055
9663,78.41554293825408,0.3376007080078125,78.41278773886701,0.33252438659514005
9664,78.41554293825408,0.3173534870147705,78.41278802396629,0.33252281675867684
9665,78.41554293825408,0.3282721042633056,78.41278830900657,0.33252237695396963
9666,78.41554293825408,0.3186945915222168,78.41278859398787,0.3325209463947485
9667,78.41554293825408,0.3384537696838379,78.41278887891022,0.332521560113926
9668,78.41554293825408,0.3171262741088867,78.41278916377362,0.3325199677177732
9669,78.41554293825408,0.3256738185882568,78.4127894485781,0.3325192596663584
9670,78.41554293825408,0.3336477279663086,78.41278973332368,0.3325193763642178
9671,78.41554293825408,0.3359742164611816,78.41279001801036,0.3325197336013284
9672,78.41554293825408,0.3361504077911377,78.41279030263819,0.33252010898120743
9673,78.41554293825408,0.3356523513793945,78.41279058720716,0.33252043279412985
9674,78.41554293825408,0.3379042148590088,78.41279087171729,0.33252098931491386
9675,78.41554293825408,0.3329737186431885,78.41279115616861,0.3325210361086429
9676,78.41554293825408,0.3362398147583008,78.41279144056114,0.3325214204388051
9677,78.41554293825408,0.3161933422088623,78.41279172489489,0.332519733130938
9678,78.41554293825408,0.326589822769165,78.41279200916989,0.3325191204102972
9679,78.41554293825408,0.3380320072174072,78.41279229338615,0.3325196899822372
9680,78.41554293825408,0.3331878185272217,78.41279257754367,0.3325197590037811
9681,78.41554293825408,0.3362412452697754,78.4127928616425,0.3325201434151297
9682,78.41554293825408,0.3210988044738769,78.41279314568264,0.33251896376847184
9683,78.41554293825408,0.3374810218811035,78.4127934296641,0.3325194762189637
9684,78.41554293825408,0.3272991180419922,78.41279371358694,0.33251893714852
9685,78.41554293825408,0.3293495178222656,78.41279399745112,0.33251860989820237
9686,78.41554293825408,0.3357539176940918,78.41279428125671,0.3325189439171778
9687,78.41554293825408,0.3372771739959717,78.41279456500368,0.3325194351146671
9688,78.41554293825408,0.3365497589111328,78.41279484869209,0.33251985112661964
9689,78.41554293825408,0.3247973918914795,78.41279513232193,0.33251905409294896
9690,78.41554293825408,0.3375120162963867,78.41279541589324,0.3325195693625262
9691,78.41554293825408,0.3383450508117676,78.41279569940603,0.3325201704853669
9692,78.41554293825408,0.3224830627441406,78.4127959828603,0.33251913487788226
9693,78.41554293825408,0.3384404182434082,78.4127962662561,0.33251974576030935
9694,78.41554293825408,0.3367486000061035,78.41279654959342,0.3325201819945002
9695,78.41554293825408,0.3345451354980469,78.4127968328723,0.33252039086025603
9696,78.41554293825408,0.3369555473327636,78.41279711609275,0.3325208482815094
9697,78.41554293825408,0.3262348175048828,78.41279739925477,0.3325202000366113
9698,78.41554293825408,0.3263008594512939,78.4127976823584,0.33251955873525174
9699,78.41554293825408,0.3359742164611816,78.41279796540366,0.3325199149222531
9700,78.41554293825408,0.3336160182952881,78.41279824839056,0.3325200279226008
9701,78.41554293825408,0.3364431858062744,78.4127985313191,0.3325204323301757
9702,78.41554293825408,0.3376612663269043,78.41279881418933,0.3325209622038096
9703,78.41554293825408,0.321387767791748,78.41279909700125,0.3325198148066735
9704,78.41554293825408,0.3328988552093506,78.41279937975489,0.33251985386689636
9705,78.41554293825408,0.3361866474151611,78.41279966245025,0.33252023169209455
9706,78.41554293825408,0.3339095115661621,78.41279994508737,0.33252037482828595
9707,78.41554293825408,0.3141336441040039,78.41280022766625,0.3325184806559645
9708,78.41554293825408,0.3326566219329834,78.41280051018691,0.3325184948855975
9709,78.41554293825408,0.3357665538787842,78.41280079264939,0.3325188294266412
9710,78.41554293825408,0.3354713916778564,78.41280107505368,0.3325191335010234
9711,78.41554293825408,0.3191189765930176,78.4128013573998,0.3325177536063773
9712,78.41554293825408,0.336456298828125,78.41280163968779,0.33251815914027577
9713,78.41554293825408,0.3365466594696045,78.41280192191763,0.3325185738937329
9714,78.41554293825408,0.3352718353271484,78.41280220408939,0.33251885732604025
9715,78.41554293825408,0.3399224281311035,78.41280248620305,0.33251961940229396
9716,78.41554293825408,0.3341243267059326,78.41280276825863,0.3325197845636056
9717,78.41554293825408,0.3233339786529541,78.41280305025616,0.33251883923007564
9718,78.41554293825408,0.3349883556365967,78.41280333219567,0.3325190933478372
9719,78.41554293825408,0.3271031379699707,78.41280361407713,0.3325185360934511
9720,78.41554293825408,0.3312342166900635,78.41280389590061,0.33251840396182525
9721,78.41554293825408,0.3354325294494629,78.4128041776661,0.332518703738133
9722,78.41554293825408,0.3373908996582031,78.41280445937365,0.3325192048897397
9723,78.41554293825408,0.3149850368499756,78.41280474102322,0.33251740151958237
9724,78.41554293825408,0.335587739944458,78.41280502261488,0.3325177172680835
9725,78.41554293825408,0.3374314308166504,78.41280530414862,0.3325182225342581
9726,78.41554293825408,0.3382561206817627,78.41280558562448,0.3325188124888281
9727,78.41554293825408,0.3354463577270508,78.41280586704245,0.3325191134598611
9728,78.41554293825408,0.3371436595916748,78.41280614840257,0.3325195888449487
9729,78.41554293825408,0.340503454208374,78.41280642970486,0.3325204094704357
9730,78.41554293825408,0.3159785270690918,78.41280671094931,0.332518709379747
9731,78.41554293825408,0.333838939666748,78.41280699213597,0.3325188450523692
9732,78.41554293825408,0.3235213756561279,78.41280727326483,0.3325179205281814
9733,78.41554293825408,0.3385701179504394,78.41280755433593,0.3325185423505817
9734,78.41554293825408,0.3193697929382324,78.41280783534928,0.33251719154419046
9735,78.41554293825408,0.335869550704956,78.4128081163049,0.33251753590568617
9736,78.41554293825408,0.3372676372528076,78.4128083972028,0.33251802379612855
9737,78.41554293825408,0.3389706611633301,78.412808678043,0.3325186864886794
9738,78.41554293825408,0.332902193069458,78.41280895882554,0.3325187258711584
9739,78.41554293825408,0.3320040702819824,78.4128092395504,0.33251867302634996
9740,78.3179559971611,0.3377482891082763,78.41279950102448,0.33251920994791895
9741,78.41554293825408,0.3347067832946777,78.41279978266265,0.33251943452171495
9742,78.41554293825408,0.338390588760376,78.41280006424297,0.33252003718587414
9743,78.41554293825408,0.3393335342407226,78.4128003457655,0.33252073650816244
9744,78.41554293825408,0.3331966400146484,78.41280062723025,0.33252080587428584
9745,78.41554293825408,0.3322348594665527,78.41280090863724,0.3325207765314015
9746,78.41554293825408,0.3375153541564941,78.41280118998648,0.3325212890060193
9747,78.41554293825408,0.3355648517608642,78.41280147127797,0.33252160126238073
9748,78.41554293825408,0.3378834724426269,78.41280175251177,0.33252215131071683
9749,78.41554293825408,0.3378815650939941,78.41280203368787,0.33252270105056536
9750,78.41554293825408,0.3389289379119873,78.41280231480629,0.3325233581004999
9751,78.41554293825408,0.3377583026885986,78.41280259586705,0.3325238949628307
9752,78.41554293825408,0.3340475559234619,78.41280287687017,0.3325240512037003
9753,78.41554293825408,0.3351068496704101,78.41280315781566,0.33252431602462384
9754,78.41554293825408,0.337010383605957,78.41280343870355,0.3325247759454339
9755,78.41554293825408,0.336911678314209,78.41280371953385,0.33252522565351883
9756,78.41554293825408,0.3353848457336426,78.41280400030658,0.3325255187675082
9757,78.41554293825408,0.3393824100494385,78.41280428102175,0.3325262215338587
9758,78.41554293825408,0.3363668918609619,78.4128045616794,0.3325266151258168
9759,78.41554293825408,0.3312232494354248,78.41280484227951,0.33252648157056625
9760,78.41554293825408,0.3364350795745849,78.41280512282215,0.3325268820416732
9761,78.41554293825408,0.336162805557251,78.41280540330729,0.3325272545366548
9762,78.41554293825408,0.3364655971527099,78.41280568373496,0.3325276579726941
9763,78.41554293825408,0.3356497287750244,78.41280596410519,0.3325279777587028
9764,78.41554293825408,0.3372073173522949,78.412806244418,0.3325284570028234
9765,78.30464868701206,0.336550235748291,78.41279516837524,0.33252886885932575
9766,78.41554293825408,0.3326859474182129,78.41279544973608,0.33252888494355254
9767,78.41554293825408,0.3364369869232178,78.4127957310393,0.3325292850768565
9768,78.41554293825408,0.3345997333526611,78.41279601228491,0.3325294970392107
9769,78.41554293825408,0.3352909088134765,78.41279629347297,0.3325297797100853
9770,78.41554293825408,0.3345963954925537,78.41279657460345,0.3325299912367775
9771,78.41554293825408,0.3306882381439209,78.41279685567638,0.33252980274500665
9772,78.41554293825408,0.3173198699951172,78.4127971366918,0.3325282462639639
9773,78.41554293825408,0.3240272998809814,78.4127974176497,0.33252737642395747
9774,78.41554293825408,0.3332905769348144,78.41279769855011,0.33252745450872423
9775,78.41554293825408,0.3279831409454345,78.41279797939305,0.33252698961731114
9776,78.41554293825408,0.3334975242614746,78.41279826017853,0.33252708889458654
9777,78.41554293825408,0.335580825805664,78.41279854090658,0.33252740123343394
9778,78.41554293825408,0.3384652137756347,78.4127988215772,0.33252800849591524
9779,78.41554293825408,0.334428071975708,78.41279910219043,0.33252820279630174
9780,78.41554293825408,0.3332564830780029,78.41279938274626,0.3325282772625882
9781,78.41554293825408,0.3344385623931885,78.41279966324474,0.33252847256829626
9782,78.41554293825408,0.3259403705596924,78.41279994368585,0.3325277990759625
9783,78.41554293825408,0.3350574970245361,78.41280022406964,0.3325280576569652
9784,78.41554293825408,0.3342046737670898,78.41280050439612,0.3325282290200181
9785,78.41554293825408,0.335904598236084,78.4128007846653,0.3325285740756355
9786,78.41554293825408,0.3345062732696533,78.41280106487719,0.3325287761703825
9787,78.41554293825408,0.3334629535675049,78.41280134503182,0.33252887162122513
9788,78.41554293825408,0.3204131126403808,78.4128016251292,0.3325276338035933
9789,78.41554293825408,0.3358280658721924,78.41280190516937,0.33252797096081754
9790,78.41554293825408,0.3339200019836426,78.41280218515233,0.3325281131498904
9791,78.41554293825408,0.3347816467285156,78.41280246507809,0.33252834331367126
9792,78.41554293825408,0.3336412906646728,78.41280274494667,0.3325284569725102
9793,78.41554293825408,0.3351519107818603,78.4128030247581,0.33252872486322904
9794,78.41554293825408,0.3344094753265381,78.4128033045124,0.3325289168941115
9795,78.41554293825408,0.3354036808013916,78.41280358420957,0.3325292103871087
9796,78.41554293825408,0.3357763290405273,78.41280386384963,0.3325295418610423
9797,78.41554293825408,0.3156158924102783,78.41280414343261,0.3325278154499521
9798,78.41554293825408,0.316324234008789,78.41280442295852,0.33252616168577154
9799,78.41554293825408,0.3361349105834961,78.41280470242737,0.3325265299630343
9800,78.41554293825408,0.3340544700622558,78.41280498183919,0.3325266858752893
9801,78.41554293825408,0.3330073356628418,78.412805261194,0.3325267349161818
9802,78.41554293825408,0.3344814777374267,78.4128055404918,0.33252693433903646
9803,78.41554293825408,0.3336694240570068,78.41280581973263,0.3325270508839429
9804,78.41554293825408,0.3197073936462402,78.41280609891649,0.3325257432893654
9805,78.2248048261178,0.3365633487701416,78.4127869248958,0.3325261550798275
9806,78.41554293825408,0.336172342300415,78.41278720594958,0.33252652691209555
9807,78.41554293825408,0.3326947689056396,78.41278748694604,0.3325265440673921
9808,78.41554293825408,0.3117365837097168,78.4127877678852,0.33252442437322843
9809,78.41554293825408,0.3370494842529297,78.4127880487671,0.33252488569037386
9810,78.41554293825408,0.3344690799713135,78.4127883295917,0.3325250838753159
9811,78.41554293825408,0.3187754154205322,78.41278861035909,0.3325236824209835
9812,78.41554293825408,0.3363018035888672,78.41278889106923,0.33252406747206054
9813,78.41554293825408,0.3169324398040771,78.41278917172215,0.3325224785973364
9814,78.41554293825408,0.3353421688079834,78.4127894523179,0.3325227659103801
9815,78.41554293825408,0.334970474243164,78.41278973285645,0.3325230152948256
9816,78.41554293825408,0.337052583694458,78.41279001333785,0.3325234767422991
9817,78.41554293825408,0.3229715824127197,78.41279029376211,0.3325225037470531
9818,78.41554293825408,0.3347549438476562,78.41279057412925,0.3325227311294223
9819,78.41554293825408,0.3168656826019287,78.41279085443928,0.33252113656291576
9820,78.41554293825408,0.3358001708984375,78.41279113469221,0.33252147047679925
9821,78.41554293825408,0.334611177444458,78.41279141488808,0.33252168325624815
9822,78.41554293825408,0.3345034122467041,78.41279169502688,0.3325218850205518
9823,78.41554293825408,0.3336687088012695,78.41279197510866,0.3325220017693842
9824,78.41554293825408,0.334324836730957,78.41279225513341,0.332522185282715
9825,78.41554293825408,0.3315279483795166,78.41279253510116,0.33252208408811923
9826,78.41554293825408,0.335482120513916,78.41279281501193,0.3325223853334302
9827,78.41554293825408,0.3356103897094726,78.41279309486572,0.33252269957016334
9828,78.41554293825408,0.3344647884368896,78.41279337466257,0.3325228971779031
9829,78.41554293825408,0.3334660530090332,78.41279365440249,0.3325229931343413
9830,78.41554293825408,0.3349359035491943,78.41279393408549,0.3325232385982696
9831,78.41554293825408,0.336937665939331,78.41279421371158,0.33252368762963375
9832,78.41554293825408,0.3331737518310547,78.4127944932808,0.33252375374682264
9833,78.41554293825408,0.3357467651367187,78.41279477279316,0.33252408152180385
9834,78.41554293825408,0.334397554397583,78.41279505224867,0.33252427203155327
9835,78.41554293825408,0.3237385749816894,78.41279533164736,0.3325233787222447
9836,78.41554293825408,0.3374392986297607,78.41279561098922,0.3325238785107672
9837,78.41554293825408,0.3336777687072754,78.4127958902743,0.3325239958117936
9838,78.41554293825408,0.3351643085479736,78.4127961695026,0.3325242641908072
9839,78.41554293825408,0.3167407512664795,78.41279644867414,0.33252266001223985
9840,78.41554293825408,0.3268988132476806,78.41279672778893,0.3325220884830971
9841,78.41554293825408,0.3344185352325439,78.412797006847,0.3325222811918411
9842,78.41554293825408,0.3148193359375,78.41279728584837,0.3325204824776311
9843,78.41554293825408,0.3313770294189453,78.41279756479305,0.33252036630846943
9844,78.41554293825408,0.3343477249145508,78.41279784368105,0.3325205519401848
9845,78.41554293825408,0.3350124359130859,78.4127981225124,0.3325208050518123
9846,78.41554293825408,0.3346204757690429,78.4127984012871,0.33252101830295155
9847,78.41554293825408,0.3366789817810058,78.41279868000518,0.33252144055982963
9848,78.41554293825408,0.3374574184417724,78.41279895866667,0.3325219417761052
9849,78.2735982966643,0.3188643455505371,78.4127848251849,0.33252055507733114
9850,78.41554293825408,0.3373568058013916,78.41278510519638,0.33252104606725236
9851,78.41554293825408,0.335853099822998,78.41278538515101,0.33252138431248185
9852,78.41554293825408,0.3366875648498535,78.41278566504882,0.3325218071891097
9853,78.41554293825408,0.336193323135376,78.41278594488979,0.33252217981835425
9854,78.41554293825408,0.3343598842620849,78.41278622467398,0.3325223663116
9855,78.41554293825408,0.3351454734802246,78.4127865044014,0.33252263248178454
9856,78.41554293825408,0.3408551216125488,78.41278678407204,0.33252347790478887
9857,78.41554293825408,0.3341615200042724,78.41278706368594,0.33252364408538126
9858,78.41554293825408,0.3381180763244629,78.41278734324311,0.33252421158713
9859,78.41554293825408,0.3262300491333008,78.41278762274356,0.33252357316919173
9860,78.41554293825408,0.3263723850250244,78.41278790218733,0.3325229493164388
9861,78.41554293825408,0.3370790481567383,78.41278818157443,0.3325234113485694
9862,78.41554293825408,0.3389894962310791,78.41278846090486,0.332524067005118
9863,78.41554293825408,0.3371140956878662,78.41278874017864,0.33252453238367247
9864,78.41554293825408,0.3360671997070312,78.4127890193958,0.332524891534861
9865,78.41554293825408,0.3238499164581299,78.41278929855636,0.33252401216587196
9866,78.41554293825408,0.3376719951629638,78.41278957766033,0.33252453395616155
9867,78.41554293825408,0.3348839282989502,78.41278985670772,0.3325247730758882
9868,78.41554293825408,0.3310906887054443,78.41279013569856,0.33252462774913805
9869,78.41554293825408,0.3391656875610351,78.41279041463285,0.3325253006703876
9870,78.41554293825408,0.3268716335296631,78.41279069351063,0.3325247278571008
9871,78.41554293825408,0.3340373039245605,78.4127909723319,0.3325248810914304
9872,78.41554293825408,0.3370263576507568,78.41279125109669,0.33252533707568477
9873,78.41554293825408,0.3350133895874023,78.412791529805,0.33252558908140867
9874,78.41554293825408,0.3355379104614258,78.41279180845686,0.3325258941575055
9875,78.41554293825408,0.3366472721099853,78.4127920870523,0.33252631151223483
9876,78.41554293825408,0.3369123935699463,78.4127923655913,0.33252675562746953
9877,78.41554293825408,0.3324728012084961,78.4127926440739,0.33252675016483724
9878,78.41554293825408,0.3360421657562256,78.41279292250012,0.3325271060481731
9879,78.41554293825408,0.336864709854126,78.41279320086997,0.332527545121339
9880,78.41554293825408,0.3328754901885986,78.41279347918348,0.33252758033845103
9881,78.41554293825408,0.3145451545715332,78.41279375744065,0.3325257604390718
9882,78.41554293825408,0.3163762092590332,78.4127940356415,0.3325241261999319
9883,78.41554293825408,0.335421085357666,78.41279431378605,0.3325244193254158
9884,78.41554293825408,0.3140144348144531,78.41279459187433,0.33252254660338926
9885,78.41554293825408,0.334425687789917,78.41279486990634,0.3325227391315821
9886,78.41554293825408,0.3376388549804687,78.4127951478821,0.3325232566427948
9887,78.41554293825408,0.3385548591613769,78.41279542580163,0.3325238666966553
9888,78.41554293825408,0.3347792625427246,78.41279570366494,0.3325240947908954
9889,78.41554293825408,0.3370068073272705,78.41279598147207,0.3325245480938114
9890,78.41554293825408,0.3362281322479248,78.41279625922301,0.3325249225714812
9891,78.41554293825408,0.3328855037689209,78.41279653691778,0.3325249590269657
9892,78.41554293825408,0.3179247379302978,78.41279681455642,0.332523483064461
9893,78.41554293825408,0.3374145030975342,78.41279709213893,0.3325239774564587
9894,78.41554293825408,0.3344013690948486,78.41279736966533,0.332524167206978
9895,78.41554293825408,0.3357384204864502,78.41279764713562,0.3325244920430851
9896,78.41554293825408,0.3324668407440185,78.41279792454985,0.33252448621736774
9897,78.41554293825408,0.3344347476959228,78.412798201908,0.33252467923156176
9898,78.41554293825408,0.3345234394073486,78.41279847921012,0.33252488116732415
9899,78.41554293825408,0.3356492519378662,78.41279875645621,0.33252519679221254
9900,78.41554293825408,0.3320837020874023,78.4127990336463,0.3325251521967878
9901,78.41554293825408,0.3263866901397705,78.41279931078039,0.33252453221274003
9902,78.41554293825408,0.3143913745880127,78.4127995878585,0.3325227009506087
9903,78.41554293825408,0.3381061553955078,78.41279986488067,0.3325232647650533
9904,78.41554293825408,0.3351306915283203,78.41280014184687,0.3325235280351223
9905,78.41554293825408,0.3394668102264404,78.41280041875717,0.3325242290227236
9906,78.41554293825408,0.3331081867218017,78.41280069561155,0.33252428797262257
9907,78.41554293825408,0.3353586196899414,78.41280097241005,0.33252457406646707
9908,78.41554293825408,0.3370277881622314,78.41280124915266,0.3325250285693027
9909,78.41554293825408,0.3320355415344238,78.41280152583943,0.3325249791710754
9910,78.41554293825408,0.3345043659210205,78.41280180247036,0.3325251789073771
9911,78.11834634492548,0.3342595100402832,78.41277209250592,0.3325253538979061
9912,78.41554293825408,0.3349804878234863,78.41277237205048,0.33252560159099787
9913,78.41554293825408,0.3355977535247803,78.41277265153865,0.3325259115024206
9914,78.41554293825408,0.3336718082427978,78.41277293097043,0.3325260270861144
9915,78.41554293825408,0.3396096229553222,78.41277321034586,0.3325267415183756
9916,78.41554293825408,0.3336367607116699,78.41277348966493,0.3325268534606097
9917,78.41554293825408,0.3337833881378174,78.41277376892768,0.33252698016572985
9918,78.41554293825408,0.3348910808563232,78.41277404813411,0.33252721853038913
9919,78.41554293825408,0.3365223407745361,78.41277432728424,0.3325276213050886
9920,78.41554293825408,0.3337409496307373,78.4127746063781,0.33252774361641174
9921,78.41554293825408,0.3341352939605713,78.41277488541567,0.33252790565152357
9922,78.41554293825408,0.3357429504394531,78.41277516439702,0.3325282296834514
9923,78.41554293825408,0.3380861282348633,78.41277544332213,0.3325287897860969
9924,78.41554293825408,0.3345117568969726,78.41277572219103,0.3325289896014043
9925,78.24698367636623,0.3384373188018799,78.41275901770278,0.33252958489905676
9926,78.41554293825408,0.3303520679473877,78.4127592981703,0.3325293655239861
9927,78.41554293825408,0.3334686756134033,78.4127595785813,0.33252946014573376
9928,78.41554293825408,0.3373715877532959,78.41275985893583,0.33252994787011003
9929,78.41554293825408,0.3252387046813965,78.41276013923388,0.3325292135319905
9930,78.41554293825408,0.3376283645629883,78.41276041947548,0.33252972704166134
9931,78.41554293825408,0.3378643989562988,78.41276069966064,0.33253026421535126
9932,78.41554293825408,0.3345367908477783,78.41276097978937,0.3325304662417943
9933,78.41554293825408,0.3288257122039795,78.41276125986171,0.33253009326746247
9934,78.41554293825408,0.3150739669799804,78.41276153987765,0.3325283360572463
9935,78.41554293825408,0.3272213935852051,78.41276181983723,0.33252780189091796
9936,78.41554293825408,0.3385457992553711,78.41276209974046,0.3325284075669812
9937,78.41554293825408,0.3338837623596191,78.41276237958735,0.3325285439617475
9938,78.41554293825408,0.3352017402648926,78.41276265937792,0.3325288129490994
9939,78.41554293825408,0.3355648517608642,78.41276293911218,0.3325291184163307
9940,78.41554293825408,0.335956335067749,78.41276321879018,0.3325294632067383
9941,78.41554293825408,0.3330991268157959,78.41276349841189,0.3325295205111955
9942,78.41554293825408,0.3402099609375,78.41276377797736,0.33253029303588133
9943,78.41554293825408,0.3408303260803222,78.41276405748658,0.33253112779732596
9944,78.41554293825408,0.3262608051300049,78.4127643369396,0.3325304972339041
9945,78.41554293825408,0.3361313343048095,78.41276461633642,0.3325308593090243
9946,78.41554293825408,0.3391306400299072,78.41276489567706,0.33253152287032745
9947,78.41554293825408,0.3336844444274902,78.41276517496152,0.33253163877678743
9948,78.41554293825408,0.3368406295776367,78.41276545418984,0.3325320719282551
9949,78.41554293825408,0.3258297443389892,78.41276573336202,0.332531398259787
9950,78.41554293825408,0.3378076553344726,78.4127660124781,0.33253192853687996
9951,78.41554293825408,0.3330156803131103,78.41276629153808,0.33253197715026317
9952,78.41554293825408,0.3366472721099853,78.41276657054196,0.3325323906646281
9953,78.41554293825408,0.3222653865814209,78.4127668494898,0.33253135911594095
9954,78.41554293825408,0.3318219184875488,78.41276712838157,0.3325312878440273
9955,78.41554293825408,0.3297505378723144,78.41276740721733,0.33253100851203615
9956,78.41554293825408,0.3347241878509521,78.41276768599707,0.3325312287992337
9957,78.41554293825408,0.3352746963500976,78.4127679647208,0.33253150433077444
9958,78.41554293825408,0.3368415832519531,78.41276824338857,0.33253193715653473
9959,78.41554293825408,0.3327960968017578,78.41276852200036,0.3325319636812506
9960,78.41554293825408,0.3203268051147461,78.41276880055622,0.3325307382637238
9961,78.41554293825408,0.3373680114746094,78.41276907905613,0.3325312238849678
9962,78.41554293825408,0.3334691524505615,78.41276935750015,0.3325313180355967
9963,78.41554293825408,0.3167860507965088,78.41276963588827,0.33252973766148863
9964,78.41554293825408,0.338637113571167,78.41276991422049,0.33253035060567865
9965,78.41554293825408,0.312114953994751,78.41277019249686,0.33252830189553206
9966,78.41554293825408,0.336879014968872,78.4127704707174,0.3325287384511284
9967,78.41554293825408,0.3377697467803955,78.4127707488821,0.33252926428722046
9968,78.41554293825408,0.3367674350738525,78.41277102699098,0.3325296894648676
9969,78.41554293825408,0.3271682262420654,78.41277130504407,0.33252915165132335
9970,78.41554293825408,0.3384900093078613,78.41277158304139,0.33252974953072717
9971,78.41554293825408,0.3350162506103515,78.41277186098296,0.3325299989040177
9972,78.41554293825408,0.320063829421997,78.41277213886876,0.3325287487867411
9973,78.41554293825408,0.3269147872924804,78.41277241669884,0.3325281858707184
9974,78.41554293825408,0.3381309509277344,78.41277269447322,0.33252874760774037
9975,78.41554293825408,0.333993911743164,78.41277297219189,0.33252889449136297
9976,78.41554293825408,0.3112087249755859,78.4127732498549,0.33252675734526077
9977,78.41554293825408,0.3380680084228515,78.41277352746224,0.33252731274779435
9978,78.41554293825408,0.3281242847442627,78.41277380501393,0.3325268714741921
9979,78.41554293825408,0.3360035419464111,78.41277408251,0.33252721987287653
9980,78.41554293825408,0.3363003730773926,78.41277435995045,0.3325275979443399
9981,78.41554293825408,0.3372414112091064,78.41277463733532,0.33252807022299585
9982,78.41554293825408,0.3366944789886474,78.41277491466461,0.33252848761517834
9983,78.41554293825408,0.3386397361755371,78.41277519193834,0.33252909978071576
9984,78.41554293825408,0.3373684883117676,78.41277546915651,0.33252958449511194
9985,78.41554293825408,0.3340892791748047,78.41277574631917,0.3325297406988855
9986,78.41554293825408,0.3311798572540283,78.41277602342632,0.3325296055212924
9987,78.41554293825408,0.3260152339935303,78.41277630047797,0.332528953236169
9988,78.41554293825408,0.335087776184082,78.41277657747415,0.3325292094258914
9989,78.41554293825408,0.3266797065734863,78.41277685441486,0.3325286238314523
9990,78.41554293825408,0.3274729251861572,78.41277713130013,0.3325281177555119
9991,78.41554293825408,0.3382856845855713,78.41277740812998,0.3325286940308427
9992,78.41554293825408,0.337062120437622,78.41277768490441,0.3325291477364478
9993,78.41554293825408,0.3341491222381592,78.41277796162345,0.33252930984737566
9994,78.41554293825408,0.3379724025726318,78.41277823828712,0.3325298544834298
9995,78.41554293825408,0.3194012641906738,78.41277851489542,0.3325285409676426
9996,78.41554293825408,0.3326456546783447,78.41277879144837,0.33252855268370013
9997,78.41554293825408,0.3343496322631836,78.41277906794602,0.33252873484630685
9998,78.41554293825408,0.316645860671997,78.41277934438834,0.3325271462411684
9999,78.41554293825408,0.3351709842681885,78.41277962077537,0.3325274106514121
10000,78.41554293825408,0.3329765796661377,78.41277989710711,0.3325274555683136
