ite,Acuracia,tExecS,MediaAcCumulativa,MediaTCumulativa
1,79.83498935415189,0.5006120204925537,79.83498935415189,0.5006120204925537
2,79.83498935415189,0.2747282981872558,79.83498935415189,0.3876701593399048
3,79.84386089425124,0.29494309425354,79.83794653418501,0.3567611376444499
4,79.84386089425124,0.2230434417724609,79.83942512420157,0.32333171367645264
5,79.83498935415189,0.2092533111572265,79.83853797019164,0.30051603317260744
6,79.84386089425124,0.267902135848999,79.83942512420157,0.29508038361867267
7,79.83498935415189,0.2524490356445312,79.8387914427659,0.2889901910509382
8,79.83498935415189,0.2647573947906494,79.83831618168914,0.2859610915184021
9,79.84386089425124,0.3023505210876465,79.83893226086269,0.28778213924831814
10,79.83498935415189,0.2889423370361328,79.83853797019161,0.2878981590270996
11,79.83498935415189,0.2407934665679931,79.83821536873346,0.2836159142580899
12,79.84386089425124,0.3998517990112304,79.83868582919327,0.2933022379875183
13,79.83498935415189,0.2077579498291015,79.83840148495932,0.2867219081291786
14,79.83498935415189,0.2337012290954589,79.83815776133022,0.28293471676962717
15,79.83498935415189,0.2213251590728759,79.83794653418501,0.2788274129231771
16,79.84386089425124,0.2630329132080078,79.83831618168915,0.277840256690979
17,79.84386089425124,0.2467997074127197,79.83864234125163,0.276014342027552
18,79.84386089425124,0.2345063686370849,79.83893226086272,0.2737083435058594
19,79.83498935415189,0.2568275928497314,79.8387247394569,0.27281988294501053
20,79.84386089425124,0.275789737701416,79.83898154719661,0.27296837568283083
21,79.83498935415189,0.21608567237854,79.83879144276591,0.27025967552548363
22,79.84386089425124,0.2230091094970703,79.8390218723789,0.26811192252419214
23,79.83498935415189,0.2079176902770996,79.83884654549945,0.26549478199170984
24,79.83498935415189,0.3079144954681396,79.83868582919331,0.2672622700532277
25,79.84386089425124,0.2092196941375732,79.83889283179563,0.26494056701660157
26,79.83498935415189,0.2452456951141357,79.83874269804011,0.2641830719434298
27,79.84386089425124,0.2277524471282959,79.83893226086273,0.2628337895428693
28,79.83498935415189,0.2298054695129394,79.83879144276591,0.2616542066846575
29,79.83498935415189,0.3219192028045654,79.83866033626197,0.2637323099991371
30,79.84386089425124,0.2507786750793457,79.83883368819494,0.2633005221684774
31,79.83498935415189,0.2541909217834472,79.83870967741936,0.26300666409154094
32,79.83498935415189,0.2164459228515625,79.83859341731724,0.2615516409277916
33,79.84386089425124,0.2316761016845703,79.83875303783039,0.2606463215567849
34,79.84386089425124,0.226823091506958,79.83890326890159,0.25965152067296643
35,79.83498935415189,0.2408754825592041,79.83879144276587,0.2591150624411447
36,79.83498935415189,0.2404508590698242,79.83868582919325,0.25859661234749687
37,79.83498935415189,0.2236683368682861,79.83858592446241,0.2576526049021128
38,79.83498935415189,0.3068358898162842,79.83849127787528,0.25894690187353836
39,79.83498935415189,0.2638640403747558,79.83840148495929,0.2590729823479286
40,79.83498935415189,0.2188260555267334,79.83831618168911,0.25806680917739866
41,79.84386089425124,0.2468421459197998,79.83845141858086,0.2577930369028231
42,79.83498935415189,0.3179121017456054,79.83836898847541,0.2592244432086036
43,79.83498935415189,0.247370958328247,79.83829039232835,0.2589487807695256
44,79.83498935415189,0.2878563404083252,79.83821536873342,0.25960577076131647
45,79.86160397444996,0.2605671882629394,79.83873511552711,0.25962713559468586
46,79.83498935415189,0.2483777999877929,79.838653685932,0.259382584820623
47,79.83498935415189,0.2787957191467285,79.83857572142604,0.25979563023181673
48,79.83498935415189,0.257936954498291,79.83850100544116,0.2597569078207016
49,79.83498935415189,0.2368395328521728,79.83842933908831,0.2592892062907316
50,79.83498935415189,0.222783088684082,79.83836053938958,0.2585590839385986
51,79.83498935415189,0.2235815525054931,79.83829443771825,0.2578732499889299
52,79.84386089425124,0.2024869918823242,79.83840148495928,0.25680812964072597
53,79.83498935415189,0.2845895290374756,79.83833710513271,0.25733230698783444
54,79.83498935415189,0.2286312580108642,79.83827510974417,0.2568008060808535
55,79.83498935415189,0.2006506919860839,79.8382153687334,0.2557798949154941
56,79.84386089425124,0.3108346462249756,79.83831618168908,0.25676301547459196
57,79.83498935415189,0.2814126014709472,79.83825781629369,0.25719546435172097
58,79.84386089425124,0.2196614742279052,79.83835442108607,0.25654832659096555
59,79.83498935415189,0.2336862087249755,79.83829738605328,0.2561608330678132
60,79.83498935415189,0.3886106014251709,79.83824225218827,0.25836832920710245
61,79.83498935415189,0.2356441020965576,79.83818892599093,0.25799580089381485
62,79.83498935415189,0.2545030117034912,79.83813731999354,0.2579394655842935
63,79.83498935415189,0.2606153488159179,79.83808735228176,0.2579819399213034
64,79.84386089425124,0.2335333824157714,79.83817756387504,0.25759993121027946
65,79.83498935415189,0.2808663845062256,79.83812851449467,0.2579578766456017
66,79.84386089425124,0.2308433055877685,79.83821536873342,0.2575470498113921
67,79.83498935415189,0.2989027500152588,79.83816721926205,0.25816429906816624
68,79.84386089425124,0.2348172664642334,79.8382509497766,0.2578209603534025
69,79.83498935415189,0.2273082733154297,79.83820368027479,0.2573787474977797
70,79.84386089425124,0.2014548778533935,79.83828449761731,0.2565798350742885
71,79.83498935415189,0.2163751125335693,79.83823808714597,0.2560135713765319
72,79.83498935415189,0.3008391857147217,79.83819296585438,0.2566361493534512
73,79.83498935415189,0.2657392024993896,79.83814908076256,0.25676084871161475
74,79.84386089425124,0.2353651523590088,79.83822626743134,0.25647171767982274
75,79.84386089425124,0.2358646392822265,79.83830139578893,0.25619695663452147
76,79.83498935415189,0.2924978733062744,79.8382578162937,0.25667460027493927
77,79.83498935415189,0.2219748497009277,79.83821536873343,0.2562239541635885
78,79.83498935415189,0.2638490200042724,79.83817400957211,0.25632171141795623
79,79.83498935415189,0.2548987865447998,79.8381336974782,0.2563036997107011
80,79.84386089425124,0.2178349494934082,79.83820528743786,0.2558228403329849
81,79.83498935415189,0.2286233901977539,79.83816558455779,0.25548704465230304
82,79.83498935415189,0.26198410987854,79.83812685004064,0.255566277155062
83,79.84386089425124,0.2662646770477295,79.83819593491064,0.25569517353931104
84,79.83498935415189,0.2686002254486084,79.83815776133018,0.25584880510965985
85,79.83498935415189,0.2628726959228515,79.83812048595162,0.2559314391192268
86,79.83498935415189,0.2437794208526611,79.83808407744232,0.25579013658124344
87,79.83498935415189,0.2519223690032959,79.83804850591024,0.25574567948264637
88,79.83498935415189,0.3285810947418213,79.83801374282207,0.2565733546560461
89,79.83498935415189,0.2565200328826904,79.8379797609269,0.25657275553499714
90,79.83498935415189,0.2284755706787109,79.83794653418495,0.2562605645921495
91,79.83498935415189,0.232145071029663,79.83791403770107,0.25599555916838596
92,79.84386089425124,0.2668285369873047,79.83797867744619,0.25611330892728723
93,79.84386089425124,0.2278132438659668,79.83804192708925,0.2558090071524343
94,79.83498935415189,0.2881052494049072,79.83800945290906,0.2561525841976734
95,79.83498935415189,0.2379302978515625,79.83797766239583,0.25596077065718803
96,79.84386089425124,0.2274336814880371,79.83803894606099,0.2556636134783427
97,79.84386089425124,0.2248940467834472,79.83809896614544,0.25534640145056026
98,79.83498935415189,0.2388463020324707,79.8380672354108,0.2551780330891512
99,79.83498935415189,0.3004992008209228,79.83803614570111,0.25563582266219936
100,79.83498935415189,0.25795578956604,79.83800567778562,0.2556590223312378
101,79.84386089425124,0.2858436107635498,79.83806365022588,0.2559578796424488
102,79.83498935415189,0.221811294555664,79.83803351006829,0.2556231092004215
103,79.83498935415189,0.244889497756958,79.83800395515648,0.25551889938058203
104,79.83498935415189,0.2311940193176269,79.83797496860838,0.2552850063030536
105,79.83498935415189,0.2132925987243652,79.83794653418498,0.254885078611828
106,79.86160397444996,0.215287446975708,79.83816971758371,0.2545115160492231
107,79.83498935415189,0.4413976669311523,79.83813999456099,0.25625811559017575
108,79.84386089425124,0.2410130500793457,79.83819296585442,0.2561169575761866
109,79.84386089425124,0.2228391170501709,79.8382449651975,0.25581165628695707
110,79.84386089425124,0.2468404769897461,79.83829601909798,0.25573010011152786
111,79.83498935415189,0.2673931121826172,79.8382662293237,0.2558351722923485
112,79.83498935415189,0.2054357528686523,79.83823697150967,0.2553851774760655
113,79.83498935415189,0.2480661869049072,79.83820823153306,0.2553204076480022
114,79.83498935415189,0.2198598384857177,79.83817999576657,0.25500935002377156
115,79.84386089425124,0.2307782173156738,79.83822939488383,0.25479864452196205
116,79.83498935415189,0.2468135356903076,79.83820146349821,0.2547298073768616
117,79.83498935415189,0.2818915843963623,79.83817400957217,0.25496195931719917
118,79.84386089425124,0.3419301509857178,79.83822220351013,0.2556989778906612
119,79.86160397444996,0.2530996799468994,79.83841868898021,0.25567713505079764
120,79.84386089425124,0.2439210414886474,79.8384640406908,0.25557916760444643
121,79.83498935415189,0.2759315967559814,79.83843532427314,0.25574736949826077
122,79.83498935415189,0.2518949508666992,79.8384070786164,0.2557157922963627
123,79.84386089425124,0.3478116989135742,79.8384514185809,0.2564645395046327
124,79.83498935415189,0.296574592590332,79.83842349870649,0.2567880076746787
125,79.83498935415189,0.205625295639038,79.83839602555005,0.2563787059783936
126,79.84386089425124,0.2866482734680176,79.83843939752387,0.2566189406410096
127,79.83498935415189,0.2441399097442627,79.83841223182803,0.25652068055520844
128,79.84386089425124,0.271129846572876,79.83845479950321,0.2566348146647215
129,79.84386089425124,0.2389066219329834,79.83849670721443,0.25649738681408785
130,79.83498935415189,0.2396976947784423,79.8384697275755,0.25636815841381366
131,79.84386089425124,0.2988109588623047,79.83851088151958,0.2566921492569319
132,79.84386089425124,0.2948203086853027,79.83855141191906,0.2569809989495711
133,79.84386089425124,0.2264003753662109,79.83859133283885,0.2567510694489443
134,79.83498935415189,0.2358086109161377,79.83856445240089,0.25659478244496814
135,79.83498935415189,0.2578833103179931,79.83853797019164,0.25660432709587944
136,79.84386089425124,0.2626912593841553,79.83857710933913,0.2566490839509403
137,79.83498935415189,0.2288053035736084,79.83855092134507,0.25644584467811304
138,79.83498935415189,0.2428514957427978,79.83852511288715,0.2563473349032195
139,79.84386089425124,0.2148311138153076,79.83856349980344,0.25604865705366614
140,79.83498935415189,0.2684390544891357,79.83853797019165,0.2561371598924909
141,79.83498935415189,0.2581093311309814,79.83851280270201,0.25615114692255114
142,79.84386089425124,0.2146658897399902,79.83855046531855,0.2558589972240824
143,79.83498935415189,0.2173714637756347,79.83852556244327,0.2555898536335338
144,79.86160397444996,0.2739274501800537,79.83868582919331,0.2557171980539958
145,79.83498935415189,0.2141966819763183,79.838660336262,0.25543084966725316
146,79.83498935415189,0.2279517650604248,79.83863519254892,0.25524263675898723
147,79.84386089425124,0.2209203243255615,79.83867074154008,0.2550091516403925
148,79.84386089425124,0.2248907089233398,79.83870581013949,0.254805648649061
149,79.83498935415189,0.2460312843322754,79.83868086748186,0.2547467602979417
150,79.83498935415189,0.2698416709899902,79.83865625739298,0.25484739303588866
151,79.84386089425124,0.2406647205352783,79.83869072518675,0.2547534680524409
152,79.87047551454933,0.2161295413970947,79.83889983564309,0.25449936327181366
153,79.84386089425124,0.2258319854736328,79.83893226086275,0.2543119947894726
154,79.86160397444996,0.2507882118225097,79.83907947978214,0.2542891130818949
155,79.83498935415189,0.228097915649414,79.83905309187486,0.25412013761458857
156,79.83498935415189,0.3031673431396484,79.83902704227407,0.25443454277821076
157,79.84386089425124,0.208634614944458,79.83905783114017,0.25414282349264544
158,79.84386089425124,0.2638287544250488,79.83908823027377,0.2542041268529771
159,79.84386089425124,0.2059040069580078,79.83911824702834,0.25390035251401505
160,79.84386089425124,0.2818536758422851,79.83914788857348,0.25407506078481673
161,79.83498935415189,0.2317266464233398,79.83912205916714,0.2539362507577268
162,79.84386089425124,0.3175990581512451,79.83915131123555,0.2543292310502794
163,79.84386089425124,0.2311499118804931,79.83918020438288,0.2541870266381948
164,79.84386089425124,0.2898879051208496,79.83920874517477,0.25440471492162564
165,79.83498935415189,0.2380647659301757,79.83918317310797,0.2543056849277381
166,79.83498935415189,0.2737650871276855,79.83915790913835,0.2544229102421956
167,79.84386089425124,0.2757971286773681,79.83918607072586,0.25455089957414273
168,79.84386089425124,0.2034649848937988,79.83921389705635,0.2542468167486645
169,79.83498935415189,0.2473764419555664,79.83918889976107,0.2542061636433799
170,79.84386089425124,0.2656793594360351,79.8392163820816,0.2542736530303955
171,79.83498935415189,0.2713043689727783,79.83919166262002,0.25437324786046794
172,79.84386089425124,0.2181689739227295,79.83921880931555,0.25416275789571363
173,79.83498935415189,0.2527480125427246,79.83919436159785,0.2541545801769102
174,79.87047551454933,0.2159011363983154,79.83937413833895,0.2539347327988723
175,79.84386089425124,0.2102971076965332,79.83939977694416,0.2536853749411447
176,79.83498935415189,0.2129585742950439,79.83937471772376,0.2534539726647464
177,79.83498935415189,0.2630395889282226,79.83934994165838,0.2535081286888338
178,79.84386089425124,0.2287213802337646,79.83937528408867,0.2533688772930188
179,79.83498935415189,0.2399449348449707,79.8393507816868,0.2532938832011303
180,79.84386089425124,0.290813684463501,79.8393758378677,0.25350232654147675
181,79.83498935415189,0.2314770221710205,79.83935160315104,0.2533806397769991
182,79.83498935415189,0.212533950805664,79.83932763474996,0.25315620742001377
183,79.83498935415189,0.2139410972595214,79.8393039282986,0.25294191720055753
184,79.83498935415189,0.237830638885498,79.83928047952608,0.25285979068797565
185,79.83498935415189,0.2075986862182617,79.83925728425379,0.2526151360692205
186,79.84386089425124,0.2507960796356201,79.83928203484517,0.25260535619592156
187,79.83498935415189,0.2116954326629638,79.83925907933344,0.25238658655136026
188,79.84386089425124,0.2765748500823974,79.83928355707236,0.2525152475275892
189,79.86160397444996,0.2695174217224121,79.83940165451881,0.25260520612121257
190,79.86160397444996,0.2251021862030029,79.83951850883423,0.25246045338480094
191,79.84386089425124,0.2365155220031738,79.83954124383642,0.25237697206866677
192,79.84386089425124,0.8408305644989014,79.83956374201566,0.2554418345292409
193,79.83498935415189,0.204817533493042,79.83954004052414,0.2551795324513332
194,79.83498935415189,0.241819143295288,79.83951658337789,0.25511066446599273
195,79.86160397444996,0.244941234588623,79.83962985205005,0.2550585135435447
196,79.83498935415189,0.2906100749969482,79.83960617604038,0.25523989906116407
197,79.84386089425124,0.2468786239624023,79.83962777359474,0.2551974560403582
198,79.83498935415189,0.2375013828277588,79.83960434723393,0.2551080819332238
199,79.84386089425124,0.2927734851837158,79.83962573691743,0.25529735531639214
200,79.83498935415189,0.2079420089721679,79.83960255500361,0.255060578584671
201,79.83498935415189,0.2240006923675537,79.83957960375558,0.2549060517875709
202,79.84386089425124,0.3649172782897949,79.83960079826299,0.25545066181976017
203,79.83498935415189,0.2509825229644775,79.83957808178954,0.25542865128352726
204,79.84386089425124,0.2258358001708984,79.83959907596827,0.2552835882878771
205,79.84386089425124,0.2557823657989502,79.83961986532574,0.2552860213489067
206,79.84386089425124,0.251636266708374,79.8396404528448,0.25526830409337015
207,79.84386089425124,0.2167127132415771,79.83966084145064,0.2550820452003663
208,79.83498935415189,0.2848267555236816,79.83963838237709,0.25522504861538226
209,79.83498935415189,0.2068502902984619,79.8396161382229,0.2549935904416171
210,79.83498935415189,0.2396101951599121,79.8395941059178,0.2549203361783709
211,79.84386089425124,0.2459187507629394,79.83961432766347,0.25487767463611766
212,79.84386089425124,0.3119370937347412,79.83963435863794,0.25514682283941303
213,79.83498935415189,0.3164901733398437,79.83961255110515,0.2554348197901193
214,79.83498935415189,0.2147462368011474,79.83959094738107,0.2552446862247503
215,79.83498935415189,0.2167451381683349,79.83956954462187,0.2550656185593716
216,79.83498935415189,0.2416028976440429,79.83954834003636,0.2550032911477266
217,79.84386089425124,0.2089431285858154,79.8395682135581,0.2547910323340772
218,79.83498935415189,0.2417342662811279,79.83954720961587,0.254731138911816
219,79.84386089425124,0.2550709247589111,79.83956690680598,0.25473269044536434
220,79.83498935415189,0.2924931049346924,79.83954609974847,0.2549043286930431
221,79.83498935415189,0.2936537265777588,79.83952548099012,0.2550796653350554
222,79.84386089425124,0.2511076927185058,79.83954500987869,0.2550617735665124
223,79.83498935415189,0.2651333808898926,79.83952458092925,0.25510693772491316
224,79.83498935415189,0.2667875289916992,79.83950433438113,0.2551590832216399
225,79.84386089425124,0.2458181381225586,79.83952369686945,0.25511756791008844
226,79.83498935415189,0.2798776626586914,79.83950363340611,0.2552271258514539
227,79.84386089425124,0.3308696746826172,79.8395228283878,0.2555603529388159
228,79.84386089425124,0.2390310764312744,79.83954185499248,0.2554878561120284
229,79.83498935415189,0.2627768516540527,79.83952197507614,0.25551968578688444
230,79.83498935415189,0.2623717784881592,79.83950226802865,0.25554947749428125
231,79.84386089425124,0.3966002464294433,79.83952113654044,0.25616008688361097
232,79.84386089425124,0.3380863666534424,79.83953984239265,0.25651321739986027
233,79.83498935415189,0.2272546291351318,79.8395203124002,0.2563876440596683
234,79.86160397444996,0.2123723030090332,79.83961468702434,0.25619954431158865
235,79.84386089425124,0.2065260410308838,79.83963275599127,0.25598816770188354
236,79.83498935415189,0.2587800025939941,79.83961308055974,0.25599999751074837
237,79.84386089425124,0.2847640514373779,79.83963100382428,0.2561213648268945
238,79.83498935415189,0.2115218639373779,79.83961150109457,0.2559339719660142
239,79.84386089425124,0.2705171108245849,79.83962928098225,0.2559949892834141
240,79.83498935415189,0.2575311660766601,79.83960994795379,0.25600139002005257
241,79.84386089425124,0.3069438934326172,79.83962758673512,0.2562127697022624
242,79.83498935415189,0.2931082248687744,79.83960842048478,0.2563652302608017
243,79.84386089425124,0.2599668502807617,79.83962592037682,0.25638005174236533
244,79.83498935415189,0.2726666927337646,79.83960691805623,0.2564468002710186
245,79.83498935415189,0.2289474010467529,79.83958807085662,0.25633455782520526
246,79.84386089425124,0.2338051795959472,79.83960544005743,0.256242974986875
247,79.83498935415189,0.4327771663665771,79.83958675145053,0.25695768831229887
248,79.83498935415189,0.2743561267852783,79.8395682135582,0.25702784330614153
249,79.83498935415189,0.3207767009735107,79.8395498245646,0.25728386281484583
250,79.83498935415189,0.213998794555664,79.83953158268295,0.25711072254180906
251,79.83498935415189,0.2272636890411377,79.83951348615494,0.2569918100577427
252,79.84386089425124,0.2327017784118652,79.83953073777437,0.2568954210432749
253,79.84386089425124,0.2316830158233642,79.83954785301736,0.25679576726770215
254,79.83498935415189,0.2349281311035156,79.83952990617145,0.25670967421193763
255,79.84386089425124,0.297696590423584,79.83954689043843,0.2568704072166892
256,79.83498935415189,0.2334272861480713,79.83952908756231,0.2567788325250149
257,79.83498935415189,0.2625131607055664,79.83951142322998,0.2568011450860287
258,79.83498935415189,0.2219276428222656,79.83949389583046,0.25666597647260325
259,79.84386089425124,0.2165908813476562,79.83951075682822,0.25651124637559575
260,79.84386089425124,0.3057870864868164,79.83952748812601,0.256700768837562
261,79.83498935415189,0.2827913761138916,79.83951010063952,0.25680073285011495
262,79.83498935415189,0.2450408935546875,79.83949284588194,0.256755847967308
263,79.84386089425124,0.3469409942626953,79.83950945443087,0.2570987572688114
264,79.84386089425124,0.2664344310760498,79.83952593715748,0.2571341196695964
265,79.84386089425124,0.2340385913848877,79.83954229548613,0.2570469667326729
266,79.83498935415189,0.2359352111816406,79.83952517916532,0.25696759923060136
267,79.84386089425124,0.2469003200531005,79.83954141779861,0.25692989406514255
268,79.83498935415189,0.2021260261535644,79.8395244324865,0.2567254020206964
269,79.84386089425124,0.2282073497772216,79.83954055316221,0.25661938695659425
270,79.83498935415189,0.223311185836792,79.83952369686958,0.25649602324874315
271,79.86160397444996,0.2134945392608642,79.83960517390862,0.25633734618605725
272,79.83498935415189,0.2594528198242187,79.83958820398304,0.25634880013325634
273,79.83498935415189,0.2369787693023681,79.83957135837927,0.25627784763937034
274,79.84386089425124,0.2258064746856689,79.83958701361968,0.25616663824902836
275,79.83498935415189,0.3059308528900146,79.83957029485799,0.256347599029541
276,79.84386089425124,0.3378210067749023,79.83958584050797,0.2566427925358648
277,79.83498935415189,0.2434797286987304,79.83956924669441,0.2565952724498102
278,79.86160397444996,0.2467958927154541,79.83964850830503,0.25656002288242036
279,79.84386089425124,0.2258470058441162,79.83966360646255,0.2564499403840752
280,79.83498935415189,0.2379920482635498,79.8396469127043,0.25638401934078764
281,79.84386089425124,0.2579452991485595,79.83966190907992,0.25638957549668717
282,79.83498935415189,0.2168402671813964,79.83964533973621,0.25624932972251946
283,79.84386089425124,0.2379908561706543,79.83966023568856,0.25618481214813127
284,79.83498935415189,0.2146196365356445,79.83964378892259,0.2560384558959746
285,79.84386089425124,0.2667195796966553,79.8396585857834,0.2560759335233454
286,79.83498935415189,0.2509920597076416,79.83964225979867,0.256058157740773
287,79.83498935415189,0.2928800582885742,79.83962604758388,0.2561864570458176
288,79.83498935415189,0.3214900493621826,79.8396099479539,0.25641320563024944
289,79.84386089425124,0.255824327468872,79.83962465711065,0.25641116798955266
290,79.83498935415189,0.3198404312133789,79.83960867330734,0.25662988958687616
291,79.86160397444996,0.2345943450927734,79.83968425853463,0.2565541660662779
292,79.84386089425124,0.2430105209350586,79.83969856208161,0.2565077837199381
293,79.84386089425124,0.2239067554473877,79.83971276799346,0.25639651741184066
294,79.83498935415189,0.3380851745605469,79.83969670195998,0.2566743699871764
295,79.83498935415189,0.2635929584503174,79.83968074484878,0.2566978228294243
296,79.83498935415189,0.2415454387664795,79.83966489555588,0.25664663234272517
297,79.84386089425124,0.2859649658203125,79.83967902349762,0.25674534727025916
298,79.84386089425124,0.2780413627624511,79.83969305662096,0.25681681040949467
299,79.84386089425124,0.2409186363220214,79.83970699587725,0.2567636392587005
300,79.83498935415189,0.2535533905029297,79.83969127040484,0.2567529384295146
301,79.84386089425124,0.2673356533050537,79.83970512297576,0.25678809695069577
302,79.83498935415189,0.239405870437622,79.83968950784721,0.25673053990926176
303,79.84386089425124,0.2934639453887939,79.83970327479904,0.2568517722705803
304,79.83498935415189,0.2769603729248047,79.83968776848113,0.2569179189832587
305,79.83498935415189,0.2898256778717041,79.83967236384397,0.2570258132746962
306,79.84386089425124,0.2458455562591552,79.83968605185186,0.2569892764870637
307,79.83498935415189,0.3540620803833008,79.83967075316228,0.2573054745453577
308,79.83498935415189,0.3167786598205566,79.83965555381484,0.2574985693027447
309,79.83498935415189,0.2457902431488037,79.83964045284506,0.2574606782795928
310,79.84386089425124,0.2188138961791992,79.83965406717218,0.2573360112405592
311,79.83498935415189,0.2637767791748047,79.83963906809495,0.25735672110529956
312,79.84386089425124,0.2480223178863525,79.83965259958904,0.2573268031462645
313,79.84386089425124,0.3797967433929443,79.83966604461992,0.25771808091063086
314,79.83498935415189,0.234684944152832,79.83965115070123,0.25764472697191176
315,79.83498935415189,0.2551281452178955,79.83963635134711,0.25763673782348634
316,79.83498935415189,0.2541377544403076,79.83962164565979,0.25762566509126106
317,79.83498935415189,0.2555177211761474,79.83960703275282,0.2576190154259137
318,79.83498935415189,0.2798781394958496,79.83959251175094,0.25768901267141664
319,79.83498935415189,0.2236664295196533,79.83957808178981,0.25758235880573715
320,79.84386089425124,0.2375669479370117,79.83959146557876,0.2575198106467724
321,79.83498935415189,0.2554543018341064,79.83957712878303,0.25751337603987934
322,79.83498935415189,0.2967686653137207,79.83956288103573,0.2576352868761335
323,79.84386089425124,0.3540213108062744,79.8395761875782,0.2579336956189513
324,79.83498935415189,0.2680604457855224,79.83956203068492,0.25796495102069994
325,79.83498935415189,0.2293636798858642,79.83954796091098,0.25787694710951586
326,79.84386089425124,0.2153534889221191,79.83956119076785,0.2577465070537263
327,79.83498935415189,0.2333619594573974,79.83954720961611,0.25767193657178034
328,79.83498935415189,0.240861177444458,79.83953331371532,0.2576206842573678
329,79.83498935415189,0.2437992095947265,79.83951950228807,0.2575786736960831
330,79.83498935415189,0.2568056583404541,79.83950577456645,0.2575763312253085
331,79.84386089425124,0.2938785552978515,79.83951893202774,0.2576860056182769
332,79.83498935415189,0.3608014583587646,79.83950528872089,0.2579965943313507
333,79.83498935415189,0.2387852668762207,79.83949172735582,0.25793890265731123
334,79.83498935415189,0.2278797626495361,79.83947824719652,0.25784890523213827
335,79.83498935415189,0.2068226337432861,79.8394648475158,0.25769658800381334
336,79.83498935415189,0.2269139289855957,79.83945152759507,0.2576049729472115
337,79.84386089425124,0.2300410270690918,79.83946461176913,0.25752318082294406
338,79.84386089425124,0.4707379341125488,79.83947761852204,0.25815399370249914
339,79.84386089425124,0.2408080101013183,79.83949054853895,0.2581028256092803
340,79.83498935415189,0.2309455871582031,79.83947730973192,0.2580229513785418
341,79.84386089425124,0.2238297462463379,79.8394901648185,0.25792267804970836
342,79.83498935415189,0.2733654975891113,79.83947700455339,0.2579678324928061
343,79.84386089425124,0.2724947929382324,79.83948978557292,0.2580101851471659
344,79.84386089425124,0.3148896694183349,79.8395024922842,0.2581755324851635
345,79.84386089425124,0.2771365642547607,79.83951512533338,0.2582304919975391
346,79.84386089425124,0.2955586910247803,79.83952768535916,0.25833837696582596
347,79.83498935415189,0.2531197071075439,79.83951460659488,0.2583233375714217
348,79.83498935415189,0.233823537826538,79.83950160299591,0.25825293584801684
349,79.83498935415189,0.258378267288208,79.83948867391612,0.2582532949638913
350,79.83498935415189,0.2583029270172119,79.83947581871679,0.2582534367697579
351,79.83498935415189,0.2570598125457763,79.83946303676647,0.2582500361309432
352,79.84386089425124,0.2850182056427002,79.83947553067979,0.25832608206705615
353,79.83498935415189,0.2357540130615234,79.83946282196442,0.2582621385287968
354,79.83498935415189,0.2627742290496826,79.83945018504969,0.2582748845472174
355,79.84386089425124,0.2379155158996582,79.83946260958265,0.2582175342129989
356,79.83498935415189,0.2154552936553955,79.83945004425841,0.25809741555974725
357,79.84386089425124,0.2902336120605469,79.83946239958053,0.25818743291689233
358,79.83498935415189,0.2679250240325928,79.83944990504023,0.25821463289207586
359,79.83498935415189,0.2749357223510742,79.83943748010739,0.2582612097429366
360,79.83498935415189,0.3258426189422607,79.83942512420195,0.2584489358796014
361,79.83498935415189,0.272831916809082,79.8394128367503,0.2584887779320376
362,79.83498935415189,0.2538545131683349,79.8394006171851,0.2584759760956738
363,79.84386089425124,0.3158197402954101,79.83941290444976,0.2586339478978769
364,79.83498935415189,0.309011697769165,79.83940075183905,0.2587723483096112
365,79.83498935415189,0.2569084167480469,79.83938866581799,0.25876724164779874
366,79.83498935415189,0.2760128974914551,79.83937664584077,0.2588143609260601
367,79.83498935415189,0.2309303283691406,79.8393646913675,0.25873838263571425
368,79.84386089425124,0.2648079395294189,79.83937690931012,0.25875487599683844
369,79.83498935415189,0.2688002586364746,79.83936501891674,0.25878209925602447
370,79.83498935415189,0.2377903461456298,79.83935319279576,0.2587253647881585
371,79.84386089425124,0.2909398078918457,79.83936534293446,0.25881219617118734
372,79.83498935415189,0.2306907176971435,79.83935357952376,0.2587366007989453
373,79.83498935415189,0.2823731899261474,79.83934187918764,0.2587999696706
374,79.84386089425124,0.2318837642669677,79.83935396211562,0.2587280012069539
375,79.84386089425124,0.2508482933044433,79.83936598060131,0.2587069886525472
376,79.83498935415189,0.2601771354675293,79.83935434063736,0.25871089861748064
377,79.84386089425124,0.2792243957519531,79.83936629436047,0.2587653110767233
378,79.84386089425124,0.2647736072540283,79.83937818483638,0.2587812060401553
379,79.83498935415189,0.2538015842437744,79.83936660480819,0.2587680671963654
380,79.84386089425124,0.2378227710723877,79.83937843188568,0.25871294799603917
381,79.84386089425124,0.2859139442443847,79.83939019687877,0.25878434168697967
382,79.83498935415189,0.2718255519866943,79.83937867634806,0.258818480980958
383,79.83498935415189,0.4107975959777832,79.8393672159768,0.25921529329165466
384,79.84386089425124,0.2827250957489013,79.83937891826398,0.25927651673555374
385,79.83498935415189,0.22373628616333,79.83936751679875,0.25918420444835316
386,79.83498935415189,0.2218055725097656,79.83935617440848,0.25908736861431536
387,79.84386089425124,0.2507712841033935,79.83936781451143,0.2590658800238479
388,79.83498935415189,0.2748055458068847,79.83935652981978,0.25910644617277323
389,79.83498935415189,0.2936370372772217,79.83934530314711,0.25919521375916
390,79.84386089425124,0.222130537033081,79.83935688158586,0.259100176126529
391,79.83498935415189,0.2227907180786132,79.83934571143897,0.2590073130624678
392,79.84386089425124,0.2441320419311523,79.83935722976247,0.2589693659422349
393,79.84386089425124,0.3418207168579101,79.83936868946854,0.2591801836290432
394,79.84386089425124,0.2174594402313232,79.83938009100353,0.25907429341737387
395,79.83498935415189,0.2279877662658691,79.83936897521404,0.2589955933486359
396,79.83498935415189,0.2595021724700928,79.83935791556489,0.2589968725888416
397,79.83498935415189,0.3009202480316162,79.83934691163186,0.25910247303076295
398,79.83498935415189,0.2598340511322021,79.83933596299498,0.2591043111666962
399,79.83498935415189,0.2388880252838134,79.83932506923848,0.2590536437835311
400,79.83498935415189,0.2501311302185058,79.83931422995077,0.25903133749961854
401,79.83498935415189,0.3176882266998291,79.83930344472434,0.25917761403128986
402,79.84386089425124,0.2568073272705078,79.83931478166346,0.2591717177955665
403,79.83498935415189,0.2354378700256347,79.83930404859272,0.25911282487306053
404,79.84386089425124,0.2189433574676513,79.83931532791365,0.25901339549829466
405,79.83498935415189,0.2227904796600341,79.83930464649697,0.2589239561999286
406,79.84386089425124,0.2989296913146972,79.83931586878208,0.2590224924933147
407,79.84386089425124,0.3034944534301758,79.83932703592082,0.2591317602106043
408,79.84386089425124,0.2764337062835693,79.83933814831869,0.2591741669411753
409,79.83498935415189,0.2276711463928222,79.83932751557012,0.259097142441057
410,79.84386089425124,0.2327103614807129,79.8393385725913,0.25903278443871475
411,79.83498935415189,0.2884106636047363,79.8393279905513,0.2591042634634496
412,79.83498935415189,0.2343103885650634,79.83931745988042,0.2590440841554438
413,79.84386089425124,0.2168159484863281,79.83932846093217,0.2589418368535815
414,79.84386089425124,0.2803497314453125,79.83933940883874,0.25899354674389974
415,79.83498935415189,0.2359118461608886,79.83932892677926,0.258937928188278
416,79.83498935415189,0.3358778953552246,79.83931849511428,0.25912288003242934
417,79.86160397444996,0.3121347427368164,79.83937193751078,0.2592500068015046
418,79.84386089425124,0.2476601600646972,79.83938267664175,0.25922227989543567
419,79.83498935415189,0.2479510307312011,79.83937219138521,0.2591953795394351
420,79.83498935415189,0.2679305076599121,79.83936175605847,0.2592161774635315
421,79.83498935415189,0.323077917098999,79.83935137030572,0.25936786805648987
422,79.83498935415189,0.3061146736145019,79.83934103377455,0.25947864247724345
423,79.84386089425124,0.2254595756530761,79.83935171902391,0.259398219151418
424,79.84386089425124,0.2633020877838135,79.83936235387114,0.2594074263887585
425,79.84386089425124,0.21879243850708,79.83937293867204,0.25931186171138987
426,79.83498935415189,0.2421519756317138,79.83936264856753,0.25927158028866765
427,79.84386089425124,0.2749574184417724,79.83937318310075,0.25930831527263276
428,79.84386089425124,0.3969020843505859,79.83938366840718,0.2596297960415065
429,79.83498935415189,0.2354567050933838,79.83937342525041,0.25957344851015884
430,79.83498935415189,0.2265267372131347,79.83936322973624,0.25949659569318906
431,79.84386089425124,0.2335014343261718,79.83937366515275,0.2594362820937296
432,79.83498935415189,0.2384657859802246,79.83936351628469,0.25938773927865205
433,79.83498935415189,0.2372932434082031,79.83935341429363,0.25933671272929765
434,79.83498935415189,0.2589023113250732,79.8393433588555,0.2593357118044031
435,79.84386089425124,0.2490596771240234,79.83935374399435,0.2593120887361724
436,79.83498935415189,0.2587885856628418,79.8393437339259,0.25931088804105007
437,79.83498935415189,0.2686278820037842,79.83933376967013,0.2593322083933675
438,79.83498935415189,0.3578217029571533,79.83932385091325,0.2595570702531022
439,79.84386089425124,0.2235748767852783,79.8393341858639,0.25947510625887027
440,79.84386089425124,0.2512037754058838,79.83934447383751,0.25945630777965895
441,79.83498935415189,0.2978854179382324,79.83933459828268,0.2595434486190208
442,79.83498935415189,0.291532039642334,79.8393247674136,0.25961582099690156
443,79.83498935415189,0.2656841278076172,79.83931498092768,0.2596295192064066
444,79.83498935415189,0.2519891262054443,79.83930523852503,0.2596123111140621
445,79.86160397444996,0.2569215297698974,79.83935534804397,0.25960626441441226
446,79.84386089425124,0.2530806064605713,79.83936545016552,0.2595916328943364
447,79.83498935415189,0.2459833621978759,79.83935566024155,0.2595611893357313
448,79.84386089425124,0.2537758350372314,79.83936571656747,0.2595482755984579
449,79.84386089425124,0.2672691345214844,79.83937572809906,0.25956547127534657
450,79.83498935415189,0.21207857131958,79.8393659806014,0.25945994483100043
451,79.84386089425124,0.2908422946929931,79.83937594715051,0.2595295287553064
452,79.84386089425124,0.2248485088348388,79.83938586959985,0.2594528008351284
453,79.84386089425124,0.230900764465332,79.83939574824147,0.2593897720572701
454,79.83498935415189,0.2859036922454834,79.83938604252762,0.2594481727625305
455,79.84386089425124,0.2218976020812988,79.83939587736657,0.25936564403575857
456,79.83498935415189,0.2254750728607177,79.83938621393848,0.2592913226077431
457,79.84386089425124,0.3528347015380859,79.83939600536148,0.2594960127148117
458,79.84386089425124,0.2529067993164062,79.83940575402718,0.2594816257859942
459,79.83498935415189,0.2726964950561523,79.83939613224096,0.2595104163508529
460,79.84386089425124,0.2413668632507324,79.83940583824534,0.25947097384411355
461,79.83498935415189,0.2439520359039306,79.83939625801953,0.2594373102043301
462,79.83498935415189,0.2137598991394043,79.83938671926659,0.2593384413492112
463,79.84386089425124,0.2667710781097412,79.83939638271147,0.25935449456035703
464,79.83498935415189,0.2618155479431152,79.8393868848051,0.2593597985547164
465,79.84386089425124,0.2522330284118652,79.83939650633079,0.25934447216731243
466,79.84386089425124,0.2215125560760498,79.83940608656238,0.2592632877980179
467,79.84386089425124,0.2247986793518066,79.83941562576514,0.2591894877799318
468,79.86160397444996,0.2765979766845703,79.83946303676662,0.2592266854057964
469,79.84386089425124,0.2594871520996094,79.83947241386147,0.2592272407718813
470,79.83498935415189,0.267629861831665,79.83946287543655,0.2592451186890298
471,79.83498935415189,0.2928221225738525,79.8394533775145,0.25931640744462386
472,79.84386089425124,0.2495484352111816,79.8394627154737,0.2592957125881971
473,79.83498935415189,0.2243978977203369,79.83945325805018,0.2592219328527471
474,79.83498935415189,0.21274995803833,79.83944384053142,0.2591238907117884
475,79.86160397444996,0.3401024341583252,79.83949049344493,0.2592943718558864
476,79.84386089425124,0.2922823429107666,79.83949967495923,0.2593636743160857
477,79.84386089425124,0.2247829437255859,79.83950881797662,0.2592911780255396
478,79.83498935415189,0.3078937530517578,79.83949936303138,0.2593928570527911
479,79.84386089425124,0.2569043636322021,79.83950846852453,0.25938766186819695
480,79.84386089425124,0.2115917205810547,79.83951753607813,0.25928808699051537
481,79.84386089425124,0.2668161392211914,79.83952656592881,0.2593037378267538
482,79.83498935415189,0.2379593849182129,79.83951715262637,0.25925945493690206
483,79.84386089425124,0.2548255920410156,79.83952614588026,0.2592502750965379
484,79.84386089425124,0.2718722820281982,79.83953510197193,0.2592763536232562
485,79.83498935415189,0.355802059173584,79.83952572929601,0.2594753756965559
486,79.83498935415189,0.2238156795501709,79.83951639519078,0.25940200183617235
487,79.83498935415189,0.2531278133392334,79.83950709941863,0.2593891184922361
488,79.84386089425124,0.2568373680114746,79.83951602112936,0.2593838894953493
489,79.83498935415189,0.2667343616485595,79.83950676414167,0.2593989211357444
490,79.83498935415189,0.2640163898468017,79.83949754493761,0.2594083445412772
491,79.83498935415189,0.2729499340057373,79.83948836328632,0.25943592415322114
492,79.84386089425124,0.2748012542724609,79.83949725054438,0.25946715449899194
493,79.84386089425124,0.223757266998291,79.83950610174865,0.2593947206501061
494,79.83498935415189,0.2268707752227783,79.8394969585349,0.259328882703897
495,79.83498935415189,0.2656331062316894,79.83948785226342,0.2593416185090036
496,79.84386089425124,0.2338733673095703,79.83949666888033,0.25929027122835957
497,79.83498935415189,0.2258384227752685,79.83948759983662,0.25922296368620046
498,79.84386089425124,0.2489466667175293,79.83949638155231,0.2592023285517252
499,79.84386089425124,0.2558891773223877,79.83950512807074,0.2591956889701033
500,79.84386089425124,0.2388226985931396,79.83951383960311,0.2591549429893494
501,79.84386089425124,0.2469246387481689,79.8395225163589,0.25913053120443685
502,79.84386089425124,0.222869873046875,79.83953115854594,0.2590582988176688
503,79.83498935415189,0.2788364887237549,79.83952212911375,0.2590976192747385
504,79.83498935415189,0.344897985458374,79.83951313551263,0.25926785809653147
505,79.83498935415189,0.2418069839477539,79.83950417752973,0.259233282108118
506,79.84386089425124,0.2487452030181884,79.83951278764184,0.25921255467908655
507,79.84386089425124,0.2895886898040771,79.839521363789,0.2592724681605954
508,79.83498935415189,0.2728383541107178,79.83951244251018,0.25929917266049723
509,79.83498935415189,0.3918704986572265,79.83950355628552,0.2595596271320036
510,79.83498935415189,0.2710692882537842,79.83949470490879,0.2595821950949875
511,79.83498935415189,0.2360706329345703,79.8394858881754,0.2595361842101334
512,79.84386089425124,0.2646350860595703,79.83949443310915,0.2595461430028081
513,79.83498935415189,0.2594683170318603,79.83948565127882,0.2595459912952624
514,79.83498935415189,0.2125792503356933,79.83947690361904,0.25945461631285077
515,79.83498935415189,0.2495198249816894,79.83946818993077,0.25943532545589704
516,79.83498935415189,0.2650458812713623,79.83945951001647,0.2594461986260821
517,79.83498935415189,0.2413153648376464,79.83945086368017,0.2594111293150793
518,79.83498935415189,0.2999637126922607,79.83944225072742,0.2594894161555758
519,79.83498935415189,0.2580242156982422,79.83943367096524,0.25948659303330734
520,79.83498935415189,0.4158494472503662,79.83942512420212,0.2597872908298786
521,79.84386089425124,0.2328109741210937,79.83943363815617,0.25973551287074464
522,79.83498935415189,0.2729156017303467,79.83942512420214,0.2597607620831194
523,79.83498935415189,0.2109694480895996,79.83941664280624,0.2596674708517742
524,79.84386089425124,0.2435154914855957,79.83942512420214,0.2596366464636708
525,79.84386089425124,0.2426936626434326,79.83943357328795,0.25960437411353704
526,79.86160397444996,0.2726674079895019,79.83947572233959,0.25962920877870044
527,79.83498935415189,0.326857328414917,79.83946720930697,0.259756776368143
528,79.84386089425124,0.226891279220581,79.83947553067998,0.2596945311083938
529,79.83498935415189,0.2498767375946045,79.83946705019504,0.2596759719524131
530,79.83498935415189,0.2483084201812744,79.83945860171195,0.2596545237415242
531,79.83498935415189,0.2505121231079101,79.83945018504987,0.25963730641453053
532,79.86160397444996,0.2307960987091064,79.83949182751115,0.2595830936180918
533,79.84386089425124,0.2468371391296386,79.8395000246345,0.2595591800074193
534,79.83498935415189,0.2321820259094238,79.83949157768603,0.2595079119285841
535,79.83498935415189,0.2768521308898926,79.83948316231495,0.25954033102944635
536,79.84386089425124,0.2387089729309082,79.83949132972528,0.25950146655538187
537,79.84386089425124,0.2514100074768066,79.83949946671694,0.2594863986613808
538,79.84386089425124,0.2578001022338867,79.83950757345957,0.25948326428140406
539,79.86160397444996,0.2762074470520019,79.83954856863767,0.2595142924498096
540,79.83498935415189,0.2664761543273926,79.83954012564789,0.25952718478661996
541,79.84386089425124,0.238802433013916,79.83954811228116,0.2594888765578349
542,79.83498935415189,0.2407824993133545,79.8395397012883,0.2594543629466827
543,79.83498935415189,0.244302749633789,79.83953132127516,0.2594264594230863
544,79.83498935415189,0.2244203090667724,79.8395229720709,0.2593621098819901
545,79.84386089425124,0.288881778717041,79.83953093156114,0.2594162744119627
546,79.84386089425124,0.2395460605621338,79.83953886189573,0.2593798820789044
547,79.84386089425124,0.276947021484375,79.8395467632346,0.25941199750743354
548,79.86160397444996,0.2368152141571045,79.83958701362003,0.25937076250131985
549,79.84386089425124,0.2869188785552978,79.83959479846635,0.25942094121908665
550,79.84386089425124,0.2059733867645263,79.83960255500415,0.25932376384735106
551,79.84386089425124,0.2439944744110107,79.83961028338754,0.2592959429953795
552,79.83498935415189,0.2779629230499267,79.83960191213892,0.25932975998823193
553,79.83498935415189,0.2577347755432129,79.83959357116608,0.2593268757487292
554,79.83498935415189,0.3358886241912842,79.83958526030504,0.25946507385061107
555,79.83498935415189,0.5179126262664795,79.83957697939306,0.2599307451162252
556,79.83498935415189,0.5878112316131592,79.83956872826852,0.26052045822143555
557,79.84386089425124,0.2827143669128418,79.83957643413204,0.26056030365894256
558,79.83498935415189,0.240795612335205,79.83956821355861,0.2605248830651724
559,79.84386089425124,0.2812745571136474,79.83957589277273,0.2605620023389622
560,79.83498935415189,0.2491271495819091,79.83956770252519,0.2605415829590389
561,79.83498935415189,0.2174572944641113,79.8395595414764,0.2604647838708126
562,79.83498935415189,0.2549571990966797,79.83955140947049,0.2604549838979049
563,79.84386089425124,0.2468502521514892,79.83955906397276,0.26043081918787575
564,79.84386089425124,0.4407205581665039,79.83956669133141,0.26075048184563926
565,79.83498935415189,0.2768120765686035,79.83955858984967,0.26077890944691884
566,79.84386089425124,0.2341959476470947,79.8395661910942,0.26073194308331493
567,79.83498935415189,0.2353484630584716,79.83955811907138,0.2606871750409431
568,79.83498935415189,0.2099316120147705,79.83955007547118,0.2605978166553336
569,79.83498935415189,0.2398700714111328,79.83954206014373,0.26056138828056347
570,79.83498935415189,0.2381367683410644,79.83953407294024,0.26052204684207314
571,79.83498935415189,0.2304778099060058,79.83952611371294,0.26046942996477707
572,79.83498935415189,0.2499775886535644,79.8395181823151,0.26045108758486235
573,79.84386089425124,0.2848067283630371,79.83952576121901,0.2604935930661506
574,79.83498935415189,0.2338225841522216,79.8395178580708,0.2604471278938267
575,79.83498935415189,0.2238385677337646,79.83950998241181,0.26038346083267877
576,79.84386089425124,0.2764320373535156,79.8395175360782,0.2604113229446941
577,79.83498935415189,0.2258026599884033,79.83950968827591,0.26035134259295006
578,79.84386089425124,0.2738704681396484,79.83951721631394,0.2603747320835153
579,79.86160397444996,0.2805981636047363,79.83955536270105,0.2604096602899423
580,79.84386089425124,0.2257952690124511,79.83956278603131,0.2603499803049811
581,79.83498935415189,0.2366976737976074,79.83955491437575,0.2603092706552266
582,79.83498935415189,0.3488588333129883,79.83954706977056,0.26046141767010245
583,79.83498935415189,0.3018245697021484,79.83953925207652,0.26053236647290184
584,79.83498935415189,0.3098623752593994,79.83953146115543,0.26061683566602944
585,79.84386089425124,0.2467637062072754,79.83953886189576,0.2605931551028521
586,79.84386089425124,0.2858507633209228,79.8395462373776,0.2606362568233607
587,79.84386089425124,0.2338252067565918,79.83955358773002,0.26059058212137304
588,79.83498935415189,0.2697865962982178,79.83954582542802,0.2606062216012656
589,79.83498935415189,0.2386026382446289,79.83953808948358,0.2605688640743443
590,79.86160397444996,0.2625133991241455,79.83957548928862,0.26057215989646265
591,79.84386089425124,0.2166657447814941,79.83958274039685,0.26049786816191955
592,79.83498935415189,0.220794677734375,79.83957498129845,0.260430801961873
593,79.83498935415189,0.2290067672729492,79.83956724836904,0.2603778103350789
594,79.84386089425124,0.2672312259674072,79.83957447672911,0.26038934807183367
595,79.83498935415189,0.2123603820800781,79.83956677064074,0.260308627120587
596,79.84386089425124,0.2015817165374755,79.83957397554613,0.260210092035716
597,79.83498935415189,0.2828171253204345,79.83956629611332,0.2602479597631611
598,79.84386089425124,0.2457869052886963,79.83957347771556,0.2602237773978192
599,79.83498935415189,0.2459261417388916,79.83956582475469,0.2601999082230964
600,79.84386089425124,0.3443224430084228,79.83957298320385,0.26034011244773864
601,79.83498935415189,0.2628777027130127,79.83956535653321,0.2603443347277141
602,79.83498935415189,0.2348799705505371,79.83955775520036,0.2603020351194464
603,79.84386089425124,0.2597737312316894,79.83956489141768,0.26030115899359607
604,79.84386089425124,0.2814264297485351,79.83957200400516,0.26033613460742877
605,79.84386089425124,0.3469130992889404,79.83957909307995,0.26047923702838993
606,79.83498935415189,0.2378499507904052,79.83957151925334,0.2604418949718916
607,79.83498935415189,0.2498652935028076,79.83956397038168,0.26042447058726376
608,79.83498935415189,0.282827615737915,79.83955644634182,0.2604613178654721
609,79.83498935415189,0.2485759258270263,79.83954894701147,0.2604418016223876
610,79.84386089425124,0.2328200340270996,79.83955601577743,0.2603965200361658
611,79.83498935415189,0.3972768783569336,79.83954854169949,0.2606205468091949
612,79.83498935415189,0.2321212291717529,79.83954109204663,0.26057397929671544
613,79.83498935415189,0.258969783782959,79.83953366669934,0.2605713623382917
614,79.84386089425124,0.2327950000762939,79.83954071430121,0.2605261239632721
615,79.83498935415189,0.236854076385498,79.8395333137156,0.26048763282899934
616,79.83498935415189,0.3199338912963867,79.83952593715787,0.2605841364953425
617,79.84386089425124,0.2399604320526123,79.83953296302026,0.26055071071828784
618,79.83498935415189,0.2442989349365234,79.83952561090236,0.2605244133464727
619,79.83498935415189,0.2279133796691894,79.83951828253927,0.2604717299318082
620,79.83498935415189,0.2472553253173828,79.83951097781606,0.2604504131501721
621,79.83498935415189,0.2288260459899902,79.83950369661854,0.2603994882433119
622,79.84386089425124,0.2470130920410156,79.83951070175942,0.26037796670600916
623,79.83498935415189,0.2339215278625488,79.83950344437964,0.2603355005120389
624,79.84386089425124,0.2467007637023925,79.83951042747239,0.26031364997227985
625,79.83498935415189,0.2339050769805908,79.83950319375508,0.26027139625549317
626,79.84386089425124,0.2714259624481201,79.83951015493798,0.260289215051328
627,79.83498935415189,0.2450602054595947,79.83950294472939,0.26026492635979415
628,79.83498935415189,0.2271032333374023,79.83949575748325,0.26021212111612796
629,79.83498935415189,0.2309455871582031,79.83948859309004,0.26016559244528864
630,79.84386089425124,0.2760138511657715,79.83949553325061,0.26019074841151163
631,79.83498935415189,0.4109375476837158,79.83948839192082,0.26042964983666567
632,79.83498935415189,0.3188364505767822,79.83948127319017,0.2605220656606215
633,79.83498935415189,0.2597980499267578,79.83947417695157,0.26052092187589193
634,79.84386089425124,0.4273073673248291,79.83948109606403,0.26078399197912366
635,79.83498935415189,0.245410680770874,79.83947402245472,0.26075978204021305
636,79.83498935415189,0.2541930675506592,79.83946697108946,0.26074945701743074
637,79.83498935415189,0.2169077396392822,79.83945994186351,0.2606806317154242
638,79.83498935415189,0.2158074378967285,79.83945293467274,0.26061029755583376
639,79.83498935415189,0.2459051609039306,79.8394459494137,0.2605872848224192
640,79.83498935415189,0.3027873039245605,79.8394389859836,0.2606532223522663
641,79.83498935415189,0.2407727241516113,79.83943204428029,0.26062220753448057
642,79.84386089425124,0.2176165580749511,79.8394389428005,0.26055522054155295
643,79.83498935415189,0.2391512393951416,79.83943202275594,0.2605219328570329
644,79.83498935415189,0.2291603088378906,79.83942512420221,0.26047323468309014
645,79.83498935415189,0.2458803653717041,79.83941824703933,0.2604506100795066
646,79.87047551454933,0.2325947284698486,79.83946632330483,0.2604074895197393
647,79.83498935415189,0.2788534164428711,79.83945940372347,0.2604359994531599
648,79.84386089425124,0.2645349502563476,79.83946619614711,0.26044232499452286
649,79.84386089425124,0.2290160655975341,79.8394729676388,0.26039390240685417
650,79.83498935415189,0.3248062133789062,79.8394660697719,0.2604929982698881
651,79.84386089425124,0.2406156063079834,79.83947282065436,0.2604624646416824
652,79.83498935415189,0.5719552040100098,79.83946594417199,0.2609402142419405
653,79.84386089425124,0.2388193607330322,79.83947267457027,0.26090633850915507
654,79.83498935415189,0.2539265155792236,79.83946581934029,0.2608956659970298
655,79.83498935415189,0.3799262046813965,79.83945898504228,0.2610773920102884
656,79.83498935415189,0.2613000869750976,79.83945217158056,0.2610777314843201
657,79.83498935415189,0.3217315673828125,79.83944537885998,0.2611700508692493
658,79.83498935415189,0.2789974212646484,79.83943860678595,0.2611971441373274
659,79.83498935415189,0.2748770713806152,79.83943185526451,0.26121790275226414
660,79.83498935415189,0.319847822189331,79.83942512420222,0.26130673596353243
661,79.83498935415189,0.2607784271240234,79.83941841350622,0.26130593670658914
662,79.83498935415189,0.2634360790252685,79.83941172308424,0.26130915444423064
663,79.83498935415189,0.237849473953247,79.83940505284453,0.2612737703107601
664,79.83498935415189,0.225837230682373,79.83939840269589,0.2612204020281872
665,79.83498935415189,0.2106235027313232,79.83939177254771,0.26114431646533476
666,79.83498935415189,0.2188272476196289,79.83938516230988,0.26108077732292384
667,79.83498935415189,0.2939250469207763,79.83937857189285,0.26113001910642886
668,79.83498935415189,0.2287971973419189,79.83937200120761,0.26108161667863766
669,79.84386089425124,0.2305796146392822,79.83937871106268,0.26103602325256986
670,79.84386089425124,0.2751853466033935,79.83938540088835,0.2610571416456308
671,79.83498935415189,0.2289755344390869,79.83937884940289,0.2610093300104497
672,79.84386089425124,0.2817659378051758,79.83938551911248,0.261040217819668
673,79.83498935415189,0.2694058418273926,79.83937898692086,0.26105264816737633
674,79.83498935415189,0.3241257667541504,79.83937247411261,0.26114622846201546
675,79.84386089425124,0.241621732711792,79.83937912362393,0.26111730328312627
676,79.83498935415189,0.2274329662322998,79.8393726298821,0.2610674743821635
677,79.84386089425124,0.2627968788146972,79.83937925951929,0.2610700288938807
678,79.84386089425124,0.3013293743133545,79.83938586960001,0.26112940845939614
679,79.84386089425124,0.2544679641723633,79.83939246021069,0.26111959779034305
680,79.83498935415189,0.2350835800170898,79.83938598505472,0.26108130952891184
681,79.83498935415189,0.2495374679565429,79.83937952891537,0.2610643582197013
682,79.84386089425124,0.3331532478332519,79.83938609983228,0.2611700604038854
683,79.83498935415189,0.2086210250854492,79.83937966243012,0.2610931218455861
684,79.83498935415189,0.2241718769073486,79.83937324385077,0.26103914341731377
685,79.83498935415189,0.2070119380950927,79.83936684401179,0.2609602715847266
686,79.84386089425124,0.3360059261322021,79.83937339510544,0.2610696675826092
687,79.83498935415189,0.2498018741607666,79.83936701367756,0.2610532661365803
688,79.83498935415189,0.2788240909576416,79.83936065080034,0.2610790958238203
689,79.84386089425124,0.2627079486846924,79.83936718235833,0.2610814599063469
690,79.84386089425124,0.2529356479644775,79.83937369498426,0.26106965438179347
691,79.86160397444996,0.2439026832580566,79.8394058661557,0.26104481071880686
692,79.83498935415189,0.3215923309326172,79.83939948391293,0.26113230713530083
693,79.83498935415189,0.23384690284729,79.83939312008931,0.2610929342575404
694,79.83498935415189,0.2364411354064941,79.83938677460526,0.2610574129335475
695,79.83498935415189,0.2915642261505127,79.83938044738159,0.2611013076288237
696,79.83498935415189,0.2048003673553466,79.8393741383396,0.2610204154732584
697,79.84386089425124,0.2145299911499023,79.83938057557906,0.26095371472100104
698,79.83498935415189,0.2530868053436279,79.83937428443089,0.2609424440771939
699,79.83498935415189,0.2194702625274658,79.83936801128314,0.2608831133453631
700,79.83498935415189,0.2448945045471191,79.83936175605866,0.26086027247565136
701,79.83498935415189,0.4457695484161377,79.83935551868076,0.26112405175659353
702,79.83498935415189,0.3147945404052734,79.83934929907318,0.26120050544412726
703,79.83498935415189,0.2442805767059326,79.83934309716005,0.2611764372666903
704,79.83498935415189,0.25819993019104,79.83933691286602,0.2611722092736851
705,79.83498935415189,0.3114542961120605,79.83933074611606,0.2612435313826757
706,79.84386089425124,0.2430744171142578,79.8393371627565,0.26121779609334367
707,79.83498935415189,0.2435925006866455,79.83933101309792,0.2611928663968703
708,79.83498935415189,0.2009508609771728,79.83932488081128,0.26110777881859387
709,79.83498935415189,0.2293789386749267,79.83931876582304,0.26106302728101466
710,79.83498935415189,0.2509756088256836,79.83931266806013,0.2610488196493874
711,79.84386089425124,0.2153518199920654,79.83931906500273,0.26098454820120554
712,79.84386089425124,0.267979621887207,79.83932544397639,0.2609943727428993
713,79.83498935415189,0.2518367767333984,79.839319362504,0.2609815289897303
714,79.84386089425124,0.2625956535339355,79.83932572319272,0.26098378966836366
715,79.83498935415189,0.2074363231658935,79.83931965834091,0.2609088981068218
716,79.84386089425124,0.2439539432525634,79.83932600084917,0.2608852180022767
717,79.83498935415189,0.2526068687438965,79.83931995252742,0.2608736721874115
718,79.84386089425124,0.2331280708312988,79.83932627695879,0.2608350292885868
719,79.84386089425124,0.2454640865325927,79.83933258379787,0.26081365106500404
720,79.83498935415189,0.2478604316711425,79.83932655153447,0.26079566048251257
721,79.84386089425124,0.2980520725250244,79.83933284049802,0.26084733373083785
722,79.84386089425124,0.2393281459808349,79.8393391120406,0.260817528761655
723,79.84386089425124,0.2409543991088867,79.83934536623454,0.2607900555532833
724,79.84386089425124,0.2427656650543213,79.8393516031517,0.26076515998629574
725,79.83498935415189,0.2188060283660888,79.83934558625653,0.260707285321992
726,79.83498935415189,0.2755434513092041,79.83933958593681,0.26072772081233253
727,79.83498935415189,0.3089082241058349,79.83933360212419,0.2607939938567528
728,79.84386089425124,0.2379231452941894,79.83933982093205,0.26076257785598
729,79.84386089425124,0.2075304985046386,79.83934602267873,0.26068955717099873
730,79.83498935415189,0.2450318336486816,79.83934005463965,0.2606681082346668
731,79.83498935415189,0.2288422584533691,79.83933410292899,0.2606245708204653
732,79.84386089425124,0.3168642520904541,79.83934028707014,0.2607014009861347
733,79.83498935415189,0.279529333114624,79.83933435128172,0.26072708711455006
734,79.83498935415189,0.2046284675598144,79.8393284316671,0.26065065847755453
735,79.83498935415189,0.2617843151092529,79.83932252816028,0.2606522008675296
736,79.83498935415189,0.2138724327087402,79.8393166406956,0.2605886413999226
737,79.83498935415189,0.2182724475860595,79.83931076920774,0.26053122458335015
738,79.83498935415189,0.2177202701568603,79.83930491363179,0.26047321516000804
739,79.83498935415189,0.1785840988159179,79.83929907390313,0.26036240444776976
740,79.83498935415189,0.3319742679595947,79.83929324995752,0.26045917723629924
741,79.83498935415189,0.2549149990081787,79.83928744173106,0.260451695214399
742,79.83498935415189,0.2389237880706787,79.8392816491602,0.26042268186245326
743,79.86160397444996,0.2044198513031005,79.83931169266666,0.260347307931687
744,79.83498935415189,0.2538261413574219,79.83930588307187,0.2603385429228506
745,79.83498935415189,0.2438058853149414,79.83930008907333,0.2603163514361286
746,79.84386089425124,0.2819681167602539,79.83930620275319,0.26034537525023593
747,79.84386089425124,0.243873119354248,79.83931230006444,0.2603233240375238
748,79.83498935415189,0.3757576942443847,79.83930652072499,0.2604776480618645
749,79.84386089425124,0.2797532081604004,79.83931260133049,0.26050338312207616
750,79.86160397444996,0.2100155353546142,79.83934232316132,0.2604360659917196
751,79.84386089425124,0.2248115539550781,79.83934833990045,0.26038862989047235
752,79.84386089425124,0.2867724895477295,79.83935434063763,0.26042371481022936
753,79.83498935415189,0.2126603126525879,79.83934854384283,0.260360283997271
754,79.84386089425124,0.3238363265991211,79.83935452839245,0.2604444697301647
755,79.83498935415189,0.2206358909606933,79.8393487467047,0.2603917431357681
756,79.83498935415189,0.2468259334564209,79.83934298031244,0.2603737989430705
757,79.84386089425124,0.2409396171569824,79.83934894849466,0.2603481263119132
758,79.84386089425124,0.2269651889801025,79.83935490092969,0.2603040854974913
759,79.84386089425124,0.2592122554779053,79.83936083767979,0.26030264698626654
760,79.84386089425124,0.230959415435791,79.83936675880686,0.2602640374710685
761,79.83498935415189,0.2448627948760986,79.83936100663254,0.2602437993073432
762,79.84386089425124,0.2396626472473144,79.83936691199688,0.26021678992143765
763,79.83498935415189,0.242063283920288,79.83936117469958,0.2601929976462068
764,79.83498935415189,0.1999409198760986,79.83935545242137,0.2601141336700679
765,79.83498935415189,0.2144877910614013,79.83934974510338,0.2600544913921481
766,79.84386089425124,0.2199087142944336,79.83935563433202,0.2600020817614722
767,79.83498935415189,0.2487697601318359,79.83934994165904,0.25998743727434104
768,79.83498935415189,0.309816837310791,79.83934426381073,0.2600523193056385
769,79.86160397444996,0.2546837329864502,79.83937321011845,0.26004533804904656
770,79.83498935415189,0.2638006210327148,79.83936751679902,0.2600502150399344
771,79.83498935415189,0.3650033473968506,79.83936183824824,0.26018634102223914
772,79.83498935415189,0.2158551216125488,79.83935617440874,0.26012891716290015
773,79.84386089425124,0.2219433784484863,79.83936200198939,0.26007951801837953
774,79.83498935415189,0.2598812580108642,79.83935635257359,0.26007926186849906
775,79.84386089425124,0.3050391674041748,79.83936216488543,0.2601372746498354
776,79.84386089425124,0.2783563137054443,79.83936796221708,0.2601607527929483
777,79.83498935415189,0.2182209491729736,79.83936232694288,0.2601067762117128
778,79.84386089425124,0.2591128349304199,79.83936810916306,0.26010549865222526
779,79.84386089425124,0.2476649284362793,79.83937387653802,0.2600895287289699
780,79.83498935415189,0.2576460838317871,79.83936825535547,0.2600863961073068
781,79.83498935415189,0.2905521392822265,79.83936264856776,0.2601254047413336
782,79.83498935415189,0.204787015914917,79.83935705611965,0.2600546395382308
783,79.83498935415189,0.2719740867614746,79.83935147795623,0.2600698623316194
784,79.83498935415189,0.2369258403778076,79.8393459140228,0.2600403418954538
785,79.83498935415189,0.2419464588165283,79.83934036426501,0.2600172923628692
786,79.83498935415189,0.2604122161865234,79.83933482862874,0.260017794810482
787,79.84386089425124,0.2001235485076904,79.8393405796651,0.2599416903043793
788,79.83498935415189,0.2011809349060058,79.83933505780531,0.25986712081783314
789,79.84386089425124,0.262800931930542,79.83934079397318,0.25987083920961096
790,79.84386089425124,0.2679944038391113,79.8393465156191,0.2598811222028129
791,79.83498935415189,0.2446095943450927,79.83934100719753,0.2598618155936375
792,79.84386089425124,0.2879271507263183,79.83934671412563,0.25989725162284544
793,79.84386089425124,0.242943525314331,79.83935240666047,0.25987587239673127
794,79.84386089425124,0.240830659866333,79.83935808485643,0.25985188598296505
795,79.86160397444996,0.3888516426086426,79.8393860671075,0.2600141498277772
796,79.84386089425124,0.2170860767364502,79.83939168874963,0.25996022008771275
797,79.83498935415189,0.2256183624267578,79.83938616511777,0.259917131182241
798,79.83498935415189,0.2458312511444091,79.83938065532959,0.25989947970349686
799,79.83498935415189,0.2839574813842773,79.83937515933312,0.2599295898432726
800,79.84386089425124,0.3025298118591308,79.83938076650178,0.25998284012079237
801,79.83498935415189,0.2379159927368164,79.83937528408936,0.25995529099796594
802,79.84386089425124,0.315162181854248,79.83938087711948,0.26002412752023063
803,79.84386089425124,0.2723290920257568,79.83938645621927,0.26003945126183153
804,79.84386089425124,0.2599403858184814,79.8393920214407,0.26003932804610597
805,79.83498935415189,0.2008247375488281,79.8393865522888,0.25996576954859385
806,79.83498935415189,0.2428114414215088,79.83938109670798,0.25994448626307637
807,79.83498935415189,0.2839875221252441,79.83937565464781,0.259974279368234
808,79.84386089425124,0.2311840057373047,79.83938120568693,0.259938647841463
809,79.84386089425124,0.2379586696624755,79.83938674300283,0.2599114785235656
810,79.83498935415189,0.2118396759033203,79.8393813141277,0.2598521306190962
811,79.84386089425124,0.2279572486877441,79.83938683765437,0.25981280277454455
812,79.83498935415189,0.2634515762329101,79.8393814220343,0.259817284022646
813,79.84386089425124,0.2171549797058105,79.83938693184022,0.2597648088635847
814,79.84386089425124,0.2948019504547119,79.83939242810854,0.25980785203507256
815,79.84386089425124,0.231830358505249,79.83939791088909,0.2597735238221525
816,79.83498935415189,0.2324810028076172,79.83939250824602,0.25974007710522296
817,79.83498935415189,0.2278134822845459,79.83938711882853,0.25970099926578516
818,79.83498935415189,0.2487869262695312,79.8393817425881,0.2596876568782592
819,79.83498935415189,0.2357900142669677,79.83937637947645,0.2596584778274518
820,79.83498935415189,0.2959110736846924,79.83937102944557,0.2597026883102045
821,79.83498935415189,0.2588973045349121,79.83936569244764,0.25970170733118464
822,79.84386089425124,0.282355785369873,79.83937116106297,0.2597292670368278
823,79.84386089425124,0.2535812854766845,79.83937661638885,0.25972179682837077
824,79.84386089425124,0.2299253940582275,79.83938205847363,0.2596856361453973
825,79.83498935415189,0.3378596305847168,79.83937673398354,0.25978039250229346
826,79.83498935415189,0.2425470352172851,79.83937142238567,0.2597595288736191
827,79.83498935415189,0.2259814739227295,79.83936612363325,0.25971868479266275
828,79.83498935415189,0.251652717590332,79.83936083767978,0.2597089432863798
829,79.83498935415189,0.2518694400787353,79.8393555644789,0.2596994867083247
830,79.83498935415189,0.2476177215576172,79.83935030398452,0.25968493036476964
831,79.86160397444996,0.2245941162109375,79.83937708337136,0.2596427031515881
832,79.83498935415189,0.2379920482635498,79.83937180965835,0.25961668072984767
833,79.83498935415189,0.2667453289031982,79.8393665486073,0.25962523853077607
834,79.84386089425124,0.1901345252990722,79.83937193751096,0.25954191633265655
835,79.84386089425124,0.1988327503204345,79.83937731350706,0.25946921074461793
836,79.83498935415189,0.2699050903320312,79.83937206475184,0.25948169385417225
837,79.83498935415189,0.2348144054412841,79.83936682853845,0.25945222278079966
838,79.83498935415189,0.2556118965148926,79.83936160482199,0.2594476400525587
839,79.83498935415189,0.2919061183929443,79.83935639355778,0.2594863271542755
840,79.83498935415189,0.2477779388427734,79.83935119470134,0.2594723885967618
841,79.84386089425124,0.2192156314849853,79.83935655700758,0.2594245208713019
842,79.84386089425124,0.4653506278991699,79.83936190657676,0.2596690886943754
843,79.84386089425124,0.2269182205200195,79.83936724345418,0.2596302383169443
844,79.83498935415189,0.226423978805542,79.83936205638155,0.25959089440757066
845,79.83498935415189,0.3048319816589355,79.839356881586,0.25964443415579713
846,79.84386089425124,0.2618227005004883,79.83936220547804,0.25964700893871046
847,79.83498935415189,0.2139439582824707,79.83935704272558,0.25959305020121787
848,79.86160397444996,0.4038417339324951,79.83938327731488,0.25976315478108963
849,79.83498935415189,0.3468847274780273,79.83937810190479,0.25986577147449
850,79.83498935415189,0.2308080196380615,79.83937293867213,0.2598315858840942
851,79.84386089425124,0.2764723300933838,79.83937821241547,0.25985114022511574
852,79.83498935415189,0.2278740406036377,79.83937306117336,0.2598136084180483
853,79.83498935415189,0.2969570159912109,79.8393679220092,0.25985715285834504
854,79.83498935415189,0.2359755039215088,79.83936279488056,0.25982918839823166
855,79.84386089425124,0.2429375648498535,79.8393680558155,0.25980943211337976
856,79.84386089425124,0.2167844772338867,79.83937330445853,0.2597591693156234
857,79.84386089425124,0.244849681854248,79.83937854085269,0.2597417720140348
858,79.83498935415189,0.2378487586975097,79.83937342525046,0.2597162556814981
859,79.83498935415189,0.2498323917388916,79.83936832155884,0.25970474943709454
860,79.84386089425124,0.2535083293914795,79.83937354548057,0.25969754429750663
861,79.84386089425124,0.2139017581939697,79.83937875726777,0.2596443552311843
862,79.83498935415189,0.2184326648712158,79.83937366515278,0.25959654584561587
863,79.83498935415189,0.2446768283843994,79.83936858483875,0.259579257644618
864,79.84386089425124,0.2140874862670898,79.83937378427093,0.25952660513144954
865,79.86160397444996,0.2847886085510254,79.83939948391277,0.25955580975968023
866,79.84386089425124,0.2405588626861572,79.8394046356568,0.2595338733311889
867,79.83498935415189,0.2897701263427734,79.83939954305991,0.2595687479021365
868,79.84386089425124,0.2646293640136719,79.83940468286544,0.25957457810503
869,79.83498935415189,0.2325649261474609,79.8393996019348,0.2595434968024321
870,79.84386089425124,0.2955868244171142,79.839404729857,0.25958492591463284
871,79.84386089425124,0.2136809825897216,79.83940984600441,0.2595322233390589
872,79.83498935415189,0.2628912925720215,79.83940477663302,0.2595360754826747
873,79.84386089425124,0.242887258529663,79.839409881006,0.2595170046728774
874,79.83498935415189,0.2817802429199219,79.83940482319495,0.25954247748551706
875,79.83498935415189,0.2184233665466308,79.8393997769446,0.25949548421587265
876,79.87047551454933,0.3207781314849853,79.83943525153092,0.2595654415757689
877,79.83498935415189,0.2298133373260498,79.83943018209261,0.2595315167134545
878,79.84386089425124,0.2179958820343017,79.83943522846181,0.25948420961245316
879,79.83498935415189,0.225064992904663,79.83943017058432,0.25944505236932713
880,79.83498935415189,0.2900195121765136,79.83942512420201,0.25947979607365346
881,79.83498935415189,0.2055583000183105,79.83942008927572,0.2594185911973137
882,79.84386089425124,0.214465856552124,79.839425124202,0.2593676243779881
883,79.84386089425124,0.2413663864135742,79.83943014772414,0.2593472379250273
884,79.83498935415189,0.2040064334869384,79.839425124202,0.25928463520507466
885,79.84386089425124,0.1867010593414306,79.83943013637155,0.2592026198651158
886,79.83498935415189,0.2518353462219238,79.83942512420198,0.25919430465784354
887,79.84386089425124,0.2342672348022461,79.83943012507014,0.2591662019860785
888,79.83498935415189,0.2841222286224365,79.83942512420198,0.259194305619678
889,79.84386089425124,0.4965686798095703,79.83943011381959,0.2594613184140423
890,79.83498935415189,0.2248063087463379,79.83942512420197,0.25942238020093256
891,79.83498935415189,0.281219482421875,79.8394201457844,0.25944684383978883
892,79.84386089425124,0.222100019454956,79.83942512420197,0.2594049752025861
893,79.83498935415189,0.2230579853057861,79.83942015693427,0.25936427308624027
894,79.84386089425124,0.2639658451080322,79.83942512420195,0.25936942025852416
895,79.84386089425124,0.2530145645141601,79.83943008036961,0.2593623198610444
896,79.83498935415189,0.289766788482666,79.83942512420195,0.2593962534197739
897,79.83498935415189,0.2708179950714111,79.83942017908483,0.2594089866880589
898,79.84386089425124,0.234846830368042,79.83942512420194,0.2593816346208874
899,79.83498935415189,0.2408075332641601,79.8394201900862,0.2593609737739945
900,79.83498935415189,0.2425777912139892,79.83941526693515,0.25934232579337224
901,79.84386089425124,0.2393815517425537,79.83942020103872,0.2593201717711183
902,79.83498935415189,0.3173751831054687,79.83941528879161,0.2593845343114003
903,79.84386089425124,0.2212584018707275,79.83942021194274,0.25934231268079044
904,79.83498935415189,0.2370939254760742,79.83941531055136,0.2593177016329976
905,79.83498935415189,0.234889268875122,79.8394104199918,0.25929070888961875
906,79.83498935415189,0.3377690315246582,79.83940554022817,0.2593773295547788
907,79.83498935415189,0.2498602867126464,79.83940067122477,0.25936683667402677
908,79.83498935415189,0.2148303985595703,79.83939581294605,0.2593177877333721
909,79.86160397444996,0.2828404903411865,79.83942024436685,0.2593436652939968
910,79.83498935415189,0.2650926113128662,79.83941537525672,0.2593499828170944
911,79.83498935415189,0.3406565189361572,79.83941051683618,0.2594392325823184
912,79.83498935415189,0.2378344535827636,79.83940566907006,0.259415543131661
913,79.84386089425124,0.2197487354278564,79.83941054883478,0.25937209646385834
914,79.84386089425124,0.2981340885162353,79.83941541792167,0.2594145056455349
915,79.84386089425124,0.2778358459472656,79.83942027636574,0.25943463825788654
916,79.84386089425124,0.2697117328643799,79.83942512420187,0.25944585779348317
917,79.84386089425124,0.22943115234375,79.83942996146473,0.25941312638077896
918,79.83498935415189,0.2305536270141601,79.83942512420187,0.25938168901763453
919,79.83498935415189,0.2357523441314697,79.83942029746622,0.25935597699926
920,79.84386089425124,0.2458744049072265,79.83942512420185,0.2593413231165513
921,79.83498935415189,0.2893908023834228,79.83942030794772,0.25937395012987036
922,79.83498935415189,0.2882180213928222,79.839415502141,0.25940523437202107
923,79.83498935415189,0.2581198215484619,79.83941070674771,0.2594038417254083
924,79.83498935415189,0.2699840068817138,79.83940592173408,0.2594152921205991
925,79.83498935415189,0.2296235561370849,79.83940114706641,0.2593830848384548
926,79.84386089425124,0.2256960868835449,79.83940596320808,0.2593467057909873
927,79.84386089425124,0.2518007755279541,79.83941076895894,0.25933856562889124
928,79.84386089425124,0.2748570442199707,79.83941556435258,0.259355288127373
929,79.84386089425124,0.2614610195159912,79.83942034942244,0.25935755479194633
930,79.84386089425124,0.2128326892852783,79.83942512420182,0.25930752805484236
931,79.83498935415189,0.2278945446014404,79.83942035967975,0.2592737869340546
932,79.83498935415189,0.2439844608306884,79.83941560538196,0.25925738207772053
933,79.84386089425124,0.2168223857879638,79.83942036989308,0.2592118997665847
934,79.83498935415189,0.2668428421020508,79.83941562576487,0.2592200699403914
935,79.83498935415189,0.2248706817626953,79.83941089178452,0.25918333262683235
936,79.84386089425124,0.346855878829956,79.83941564606066,0.2592769998770494
937,79.83498935415189,0.2391500473022461,79.83941092216321,0.25925551967152666
938,79.84386089425124,0.2687222957611084,79.83941566626991,0.2592656121833492
939,79.83498935415189,0.2817859649658203,79.83941095241249,0.25928959551964575
940,79.83498935415189,0.2308511734008789,79.83940624858454,0.2592593418790939
941,79.84386089425124,0.2255070209503173,79.83941098253318,0.25922347331275086
942,79.84386089425124,0.2358865737915039,79.83941570643097,0.25919869953406593
943,79.84386089425124,0.2341749668121338,79.83942042030989,0.2591721632321339
944,79.83498935415189,0.2829391956329345,79.83941572638388,0.25919734017323637
945,79.83498935415189,0.2156918048858642,79.83941104239209,0.2591513025697577
946,79.84386089425124,0.2159006595611572,79.8394157462524,0.2591055830739769
947,79.84386089425124,0.2748589515686035,79.83942044017849,0.25912221809878644
948,79.84386089425124,0.2756757736206054,79.83942512420177,0.2591396796552441
949,79.83498935415189,0.2278549671173095,79.83942045004997,0.25910671367785953
950,79.84386089425124,0.2437968254089355,79.83942512420177,0.2590905980059975
951,79.83498935415189,0.2307932376861572,79.83942045987993,0.2590608426323699
952,79.84386089425124,0.2659597396850586,79.83942512420175,0.2590680893729715
953,79.83498935415189,0.205888032913208,79.83942046966864,0.2590122865855006
954,79.83498935415189,0.2469120025634765,79.83941582489346,0.2589996028496284
955,79.84386089425124,0.2278254032135009,79.83942047941635,0.2589669597086482
956,79.83498935415189,0.2558138370513916,79.83941584434807,0.25896366146319083
957,79.83498935415189,0.2801938056945801,79.83941121896646,0.2589858455219488
958,79.83498935415189,0.2327134609222412,79.83940660324117,0.25895842132090524
959,79.83498935415189,0.216543436050415,79.83940199714202,0.2589141929733865
960,79.83498935415189,0.2679009437561035,79.8393974006389,0.2589235541721185
961,79.84386089425124,0.273719310760498,79.83940204527325,0.2589389503808473
962,79.83498935415189,0.2357559204101562,79.83939745827624,0.258914851597094
963,79.84386089425124,0.2373998165130615,79.83940209320455,0.2588925099199558
964,79.84386089425124,0.3064272403717041,79.83940671851686,0.2589418198063166
965,79.83498935415189,0.261732816696167,79.8394021409372,0.2589447120310729
966,79.83498935415189,0.2639999389648437,79.83939757283493,0.25894994518524866
967,79.84386089425124,0.2127456665039062,79.83940218847238,0.2589021641318036
968,79.84386089425124,0.2347440719604492,79.83940679457339,0.258877207425015
969,79.83498935415189,0.2665243148803711,79.83940223581133,0.25888509917677494
970,79.84386089425124,0.2349252700805664,79.83940683236644,0.2588603983220366
971,79.83498935415189,0.2389063835144043,79.83940228295529,0.25883984835828
972,79.83498935415189,0.2418413162231445,79.83939774290506,0.2588223601564949
973,79.87047551454933,0.241873025894165,79.83942968306091,0.2588049404912715
974,79.84386089425124,0.2328081130981445,79.83943423255906,0.2587782497033936
975,79.84386089425124,0.2305169105529785,79.8394387727249,0.25874926371452134
976,79.84386089425124,0.204782485961914,79.83944330358712,0.2586939698848568
977,79.83498935415189,0.2498054504394531,79.83943874478524,0.25868487211674485
978,79.84386089425124,0.2518589496612549,79.83944326641046,0.25867789264593144
979,79.83498935415189,0.2578904628753662,79.83943871695973,0.25867708832543035
980,79.83498935415189,0.2595884799957275,79.83943417679359,0.25867801831693066
981,79.83498935415189,0.2479407787322998,79.83942964588365,0.2586670731185773
982,79.83498935415189,0.2446303367614746,79.83942512420164,0.2586527790897004
983,79.83498935415189,0.2085421085357666,79.83942061171939,0.2586018018053119
984,79.84386089425124,0.3186240196228027,79.83942512420164,0.2586627999941508
985,79.84386089425124,0.2669117450714111,79.83942962752148,0.258671174557681
986,79.86160397444996,0.2428245544433593,79.83945211671715,0.258655102934847
987,79.83498935415189,0.2465972900390625,79.83944759517452,0.25864288630577326
988,79.83498935415189,0.2497978210449218,79.83944308278483,0.25863393381057
989,79.83498935415189,0.2890818119049072,79.83943857952028,0.2586647203404935
990,79.83498935415189,0.2316956520080566,79.83943408535322,0.2586374788573294
991,79.84386089425124,0.3358349800109863,79.83943855236524,0.2587153774457791
992,79.84386089425124,0.332308292388916,79.83944301037117,0.25878956385197177
993,79.84386089425124,0.4178395271301269,79.83944745939824,0.2589497350133798
994,79.84386089425124,0.2726733684539795,79.83945189947354,0.25896354148565404
995,79.84386089425124,0.2608482837677002,79.83945633062407,0.2589654356990028
996,79.83498935415189,0.2056968212127685,79.83945184570793,0.25891195315433796
997,79.83498935415189,0.2528607845306396,79.83944736978862,0.25890588377758395
998,79.83498935415189,0.2659115791320801,79.83944290283907,0.25891290351240814
999,79.83498935415189,0.2044568061828613,79.83943844483237,0.25885839290447066
1000,79.84386089425124,0.227924108505249,79.83944286728179,0.2588274586200714
1001,79.83498935415189,0.2187497615814209,79.83943841821771,0.2587874209606921
1002,79.83498935415189,0.2427761554718017,79.83943397803401,0.258771441653817
1003,79.84386089425124,0.2078568935394287,79.83943839170921,0.2587206793924866
1004,79.84386089425124,0.2708864212036133,79.83944279659221,0.2587327966652068
1005,79.83498935415189,0.2247095108032226,79.8394383653062,0.2586989426494238
1006,79.83498935415189,0.2434020042419433,79.8394339428299,0.2586837369452414
1007,79.83498935415189,0.1829614639282226,79.83942952913706,0.2586085410435363
1008,79.84386089425124,0.237879991531372,79.83943392533261,0.25858797700632186
1009,79.84386089425124,0.2708332538604736,79.8394383128142,0.25860011305870456
1010,79.83498935415189,0.2516629695892334,79.83943390790462,0.2585932445998239
1011,79.86160397444996,0.2528645992279053,79.83945583675383,0.25858757828392687
1012,79.83498935415189,0.2289850711822509,79.83945142323347,0.2585583267946959
1013,79.84386089425124,0.222391128540039,79.839455776117,0.2585226237362017
1014,79.84386089425124,0.2969405651092529,79.83946012041497,0.2585605112523487
1015,79.84386089425124,0.2498223781585693,79.83946445615274,0.25855190225422675
1016,79.86160397444996,0.2108476161956787,79.8394862470172,0.25850494921676753
1017,79.83498935415189,0.2209062576293945,79.83948182529363,0.2584679790185499
1018,79.84386089425124,0.2768673896789551,79.83948612693308,0.25848605309581946
1019,79.83498935415189,0.3078155517578125,79.83948171400591,0.25853446280991366
1020,79.83498935415189,0.2169039249420166,79.83947730973154,0.258493648557102
1021,79.83498935415189,0.2566981315612793,79.83947291408454,0.2584918899704263
1022,79.84386089425124,0.2355906963348388,79.8394772076072,0.2584694817574757
1023,79.84386089425124,0.2648241519927978,79.83948149273589,0.2584756935563372
1024,79.83498935415189,0.2603991031646728,79.8394771058818,0.2584775718860328
1025,79.84386089425124,0.2868251800537109,79.8394813827485,0.25850522808912324
1026,79.84386089425124,0.2421193122863769,79.83948565127824,0.2584892574109529
1027,79.83498935415189,0.2484743595123291,79.83948127318949,0.2584795058063778
1028,79.83498935415189,0.2403006553649902,79.83947690361845,0.2584618220997228
1029,79.83498935415189,0.2139959335327148,79.83947254254024,0.258418609380027
1030,79.83498935415189,0.2758834362030029,79.83946818993014,0.2584355655225735
1031,79.84386089425124,0.2888650894165039,79.83947245055509,0.25846508009473057
1032,79.84386089425124,0.2098338603973388,79.83947670292302,0.25841795681983004
1033,79.83498935415189,0.2499122619628906,79.83947235892613,0.25840972284610597
1034,79.83498935415189,0.2469615936279297,79.83946802333158,0.2583986511544056
1035,79.83498935415189,0.2928574085235595,79.83946369611496,0.2584319446397864
1036,79.84386089425124,0.2538900375366211,79.83946794051471,0.258427560559571
1037,79.83498935415189,0.3167746067047119,79.83946362172361,0.25848382579211215
1038,79.83498935415189,0.2245004177093505,79.83945931125389,0.2584510864779669
1039,79.83498935415189,0.218829870223999,79.8394550090815,0.2584129524873471
1040,79.84386089425124,0.218858003616333,79.83945924550954,0.25837491888266345
1041,79.84386089425124,0.2690973281860351,79.83946347379845,0.25838521898766187
1042,79.84386089425124,0.2503302097320556,79.83946769397163,0.2583774886524837
1043,79.83498935415189,0.3099122047424316,79.83946340026134,0.25842689873502445
1044,79.83498935415189,0.21486496925354,79.83945911477656,0.2583851727489311
1045,79.84386089425124,0.2510414123535156,79.83946332700572,0.25837814522702157
1046,79.84386089425124,0.2506077289581299,79.8394675311809,0.2583707165307798
1047,79.83498935415189,0.2268869876861572,79.83946325402997,0.258340646111635
1048,79.83498935415189,0.2787964344024658,79.83945898504153,0.2583601649935919
1049,79.84386089425124,0.2638089656829834,79.83946318133248,0.258365359274516
1050,79.83498935415189,0.2386238574981689,79.83945892054469,0.2583465578442528
1051,79.83498935415189,0.2489020824432373,79.83945466786496,0.25833757166404253
1052,79.83498935415189,0.24595308303833,79.83945042327016,0.25832579933645156
1053,79.86160397444996,0.2399461269378662,79.8394714617803,0.2583083447567758
1054,79.83498935415189,0.2266786098480224,79.83946720930626,0.25827833552061946
1055,79.84386089425124,0.2676441669464111,79.83947137393655,0.258287213085952
1056,79.83498935415189,0.2180004119873047,79.83946712959963,0.2582490627061237
1057,79.83498935415189,0.3007800579071045,79.83946289329361,0.2582893001661057
1058,79.84386089425124,0.2687699794769287,79.83946705019433,0.258299206290218
1059,79.83498935415189,0.2688806056976318,79.83946282196388,0.2583091981687897
1060,79.84386089425124,0.2626450061798095,79.83946697108868,0.2583132885537058
1061,79.83498935415189,0.3368840217590332,79.83946275090305,0.2583873420251528
1062,79.83498935415189,0.2964808940887451,79.83945853866506,0.2584232116598643
1063,79.84386089425124,0.2458536624908447,79.83946268010963,0.25841138706045785
1064,79.83498935415189,0.288806676864624,79.8394584758559,0.25843995406215353
1065,79.83498935415189,0.2393026351928711,79.8394542794975,0.25842198474866124
1066,79.83498935415189,0.2088594436645507,79.83945009101218,0.2583754908076818
1067,79.84386089425124,0.2315759658813476,79.8394542248484,0.2583503741020339
1068,79.84386089425124,0.2888023853302002,79.83945835094333,0.25837888722116137
1069,79.83498935415189,0.2389700412750244,79.83945417040377,0.25836073114450453
1070,79.83498935415189,0.2648348808288574,79.8394499976783,0.25836678175168615
1071,79.83498935415189,0.2550904750823974,79.83944583274503,0.25836372264181756
1072,79.84386089425124,0.234570026397705,79.83944995127256,0.2583415270296495
1073,79.83498935415189,0.3118305206298828,79.83944579414569,0.25839137697708686
1074,79.84386089425124,0.2716026306152344,79.83944990503964,0.25840367795812796
1075,79.84386089425124,0.2369956970214843,79.83945400828541,0.2583837635572567
1076,79.87047551454933,0.3115472793579101,79.83948283868156,0.25843317202919036
1077,79.83498935415189,0.3455169200897217,79.83947866645823,0.2585140297339819
1078,79.83498935415189,0.2691798210144043,79.83947450197556,0.25852392378897304
1079,79.83498935415189,0.2844581604003906,79.83947034521205,0.258547959226055
1080,79.84386089425124,0.2219395637512207,79.83947441053523,0.2585140625635783
1081,79.84386089425124,0.2175548076629638,79.839478468337,0.25847617241103377
1082,79.83498935415189,0.2317671775817871,79.83947431943295,0.25845148757292913
1083,79.84386089425124,0.2214722633361816,79.83947836982522,0.25841734239819525
1084,79.84386089425124,0.2335116863250732,79.83948241274443,0.25839436670071086
1085,79.83498935415189,0.2776136398315429,79.8394782716766,0.25841208031649965
1086,79.84386089425124,0.2527437210083008,79.83948230724066,0.2584068608327904
1087,79.84386089425124,0.2948687076568603,79.83948633537959,0.2584404043901263
1088,79.84386089425124,0.2636246681213379,79.83949035611384,0.25844516933840866
1089,79.83498935415189,0.221853494644165,79.83948622296235,0.2584115681678905
1090,79.83498935415189,0.2330334186553955,79.83948209739464,0.2583882854619157
1091,79.83498935415189,0.2645437717437744,79.83947797938983,0.25839392752083584
1092,79.83498935415189,0.2639398574829101,79.83947386892714,0.2583990062112773
1093,79.83498935415189,0.2436490058898925,79.8394697659859,0.25838551124300524
1094,79.84386089425124,0.2387881278991699,79.8394737798143,0.25836759772989387
1095,79.84386089425124,0.2647984027862549,79.8394777863115,0.2583734706112239
1096,79.83498935415189,0.2118065357208252,79.83947369102668,0.2583309825319443
1097,79.83498935415189,0.233112096786499,79.83946960320819,0.2583079935750205
1098,79.84386089425124,0.3515496253967285,79.8394736025625,0.2583929130939838
1099,79.83498935415189,0.2917635440826416,79.83946952226368,0.25842327763537476
1100,79.86160397444996,0.2076873779296875,79.83948964449294,0.25837715409018774
1101,79.84386089425124,0.2467820644378662,79.83949361474704,0.2583666226736098
1102,79.84386089425124,0.3158290386199951,79.83949757779558,0.2584187664267372
1103,79.83498935415189,0.2458698749542236,79.83949349055746,0.2584073893719117
1104,79.83498935415189,0.2459869384765625,79.83948941072376,0.258396138963492
1105,79.83498935415189,0.2957940101623535,79.83948533827437,0.25842998319082133
1106,79.84386089425124,0.2868218421936035,79.83948929447327,0.25845565394941333
1107,79.83498935415189,0.2787988185882568,79.83948522948651,0.2584740307919055
1108,79.83498935415189,0.2134156227111816,79.83948117183729,0.2584333643586197
1109,79.83498935415189,0.3190164566040039,79.83947712150574,0.25848799293593744
1110,79.84386089425124,0.2118620872497558,79.83948107085055,0.2584459876154994
1111,79.83498935415189,0.2457892894744873,79.83947702790122,0.2584345954479558
1112,79.84386089425124,0.2224493026733398,79.83948097022709,0.2584022345731584
1113,79.83498935415189,0.2711668014526367,79.83947693463311,0.2584137031867069
1114,79.83498935415189,0.2240219116210937,79.83947290628439,0.2583828308423931
1115,79.84386089425124,0.2222559452056884,79.83947684169961,0.2583504300481001
1116,79.83498935415189,0.2162890434265136,79.83947282065341,0.25831274063356463
1117,79.84386089425124,0.2247540950775146,79.83947674909888,0.25828269708338014
1118,79.83498935415189,0.236612319946289,79.8394727353288,0.25826331391957236
1119,79.83498935415189,0.2079839706420898,79.83946872873257,0.25821838153058446
1120,79.83498935415189,0.2248165607452392,79.83946472929097,0.25818855847631184
1121,79.83498935415189,0.2108352184295654,79.83946073698486,0.2581463164245306
1122,79.84386089425124,0.2894544601440429,79.83946465869366,0.25817422029593834
1123,79.83498935415189,0.25984787940979,79.8394606735605,0.25817571064243333
1124,79.83498935415189,0.3729019165039062,79.83945669551831,0.2582777802206019
1125,79.83498935415189,0.2215352058410644,79.8394527245482,0.25824512015448675
1126,79.83498935415189,0.2099044322967529,79.83944876063133,0.2582021888153591
1127,79.83498935415189,0.2300326824188232,79.8394448037489,0.25817719368989633
1128,79.84386089425124,0.2308900356292724,79.83944871872275,0.25815300294693483
1129,79.84386089425124,0.2388772964477539,79.83945262676131,0.2581359296905139
1130,79.84386089425124,0.2837948799133301,79.83945652788299,0.25815863672610934
1131,79.84386089425124,0.3007986545562744,79.83946042210613,0.2581963378912996
1132,79.83498935415189,0.2758328914642334,79.83945647239945,0.258211917885622
1133,79.84386089425124,0.2628176212310791,79.83946035979737,0.2582159829371184
1134,79.84386089425124,0.2316360473632812,79.83946424033923,0.25819254384049245
1135,79.83498935415189,0.2210383415222168,79.83946029770821,0.25815980886047635
1136,79.83498935415189,0.2858257293701172,79.83945636201845,0.25818416266374183
1137,79.84386089425124,0.2248916625976562,79.83946023583748,0.2581548816610452
1138,79.83498935415189,0.2748675346374511,79.83945630711895,0.25816956764784343
1139,79.83498935415189,0.2198381423950195,79.83945238529896,0.25813591406992176
1140,79.84386089425124,0.2427549362182617,79.83945625241208,0.25812242198408697
1141,79.84386089425124,0.2729604244232178,79.83946011274672,0.25813542636834563
1142,79.83498935415189,0.3050775527954101,79.83945619789681,0.2581765315578614
1143,79.84386089425124,0.2479639053344726,79.83946005152441,0.25816759662678235
1144,79.84386089425124,0.2436909675598144,79.83946389841492,0.2581549422307448
1145,79.84386089425124,0.2236204147338867,79.83946773858595,0.2581247810713589
1146,79.84386089425124,0.223482608795166,79.83947157205512,0.25809455229973916
1147,79.83498935415189,0.2389082908630371,79.83946766428014,0.25807782495759735
1148,79.84386089425124,0.2191619873046875,79.83947149113551,0.2580439261443108
1149,79.84386089425124,0.3629488945007324,79.83947531132969,0.2581352272481893
1150,79.84386089425124,0.2165727615356445,79.83947912488006,0.2580990859736567
1151,79.84386089425124,0.2708723545074463,79.83948293180393,0.2581101835136513
1152,79.84386089425124,0.2483153343200683,79.83948673211856,0.258101681040393
1153,79.84386089425124,0.2092964649200439,79.83949052584113,0.25805935214523223
1154,79.83498935415189,0.2278194427490234,79.83948662534573,0.2580331477176792
1155,79.84386089425124,0.2328786849975586,79.83949041259154,0.2580113689620773
1156,79.83498935415189,0.263899564743042,79.83948651894237,0.2580164625570436
1157,79.83498935415189,0.226198673248291,79.83948263202379,0.2579889623069928
1158,79.83498935415189,0.2346768379211425,79.83947875181836,0.257968830938784
1159,79.84386089425124,0.2538950443267822,79.83948253278682,0.2579653160236744
1160,79.83498935415189,0.2489173412322998,79.83947865935694,0.25795751604540595
1161,79.84386089425124,0.2299115657806396,79.83948243389175,0.25793335932683165
1162,79.84386089425124,0.2288610935211181,79.83948620192992,0.2579083401652088
1163,79.84386089425124,0.2723207473754883,79.83948996348823,0.25792073260477055
1164,79.84386089425124,0.2885360717773437,79.8394937185834,0.2579470344425477
1165,79.83498935415189,0.3091950416564941,79.83948985217614,0.2579910241483107
1166,79.83498935415189,0.2696800231933594,79.83948599240082,0.2580010490188468
1167,79.84386089425124,0.2568128108978271,79.8394897412456,0.2580000308199427
1168,79.83498935415189,0.2317440509796142,79.83948588817445,0.25797755138514794
1169,79.84386089425124,0.267836332321167,79.83948963069462,0.2579859849017741
1170,79.83498935415189,0.262791633605957,79.8394857843044,0.25799009229382897
1171,79.83498935415189,0.3758270740509033,79.83948194448361,0.25809072165485125
1172,79.84386089425124,0.2128458023071289,79.83948568078887,0.25805211677486173
1173,79.83498935415189,0.2059113979339599,79.83948184760332,0.25800766603416186
1174,79.84386089425124,0.2128722667694091,79.83948557762602,0.25796922020855306
1175,79.83498935415189,0.2602250576019287,79.83948175105284,0.2579711400701645
1176,79.83498935415189,0.2207376956939697,79.83947793098746,0.25793947897800784
1177,79.84386089425124,0.3109657764434814,79.8394816548305,0.25798453105741775
1178,79.83498935415189,0.2448048591613769,79.83947784133247,0.25797334288093554
1179,79.84386089425124,0.3736534118652344,79.8394815589346,0.25807145998779246
1180,79.83498935415189,0.284886360168457,79.83947775198139,0.25809418447947097
1181,79.83498935415189,0.2084987163543701,79.83947395147517,0.2580521900102711
1182,79.83498935415189,0.2663726806640625,79.8394701573996,0.25805922934246545
1183,79.84386089425124,0.2648494243621826,79.83947386892694,0.2580649691522877
1184,79.86160397444996,0.3706202507019043,79.83949255989445,0.2581600327346776
1185,79.84386089425124,0.2489864826202392,79.83949624625257,0.258152291342176
1186,79.83498935415189,0.2217786312103271,79.8394924461749,0.2581216221515083
1187,79.83498935415189,0.2818512916564941,79.83948865250007,0.25814161344847963
1188,79.84386089425124,0.221806526184082,79.83949233283823,0.2581110283581897
1189,79.83498935415189,0.2749099731445312,79.83948854564001,0.25812515699131533
1190,79.84386089425124,0.2195634841918945,79.83949221988254,0.25809275222425704
1191,79.84386089425124,0.3727772235870361,79.83949588795507,0.2581890448114634
1192,79.83498935415189,0.2359509468078613,79.83949210730589,0.2581703886889771
1193,79.83498935415189,0.2285373210906982,79.83948833299478,0.2581455495711244
1194,79.84386089425124,0.3168172836303711,79.83949199510639,0.2581946883768692
1195,79.84386089425124,0.2570369243621826,79.83949565108894,0.2581937195366895
1196,79.83498935415189,0.276505708694458,79.83949188328212,0.2582090305644134
1197,79.83498935415189,0.2429180145263672,79.83948812177073,0.25819625611492464
1198,79.83498935415189,0.2103946208953857,79.839484366539,0.2581563549169117
1199,79.84386089425124,0.3038394451141357,79.83948801668721,0.2581944559095699
1200,79.86160397444996,0.2109537124633789,79.83950644665201,0.2581550886233648
1201,79.83498935415189,0.2310147285461425,79.83950268554251,0.25813249048841286
1202,79.83498935415189,0.2709383964538574,79.83949893069111,0.25814314432033086
1203,79.84386089425124,0.2244138717651367,79.83950255659597,0.25811510668728416
1204,79.83498935415189,0.2569482326507568,79.83949880808896,0.258114137522802
1205,79.83498935415189,0.2468712329864502,79.83949506580353,0.25810480731156854
1206,79.83498935415189,0.2278542518615722,79.83949132972421,0.25807972393225675
1207,79.84386089425124,0.2457392215728759,79.83949494991023,0.25806949982093996
1208,79.83498935415189,0.2449750900268554,79.83949122011241,0.2580586600777329
1209,79.84386089425124,0.2199177742004394,79.83949483440037,0.2580271126121603
1210,79.84386089425124,0.2434558868408203,79.8394984427143,0.2580150702768121
1211,79.86160397444996,0.2569649219512939,79.83951669666288,0.2580142031023071
1212,79.83498935415189,0.2408375740051269,79.83951296123176,0.2580000309660883
1213,79.86160397444996,0.2182314395904541,79.83953117311405,0.25796724564755935
1214,79.83498935415189,0.2746224403381347,79.83952743191227,0.2579809649183094
1215,79.83498935415189,0.2294695377349853,79.83952369686884,0.2579574987230968
1216,79.83498935415189,0.2360010147094726,79.83951996796857,0.2579394424040067
1217,79.84386089425124,0.2126352787017822,79.83952353487595,0.25790221630400484
1218,79.84386089425124,0.4068007469177246,79.83952709592634,0.2580244646871031
1219,79.83498935415189,0.3004059791564941,79.83952337341464,0.25805923213129456
1220,79.84386089425124,0.2491354942321777,79.83952692875958,0.258051917592033
1221,79.84386089425124,0.2114715576171875,79.83953047828086,0.25801376823906425
1222,79.84386089425124,0.287888765335083,79.83953402199279,0.2580382158635291
1223,79.83498935415189,0.2599074840545654,79.83953030599291,0.2580397442921399
1224,79.84386089425124,0.281977891921997,79.83953384405523,0.258059301602295
1225,79.83498935415189,0.2484133243560791,79.83953013426753,0.25805142733515524
1226,79.83498935415189,0.21944260597229,79.8395264305317,0.2580199356374694
1227,79.84386089425124,0.2300598621368408,79.83952996310198,0.2579971482915031
1228,79.84386089425124,0.2466530799865722,79.83953348991888,0.2579879104508639
1229,79.83498935415189,0.2267587184906005,79.83952979249351,0.25796250020516803
1230,79.84386089425124,0.2548654079437256,79.83953331371445,0.25795998224397987
1231,79.83498935415189,0.2574617862701416,79.83952962243941,0.2579595775356339
1232,79.84386089425124,0.274932861328125,79.83953313808213,0.25797335455169923
1233,79.83498935415189,0.2521531581878662,79.839529452937,0.2579686341977951
1234,79.84386089425124,0.264523983001709,79.83953296301911,0.2579739464739733
1235,79.83498935415189,0.2190730571746826,79.83952928398358,0.2579424477781844
1236,79.83498935415189,0.232825756072998,79.83952561090119,0.2579221268302029
1237,79.83498935415189,0.2459847927093505,79.83952194375749,0.25791247660051747
1238,79.84386089425124,0.3099963665008545,79.83952544856403,0.2579545475939749
1239,79.83498935415189,0.2468597888946533,79.83952178747087,0.2579455929864694
1240,79.84386089425124,0.2418067455291748,79.83952528675053,0.2579325777869071
1241,79.84386089425124,0.2259318828582763,79.83952878039075,0.2579067915702039
1242,79.84386089425124,0.2435371875762939,79.83953226840512,0.2578952218407402
1243,79.83498935415189,0.2318847179412841,79.83952861360684,0.2578742962543368
1244,79.84386089425124,0.2229816913604736,79.83953209614756,0.2578462475365764
1245,79.84386089425124,0.2159247398376464,79.83953557309383,0.2578125756428424
1246,79.83498935415189,0.2603943347930908,79.839531924443,0.2578146476806837
1247,79.83498935415189,0.2320210933685302,79.83952828164404,0.257793963194467
1248,79.84386089425124,0.2442133426666259,79.83953175328875,0.2577830812869928
1249,79.84386089425124,0.2398908138275146,79.8395352193744,0.25776875601280586
1250,79.83498935415189,0.3079226016998291,79.83953158268221,0.25780887908935546
1251,79.84386089425124,0.26051926612854,79.83953504336291,0.2578110456657257
1252,79.83498935415189,0.2437632083892822,79.83953141262073,0.2577998253484123
1253,79.83498935415189,0.2255070209503173,79.83952778767383,0.25777405295862926
1254,79.84386089425124,0.2628414630889892,79.83953124310172,0.2577780939555434
1255,79.83498935415189,0.3109591007232666,79.83952762406669,0.25782046925974084
1256,79.83498935415189,0.282015323638916,79.83952401079446,0.25783973267883253
1257,79.83498935415189,0.2182450294494629,79.83952040327128,0.25780823331269936
1258,79.84386089425124,0.2356870174407959,79.83952385358207,0.2577906488803688
1259,79.83498935415189,0.2968800067901611,79.83952025191452,0.2578216968215203
1260,79.83498935415189,0.3247716426849365,79.83951665596392,0.2578748316991897
1261,79.83498935415189,0.3403074741363525,79.83951306571663,0.25794020254965533
1262,79.84386089425124,0.2612128257751465,79.83951651090565,0.257942795753479
1263,79.84386089425124,0.3826632499694824,79.8395199506391,0.2580415451234046
1264,79.83498935415189,0.2354226112365722,79.83951636630643,0.2580236503972283
1265,79.83498935415189,0.2303328514099121,79.83951278764069,0.2580017604375545
1266,79.83498935415189,0.2656068801879883,79.83950921462845,0.25800776764114886
1267,79.83498935415189,0.2301506996154785,79.83950564725633,0.2579857810049802
1268,79.83498935415189,0.2187137603759765,79.83950208551097,0.25795480937987847
1269,79.84386089425124,0.2639436721801758,79.83950552034844,0.2579595287359071
1270,79.84386089425124,0.2260475158691406,79.8395089497767,0.2579344011667207
1271,79.84386089425124,0.2286310195922851,79.83951237380855,0.25791134579176045
1272,79.83498935415189,0.2073621749877929,79.83950881797549,0.2578716058776064
1273,79.84386089425124,0.2243785858154297,79.8395122367314,0.2578452955711946
1274,79.84386089425124,0.2257683277130127,79.83951565012035,0.25782011741745975
1275,79.83498935415189,0.2273035049438476,79.83951210008429,0.2577961828194413
1276,79.83498935415189,0.2182559967041015,79.83950855561254,0.2577651952127678
1277,79.84386089425124,0.2578544616699219,79.8395119638652,0.2577652651160232
1278,79.83498935415189,0.2538926601409912,79.83950842504696,0.2577622349086875
1279,79.83498935415189,0.2845618724822998,79.83950489176243,0.2577831884955316
1280,79.84386089425124,0.2439851760864257,79.83950829488938,0.25777240879833696
1281,79.83498935415189,0.2407734394073486,79.8395047672229,0.2577591387207484
1282,79.84386089425124,0.2347426414489746,79.83950816513791,0.257741185134733
1283,79.83498935415189,0.2323756217956543,79.83950464307166,0.2577214146255053
1284,79.83498935415189,0.2437989711761474,79.83950112649151,0.257710571601012
1285,79.86160397444996,0.2750144004821777,79.8395183271514,0.25772403761570556
1286,79.83498935415189,0.3858494758605957,79.83951480539945,0.25782366859412303
1287,79.83498935415189,0.2469441890716552,79.83951128912031,0.2578152152300807
1288,79.83498935415189,0.2198834419250488,79.83950777830123,0.25778576509552714
1289,79.83498935415189,0.2408473491668701,79.8395042729295,0.2577726243539223
1290,79.83498935415189,0.2553982734680176,79.83950077299247,0.25777078377184015
1291,79.83498935415189,0.267765998840332,79.83949727847747,0.2577785259988491
1292,79.83498935415189,0.2718219757080078,79.83949378937196,0.2577893955419676
1293,79.84386089425124,0.2386567592620849,79.83949716686993,0.2577745984528107
1294,79.84386089425124,0.1992058753967285,79.83950053914765,0.25772933668847064
1295,79.84386089425124,0.1913487911224365,79.83950390621723,0.25767807757992545
1296,79.83498935415189,0.2738082408905029,79.83950042276656,0.25769052369359097
1297,79.83498935415189,0.1948223114013672,79.83949694468744,0.2576420516717774
1298,79.84386089425124,0.24888277053833,79.83950030674411,0.25763530338122775
1299,79.84386089425124,0.2616512775421142,79.83950366362441,0.25763839497026614
1300,79.84386089425124,0.2518155574798584,79.83950701534029,0.2576339158645043
1301,79.84386089425124,0.2628016471862793,79.83951036190363,0.2576378879869653
1302,79.84386089425124,0.2740440368652344,79.83951370332632,0.25765048871575047
1303,79.84386089425124,0.2469418048858642,79.8395170396202,0.2576422702323814
1304,79.83498935415189,0.2295293807983398,79.83951356746877,0.2576207112680915
1305,79.84386089425124,0.2225520610809326,79.83951689875366,0.25759383873921243
1306,79.84386089425124,0.2507503032684326,79.83952022493705,0.2575885986661108
1307,79.83498935415189,0.2509925365447998,79.83951675831823,0.25758355194681365
1308,79.84386089425124,0.2327268123626709,79.83952007952307,0.2575645483232784
1309,79.84386089425124,0.229377269744873,79.8395233956535,0.2575430148789863
1310,79.83498935415189,0.2518260478973388,79.83951993455311,0.2575386507820537
1311,79.83498935415189,0.2598135471343994,79.83951647873282,0.257540386019546
1312,79.83498935415189,0.3420608043670654,79.83951302818053,0.25760480707011574
1313,79.84386089425124,0.2676155567169189,79.83951633957892,0.25761243140343393
1314,79.83498935415189,0.3028056621551513,79.83951289438453,0.257646825034143
1315,79.83498935415189,0.2201237678527832,79.83950945442997,0.2576182903898986
1316,79.83498935415189,0.2608661651611328,79.83950601970331,0.2576207583798464
1317,79.84386089425124,0.213883638381958,79.83950932636583,0.2575875487215336
1318,79.84386089425124,0.2618308067321777,79.83951262801067,0.2575907681889165
1319,79.84386089425124,0.2915883064270019,79.8395159246492,0.257616543426398
1320,79.86160397444996,0.2815945148468017,79.83953265802027,0.2576347085562619
1321,79.83498935415189,0.2174253463745117,79.83952921872893,0.25760426997777464
1322,79.84386089425124,0.2048346996307373,79.83953249533673,0.2575643535100386
1323,79.84386089425124,0.2678470611572265,79.83953576699123,0.2575721257758339
1324,79.83498935415189,0.278881311416626,79.83953233314467,0.2575882203269221
1325,79.83498935415189,0.2399113178253173,79.83952890448128,0.2575748792684303
1326,79.83498935415189,0.3306431770324707,79.83952548098932,0.2576299835653866
1327,79.83498935415189,0.2366054058074951,79.83952206265711,0.25761413987453663
1328,79.83498935415189,0.2409489154815673,79.83951864947299,0.2576015907597829
1329,79.87047551454933,0.2688615322113037,79.83954194282519,0.2576100632514695
1330,79.83498935415189,0.2333941459655761,79.83953851982619,0.2575918557948636
1331,79.83498935415189,0.2329576015472412,79.83953510197068,0.2575733477150382
1332,79.83498935415189,0.2787926197052002,79.83953168924708,0.2575892780994152
1333,79.84386089425124,0.2680263519287109,79.83953493696276,0.25759710786222784
1334,79.83498935415189,0.2381231784820556,79.8395315294794,0.2575825097142667
1335,79.83498935415189,0.3181560039520263,79.83952812710086,0.2576278831181901
1336,79.84386089425124,0.3664605617523193,79.83953137019006,0.2577093447039941
1337,79.84386089425124,0.2858233451843261,79.83953460842795,0.25773037237825014
1338,79.83498935415189,0.2366588115692138,79.83953121137691,0.25771462382757077
1339,79.83498935415189,0.2468833923339843,79.83952781939989,0.2577065347823926
1340,79.83498935415189,0.2039587497711181,79.83952443248552,0.2576664244950707
1341,79.83498935415189,0.2358095645904541,79.83952105062248,0.2576501255689674
1342,79.83498935415189,0.2231879234313964,79.83951767379948,0.2576244458356309
1343,79.84386089425124,0.2848432064056396,79.83952090776853,0.257644712969339
1344,79.84386089425124,0.2008595466613769,79.83952413692515,0.25760246210155036
1345,79.83498935415189,0.2158596515655517,79.83952076533944,0.2575714265546834
1346,79.84386089425124,0.2451024055480957,79.83952398980371,0.25756216279464883
1347,79.83498935415189,0.2133665084838867,79.83952062333329,0.25752935236086205
1348,79.84386089425124,0.2229247093200683,79.83952384311884,0.2575036812606834
1349,79.83498935415189,0.2976400852203369,79.83952048174821,0.2575334339693266
1350,79.84386089425124,0.219703197479248,79.83952369686858,0.2575054115719265
1351,79.83498935415189,0.2524247169494629,79.83952034058234,0.25750165088012605
1352,79.83498935415189,0.2716405391693115,79.839516989261,0.2575121086377364
1353,79.84386089425124,0.2628064155578613,79.8395201998338,0.25751602165098114
1354,79.83498935415189,0.2943921089172363,79.83951685356668,0.25754325657510685
1355,79.83498935415189,0.2507784366607666,79.8395135122387,0.2575382640880852
1356,79.83498935415189,0.2287871837615966,79.83951017583891,0.2575170612264875
1357,79.84386089425124,0.2447216510772705,79.83951338196891,0.2575076320369892
1358,79.84386089425124,0.4296040534973144,79.83951658337708,0.2576343598878436
1359,79.84386089425124,0.2909293174743652,79.83951978007383,0.2576588594887167
1360,79.83498935415189,0.237771987915039,79.83951644887829,0.2576442367890302
1361,79.84386089425124,0.2452988624572754,79.83951964097629,0.25763516597761815
1362,79.83498935415189,0.2318696975708007,79.8395163147745,0.25761624859993326
1363,79.83498935415189,0.2767834663391113,79.83951299345343,0.25763031112211904
1364,79.86160397444996,0.2588460445404053,79.83952918918729,0.25763120242227905
1365,79.83498935415189,0.20841646194458,79.83952586330082,0.25759514766735037
1366,79.84386089425124,0.2567901611328125,79.83952903682274,0.2575945583653485
1367,79.84386089425124,0.2242021560668945,79.83953220570162,0.25757013085818065
1368,79.83498935415189,0.2138969898223877,79.8395288849037,0.25753820604748195
1369,79.84386089425124,0.2649083137512207,79.83953204926408,0.257543589617755
1370,79.84386089425124,0.2929491996765136,79.83953520900494,0.25756943312874675
1371,79.83498935415189,0.2643663883209228,79.83953189328294,0.2575743907911772
1372,79.83498935415189,0.2813334465026855,79.83952858239435,0.2575917078871769
1373,79.84386089425124,0.251596450805664,79.83953173775623,0.25758734134888006
1374,79.83498935415189,0.2318263053894043,79.83952843180019,0.25756859241441177
1375,79.84386089425124,0.2901480197906494,79.83953158268197,0.25759228654341265
1376,79.86160397444996,0.2318203449249267,79.83954762366436,0.25757355693467826
1377,79.83498935415189,0.2735922336578369,79.83954431337422,0.257585189960621
1378,79.84386089425124,0.2620842456817627,79.83954744587123,0.25758845487769005
1379,79.84386089425124,0.239825963973999,79.8395505738251,0.2575755741736265
1380,79.83498935415189,0.2346808910369873,79.83954726859345,0.2575589838235275
1381,79.84386089425124,0.2601993083953857,79.8395503921457,0.2575608957167728
1382,79.86160397444996,0.21834397315979,79.8395663498753,0.25753251878294
1383,79.84386089425124,0.2250239849090576,79.83956945511346,0.25750901297392054
1384,79.83498935415189,0.3258295059204101,79.83956614579195,0.2575583774919455
1385,79.83498935415189,0.2557330131530761,79.83956284124925,0.25755705953935426
1386,79.83498935415189,0.2193236351013183,79.839559541475,0.25752947409603677
1387,79.84386089425124,0.2597250938415527,79.83956264266662,0.2575310570951323
1388,79.84386089425124,0.2598323822021484,79.83956573938967,0.2575327151103391
1389,79.84386089425124,0.2348415851593017,79.83956883165378,0.25751637880367884
1390,79.83498935415189,0.2518961429595947,79.83956553706565,0.25751233546853924
1391,79.83498935415189,0.26995849609375,79.83956224721452,0.2575212831037838
1392,79.83498935415189,0.2073469161987304,79.8395589620902,0.2574852382999727
1393,79.84386089425124,0.2496349811553955,79.83956205034012,0.2574796027959206
1394,79.84386089425124,0.3310558795928955,79.83956513415929,0.2575323834822886
1395,79.84386089425124,0.2226808071136474,79.8395682135572,0.25750740027342217
1396,79.83498935415189,0.2582688331604004,79.83956493357195,0.25750794571245295
1397,79.84386089425124,0.2347030639648437,79.83956800870487,0.25749162153081545
1398,79.83498935415189,0.3336019515991211,79.83956473355855,0.2575460638270017
1399,79.84386089425124,0.3158895969390869,79.83956780443823,0.2575877675676107
1400,79.83498935415189,0.2519865036010742,79.8395645341166,0.2575837666647775
1401,79.84386089425124,0.2728030681610107,79.83956760075482,0.25759462983501036
1402,79.84386089425124,0.2309193611145019,79.83957066301836,0.25757560325247075
1403,79.84386089425124,0.2593038082122803,79.8395737209166,0.25757683504502943
1404,79.83498935415189,0.4090983867645263,79.83957045569811,0.25768475637816296
1405,79.84386089425124,0.2856960296630859,79.83957350939103,0.2577046932274761
1406,79.83498935415189,0.2206683158874511,79.83957024896768,0.2576783515650721
1407,79.83498935415189,0.3168344497680664,79.83956699317888,0.25772039570025546
1408,79.84386089425124,0.2548456192016601,79.83957004282453,0.2577183539555831
1409,79.83498935415189,0.2523450851440429,79.83956679180346,0.25771454042200503
1410,79.84386089425124,0.2208974361419677,79.8395698372662,0.25768842900052985
1411,79.84386089425124,0.2508618831634521,79.83957287841218,0.2576835909099295
1412,79.84386089425124,0.3698570728302002,79.83957591525059,0.2577630338857937
1413,79.83498935415189,0.3105795383453369,79.8395726692767,0.2578004128698415
1414,79.84386089425124,0.2608327865600586,79.83957570196763,0.2578025574056903
1415,79.83498935415189,0.272435188293457,79.83957246073243,0.2578128984875898
1416,79.84386089425124,0.2308382987976074,79.83957548928717,0.2577938486290517
1417,79.83498935415189,0.2410376071929931,79.83957225277685,0.25778202347630924
1418,79.83498935415189,0.2838003635406494,79.8395690208314,0.2578003720941261
1419,79.83498935415189,0.3183152675628662,79.83956579344121,0.2578430182501999
1420,79.84386089425124,0.2448108196258545,79.83956881816009,0.2578338406455349
1421,79.83498935415189,0.2457802295684814,79.83956559545494,0.25782535816061086
1422,79.83498935415189,0.2357757091522216,79.83956237728243,0.25780985207832646
1423,79.83498935415189,0.2709705829620361,79.839559163633,0.2578191006594113
1424,79.83498935415189,0.215625524520874,79.83955595449713,0.2577894703390893
1425,79.83498935415189,0.3128499984741211,79.8395527498653,0.2578281093062016
1426,79.83498935415189,0.2437887191772461,79.83954954972805,0.25781826401158103
1427,79.84386089425124,0.242750883102417,79.83955257099261,0.2578077052302852
1428,79.84386089425124,0.2786409854888916,79.8395555880257,0.25782229436211895
1429,79.84386089425124,0.2606759071350097,79.83955860083621,0.257824291291981
1430,79.83498935415189,0.2509093284606933,79.83955540555881,0.25781945565363745
1431,79.84386089425124,0.2188560962677002,79.83955841428606,0.2577922275897758
1432,79.84386089425124,0.2212440967559814,79.83956141881117,0.25776670515204275
1433,79.84386089425124,0.2747423648834228,79.83956441914296,0.2577785513905155
1434,79.83498935415189,0.2118868827819824,79.83956122872107,0.25774654883221104
1435,79.83498935415189,0.212188720703125,79.83955804274575,0.2577148012167901
1436,79.83498935415189,0.2232983112335205,79.83955486120773,0.25769083430175993
1437,79.83498935415189,0.2289283275604248,79.83955168409773,0.25767081863944863
1438,79.83498935415189,0.2648701667785644,79.83954851140652,0.2576758251402408
1439,79.83498935415189,0.244849681854248,79.8395453431249,0.25766691190654656
1440,79.83498935415189,0.2508318424224853,79.83954217924367,0.25766216533051595
1441,79.84386089425124,0.2178757190704345,79.83954517627004,0.25763455502776783
1442,79.84386089425124,0.2142539024353027,79.83954816913965,0.25760447135745407
1443,79.83498935415189,0.2190022468566894,79.83954500987771,0.25757771998912365
1444,79.83498935415189,0.2695741653442383,79.83954185499147,0.2575860277767657
1445,79.83498935415189,0.2371864318847656,79.83953870447185,0.2575719104093664
1446,79.84386089425124,0.278616189956665,79.83954169353808,0.25758646385303674
1447,79.83498935415189,0.2747559547424316,79.8395385474846,0.2575983294307073
1448,79.84386089425124,0.2826118469238281,79.8395415325307,0.2576156039593628
1449,79.83498935415189,0.2623569965362549,79.83953839093071,0.25761887614195556
1450,79.83498935415189,0.3807170391082763,79.83953525366397,0.25770377142675993
1451,79.83498935415189,0.3578810691833496,79.8395321207215,0.2577728116044006
1452,79.84386089425124,0.2612123489379883,79.8395351019705,0.2577751804317653
1453,79.83498935415189,0.2275266647338867,79.8395319734448,0.257754362458126
1454,79.83498935415189,0.2558965682983398,79.83952884922245,0.2577530847454989
1455,79.83498935415189,0.2139990329742431,79.83952572929456,0.2577230132322541
1456,79.83498935415189,0.2284464836120605,79.83952261365229,0.2577029057256468
1457,79.84386089425124,0.2334265708923339,79.8395255911956,0.25768624386234323
1458,79.84386089425124,0.2378296852111816,79.83952856465449,0.25767262482348785
1459,79.84386089425124,0.2237954139709472,79.83953153403735,0.2576494053506622
1460,79.83498935415189,0.2111632823944091,79.83952842295523,0.25761756554041826
1461,79.83498935415189,0.2428491115570068,79.83952531613195,0.25760745708457744
1462,79.84386089425124,0.2273252010345459,79.83952828164367,0.2575867441871424
1463,79.84386089425124,0.2898092269897461,79.83953124310136,0.257608769124123
1464,79.83498935415189,0.2508857250213623,79.83952814071819,0.2576041768808834
1465,79.84386089425124,0.2108843326568603,79.83953109822914,0.25757228620223216
1466,79.84386089425124,0.190263032913208,79.83953405170529,0.2575263726597431
1467,79.84386089425124,0.2674024105072021,79.83953700115487,0.25753310479188174
1468,79.83498935415189,0.2677700519561767,79.83953390330268,0.25754007818913266
1469,79.83498935415189,0.275768518447876,79.83953080966813,0.2575524869299487
1470,79.84386089425124,0.2628271579742431,79.8395337553039,0.25755607514154344
1471,79.83498935415189,0.2595891952514648,79.83953066597613,0.2575574572762205
1472,79.83498935415189,0.2939198017120361,79.83952758084581,0.25758215995586436
1473,79.83498935415189,0.2524697780609131,79.8395244999044,0.25757868922816923
1474,79.83498935415189,0.2266759872436523,79.83952142314337,0.2575577240300793
1475,79.83498935415189,0.2949228286743164,79.83951835055421,0.2575830563044144
1476,79.84386089425124,0.2409610748291015,79.83952129265698,0.25757179479934983
1477,79.84386089425124,0.2371878623962402,79.83952423077588,0.25755799389724887
1478,79.83498935415189,0.2287797927856445,79.83952116252375,0.2575385228545482
1479,79.83498935415189,0.2499744892120361,79.83951809842073,0.2575334085654052
1480,79.84386089425124,0.2307636737823486,79.83952103274224,0.257515320906768
1481,79.83498935415189,0.2918839454650879,79.83951797286473,0.25753852727041304
1482,79.87047551454933,0.2697134017944336,79.8395388618942,0.257546742435409
1483,79.83498935415189,0.2306196689605713,79.83953579412093,0.2575285852719061
1484,79.83498935415189,0.2418820858001709,79.83953273048213,0.2575180418086502
1485,79.84386089425124,0.2828428745269775,79.83953564507054,0.2575350955680565
1486,79.83498935415189,0.2785484790802002,79.83953258565538,0.2575492364721696
1487,79.83498935415189,0.2878825664520263,79.8395295303551,0.25756963548358847
1488,79.83498935415189,0.2068912982940673,79.8395264791614,0.2575355774612837
1489,79.84386089425124,0.2049531936645507,79.83952939011849,0.25750026357021805
1490,79.84386089425124,0.2688596248626709,79.83953229716825,0.2575078873026291
1491,79.84386089425124,0.2397944927215576,79.83953520031854,0.25749600709164244
1492,79.83498935415189,0.2724134922027588,79.83953215350475,0.2575060054060601
1493,79.84386089425124,0.3417754173278808,79.83953505286225,0.25756244841471504
1494,79.83498935415189,0.2278335094451904,79.8395320102259,0.2575425495265159
1495,79.83498935415189,0.2525660991668701,79.83952897165995,0.25753922079717834
1496,79.84386089425124,0.4609651565551758,79.83953186733014,0.2576752007007599
1497,79.83498935415189,0.2768080234527588,79.83952883291919,0.25768798147748134
1498,79.83498935415189,0.2708971500396728,79.83952580255952,0.2576967993470155
1499,79.83498935415189,0.3296549320220947,79.83952277624304,0.257744803438193
1500,79.84386089425124,0.225804328918457,79.83952566832171,0.25772350978851316
1501,79.83498935415189,0.2360157966613769,79.83952264612705,0.2577090476212066
1502,79.83498935415189,0.2556867599487304,79.83951962795663,0.25770770122462044
1503,79.83498935415189,0.2920737266540527,79.8395166138024,0.2577305661783326
1504,79.83498935415189,0.2366831302642822,79.83951360365634,0.2577165718725387
1505,79.83498935415189,0.2507722377777099,79.8395105975105,0.2577119576970604
1506,79.83498935415189,0.2248876094818115,79.83950759535686,0.25769016198111405
1507,79.83498935415189,0.2025766372680664,79.83950459718751,0.25765359029915447
1508,79.84386089425124,0.2667853832244873,79.83950748597867,0.2576596458647548
1509,79.83498935415189,0.2607979774475097,79.83950449185552,0.2576617256073544
1510,79.83498935415189,0.2577919960021972,79.8395015016981,0.25766181187913906
1511,79.83498935415189,0.2101147174835205,79.83949851549852,0.2576303445764285
1512,79.83498935415189,0.2588493824005127,79.83949553324895,0.2576311508183757
1513,79.84386089425124,0.2488703727722168,79.83949841848425,0.2576253604825884
1514,79.83498935415189,0.2554552555084228,79.83949544023832,0.2576239271239529
1515,79.84386089425124,0.2409443855285644,79.83949832172611,0.2576129175255401
1516,79.84386089425124,0.2699062824249267,79.83950119941248,0.257621026605289
1517,79.84386089425124,0.2431292533874511,79.83950407330492,0.2576114736895225
1518,79.83498935415189,0.2469496726989746,79.83950109918163,0.2576044501052072
1519,79.83498935415189,0.2378273010253906,79.83949812897424,0.2575914302572284
1520,79.83498935415189,0.3149676322937011,79.83949516267501,0.2576291777585682
1521,79.84386089425124,0.3340446949005127,79.83949803297847,0.257679418072271
1522,79.84386089425124,0.2708199024200439,79.8395008995102,0.2576880517676375
1523,79.84386089425124,0.2691938877105713,79.83950376227759,0.2576956064859191
1524,79.83498935415189,0.2724220752716064,79.83950080006753,0.25770526952318007
1525,79.84386089425124,0.2618360519409179,79.83950365914568,0.2577079782329622
1526,79.83498935415189,0.2382731437683105,79.83950070088552,0.2576952424305607
1527,79.83498935415189,0.2113218307495117,79.83949774649997,0.2576648734641684
1528,79.84386089425124,0.2524430751800537,79.83950060196315,0.25766145605691443
1529,79.84386089425124,0.3097081184387207,79.83950345369128,0.25769549573146106
1530,79.83498935415189,0.2529442310333252,79.83950050329942,0.25769239032969754
1531,79.84386089425124,0.3170216083526611,79.83950335136666,0.2577311422683148
1532,79.84386089425124,0.2087805271148681,79.8395061957158,0.25769919016965065
1533,79.83498935415189,0.2509260177612304,79.83950324930903,0.2576947719228089
1534,79.83498935415189,0.2433645725250244,79.83950030674374,0.2576854302022106
1535,79.83498935415189,0.2258892059326172,79.8394973680124,0.25766471604959196
1536,79.84386089425124,0.2175886631011963,79.8395002088498,0.257638624869287
1537,79.83498935415189,0.1952109336853027,79.83949727400615,0.25759800828426166
1538,79.84386089425124,0.2068288326263427,79.83950011121047,0.2575649984171239
1539,79.83498935415189,0.3104398250579834,79.83949718024421,0.25759935502962605
1540,79.83498935415189,0.2288870811462402,79.83949425308441,0.2575807106959355
1541,79.84386089425124,0.236504316329956,79.83949708672566,0.2575670336067947
1542,79.87047551454933,0.4092202186584472,79.83951717649727,0.2576653819758295
1543,79.87047551454933,0.2323698997497558,79.83953724022899,0.25764898827380356
1544,79.86160397444996,0.318840742111206,79.8395515321553,0.25768862023872413
1545,79.83498935415189,0.2419450283050537,79.83954857928927,0.2576784302115826
1546,79.83498935415189,0.2428417205810547,79.83954563024325,0.2576688333748229
1547,79.83498935415189,0.2255880832672119,79.83954268500983,0.2576480959797954
1548,79.84386089425124,0.2818536758422851,79.83954547455069,0.2576637326592931
1549,79.83498935415189,0.2544937133789062,79.83954253322054,0.25766168616524504
1550,79.84386089425124,0.264437198638916,79.83954531925991,0.25766605746361515
1551,79.84386089425124,0.2229161262512207,79.83954810170671,0.2576436526079012
1552,79.84386089425124,0.251788854598999,79.8395508805679,0.2576398801865037
1553,79.83498935415189,0.267845869064331,79.83954794333259,0.25764645197586483
1554,79.83498935415189,0.2359046936035156,79.83954500987751,0.25763246114036137
1555,79.83498935415189,0.2141706943511963,79.83954208019537,0.2576045114511079
1556,79.83498935415189,0.2396390438079834,79.8395391542789,0.257592965520746
1557,79.83498935415189,0.2088410854339599,79.8395362321208,0.257561654101294
1558,79.83498935415189,0.3154456615447998,79.83953331371389,0.2575988068660202
1559,79.83498935415189,0.2406785488128662,79.83953039905093,0.25758795358952685
1560,79.83498935415189,0.3507437705993652,79.8395274881247,0.2576476688568409
1561,79.83498935415189,0.2415378093719482,79.83952458092804,0.2576373486393618
1562,79.84386089425124,0.2440409660339355,79.83952735705694,0.2576286441690638
1563,79.84386089425124,0.257951021194458,79.83953012963352,0.25762885042435835
1564,79.83498935415189,0.2453219890594482,79.83952722632438,0.2576209815871685
1565,79.84386089425124,0.2462732791900634,79.83952999544127,0.25761373065911924
1566,79.83498935415189,0.2229542732238769,79.83952709592575,0.25759159818310695
1567,79.83498935415189,0.2415497303009033,79.83952420011096,0.2575813608711209
1568,79.84386089425124,0.2667162418365478,79.83952696585978,0.2575871866880631
1569,79.83498935415189,0.3208117485046386,79.83952407381916,0.2576274827759003
1570,79.83498935415189,0.2715547084808349,79.83952118546269,0.25763635362029835
1571,79.84386089425124,0.2295789718627929,79.83952394784893,0.25761849405202497
1572,79.84386089425124,0.2640566825866699,79.83952670672069,0.2576225895918053
1573,79.83498935415189,0.245211124420166,79.83952382219903,0.2576146992770108
1574,79.83498935415189,0.228489875793457,79.83952094134257,0.25759619557721186
1575,79.84386089425124,0.2234485149383545,79.83952369686823,0.2575745145101396
1576,79.83498935415189,0.2128305435180664,79.83952081974721,0.2575461236656015
1577,79.83498935415189,0.2430894374847412,79.83951794627505,0.257536956458131
1578,79.84386089425124,0.2870790958404541,79.83952069846008,0.2575556777124925
1579,79.84386089425124,0.2232744693756103,79.83952344715912,0.25753396700423603
1580,79.83498935415189,0.2887978553771972,79.83952057748,0.25755375427535815
1581,79.83498935415189,0.2208251953125,79.83951771143109,0.2575305230552678
1582,79.83498935415189,0.2142539024353027,79.8395148490055,0.2575031674164436
1583,79.84386089425124,0.3268816471099853,79.83951759445416,0.2575469946304003
1584,79.83498935415189,0.316901683807373,79.8395147357166,0.2575844660250827
1585,79.83498935415189,0.2199187278747558,79.83951188058627,0.2575607021524327
1586,79.83498935415189,0.2619321346282959,79.83950902905636,0.2575634584150278
1587,79.83498935415189,0.2727720737457275,79.83950618112006,0.25757304166350337
1588,79.84386089425124,0.2506961822509765,79.83950892338274,0.2575687111475005
1589,79.84386089425124,0.4358127117156982,79.83951166219386,0.25768088484200535
1590,79.86160397444996,0.2716593742370605,79.83952555672987,0.2576896763447696
1591,79.83498935415189,0.2657787799835205,79.83952270556546,0.2576947606336688
1592,79.87047551454933,0.2528769969940185,79.83954214828466,0.25769173440022686
1593,79.84386089425124,0.2729249000549316,79.83954485936185,0.25770129696498184
1594,79.83498935415189,0.2567992210388183,79.83954200145394,0.2577007310453293
1595,79.83498935415189,0.2597932815551758,79.8395391471296,0.2577020429892226
1596,79.87047551454933,0.3175783157348633,79.83955853081846,0.2577395594508427
1597,79.83498935415189,0.2467195987701416,79.83955566971848,0.25773265903714154
1598,79.83498935415189,0.2268517017364502,79.83955281219934,0.2577133342828858
1599,79.84386089425124,0.2890737056732178,79.83955550643452,0.25773294677281094
1600,79.83498935415189,0.2607550621032715,79.83955265258935,0.2577348355948925
1601,79.83498935415189,0.264042854309082,79.83954980230925,0.2577387756440581
1602,79.83498935415189,0.225743293762207,79.83954695558754,0.2577188034331456
1603,79.84386089425124,0.2411055564880371,79.83954964675327,0.2577084395860183
1604,79.86160397444996,0.2344880104064941,79.83956339633413,0.2576939630092231
1605,79.83498935415189,0.2787594795227051,79.83956054646362,0.2577070879416302
1606,79.84386089425124,0.2421019077301025,79.8395632241397,0.25769737114199665
1607,79.83498935415189,0.2023980617523193,79.83956037792315,0.25766295962401925
1608,79.83498935415189,0.2925405502319336,79.83955753524667,0.25768464966792964
1609,79.86160397444996,0.2467923164367675,79.83957123719769,0.2576778800388239
1610,79.83498935415189,0.3537819385528564,79.8395683913076,0.25773757200063385
1611,79.83498935415189,0.2226202487945556,79.83956554895057,0.25771577353806024
1612,79.84386089425124,0.2897806167602539,79.83956821355684,0.2577356648800095
1613,79.84386089425124,0.3164987564086914,79.83957087485919,0.25777209581090144
1614,79.83498935415189,0.2777786254882812,79.8395680362466,0.2577844914302802
1615,79.84386089425124,0.2420675754547119,79.83957069436302,0.25777475959376284
1616,79.83498935415189,0.2666170597076416,79.83956785937526,0.25778023131413036
1617,79.84386089425124,0.2273428440093994,79.83957051431335,0.2577614079453581
1618,79.83498935415189,0.2548174858093261,79.83956768294118,0.2577595884631974
1619,79.84386089425124,0.263840913772583,79.83957033470851,0.25776334468636564
1620,79.84386089425124,0.2807354927062988,79.83957298320206,0.2577775250246495
1621,79.84386089425124,0.253887414932251,79.83957562842787,0.25777512520349444
1622,79.83498935415189,0.2508544921875,79.83957280088516,0.2577708584753711
1623,79.83498935415189,0.2727158069610595,79.83956997682678,0.2577800666999464
1624,79.84386089425124,0.2509231567382812,79.83957261901732,0.2577758444647484
1625,79.84386089425124,0.2715933322906494,79.83957525795593,0.25778434753417967
1626,79.83498935415189,0.2077152729034423,79.83957243759687,0.2577535547453539
1627,79.84386089425124,0.2809982299804687,79.83957507340305,0.2577678415770903
1628,79.83498935415189,0.2539739608764648,79.83957225662219,0.2577655111835395
1629,79.83498935415189,0.2358646392822265,79.83956944329961,0.2577520668177315
1630,79.83498935415189,0.2121317386627197,79.83956663342896,0.257724078886348
1631,79.83498935415189,0.2233481407165527,79.8395638270039,0.2577030022841593
1632,79.83498935415189,0.261744737625122,79.83956102401808,0.2577054788376771
1633,79.84386089425124,0.2469544410705566,79.83956365712906,0.2576988952260622
1634,79.83498935415189,0.4336733818054199,79.83956085767802,0.25780659075028456
1635,79.83498935415189,0.2629365921020508,79.8395580616514,0.25780972836579025
1636,79.84386089425124,0.3008489608764648,79.83956069174468,0.2578360359651244
1637,79.83498935415189,0.2397844791412353,79.83955789923546,0.25782500874653924
1638,79.84386089425124,0.2511346340179443,79.83956052621654,0.2578209242686829
1639,79.84386089425124,0.2269978523254394,79.83956314999203,0.25780211824553273
1640,79.84386089425124,0.2489352226257324,79.8395657705678,0.25779671160186207
1641,79.84386089425124,0.2610838413238525,79.8395683879497,0.2577987147278353
1642,79.84386089425124,0.2217707633972168,79.83957100214354,0.2577767732227618
1643,79.83498935415189,0.2791974544525146,79.83956821355682,0.2577898107645937
1644,79.84386089425124,0.2745718955993652,79.83957082467646,0.25780001884539344
1645,79.83498935415189,0.2497868537902832,79.83956803958799,0.2577951476204359
1646,79.86160397444996,0.236764907836914,79.83958142715474,0.25778237104705587
1647,79.84386089425124,0.2694182395935058,79.83958402549541,0.2577894359338479
1648,79.86160397444996,0.291520357131958,79.83959738711492,0.25780990372583706
1649,79.83498935415189,0.2519505023956299,79.83959459267408,0.257806350419997
1650,79.83498935415189,0.2046353816986084,79.83959180162043,0.2577741255904689
1651,79.83498935415189,0.3020749092102051,79.83958901394783,0.2578009582879975
1652,79.83498935415189,0.2248773574829101,79.83958622965014,0.2577810287475586
1653,79.84386089425124,0.2369647026062011,79.83958881565412,0.2577684356887919
1654,79.83498935415189,0.2400031089782714,79.83958603484307,0.2577576948624857
1655,79.83498935415189,0.2715718746185303,79.8395832573925,0.2577660417988941
1656,79.83498935415189,0.2949612140655517,79.83958048329634,0.25778850265171216
1657,79.83498935415189,0.266413927078247,79.83957771254853,0.2577937080979563
1658,79.83498935415189,0.2879927158355713,79.83957494514299,0.2578119222160128
1659,79.83498935415189,0.2564091682434082,79.83957218107368,0.25781107667413655
1660,79.84386089425124,0.261615514755249,79.83957476463583,0.2578133685043059
1661,79.84386089425124,0.2765495777130127,79.83957734508712,0.25782464858209564
1662,79.83498935415189,0.2278246879577636,79.8395745845631,0.25780659806427114
1663,79.84386089425124,0.3007845878601074,79.83957716201931,0.2578324417141784
1664,79.83498935415189,0.2999448776245117,79.83957440492324,0.25785774966845143
1665,79.83498935415189,0.2658634185791015,79.839571651139,0.2578625578780074
1666,79.84386089425124,0.2549262046813965,79.83957422571468,0.25786079536108264
1667,79.86160397444996,0.306802749633789,79.83958744092088,0.25789015466178616
1668,79.83498935415189,0.2817504405975342,79.83958468427414,0.25790445938956535
1669,79.84386089425124,0.2365996837615966,79.83958724641313,0.2578916943951807
1670,79.83498935415189,0.2977285385131836,79.83958449318423,0.25791554879285616
1671,79.83498935415189,0.2610621452331543,79.83958174325065,0.2579174318547594
1672,79.83498935415189,0.2276639938354492,79.83957899660645,0.2578993376932646
1673,79.84386089425124,0.2318472862243652,79.83958155601927,0.25788376563620014
1674,79.83498935415189,0.2583684921264648,79.83957881276845,0.25788405519802227
1675,79.83498935415189,0.2546114921569824,79.83957607279316,0.25788210142904255
1676,79.83498935415189,0.2577118873596191,79.83957333608754,0.25788199986933524
1677,79.84386089425124,0.2629454135894775,79.83957589277098,0.25788501919773127
1678,79.84386089425124,0.2517366409301758,79.83957844640715,0.25788135508672555
1679,79.83498935415189,0.4185817241668701,79.8395757131777,0.2579770670397215
1680,79.83498935415189,0.3167042732238769,79.83957298320209,0.2580120237100692
1681,79.84386089425124,0.2296147346496582,79.83957553401174,0.25799513061723134
1682,79.83498935415189,0.3366539478302002,79.83957280738876,0.2580418956690821
1683,79.84386089425124,0.2638893127441406,79.83957535527162,0.25804537007019623
1684,79.83498935415189,0.2996938228607178,79.83957263199305,0.25807010193052315
1685,79.84386089425124,0.2496273517608642,79.8395751769558,0.25806509139629785
1686,79.84386089425124,0.2428514957427978,79.83957771889963,0.25805606791133134
1687,79.83498935415189,0.2361447811126709,79.83957499906279,0.25804307959669076
1688,79.84386089425124,0.2627961635589599,79.83957753810022,0.2580458954047253
1689,79.83498935415189,0.230813980102539,79.83957482159107,0.25802977230507923
1690,79.83498935415189,0.3238286972045898,79.83957210829674,0.2580687065801677
1691,79.83498935415189,0.2989027500152588,79.83956939821151,0.2580928544473676
1692,79.84386089425124,0.4047226905822754,79.83957193455667,0.2581795151070218
1693,79.83498935415189,0.2149019241333007,79.83956922777557,0.25815395244253647
1694,79.83498935415189,0.2607982158660888,79.8395665241902,0.25815551340087384
1695,79.84386089425124,0.2488009929656982,79.83956905774185,0.25814999450976167
1696,79.83498935415189,0.3016419410705566,79.83956635744494,0.25817563834617724
1697,79.84386089425124,0.2157487869262695,79.83956888810893,0.2581506372551814
1698,79.83498935415189,0.231635570526123,79.83956619109246,0.25813502178596526
1699,79.84386089425124,0.3178222179412842,79.83956871887537,0.25817015256651576
1700,79.83498935415189,0.2372004985809326,79.83956602513142,0.25815781747593597
1701,79.83498935415189,0.2489457130432129,79.83956333455471,0.25815240177668103
1702,79.84386089425124,0.2484996318817138,79.8395658595604,0.25814673034901064
1703,79.83498935415189,0.2479050159454345,79.83956317224073,0.25814071642393516
1704,79.83498935415189,0.2987666130065918,79.8395604880752,0.25816455791254
1705,79.83498935415189,0.2678143978118896,79.83955780705823,0.2581702176426862
1706,79.84386089425124,0.3008437156677246,79.83956032938366,0.25819523141644063
1707,79.83498935415189,0.3180134296417236,79.83955765160087,0.25823027429765055
1708,79.83498935415189,0.2338099479675293,79.83955497695365,0.2582159766827032
1709,79.84386089425124,0.2573537826538086,79.83955749650735,0.2582154721806383
1710,79.83498935415189,0.3526265621185303,79.83955482507909,0.25827068334434466
1711,79.83498935415189,0.220949649810791,79.83955215677346,0.25824887093433085
1712,79.84386089425124,0.2355546951293945,79.83955467355936,0.2582356149905196
1713,79.83498935415189,0.3109979629516601,79.83955200845756,0.25826641612768314
1714,79.84386089425124,0.2644445896148681,79.83955452239324,0.2582700206629732
1715,79.83498935415189,0.2838215827941894,79.83955186048757,0.2582849195330206
1716,79.84386089425124,0.2371459007263183,79.83955437157951,0.2582726007574922
1717,79.84386089425124,0.2342309951782226,79.83955687974645,0.2582585986575625
1718,79.83498935415189,0.2330124378204345,79.8395542211169,0.2582439035697644
1719,79.84386089425124,0.2968132495880127,79.83955672645321,0.2582663406529629
1720,79.83498935415189,0.2318906784057617,79.8395540710042,0.2582510059656099
1721,79.83498935415189,0.2739071846008301,79.83955141864114,0.2582601031060138
1722,79.84386089425124,0.2206387519836425,79.8395539212402,0.25823825563149444
1723,79.84386089425124,0.3544058799743652,79.83955642093433,0.2582940696908925
1724,79.83498935415189,0.2295958995819091,79.83955377182367,0.2582774234205277
1725,79.83498935415189,0.2039647102355957,79.83955112578445,0.25824593778969585
1726,79.84386089425124,0.37782883644104,79.83955362275343,0.2583152210449979
1727,79.86160397444996,0.2706024646759033,79.83956639076251,0.2583223358357512
1728,79.84386089425124,0.2518095970153808,79.83956887600759,0.2583185668896746
1729,79.83498935415189,0.2449724674224853,79.83956622735411,0.25831084791947956
1730,79.83498935415189,0.2778122425079345,79.83956358176268,0.2583221204019006
1731,79.83498935415189,0.2852909564971924,79.83956093922795,0.2583377003187668
1732,79.83498935415189,0.2792849540710449,79.83955829974465,0.2583497945761295
1733,79.84386089425124,0.2708961963653564,79.83956078248816,0.25835703427710427
1734,79.87047551454933,0.2858059406280517,79.83957861105337,0.25837286409622245
1735,79.83498935415189,0.2364420890808105,79.83957596594853,0.25836022388007523
1736,79.83498935415189,0.2225086688995361,79.83957332389105,0.25833957206269015
1737,79.83498935415189,0.2295122146606445,79.83957068487567,0.25832297600200965
1738,79.83498935415189,0.2547781467437744,79.8395680488971,0.2583209363994445
1739,79.83498935415189,0.3218848705291748,79.83956541595016,0.25835748840296935
1740,79.84386089425124,0.2417910099029541,79.83956788461585,0.2583479674383142
1741,79.84386089425124,0.2597391605377197,79.83957035044561,0.2583487665153385
1742,79.83498935415189,0.2088847160339355,79.83956772071181,0.2583203715380243
1743,79.83498935415189,0.3195600509643554,79.83956509399549,0.25835550617911796
1744,79.83498935415189,0.2827794551849365,79.83956247029145,0.2583695107370342
1745,79.83498935415189,0.2955646514892578,79.83955984959454,0.25839082600394087
1746,79.83498935415189,0.2638475894927978,79.83955723189955,0.2583939512980353
1747,79.86160397444996,0.3120558261871338,79.83956985167205,0.25842466788354707
1748,79.84386089425124,0.2518651485443115,79.83957230650189,0.25842091529811273
1749,79.83498935415189,0.3130033016204834,79.83956968617466,0.2584521230661644
1750,79.87047551454933,0.2786931991577148,79.83958734664802,0.2584636893953596
1751,79.83498935415189,0.2651154994964599,79.83958472072426,0.2584674882589239
1752,79.83498935415189,0.2439680099487304,79.83958209779814,0.2584592123009843
1753,79.83498935415189,0.3178036212921142,79.83957947786452,0.2584930653580243
1754,79.86160397444996,0.2657594680786133,79.83959203459005,0.2584972081189824
1755,79.83498935415189,0.2325551509857177,79.83958941198013,0.2584824263200461
1756,79.83498935415189,0.2321021556854248,79.83958679235722,0.2584674033868829
1757,79.83498935415189,0.2695162296295166,79.83958417571624,0.25847369184803404
1758,79.84386089425124,0.2345919609069824,79.8395866084344,0.2584601072456785
1759,79.83498935415189,0.2929143905639648,79.83958399487312,0.2584796946722381
1760,79.83498935415189,0.2384858131408691,79.83958138428181,0.2584683345122771
1761,79.83498935415189,0.2361092567443847,79.8395787766554,0.25845563770491314
1762,79.83498935415189,0.2712202072143554,79.83957617198882,0.2584628820689934
1763,79.83498935415189,0.261836290359497,79.83957357027707,0.2584647955166908
1764,79.83498935415189,0.2626922130584717,79.8395709715151,0.2584671920118959
1765,79.84386089425124,0.2228286266326904,79.83957340206622,0.2584470001901513
1766,79.83498935415189,0.2487790584564209,79.8395708063426,0.2584415257044584
1767,79.84386089425124,0.2794973850250244,79.83957323423614,0.258453441867062
1768,79.84386089425124,0.4608471393585205,79.8395756593832,0.25856791794030376
1769,79.84386089425124,0.2840437889099121,79.83957808178843,0.2585823192240627
1770,79.84386089425124,0.246924877166748,79.8395805014565,0.2585757330986066
1771,79.83498935415189,0.2970790863037109,79.8395779090526,0.25859747412243783
1772,79.83498935415189,0.2629702091217041,79.83957531957466,0.258599941805846
1773,79.83498935415189,0.2205650806427002,79.83957273301775,0.2585784895434866
1774,79.84386089425124,0.2327549457550048,79.83957515024504,0.25856393286716844
1775,79.83498935415189,0.2573275566101074,79.83957256669795,0.25856323631716444
1776,79.83498935415189,0.2485361099243164,79.83956998606025,0.25855759041266396
1777,79.83498935415189,0.3118259906768799,79.83956740832706,0.2585875670025707
1778,79.83498935415189,0.2847862243652344,79.83956483349344,0.25860230190547434
1779,79.83498935415189,0.2947163581848144,79.83956226155453,0.2586226021057438
1780,79.84386089425124,0.2618265151977539,79.8395646765167,0.25862440205691906
1781,79.86160397444996,0.2957479953765869,79.83957705119269,0.2586452462979745
1782,79.84386089425124,0.2348999977111816,79.83957945514503,0.2586319212426508
1783,79.84386089425124,0.2938551902770996,79.83958185640083,0.2586516763009988
1784,79.83498935415189,0.3001723289489746,79.83957928212827,0.2586749502094337
1785,79.84386089425124,0.2816057205200195,79.83958168079052,0.25868779657935564
1786,79.83498935415189,0.2517566680908203,79.83957910949901,0.25868391576833183
1787,79.84386089425124,0.3055224418640136,79.83958150557329,0.2587101264712393
1788,79.84386089425124,0.2472357749938964,79.83958389896739,0.2587037090487128
1789,79.84386089425124,0.2434659004211425,79.83958628968583,0.2586951915480825
1790,79.83498935415189,0.2293348312377929,79.83958372156542,0.25867878911215497
1791,79.83498935415189,0.2231850624084472,79.83958115631282,0.25865897128596643
1792,79.83498935415189,0.1857779026031494,79.83957859392322,0.2586183010467461
1793,79.83498935415189,0.2328102588653564,79.83957603439184,0.25860390726973476
1794,79.84386089425124,0.236405611038208,79.839578422831,0.25859153363749865
1795,79.83498935415189,0.2358601093292236,79.83957586624679,0.2585788698913659
1796,79.83498935415189,0.2507336139678955,79.83957331250954,0.2585745017087805
1797,79.84386089425124,0.2787230014801025,79.839575698476,0.2585857140069281
1798,79.83498935415189,0.2545869350433349,79.83957314767271,0.2585834899919317
1799,79.83498935415189,0.2688825130462646,79.83957059970523,0.2585892148518841
1800,79.84386089425124,0.2236173152923584,79.83957298320219,0.25856978601879543
1801,79.83498935415189,0.2488520145416259,79.83957043815552,0.2585643902545105
1802,79.83498935415189,0.2726082801818847,79.83956789593354,0.258572183756135
1803,79.83498935415189,0.2837939262390136,79.83956535653157,0.2585861725206846
1804,79.83498935415189,0.2398443222045898,79.83956281994489,0.25857578346840293
1805,79.83498935415189,0.3319406509399414,79.83956028616883,0.2586164288243428
1806,79.84386089425124,0.2675254344940185,79.8395626674579,0.25862136182858964
1807,79.83498935415189,0.2729744911193847,79.83956013657063,0.2586293048995862
1808,79.83498935415189,0.2558090686798095,79.83955760848302,0.2586277450344204
1809,79.84386089425124,0.2377054691314697,79.83955998730322,0.25861617937609926
1810,79.83498935415189,0.2268359661102295,79.83955746209153,0.25859862124722305
1811,79.83498935415189,0.2904937267303467,79.8395549396686,0.2586162331221447
1812,79.84386089425124,0.204383373260498,79.83955731602323,0.258586303287784
1813,79.84386089425124,0.2437746524810791,79.83955968975638,0.25857813359621934
1814,79.83498935415189,0.4379899501800537,79.839557170277,0.25867703757449045
1815,79.83498935415189,0.2816267013549804,79.83955465357391,0.25868968201734477
1816,79.83498935415189,0.2178499698638916,79.8395521396425,0.2586671931890664
1817,79.83498935415189,0.2010269165039062,79.83954962847824,0.2586354704170878
1818,79.83498935415189,0.2025268077850341,79.83954712007653,0.25860460756635506
1819,79.83498935415189,0.2477884292602539,79.83954461443281,0.25859866134408677
1820,79.83498935415189,0.2928109169006347,79.83954211154256,0.2586174592867002
1821,79.83498935415189,0.2199690341949463,79.83953961140121,0.25859623554969213
1822,79.86160397444996,0.2656407356262207,79.83955172136996,0.2586001019053873
1823,79.83498935415189,0.2149736881256103,79.83954921870006,0.25857617079525025
1824,79.83498935415189,0.2788906097412109,79.83954671877433,0.25858730809730396
1825,79.83498935415189,0.2859401702880859,79.83954422158824,0.2586022959669975
1826,79.84386089425124,0.2557308673858642,79.83954658559297,0.25860072344313056
1827,79.86160397444996,0.2217044830322265,79.83955865860275,0.2585805284565893
1828,79.83498935415189,0.2357876300811767,79.83955615898326,0.25856805969380187
1829,79.83498935415189,0.2904787063598633,79.83955366209707,0.258585506739546
1830,79.84386089425124,0.2413315773010254,79.83955601577584,0.25857607836280366
1831,79.83498935415189,0.2356410026550293,79.83955352169522,0.25856355237934775
1832,79.84386089425124,0.2279615402221679,79.8395558728811,0.2585468482242401
1833,79.84386089425124,0.2074379920959472,79.83955822150159,0.25851896559678333
1834,79.83498935415189,0.2924733161926269,79.83955573029803,0.2585374794193547
1835,79.84386089425124,0.2328310012817382,79.83955807643642,0.2585234704394431
1836,79.83942512420155,0.2999603748321533,79.83955800402234,0.25854603955948274
1837,79.84386089425124,0.2988111972808838,79.83956034636867,0.2585679585348346
1838,79.84386089425124,0.314871072769165,79.8395626861662,0.2585985913499784
1839,79.83498935415189,0.2275223731994629,79.83956019930812,0.2585816929170527
1840,79.83498935415189,0.2317862510681152,79.83955771515316,0.25856713017691735
1841,79.84386089425124,0.2743942737579345,79.83956005256711,0.25857572721308303
1842,79.84386089425124,0.2349507808685302,79.83956238744315,0.25856290150931294
1843,79.86160397444996,0.2548387050628662,79.83957434706714,0.25856088078416567
1844,79.83498935415189,0.2608449459075928,79.83957186062847,0.2585621194311957
1845,79.84386089425124,0.2409384250640869,79.83957418530794,0.2585525672933274
1846,79.83498935415189,0.2909398078918457,79.83957170165075,0.2585701118440308
1847,79.83498935415189,0.2484281063079834,79.83956922068298,0.258564620774439
1848,79.83498935415189,0.2402296066284179,79.83956674240022,0.2585546992299877
1849,79.84386089425124,0.2238826751708984,79.83956906481875,0.25853594745926883
1850,79.84386089425124,0.299861192703247,79.83957138472654,0.258558285429671
1851,79.83498935415189,0.2329075336456298,79.83956890929133,0.25854442764912855
1852,79.84386089425124,0.2414362430572509,79.8395712267778,0.2585351899684634
1853,79.83498935415189,0.2019703388214111,79.83956875409964,0.2585046638750219
1854,79.83498935415189,0.229914903640747,79.83956628408889,0.25848924329237133
1855,79.83498935415189,0.2549252510070801,79.83956381674122,0.2584873220027296
1856,79.83498935415189,0.2425258159637451,79.83956135205233,0.2584787220533552
1857,79.84386089425124,0.2639448642730713,79.83956366736854,0.2584816655871299
1858,79.83498935415189,0.2629299163818359,79.83956120541309,0.25848405969412386
1859,79.83498935415189,0.2509405612945556,79.83955874610633,0.2584800018681962
1860,79.84386089425124,0.2727863788604736,79.8395610590892,0.25848769346872963
1861,79.83498935415189,0.3558073043823242,79.83955860250407,0.25853998772499703
1862,79.83498935415189,0.2424273490905761,79.83955614855759,0.2585313343207895
1863,79.83498935415189,0.2000319957733154,79.83955369724552,0.2584999337096529
1864,79.84386089425124,0.2208220958709716,79.83955600797351,0.258479720277336
1865,79.84386089425124,0.2584578990936279,79.83955831622353,0.25847970857696945
1866,79.83498935415189,0.2418329715728759,79.8395558676908,0.25847078749604546
1867,79.83498935415189,0.2890863418579101,79.83955342178103,0.2584871857576212
1868,79.83498935415189,0.2494182586669922,79.83955097849002,0.2584823308715984
1869,79.83498935415189,0.2439606189727783,79.83954853781354,0.25847456109530154
1870,79.83498935415189,0.2438936233520507,79.83954609974742,0.2584667638023907
1871,79.86160397444996,0.2164528369903564,79.83955788909788,0.2584443084700486
1872,79.83498935415189,0.2318286895751953,79.83955544864118,0.25843009072491246
1873,79.84386089425124,0.2603840827941894,79.83955774733077,0.25843113396680745
1874,79.83498935415189,0.239814281463623,79.83955530955426,0.25842119968051974
1875,79.83498935415189,0.2628073692321777,79.83955287437806,0.2584235389709473
1876,79.84386089425124,0.2878396511077881,79.8395551707639,0.2584392192012974
1877,79.83498935415189,0.2859303951263428,79.83955273825639,0.2584538655390305
1878,79.84386089425124,0.2512590885162353,79.83955503226916,0.2584500344543538
1879,79.83498935415189,0.2417695522308349,79.8395526024245,0.2584411571354483
1880,79.83498935415189,0.2185256481170654,79.83955017516479,0.2584199254817151
1881,79.83498935415189,0.2755827903747558,79.83954775048589,0.25842904981180176
1882,79.84386089425124,0.2128794193267822,79.83955004227322,0.2584048470325855
1883,79.84386089425124,0.2374477386474609,79.83955233162636,0.25839371739456896
1884,79.83498935415189,0.2252323627471923,79.8395499096638,0.25837611582628484
1885,79.83498935415189,0.2357292175292968,79.83954749027096,0.25836410155663125
1886,79.84386089425124,0.2091808319091797,79.83954977733563,0.2583380234709221
1887,79.83498935415189,0.2609319686889648,79.83954736057719,0.2583393981106773
1888,79.84386089425124,0.2299578189849853,79.83954964528782,0.25832436549461496
1889,79.83498935415189,0.3518831729888916,79.83954723115805,0.25837389371456954
1890,79.84386089425124,0.4409444332122803,79.83954951351947,0.258470491883616
1891,79.84386089425124,0.2209832668304443,79.83955179346697,0.2584506678619062
1892,79.84386089425124,0.2400457859039306,79.83955407100437,0.25844094012302776
1893,79.83498935415189,0.2338743209838867,79.83955165963783,0.25842796251122685
1894,79.84386089425124,0.2559199333190918,79.83955393484091,0.2584266383141877
1895,79.84386089425124,0.2326319217681884,79.83955620764269,0.2584130263265645
1896,79.83498935415189,0.2558097839355469,79.8395537989647,0.25841165330842575
1897,79.84386089425124,0.233144998550415,79.83955606944191,0.2583983340386535
1898,79.83498935415189,0.2600793838500976,79.83955366337484,0.2583992197340231
1899,79.83498935415189,0.269749641418457,79.83955125984183,0.2584051967859896
1900,79.84386089425124,0.2650456428527832,79.83955352807045,0.25840869175760367
1901,79.84386089425124,0.2569334506988525,79.83955579391272,0.25840791572338023
1902,79.84386089425124,0.2466278076171875,79.83955805737241,0.2584017221859953
1903,79.83498935415189,0.2243261337280273,79.8395556565825,0.2583838159387762
1904,79.86160397444996,0.2359354496002197,79.83956723658137,0.2583720258304051
1905,79.83498935415189,0.2415597438812255,79.8395648334935,0.2583632004855499
1906,79.83498935415189,0.2721002101898193,79.83956243292721,0.2583704077309351
1907,79.84386089425124,0.273045539855957,79.8395646869709,0.2583781031332031
1908,79.83498935415189,0.3698394298553467,79.83956228899773,0.2584365210193258
1909,79.83498935415189,0.2306017875671386,79.83955989353684,0.25842194022652737
1910,79.84386089425124,0.2245814800262451,79.83956214536967,0.25840422270809793
1911,79.83498935415189,0.2508528232574463,79.83955975249096,0.258400271164691
1912,79.84386089425124,0.2572901248931885,79.83956200204209,0.2583996905442561
1913,79.84386089425124,0.2284061908721923,79.83956424924135,0.25838401176763715
1914,79.83498935415189,0.2281501293182373,79.83956185901403,0.25836821559080886
1915,79.83498935415189,0.2494592666625976,79.83955947128304,0.258363563398157
1916,79.84386089425124,0.2577414512634277,79.83956171628458,0.2583632387049761
1917,79.83498935415189,0.2139928340911865,79.83955933111915,0.25834009295400384
1918,79.83498935415189,0.2688102722167969,79.83955694844086,0.25834555185872893
1919,79.83498935415189,0.2488284111022949,79.83955456824583,0.25834059243155
1920,79.83498935415189,0.2603542804718017,79.83955219053016,0.2583416412274043
1921,79.83498935415189,0.2535934448242187,79.83954981528998,0.2583391694958045
1922,79.84386089425124,0.2185955047607422,79.83955205830712,0.25831849121030237
1923,79.83498935415189,0.2358515262603759,79.83954968560606,0.25830680792119687
1924,79.83498935415189,0.2168574333190918,79.83954731537142,0.2582852645872041
1925,79.83498935415189,0.2598717212677002,79.83954494759936,0.2582860887205446
1926,79.83498935415189,0.2879326343536377,79.83954258228606,0.25830148152720767
1927,79.84386089425124,0.2277946472167968,79.83954482323672,0.25828565026913275
1928,79.84386089425124,0.3109848499298095,79.83954706186276,0.2583129838789152
1929,79.84386089425124,0.2774527072906494,79.83954929816778,0.2583229059750333
1930,79.83498935415189,0.2151117324829101,79.8395469355025,0.25830051676597005
1931,79.83498935415189,0.2119553089141845,79.8395445752843,0.25827651614046415
1932,79.83498935415189,0.2499361038208007,79.83954221750939,0.2582721991568619
1933,79.84386089425124,0.2727768421173095,79.83954445169289,0.2582797028521337
1934,79.83498935415189,0.3419387340545654,79.83954209642013,0.2583229598486189
1935,79.84386089425124,0.2578065395355224,79.83954432835698,0.2583226929647362
1936,79.84386089425124,0.2838537693023681,79.83954655798811,0.2583358805041668
1937,79.84386089425124,0.2310390472412109,79.8395487853171,0.25832178817930207
1938,79.86160397444996,0.1982772350311279,79.83956016570366,0.2582908054377395
1939,79.83498935415189,0.2323811054229736,79.83955780840013,0.25827744303443123
1940,79.83498935415189,0.2268753051757812,79.83955545352681,0.25826125636543196
1941,79.83498935415189,0.2126197814941406,79.83955310107994,0.2582377419528244
1942,79.83498935415189,0.2608053684234619,79.83955075105578,0.2582390641085765
1943,79.83498935415189,0.2383811473846435,79.83954840345059,0.2582288438735153
1944,79.84386089425124,0.2258753776550293,79.83955062181005,0.258212201143979
1945,79.84386089425124,0.2592525482177734,79.83955283788842,0.25821273602679334
1946,79.83498935415189,0.2149467468261718,79.83955049282997,0.2581905027332678
1947,79.84386089425124,0.2556550502777099,79.83955270669819,0.25818920049780014
1948,79.83498935415189,0.2408540248870849,79.83955036411474,0.2581803015370144
1949,79.83498935415189,0.2838125228881836,79.8395480239352,0.25819345301025765
1950,79.83498935415189,0.2308270931243896,79.83954568615582,0.25817941897954694
1951,79.83498935415189,0.2209506034851074,79.83954335077294,0.25816033706489067
1952,79.86160397444996,0.263664960861206,79.83955465232195,0.2581631570565896
1953,79.83498935415189,0.2318432331085205,79.83955231473969,0.2581496803930217
1954,79.84386089425124,0.2209036350250244,79.83955451974455,0.2581306189573165
1955,79.83498935415189,0.2289180755615234,79.8395521846215,0.2581156764798762
1956,79.84386089425124,0.3636379241943359,79.83955438743827,0.2581696244592803
1957,79.84386089425124,0.2440285682678222,79.83955658800383,0.2581623985746654
1958,79.84386089425124,0.199862003326416,79.83955878632162,0.2581326230919032
1959,79.83498935415189,0.226365327835083,79.8395564537886,0.258116407014692
1960,79.83498935415189,0.2145495414733886,79.83955412363574,0.2580941790220689
1961,79.83498935415189,0.2508871555328369,79.83955179585936,0.25809050384435894
1962,79.83498935415189,0.2078251838684082,79.83954947045585,0.25806488441521724
1963,79.83498935415189,0.3198485374450683,79.83954714742156,0.2580963585125325
1964,79.84386089425124,0.3212864398956299,79.83954934383033,0.2581285326883895
1965,79.83498935415189,0.2458436489105224,79.8395470232249,0.2581222808391387
1966,79.87047551454933,0.2199573516845703,79.8395627549092,0.2581028683624578
1967,79.83498935415189,0.2665235996246338,79.83956042984526,0.25810714936462464
1968,79.83498935415189,0.2251970767974853,79.83955810714421,0.25809042676677546
1969,79.84386089425124,0.2379405498504638,79.83956029240936,0.2580801932081588
1970,79.83498935415189,0.2217631340026855,79.83955797213615,0.25806175815272453
1971,79.83498935415189,0.246046781539917,79.83955565421734,0.2580556622741792
1972,79.83498935415189,0.2370703220367431,79.83955333864935,0.2580450206209148
1973,79.84386089425124,0.2895104885101318,79.83955552190105,0.25806096865329653
1974,79.83498935415189,0.330869197845459,79.83955320874615,0.25809785225471105
1975,79.83498935415189,0.210345983505249,79.8395508979337,0.2580736740933189
1976,79.84386089425124,0.2381951808929443,79.83955307910593,0.25806361412712436
1977,79.84386089425124,0.3148002624511719,79.8395552580716,0.25809231248237174
1978,79.83498935415189,0.2655258178710937,79.83955294972786,0.25809607057407485
1979,79.83498935415189,0.2449100017547607,79.83955064371696,0.2580894075782086
1980,79.84386089425124,0.23258638381958,79.83955282061116,0.258076527263179
1981,79.84386089425124,0.2479352951049804,79.8395549953076,0.2580714080142349
1982,79.84386089425124,0.2456130981445312,79.83955716780957,0.2580651222877618
1983,79.83498935415189,0.2471630573272705,79.83955486432312,0.25805962452429204
1984,79.83498935415189,0.221886396408081,79.83955256315872,0.25804139205044313
1985,79.84386089425124,0.2759342193603515,79.8395547336026,0.25805040606923907
1986,79.84386089425124,0.2118077278137207,79.83955690186072,0.2580271217398053
1987,79.83498935415189,0.2167847156524658,79.83955460314522,0.25800636562199586
1988,79.84386089425124,0.2274329662322998,79.83955676928761,0.25799098664845976
1989,79.83498935415189,0.2609198093414306,79.8395544729502,0.25799245915861213
1990,79.84386089425124,0.2792701721191406,79.839556636981,0.25800315147668273
1991,79.83498935415189,0.2531485557556152,79.83955434301674,0.25800071320660684
1992,79.83498935415189,0.2698166370391845,79.83955205135567,0.2580066448952778
1993,79.83498935415189,0.2356901168823242,79.8395497619943,0.2579954474401785
1994,79.84386089425124,0.2264926433563232,79.83955192404659,0.2579796486417413
1995,79.83498935415189,0.2878961563110351,79.83954963704414,0.2579946443849339
1996,79.83498935415189,0.2419171333312988,79.83954735233327,0.25798658951967657
1997,79.84386089425124,0.2349636554718017,79.83954951234425,0.2579750607595124
1998,79.83498935415189,0.2256932258605957,79.83954722998278,0.2579589036849884
1999,79.83498935415189,0.2569248676300049,79.83954494990483,0.2579583864083226
2000,79.84386089425124,0.2770817279815674,79.83954710787701,0.25796794807910917
2001,79.83498935415189,0.2047386169433593,79.83954483013902,0.25794134671422375
2002,79.84386089425124,0.2374475002288818,79.8395469860152,0.25793111002766766
2003,79.84386089425124,0.2191023826599121,79.83954913973872,0.2579117247419124
2004,79.83498935415189,0.418842077255249,79.83954686439661,0.2579920293090348
2005,79.83498935415189,0.2288401126861572,79.83954459132417,0.2579774896997466
2006,79.84386089425124,0.2414848804473877,79.83954674302053,0.25796926806003956
2007,79.84386089425124,0.2603673934936523,79.83954889257272,0.2579704629406741
2008,79.83498935415189,0.2118115425109863,79.83954662188626,0.2579474754305
2009,79.83498935415189,0.2062242031097412,79.83954435346031,0.25792172965035026
2010,79.83498935415189,0.2740066051483154,79.8395420872915,0.25792973207597114
2011,79.83498935415189,0.1986663341522216,79.83953982337647,0.25790026245989767
2012,79.83498935415189,0.272951602935791,79.83953756171185,0.2579077432454225
2013,79.84386089425124,0.2379591464996338,79.83953970941802,0.2578978333612964
2014,79.83498935415189,0.2629320621490478,79.83953745005593,0.2579003329783708
2015,79.83498935415189,0.2977936267852783,79.83953519293638,0.257920131139069
2016,79.83498935415189,0.2269558906555175,79.83953293805604,0.25790477189279737
2017,79.84386089425124,0.2533895969390869,79.83953508379534,0.2579025333330781
2018,79.87047551454933,0.1984491348266601,79.83955041602069,0.25787307178773305
2019,79.83498935415189,0.2768826484680176,79.83954815695093,0.25788248713031864
2020,79.83498935415189,0.2362771034240722,79.83954590011786,0.25787179139581057
2021,79.83498935415189,0.21675705909729,79.83954364551818,0.2578514476391067
2022,79.83498935415189,0.2323791980743408,79.83954139314856,0.25783885008739316
2023,79.83498935415189,0.2349176406860351,79.83953914300571,0.25782751978121354
2024,79.83498935415189,0.2869496345520019,79.83953689508633,0.2578419081778394
2025,79.83498935415189,0.2217078208923339,79.8395346493871,0.2578240641841182
2026,79.83498935415189,0.2264785766601562,79.83953240590476,0.25780859257132255
2027,79.83498935415189,0.2334201335906982,79.83953016463602,0.2577965607711348
2028,79.84386089425124,0.3108630180358886,79.83953230010425,0.2578227276632772
2029,79.83498935415189,0.2242517471313476,79.8395300610969,0.257806182083912
2030,79.83498935415189,0.2601525783538818,79.83952782429544,0.2578073379441435
2031,79.84386089425124,0.2719864845275879,79.83952995776168,0.2578143193063215
2032,79.84386089425124,0.2175414562225341,79.83953208912807,0.2577944999839377
2033,79.84386089425124,0.252742052078247,79.83953421839767,0.25779201476607955
2034,79.83498935415189,0.2319800853729248,79.83953198395115,0.2577793245353061
2035,79.83498935415189,0.2904839515686035,79.83952975170064,0.25779539560510134
2036,79.83498935415189,0.2494585514068603,79.8395275216429,0.25779130088791163
2037,79.84386089425124,0.232499361038208,79.83952964897358,0.25777888461896237
2038,79.83498935415189,0.2138664722442627,79.83952742115473,0.2577573378022917
2039,79.84386089425124,0.250462532043457,79.83952954644805,0.25775376016337126
2040,79.84386089425124,0.2835237979888916,79.83953166965776,0.25776639253485434
2041,79.83498935415189,0.2847824096679687,79.83952944412346,0.25777962919195047
2042,79.83498935415189,0.269932746887207,79.83952722076893,0.2577855807677072
2043,79.84386089425124,0.2358608245849609,79.83952934199921,0.25777484912004067
2044,79.84386089425124,0.2885079383850097,79.83953146115392,0.2577898848779981
2045,79.84386089425124,0.2352237701416015,79.83953357823611,0.25777885010306584
2046,79.84386089425124,0.2773895263671875,79.83953569324882,0.2577884349888254
2047,79.83498935415189,0.2259652614593505,79.83953347227222,0.25777288873893317
2048,79.83498935415189,0.2269477844238281,79.83953125346456,0.2577578374184668
2049,79.83498935415189,0.3779480457305908,79.83952903682263,0.25781649540202567
2050,79.84386089425124,0.2760457992553711,79.83953114992381,0.2578253877453688
2051,79.84386089425124,0.2679576873779297,79.83953326096443,0.25783032792071375
2052,79.83498935415189,0.2278280258178711,79.8395310465849,0.25781570691579037
2053,79.84386089425124,0.2588603496551513,79.8395331556193,0.25781621575297464
2054,79.83498935415189,0.2559003829956054,79.83953094344723,0.2578152830203761
2055,79.84386089425124,0.2314589023590088,79.83953305047925,0.25780245753100317
2056,79.83498935415189,0.2608683109283447,79.83953084051022,0.2578039487048346
2057,79.83498935415189,0.2379710674285888,79.83952863268992,0.25779430705132156
2058,79.83498935415189,0.2408607006072998,79.83952642701522,0.2577860788654887
2059,79.83498935415189,0.3599512577056885,79.839524223483,0.2578356976993111
2060,79.84386089425124,0.2077932357788086,79.83952632866297,0.2578114052420681
2061,79.83498935415189,0.2379150390625,79.83952412731678,0.2578017514981673
2062,79.83498935415189,0.2591359615325928,79.83952192810574,0.25780239854474074
2063,79.83498935415189,0.1906981468200683,79.83951973102675,0.2577698710354219
2064,79.84386089425124,0.2148239612579345,79.83952183430351,0.25774906390859176
2065,79.83498935415189,0.2738523483276367,79.83951963939786,0.25775686210927895
2066,79.84386089425124,0.2539210319519043,79.83952174068288,0.2577550054635106
2067,79.87047551454933,0.2679338455200195,79.83953671590005,0.257759929914433
2068,79.84386089425124,0.2484631538391113,79.83953880689538,0.2577554343747447
2069,79.83498935415189,0.2433922290802002,79.83953660802986,0.257748492274554
2070,79.84386089425124,0.2737438678741455,79.83953869705702,0.2577562195091432
2071,79.83498935415189,0.2592353820800781,79.83953650036803,0.25775693373539665
2072,79.86160397444996,0.2768604755401611,79.83954715069336,0.25776615359148003
2073,79.84386089425124,0.2798008918762207,79.83954923161161,0.25777678298766177
2074,79.86160397444996,0.252908706665039,79.83955986552813,0.2577744357956065
2075,79.84386089425124,0.2757904529571533,79.83956193831304,0.2577831182135157
2076,79.83498935415189,0.2618379592895508,79.83955973571952,0.2577850714124926
2077,79.84386089425124,0.2569262981414795,79.839561806571,0.25778465794437944
2078,79.84386089425124,0.2302320003509521,79.83956387542936,0.2577713987251333
2079,79.83498935415189,0.2131562232971191,79.83956167508242,0.25774993880429253
2080,79.83498935415189,0.2831742763519287,79.83955947685122,0.2577621620434981
2081,79.84386089425124,0.3700883388519287,79.8395615438466,0.25781613906262757
2082,79.83498935415189,0.2354652881622314,79.83955934779007,0.2578054037836168
2083,79.83498935415189,0.2407464981079101,79.8395571538421,0.2577972141985589
2084,79.84386089425124,0.2658932209014892,79.83955921897665,0.25780109903862747
2085,79.83498935415189,0.2328231334686279,79.83955702719496,0.25778911919902553
2086,79.83498935415189,0.2358458042144775,79.83955483751468,0.25777859987257085
2087,79.86160397444996,0.2091493606567382,79.83956540250604,0.2577552988475513
2088,79.83498935415189,0.2368335723876953,79.839563210912,0.25774527886361454
2089,79.84386089425124,0.2472877502441406,79.83956526820415,0.25774027286619017
2090,79.83498935415189,0.2403440475463867,79.8395630787716,0.2577319493134056
2091,79.83498935415189,0.217588186264038,79.8395608914332,0.2577127509570931
2092,79.84386089425124,0.2627904415130615,79.83956294688387,0.2577151781514315
2093,79.84386089425124,0.266719102859497,79.83956500037041,0.257719480074369
2094,79.83498935415189,0.246863842010498,79.83956281524806,0.2577142959110147
2095,79.83498935415189,0.2158248424530029,79.83956063221174,0.2576943009451636
2096,79.83498935415189,0.3649396896362304,79.83955845125848,0.2577454676382414
2097,79.84386089425124,0.2488648891448974,79.83956050297186,0.2577412327414873
2098,79.84386089425124,0.369692325592041,79.83956255272938,0.25779459360557244
2099,79.83498935415189,0.278850793838501,79.83956037397827,0.2578046251445114
2100,79.84386089425124,0.3238253593444824,79.83956242184507,0.25783606358936856
2101,79.83498935415189,0.2838003635406494,79.83956024523027,0.2578484216569322
2102,79.83498935415189,0.2303705215454101,79.83955807068646,0.2578353493923692
2103,79.83498935415189,0.2399525642395019,79.8395558982107,0.2578268459281976
2104,79.87047551454933,0.2418556213378906,79.83957059384585,0.25781925504198544
2105,79.83498935415189,0.2858700752258301,79.83956841748495,0.25783258084729843
2106,79.83498935415189,0.3190248012542724,79.83956624319089,0.2578616369823445
2107,79.84386089425124,0.2458837032318115,79.83956828146854,0.25785595215379653
2108,79.83498935415189,0.1849114894866943,79.8395661093019,0.2578213485187552
2109,79.83498935415189,0.2132802009582519,79.83956393919514,0.25780022896087923
2110,79.83498935415189,0.1972017288208007,79.83956177114537,0.25777150929256637
2111,79.83498935415189,0.2358283996582031,79.83955960514963,0.25776111464091583
2112,79.83498935415189,0.2548072338104248,79.83955744120503,0.25775971602309833
2113,79.83498935415189,0.2592430114746094,79.83955527930866,0.2577604180086409
2114,79.83498935415189,0.2084088325500488,79.83955311945759,0.2577370728877996
2115,79.87047551454933,0.2278642654418945,79.83956773997538,0.25772294862895995
2116,79.83498935415189,0.2156977653503418,79.83956557627697,0.25770308795633295
2117,79.83498935415189,0.269132137298584,79.83956341462269,0.25770848665701424
2118,79.84386089425124,0.2210257053375244,79.83956544364989,0.2576911671190919
2119,79.83498935415189,0.280374526977539,79.83956328409846,0.2577018718665475
2120,79.84386089425124,0.266930341720581,79.83956531127305,0.2577062249183655
2121,79.83498935415189,0.293893814086914,79.83956315382038,0.2577232864879876
2122,79.84386089425124,0.2277867794036865,79.83956517914575,0.2577091788032165
2123,79.83498935415189,0.2259621620178222,79.83956302378776,0.2576942249564028
2124,79.84386089425124,0.2378108501434326,79.83956504726726,0.2576848636688261
2125,79.83498935415189,0.2459268569946289,79.83956289399993,0.2576793304892147
2126,79.83498935415189,0.2378737926483154,79.83956074275822,0.25767001462005157
2127,79.84386089425124,0.2347619533538818,79.83956276445615,0.2576592444925169
2128,79.83498935415189,0.2557408809661865,79.83956061529717,0.2576583430058974
2129,79.84386089425124,0.2449185848236084,79.83956263515576,0.25765235908941914
2130,79.83498935415189,0.2533168792724609,79.83956048807549,0.2576503236528853
2131,79.83498935415189,0.280855655670166,79.8395583430103,0.25766121306256023
2132,79.83498935415189,0.2895171642303467,79.83955619995737,0.257676154878305
2133,79.83498935415189,0.22286057472229,79.83955405891386,0.2576598325247391
2134,79.84386089425124,0.3351523876190185,79.83955607711223,0.2576961458120373
2135,79.83498935415189,0.3178727626800537,79.83955393813193,0.2577243315810621
2136,79.83498935415189,0.2738335132598877,79.83955180115441,0.2577318733327844
2137,79.84386089425124,0.2548658847808838,79.83955381757607,0.25773053220571285
2138,79.84386089425124,0.2458753585815429,79.83955583211146,0.2577249872227268
2139,79.84386089425124,0.2492752075195312,79.83955784476322,0.2577210368815846
2140,79.84386089425124,0.2467670440673828,79.839559855534,0.25771591819335365
2141,79.83498935415189,0.2538349628448486,79.83955772078325,0.25771410550986534
2142,79.84386089425124,0.2498273849487304,79.83955972973443,0.2577104235674932
2143,79.84386089425124,0.2178652286529541,79.83956173681074,0.2576918303827454
2144,79.83498935415189,0.2984011173248291,79.83955960416958,0.25771081792329675
2145,79.83498935415189,0.3692653179168701,79.83955747351689,0.2577628246832005
2146,79.86160397444996,0.2316858768463134,79.83956774681648,0.25775067326295964
2147,79.83498935415189,0.2578215599060058,79.839565614356,0.257750706279561
2148,79.84386089425124,0.3214700222015381,79.83956761402075,0.25778037076555815
2149,79.83498935415189,0.2945513725280761,79.83956548360668,0.257797481515564
2150,79.84386089425124,0.271855354309082,79.83956748147209,0.25780402006104935
2151,79.86160397444996,0.2177019119262695,79.83957772623869,0.25778537658911316
2152,79.84386089425124,0.2110569477081298,79.83957971655839,0.25776366263517214
2153,79.86160397444996,0.240908145904541,79.83958994612546,0.2577558337839271
2154,79.83498935415189,0.210519790649414,79.83958781028889,0.2577339043302899
2155,79.86160397444996,0.3137876987457275,79.83959802660637,0.257759915371782
2156,79.84386089425124,0.2492120265960693,79.83960000381771,0.25775595067383406
2157,79.83498935415189,0.2476158142089843,79.83959786628888,0.25775124963699364
2158,79.83498935415189,0.2698736190795898,79.8395957307411,0.2577568670463739
2159,79.83498935415189,0.2619383335113525,79.83959359717159,0.2577588038071265
2160,79.83498935415189,0.2897562980651855,79.8395914655776,0.25777361746187566
2161,79.84386089425124,0.231987714767456,79.83959344125027,0.2577616850682179
2162,79.83498935415189,0.2769982814788818,79.83959131170027,0.2577705826613773
2163,79.83498935415189,0.2357802391052246,79.83958918411935,0.25776041606703787
2164,79.83498935415189,0.3019516468048095,79.83958705850478,0.2577808371533307
2165,79.84386089425124,0.2414112091064453,79.83958903256284,0.2577732761242098
2166,79.84386089425124,0.2068450450897216,79.83959100479815,0.2577497635521717
2167,79.84386089425124,0.2210357189178466,79.83959297521322,0.25773282121500773
2168,79.83498935415189,0.2181155681610107,79.83959085177177,0.2577145475743002
2169,79.83498935415189,0.2458734512329101,79.83958873028831,0.25770908833209577
2170,79.84386089425124,0.3515737056732178,79.83959069902747,0.2577523439161239
2171,79.84386089425124,0.2918477058410644,79.83959266595294,0.25776804882719023
2172,79.83498935415189,0.2709295749664306,79.83959054656445,0.25777410846169263
2173,79.83498935415189,0.2285988330841064,79.83958842912662,0.25776068219598736
2174,79.84386089425124,0.2779579162597656,79.83959039438196,0.2577699725520424
2175,79.83498935415189,0.2397310733795166,79.83958827896117,0.25776167880529643
2176,79.84386089425124,0.2230391502380371,79.83959024247922,0.2577457217609181
2177,79.83498935415189,0.2357184886932373,79.83958812907163,0.25773560360149333
2178,79.83498935415189,0.2139029502868652,79.83958601760473,0.25771547841631676
2179,79.84386089425124,0.2578926086425781,79.83958797945725,0.25771555970600296
2180,79.84386089425124,0.2220613956451416,79.8395899395099,0.25769920458487416
2181,79.83498935415189,0.212886095046997,79.83958783011725,0.25767865753786
2182,79.84386089425124,0.2479221820831298,79.83958978844178,0.25767418619255533
2183,79.83498935415189,0.1878416538238525,79.83958768105092,0.25764219694273
2184,79.83498935415189,0.2745094299316406,79.83958557558988,0.2576499200347579
2185,79.84386089425124,0.2732832431793213,79.83958753225745,0.2576570748737257
2186,79.84386089425124,0.2417254447937011,79.83958948713484,0.25764978684532674
2187,79.83498935415189,0.246692419052124,79.83958738373614,0.2576447766177121
2188,79.83498935415189,0.2880373001098633,79.8395852822601,0.2576586671677542
2189,79.83498935415189,0.2694313526153564,79.83958318270409,0.2576640452789683
2190,79.84386089425124,0.3814413547515869,79.83958513599703,0.2577205645983622
2191,79.84386089425124,0.3628766536712646,79.83958708750696,0.25776855916206504
2192,79.83498935415189,0.2408554553985595,79.83958499000086,0.2577608433300561
2193,79.83498935415189,0.2707276344299316,79.83958289440768,0.2577667561394952
2194,79.83498935415189,0.2908041477203369,79.8395808007248,0.2577818142031145
2195,79.84386089425124,0.2128441333770752,79.8395827506535,0.2577613414555856
2196,79.83498935415189,0.2302508354187011,79.83958065894291,0.25774881390274546
2197,79.84386089425124,0.2287755012512207,79.83958260716106,0.2577356262319892
2198,79.83498935415189,0.2828500270843506,79.83958051741902,0.2577470522560349
2199,79.84386089425124,0.2619438171386719,79.83958246392963,0.25774896074393056
2200,79.84386089425124,0.2278671264648437,79.83958440867067,0.25773537809198555
2201,79.84386089425124,0.2208199501037597,79.83958635164458,0.25771860597568014
2202,79.84386089425124,0.2797896862030029,79.83958829285375,0.2577286291728769
2203,79.84386089425124,0.3448333740234375,79.8395902323006,0.25776816832169697
2204,79.84386089425124,0.1786534786224365,79.8395921699875,0.2577322723644831
2205,79.83498935415189,0.2575955390930176,79.83959008254267,0.2577322103539292
2206,79.83498935415189,0.3538706302642822,79.83958799699037,0.2577757907799991
2207,79.83498935415189,0.2077803611755371,79.83958591332801,0.2577531376628245
2208,79.84386089425124,0.2498543262481689,79.83958784946067,0.25774956030258234
2209,79.83498935415189,0.2519729137420654,79.83958576775161,0.25774694525207964
2210,79.83498935415189,0.2288050651550293,79.83958368792646,0.25773384937873256
2211,79.83498935415189,0.2285020351409912,79.83958160998264,0.257720628295857
2212,79.84386089425124,0.2431037425994873,79.83958354455962,0.2577140203005151
2213,79.83498935415189,0.250417947769165,79.83958146855853,0.2577107233856794
2214,79.84386089425124,0.2149810791015625,79.83958340145179,0.25769142363668024
2215,79.84386089425124,0.2260138988494873,79.83958533259978,0.25767712227108786
2216,79.84386089425124,0.2607491016387939,79.83958726200486,0.2576785085433657
2217,79.83498935415189,0.3068349361419678,79.83958518807258,0.2577006810411549
2218,79.83498935415189,0.3157823085784912,79.8395831160104,0.25772686752787144
2219,79.83498935415189,0.2658948898315429,79.83958104581578,0.2577305484752818
2220,79.83498935415189,0.2398450374603271,79.83957897748621,0.2577224919387886
2221,79.83498935415189,0.3084778785705566,79.83957691101915,0.257745344431644
2222,79.83498935415189,0.2322766780853271,79.8395748464121,0.25773388238558353
2223,79.83498935415189,0.2346305847167968,79.83957278366256,0.2577234895391288
2224,79.84386089425124,0.2618489265441894,79.83957471176983,0.25772534450181095
2225,79.83498935415189,0.2733538150787353,79.83957265093495,0.25773236853353093
2226,79.84386089425124,0.2356727123260498,79.83957457736949,0.2577224585352347
2227,79.83498935415189,0.2539832592010498,79.83957251844573,0.2577207795054483
2228,79.83498935415189,0.233950138092041,79.8395704613702,0.25771011045633996
2229,79.84386089425124,0.2187941074371338,79.83957238619428,0.2576926515047836
2230,79.83498935415189,0.2915771007537842,79.83957033102297,0.2577078463250746
2231,79.83498935415189,0.2275149822235107,79.83956827769403,0.25769431299289103
2232,79.83498935415189,0.2359461784362793,79.839566226205,0.25768456920500726
2233,79.83498935415189,0.2923903465270996,79.83956417655338,0.25770011142503507
2234,79.83498935415189,0.2242841720581054,79.83956212873673,0.25768515352916804
2235,79.84386089425124,0.2348942756652832,79.83956405212174,0.25767495626837883
2236,79.83498935415189,0.2496342658996582,79.83956200619242,0.2576713602530082
2237,79.83498935415189,0.3178918361663818,79.83955996209227,0.25769828044787335
2238,79.83498935415189,0.3988587856292724,79.83955791981884,0.2577613548469714
2239,79.84386089425124,0.2430155277252197,79.83955984164753,0.25775476894830157
2240,79.83498935415189,0.2227208614349365,79.83955780125133,0.2577391288110188
2241,79.83498935415189,0.2449023723602295,79.8395557626761,0.257733400673379
2242,79.83498935415189,0.3068592548370361,79.8395537259194,0.25775531229432624
2243,79.83498935415189,0.2510473728179931,79.8395516909788,0.25775232168377055
2244,79.84386089425124,0.2221522331237793,79.83955361130111,0.2577364571166761
2245,79.83498935415189,0.296290636062622,79.83955157822443,0.25775363047032684
2246,79.83498935415189,0.2176432609558105,79.83954954695815,0.2577357718908458
2247,79.84386089425124,0.3478012084960937,79.83955146567078,0.25777585441714984
2248,79.84386089425124,0.2035205364227295,79.83955338267637,0.2577517194892164
2249,79.83498935415189,0.2085030078887939,79.83955135331732,0.2577298214404834
2250,79.84386089425124,0.2338068485260009,79.83955326866884,0.257719189008077
2251,79.84386089425124,0.2579386234283447,79.83955518231858,0.25771928649116016
2252,79.83498935415189,0.265430212020874,79.83955315486381,0.2577227105255872
2253,79.83498935415189,0.1876106262207031,79.8395511292088,0.2576915910918079
2254,79.84386089425124,0.1989450454711914,79.83955304126073,0.25766552785062746
2255,79.84386089425124,0.2415828704833984,79.83955495161682,0.257658395851795
2256,79.84386089425124,0.2587599754333496,79.83955686027933,0.2576588841406166
2257,79.83498935415189,0.2513911724090576,79.83955483657257,0.25765610713054504
2258,79.83498935415189,0.2468023300170898,79.83955281465832,0.25765130032048594
2259,79.84386089425124,0.2247722148895263,79.83955472173206,0.2576367456124598
2260,79.84386089425124,0.2621331214904785,79.83955662711811,0.2576387351593085
2261,79.83498935415189,0.2633945941925049,79.8395546070947,0.2576412808731666
2262,79.84386089425124,0.2897036075592041,79.83955651084675,0.2576554551997299
2263,79.83498935415189,0.266695499420166,79.83955449265997,0.25765944991657497
2264,79.83498935415189,0.2424409389495849,79.83955247625603,0.25765272795943406
2265,79.84386089425124,0.2149057388305664,79.83955437842734,0.25763385511655157
2266,79.83498935415189,0.2528886795043945,79.83955236385351,0.25763176104081803
2267,79.83498935415189,0.3447320461273193,79.839550351057,0.25767018198704056
2268,79.83498935415189,0.3046107292175293,79.83954834003545,0.2576908788773538
2269,79.84386089425124,0.2251253128051757,79.83955024067635,0.25767652649036743
2270,79.83498935415189,0.2617731094360351,79.83954823147523,0.25767833115245803
2271,79.83498935415189,0.2747619152069092,79.83954622404357,0.25768585364653745
2272,79.83498935415189,0.2799787521362304,79.839544218379,0.2576956656617178
2273,79.83498935415189,0.2854857444763183,79.83954221447922,0.25770789182925613
2274,79.84386089425124,0.2508468627929687,79.83954411363479,0.25770487466609154
2275,79.83498935415189,0.2678096294403076,79.83954211154271,0.25770931631654176
2276,79.83498935415189,0.2158803939819336,79.83954011120994,0.25769093805541055
2277,79.83498935415189,0.2342443466186523,79.83953811263416,0.2576806409138046
2278,79.87047551454933,0.2349915504455566,79.8395516935832,0.2576706808214129
2279,79.83498935415189,0.1976139545440673,79.83954969167911,0.25764432859399855
2280,79.84386089425124,0.2961132526397705,79.83955158255743,0.2576612009291063
2281,79.83498935415189,0.2189533710479736,79.8395495824573,0.25764423125357755
2282,79.84386089425124,0.2241623401641845,79.83955147172627,0.2576295590839503
2283,79.84386089425124,0.269902229309082,79.83955335934016,0.25763493476079
2284,79.83498935415189,0.481846809387207,79.8395513610892,0.25773310108067904
2285,79.87047551454933,0.2854936122894287,79.83956489463557,0.25774525010090166
2286,79.84386089425124,0.2228109836578369,79.8395667739005,0.25772996826956174
2287,79.84386089425124,0.2369430065155029,79.83956865152199,0.25772087908645985
2288,79.84386089425124,0.2478115558624267,79.83957052750219,0.2577165480885472
2289,79.83498935415189,0.270843505859375,79.83956852611584,0.2577222828887966
2290,79.83498935415189,0.3393676280975342,79.83956652647744,0.25775793587797075
2291,79.83498935415189,0.240462064743042,79.83956452858467,0.2577503863925343
2292,79.84386089425124,0.2419126033782959,79.83956640308976,0.25774347636504114
2293,79.83498935415189,0.2779755592346191,79.8395644069934,0.257752299776672
2294,79.83498935415189,0.262890100479126,79.83956241263733,0.25775453944567916
2295,79.84386089425124,0.2367637157440185,79.83956428561406,0.2577453931172689
2296,79.83498935415189,0.2159743309020996,79.8395622930481,0.2577272001459208
2297,79.84386089425124,0.2250261306762695,79.83956416444609,0.25771296372037894
2298,79.83498935415189,0.2275850772857666,79.83956217366703,0.25769985323890177
2299,79.84386089425124,0.2379066944122314,79.83956404348893,0.2576912437744273
2300,79.83498935415189,0.2488243579864502,79.83956205449358,0.25768738860669343
2301,79.84386089425124,0.2488675117492675,79.83956392274206,0.25768355554417394
2302,79.83498935415189,0.282829999923706,79.83956193552721,0.25769447928195827
2303,79.86160397444996,0.2020759582519531,79.83957150653846,0.2576703288168996
2304,79.83498935415189,0.2895200252532959,79.83956951775706,0.2576841524698668
2305,79.83498935415189,0.2938089370727539,79.83956753070126,0.2576998248276121
2306,79.83498935415189,0.2478718757629394,79.83956554536884,0.2576955629242883
2307,79.83498935415189,0.2386755943298339,79.83956356175757,0.25768731846455945
2308,79.83498935415189,0.2542297840118408,79.8395615798652,0.25768582039937193
2309,79.83498935415189,0.2479245662689209,79.8395595996895,0.2576815929181548
2310,79.84386089425124,0.243720531463623,79.83956146172177,0.25767554916860735
2311,79.83498935415189,0.2417137622833252,79.83955948331088,0.2576686422941438
2312,79.83498935415189,0.2419962882995605,79.83955750661141,0.2576618635943192
2313,79.83498935415189,0.3198802471160888,79.83955553162117,0.25768876302515437
2314,79.84386089425124,0.2434813976287841,79.83955739219275,0.25768262328211355
2315,79.84386089425124,0.2473368644714355,79.83955925115691,0.25767815427182816
2316,79.83498935415189,0.2848293781280517,79.83955727797168,0.25768987759819095
2317,79.84386089425124,0.2210934162139892,79.83955913538051,0.25767408283712745
2318,79.83498935415189,0.2255501747131347,79.83955716394772,0.2576602243780575
2319,79.84386089425124,0.3897249698638916,79.83955901980381,0.2577171733843041
2320,79.84386089425124,0.2177841663360595,79.83956087406003,0.2576999608812661
2321,79.83498935415189,0.2227699756622314,79.8395589044263,0.2576849113400257
2322,79.84386089425124,0.2709107398986816,79.83956075713509,0.2576906072179579
2323,79.83498935415189,0.2829072475433349,79.83955878924745,0.25770146242257497
2324,79.83498935415189,0.2729613780975342,79.83955682305336,0.25770802865135073
2325,79.83498935415189,0.2679500579833984,79.8395548585506,0.257712433825257
2326,79.83498935415189,0.2869689464569092,79.83955289573701,0.25772501186164204
2327,79.83498935415189,0.2840168476104736,79.83955093461043,0.25773631045886974
2328,79.83498935415189,0.2787361145019531,79.83954897516865,0.25774533099325253
2329,79.84386089425124,0.2230763435363769,79.83955082657229,0.25773044521074634
2330,79.83498935415189,0.4640233516693115,79.83954886885881,0.25781898293884015
2331,79.83498935415189,0.2359170913696289,79.83954691282504,0.25780958701796103
2332,79.84386089425124,0.2677958011627197,79.83954876273131,0.25781386927102484
2333,79.84386089425124,0.2634379863739013,79.83955061105172,0.25781627995130896
2334,79.87047551454933,0.3498609066009521,79.83956386079615,0.2578557163808932
2335,79.83498935415189,0.2667319774627685,79.83956190169268,0.25785951777750216
2336,79.84386089425124,0.2433722019195556,79.83956374201482,0.25785331601557665
2337,79.83498935415189,0.2354607582092285,79.83956178463876,0.25784373426212936
2338,79.83498935415189,0.3140249252319336,79.8395598289371,0.25786776385621396
2339,79.84386089425124,0.2233550548553466,79.83956166778502,0.25785300852957826
2340,79.84386089425124,0.2374823093414306,79.83956350506129,0.2578443031025748
2341,79.84386089425124,0.2389185428619384,79.8395653407679,0.2578362186257527
2342,79.83498935415189,0.2298359870910644,79.83956338688805,0.2578242629333809
2343,79.84386089425124,0.2070136070251464,79.83956522107813,0.2578025767806245
2344,79.83498935415189,0.221592903137207,79.83956326891648,0.25778712896763667
2345,79.84386089425124,0.3149929046630859,79.83956510159251,0.2578115237547136
2346,79.83498935415189,0.2524590492248535,79.83956315114604,0.25780924222251844
2347,79.84386089425124,0.3578062057495117,79.83956498231055,0.25785184851290066
2348,79.83498935415189,0.2618031501770019,79.83956303357624,0.25785353135006595
2349,79.84386089425124,0.3418359756469726,79.83956486323169,0.25788928377420256
2350,79.84386089425124,0.3213417530059814,79.83956669132999,0.2579162848249395
2351,79.84386089425124,0.2909512519836426,79.83956851787313,0.25793033627843104
2352,79.83498935415189,0.2628452777862549,79.83956657094978,0.2579324259644463
2353,79.84386089425124,0.2448360919952392,79.83956839599155,0.25792686016165445
2354,79.84386089425124,0.2418539524078369,79.83957021948274,0.25792003224842003
2355,79.84386089425124,0.2999229431152344,79.8395720414253,0.25793786787936135
2356,79.83498935415189,0.2568311691284179,79.83957009631186,0.2579373981430494
2357,79.84386089425124,0.2586288452148437,79.8395719167607,0.25793769150201074
2358,79.84386089425124,0.2605006694793701,79.8395737356655,0.2579387784307543
2359,79.83498935415189,0.2550446987152099,79.8395717923075,0.25793755160594906
2360,79.83498935415189,0.3215079307556152,79.83956985059642,0.2579644882072837
2361,79.84386089425124,0.2201564311981201,79.83957166806513,0.2579484746295585
2362,79.84386089425124,0.2199125289916992,79.83957348399493,0.25793237135028757
2363,79.83498935415189,0.228867769241333,79.83957154403309,0.2579200714763524
2364,79.83498935415189,0.3034255504608154,79.8395696057125,0.25793932083294474
2365,79.83498935415189,0.3118233680725097,79.83956766903108,0.25796210478526593
2366,79.84386089425124,0.2538266181945801,79.83956948358104,0.25796035690420477
2367,79.84386089425124,0.2885422706604004,79.8395712965978,0.2579732770198601
2368,79.83498935415189,0.2212669849395752,79.83956936165589,0.25795777605192083
2369,79.83498935415189,0.4027745723724365,79.83956742834754,0.2580189059786074
2370,79.83498935415189,0.2696127891540527,79.83956549667066,0.2580237979124367
2371,79.83498935415189,0.2714641094207763,79.83956356662321,0.2580294665381256
2372,79.83498935415189,0.2525081634521484,79.83956163820311,0.25802713883867956
2373,79.84386089425124,0.24395751953125,79.83956344994185,0.2580212097955664
2374,79.83498935415189,0.3789224624633789,79.83956152319553,0.25807213702920917
2375,79.83498935415189,0.2224390506744384,79.83955959807172,0.25805713362442817
2376,79.84386089425124,0.2727952003479004,79.83956140838156,0.25806333651446334
2377,79.84386089425124,0.2388811111450195,79.8395632171682,0.25805526658372313
2378,79.86160397444996,0.3056268692016601,79.83957248577934,0.2580752714628728
2379,79.84386089425124,0.2582714557647705,79.83957428838903,0.25807535392790093
2380,79.83498935415189,0.28902268409729,79.83957236194608,0.258088357007804
2381,79.84386089425124,0.2455770969390869,79.83957416309362,0.25808310238366766
2382,79.83498935415189,0.2789344787597656,79.83957223832077,0.258091856110106
2383,79.83498935415189,0.2238223552703857,79.83957031516333,0.25807747528726094
2384,79.83498935415189,0.2579543590545654,79.83956839361929,0.2580774236445459
2385,79.84386089425124,0.2598495483398437,79.8395701934099,0.25807816667376826
2386,79.84386089425124,0.3139121532440185,79.8395719916919,0.25810156733871803
2387,79.84386089425124,0.273622989654541,79.83957378846715,0.2581080698197888
2388,79.83498935415189,0.2434089183807373,79.83957186868729,0.2581019143962381
2389,79.84386089425124,0.2126166820526123,79.83957366400983,0.25808287495197535
2390,79.83498935415189,0.2281994819641113,79.83957174588856,0.25807037144026496
2391,79.83498935415189,0.2942438125610351,79.83956982937173,0.25808550044115197
2392,79.83498935415189,0.2276203632354736,79.83956791445735,0.2580727641797783
2393,79.83498935415189,0.3007748126983642,79.8395660011434,0.2580906087466478
2394,79.84386089425124,0.2408595085144043,79.83956779516724,0.25808341112750316
2395,79.83498935415189,0.2247514724731445,79.83956588350085,0.25806949382535105
2396,79.83498935415189,0.3089110851287842,79.83956397343017,0.25809071318733073
2397,79.84386089425124,0.320725679397583,79.83956576605462,0.2581168437531256
2398,79.84386089425124,0.2948801517486572,79.83956755718397,0.25813217457380766
2399,79.83498935415189,0.2731423377990722,79.83956564880422,0.2581384314155022
2400,79.84386089425124,0.2565147876739502,79.83956743848982,0.2581377548972766
2401,79.83498935415189,0.2488608360290527,79.83956553174916,0.2581338911243202
2402,79.84386089425124,0.2797951698303222,79.83956731999332,0.25814290914209953
2403,79.83498935415189,0.2407801151275634,79.83956541488894,0.2581356836764256
2404,79.84386089425124,0.2218694686889648,79.839567201694,0.25812059789648073
2405,79.83498935415189,0.2378993034362793,79.83956529822308,0.25811218987383616
2406,79.83498935415189,0.2983136177062988,79.83956339633444,0.25812889869670913
2407,79.84386089425124,0.3038818836212158,79.83956518175111,0.25814790699954443
2408,79.83498935415189,0.2569549083709717,79.83956328149048,0.2581474115682203
2409,79.87047551454933,0.2661416530609131,79.83957611346767,0.2581507300578395
2410,79.86160397444996,0.2641911506652832,79.83958525365895,0.2581532364564318
2411,79.84386089425124,0.2944350242614746,79.83958702704783,0.2581682848960025
2412,79.83498935415189,0.2847449779510498,79.83958512088162,0.2581793034254615
2413,79.83498935415189,0.2928535938262939,79.83958321629534,0.25819367321012826
2414,79.83498935415189,0.2454233169555664,79.839581313287,0.2581883830874047
2415,79.83498935415189,0.2299191951751709,79.83957941185464,0.25817667741953215
2416,79.83498935415189,0.2155487537384033,79.83957751199632,0.258159033411386
2417,79.84386089425124,0.2071204185485839,79.83957928418592,0.25813791689716886
2418,79.83498935415189,0.2438342571258545,79.83957738595183,0.25813200140512116
2419,79.83498935415189,0.3706667423248291,79.83957548928717,0.2581785225878081
2420,79.83498935415189,0.2210891246795654,79.83957359419001,0.25816319639032537
2421,79.84386089425124,0.2398772239685058,79.83957536506983,0.2581556433244758
2422,79.84386089425124,0.3135695457458496,79.83957713448733,0.25817852272266795
2423,79.83498935415189,0.2298421859741211,79.83957524105756,0.2581668279902088
2424,79.83498935415189,0.2599139213562011,79.83957334919003,0.25816754873829706
2425,79.83498935415189,0.256293773651123,79.8395714588828,0.25816677604753946
2426,79.83498935415189,0.31752610206604,79.83956957013395,0.25819124403023463
2427,79.83498935415189,0.3378057479858398,79.83956768294154,0.2582240476989432
2428,79.83498935415189,0.2919061183929443,79.83956579730366,0.2582379200509588
2429,79.84386089425124,0.3028011322021484,79.83956756556094,0.2582562663713175
2430,79.83498935415189,0.2258610725402832,79.83956568152333,0.25824293501583145
2431,79.83498935415189,0.235595703125,79.83956379903572,0.25823361900106767
2432,79.83498935415189,0.2469615936279297,79.83956191809621,0.25822898412221357
2433,79.83498935415189,0.25881028175354,79.8395600387029,0.2582292230443802
2434,79.86160397444996,0.2477047443389892,79.83956909537329,0.25822489910078716
2435,79.84386089425124,0.204972505569458,79.83957085791903,0.2582030295346552
2436,79.83498935415189,0.2101571559906005,79.83956897717036,0.2581833062696535
2437,79.84386089425124,0.2271194458007812,79.83957073831812,0.2581705595070483
2438,79.84386089425124,0.2186572551727295,79.83957249802111,0.25815435224522126
2439,79.83498935415189,0.2277328968048095,79.83957061891334,0.2581418793237615
2440,79.84386089425124,0.199841022491455,79.83957237722291,0.2581179855299778
2441,79.83498935415189,0.2379584312438964,79.83957049970424,0.2581097268022899
2442,79.83498935415189,0.4677009582519531,79.83956862372325,0.25819555449739623
2443,79.83498935415189,0.2420094013214111,79.83956674927808,0.2581889289741969
2444,79.84386089425124,0.3209750652313232,79.8395685062932,0.25821461888264907
2445,79.83498935415189,0.2421095371246338,79.83956663342934,0.25820803193714476
2446,79.83498935415189,0.253943920135498,79.83956476209686,0.2582062886371441
2447,79.84386089425124,0.2729933261871338,79.83956651776998,0.25821233156217477
2448,79.83498935415189,0.2696568965911865,79.8395646480136,0.2582170066295886
2449,79.83498935415189,0.2525234222412109,79.83956277978419,0.25821468176867046
2450,79.84386089425124,0.2912290096282959,79.83956453411662,0.25822815700453156
2451,79.83498935415189,0.2689547538757324,79.83956266745813,0.2582325334210437
2452,79.83498935415189,0.2866518497467041,79.8395608023222,0.2582441236805566
2453,79.84386089425124,0.2298903465270996,79.83956255531524,0.25823256486394286
2454,79.84386089425124,0.2635583877563476,79.83956430687958,0.2582347351259202
2455,79.83498935415189,0.2723782062530517,79.83956244335506,0.2582404962139557
2456,79.83498935415189,0.2640182971954345,79.83956058134805,0.2582428487387853
2457,79.83498935415189,0.2635636329650879,79.83955872085673,0.25824501430013097
2458,79.84386089425124,0.2809524536132812,79.83956047113068,0.2582542524772315
2459,79.84386089425124,0.3578307628631592,79.83956221998108,0.2582947471947532
2460,79.84386089425124,0.2569687366485595,79.83956396740963,0.2582942081660759
2461,79.83498935415189,0.2214918136596679,79.83956210856638,0.2582792539220668
2462,79.86160397444996,0.2388410568237304,79.83957106139574,0.25827135863486195
2463,79.84386089425124,0.2459352016448974,79.8395728031062,0.25826635004493503
2464,79.84386089425124,0.197887897491455,79.83957454340292,0.25824184580282733
2465,79.84386089425124,0.3298275470733642,79.83957628228764,0.2582708866552697
2466,79.84386089425124,0.2418270111083984,79.83957801976207,0.25826421841701064
2467,79.84386089425124,0.2979354858398437,79.83957975582793,0.2582802991901857
2468,79.83498935415189,0.257279634475708,79.83957789585966,0.2582798937344667
2469,79.84386089425124,0.2553303241729736,79.83957963056942,0.25827869909308904
2470,79.83498935415189,0.3079113960266113,79.83957777215792,0.2582987933023739
2471,79.86160397444996,0.2260000705718994,79.83958668603987,0.2582857221883591
2472,79.86160397444996,0.295891523361206,79.83959559270994,0.2583009348910989
2473,79.83498935415189,0.2334437370300293,79.83959373009831,0.2582908834564604
2474,79.84386089425124,0.2296180725097656,79.83959545490193,0.25827929379965087
2475,79.83498935415189,0.2672553062438965,79.83959359385112,0.25828292047134555
2476,79.84386089425124,0.2311115264892578,79.83959531731654,0.2582719465642445
2477,79.84386089425124,0.2830438613891601,79.83959703939038,0.2582819473372865
2478,79.83498935415189,0.2673654556274414,79.83959517995325,0.2582856129984205
2479,79.83498935415189,0.2401819229125976,79.83959332201627,0.25827831017870057
2480,79.83498935415189,0.2718255519866943,79.83959146557761,0.2582837727762038
2481,79.83498935415189,0.2419400215148925,79.83958961063549,0.2582771852101976
2482,79.83498935415189,0.2808637619018554,79.83958775718807,0.258286285361967
2483,79.84386089425124,0.2016971111297607,79.8395894781454,0.2582634947158807
2484,79.83498935415189,0.2754099369049072,79.83958762624364,0.25827039747038516
2485,79.83498935415189,0.2392001152038574,79.83958577583233,0.2582627233125314
2486,79.83498935415189,0.2146198749542236,79.8395839269097,0.2582451678626689
2487,79.83498935415189,0.3218648433685303,79.83958207947393,0.2582707487535036
2488,79.84386089425124,0.270749568939209,79.83958379925478,0.2582757643564721
2489,79.84386089425124,0.3140087127685547,79.83958551765373,0.2582981560593295
2490,79.84386089425124,0.2497742176055908,79.83958723467245,0.25829473279087417
2491,79.84386089425124,0.2828328609466553,79.83958895031257,0.2583045835047063
2492,79.83498935415189,0.2489407062530517,79.83958710456773,0.25830082592956516
2493,79.84386089425124,0.3513286113739013,79.83958881888368,0.2583381415274169
2494,79.84386089425124,0.2688069343566894,79.83959053182488,0.25834233911876786
2495,79.83498935415189,0.3047969341278076,79.8395886876655,0.2583609581949238
2496,79.83498935415189,0.2499587535858154,79.83958684498381,0.25835759192705154
2497,79.84386089425124,0.3038561344146728,79.83958855665752,0.25837581320958564
2498,79.83498935415189,0.2888123989105224,79.8395867155036,0.25838799759137143
2499,79.83498935415189,0.2420823574066162,79.83958487582319,0.2583814727253511
2500,79.83498935415189,0.3298735618591308,79.83958303761452,0.25841006956100465
2501,79.84386089425124,0.2978229522705078,79.83958474807298,0.2584258284105486
2502,79.83498935415189,0.2282552719116211,79.83958291138477,0.2584137698348096
2503,79.83498935415189,0.2528970241546631,79.83958107616415,0.2584115657814017
2504,79.84386089425124,0.2727260589599609,79.83958278535667,0.2584172824320321
2505,79.83498935415189,0.2338652610778808,79.8395809516516,0.2584074812259027
2506,79.83498935415189,0.2441706657409668,79.83957911940998,0.2584018001343285
2507,79.83498935415189,0.2368435859680175,79.83957728863007,0.258393200926444
2508,79.84386089425124,0.2886276245117187,79.83957899660679,0.25840525611926113
2509,79.83498935415189,0.3958313465118408,79.83957716733518,0.25846002937170937
2510,79.83498935415189,0.2368879318237304,79.83957533952116,0.25845143491053485
2511,79.83498935415189,0.2949168682098388,79.839573513163,0.25846595718584325
2512,79.83498935415189,0.2091512680053711,79.83957168825894,0.2584463255420612
2513,79.84386089425124,0.2554702758789062,79.83957339506593,0.2584451412803568
2514,79.83498935415189,0.3208093643188476,79.83957157166064,0.2584699480516529
2515,79.84386089425124,0.2338030338287353,79.83957327715669,0.25846014013347285
2516,79.83498935415189,0.2131285667419433,79.83957145524771,0.25844212281495477
2517,79.83498935415189,0.2441370487213134,79.83956963478641,0.2584364394323192
2518,79.83498935415189,0.3257496356964111,79.83956781577108,0.2584631722346481
2519,79.83498935415189,0.3277981281280517,79.83956599819997,0.25849069702857164
2520,79.84386089425124,0.2317852973937988,79.8395677025238,0.2584800996477642
2521,79.87047551454933,0.2747721672058105,79.83957996266344,0.25848656218943733
2522,79.83498935415189,0.2681231498718261,79.83957814243801,0.2584903831996207
2523,79.83498935415189,0.2624213695526123,79.8395763236555,0.25849194126000635
2524,79.84386089425124,0.2833011150360107,79.83957802118744,0.2585017705681585
2525,79.84386089425124,0.2665269374847412,79.83957971737478,0.25850494885208586
2526,79.83498935415189,0.2176170349121093,79.83957790012886,0.2584887620294651
2527,79.84386089425124,0.2208194732666015,79.83957959502165,0.25847385530656725
2528,79.83498935415189,0.2728927135467529,79.83957777926182,0.2584795589688458
2529,79.84386089425124,0.2758610248565674,79.83957947286204,0.25848643183001135
2530,79.84386089425124,0.2226817607879638,79.83958116512346,0.25847227978612125
2531,79.83498935415189,0.2173895835876464,79.8395793508955,0.25845604798201277
2532,79.83498935415189,0.2201507091522216,79.83957753810058,0.2584409194911637
2533,79.83498935415189,0.2966036796569824,79.83957572673701,0.25845598572099626
2534,79.84386089425124,0.2458434104919433,79.83957741780547,0.2584510083827054
2535,79.84386089425124,0.2329268455505371,79.83957910753976,0.25844093967941856
2536,79.84386089425124,0.2288920879364013,79.83958079594146,0.2584292879239994
2537,79.83498935415189,0.2408540248870849,79.83957898614966,0.25842236034692534
2538,79.83498935415189,0.2669100761413574,79.83957717778402,0.25842570460058745
2539,79.83498935415189,0.233882188796997,79.83957537084287,0.25841603799333906
2540,79.83498935415189,0.2113878726959228,79.83957356532449,0.2583975229676314
2541,79.83498935415189,0.2458579540252685,79.83957176122722,0.2583925880723373
2542,79.84386089425124,0.2384989261627197,79.83957344853367,0.2583847620841746
2543,79.83498935415189,0.3268709182739258,79.8395716459012,0.2584116933292354
2544,79.84386089425124,0.2762970924377441,79.83957333192649,0.2584187237534133
2545,79.84386089425124,0.2856895923614502,79.83957501662681,0.2584294392224145
2546,79.83498935415189,0.2543861865997314,79.83957321550251,0.25842785114204425
2547,79.84386089425124,0.2456905841827392,79.83957489892565,0.25842285025199346
2548,79.83498935415189,0.428858995437622,79.8395730992613,0.2584897404188638
2549,79.83498935415189,0.2738313674926758,79.839571301009,0.25849575910347494
2550,79.83498935415189,0.2478044033050537,79.8395695041671,0.25849156641492654
2551,79.83498935415189,0.2308402061462402,79.83956770873392,0.25848072699498587
2552,79.84386089425124,0.263502836227417,79.83956939101665,0.25848269490612713
2553,79.84386089425124,0.3019583225250244,79.83957107198148,0.2584997241374702
2554,79.83498935415189,0.3784825801849365,79.83956927804341,0.25854670254625933
2555,79.83498935415189,0.2158129215240478,79.8395674855096,0.2585299769959571
2556,79.83498935415189,0.2661385536193847,79.83956569437841,0.2585329537473747
2557,79.84386089425124,0.3218436241149902,79.83956737415934,0.25855771349331436
2558,79.84386089425124,0.3268203735351562,79.83956905262693,0.2585843994432916
2559,79.84386089425124,0.289797306060791,79.8395707297827,0.2585965967495118
2560,79.83498935415189,0.2416648864746093,79.83956894018284,0.2585899828001857
2561,79.83498935415189,0.2510030269622803,79.83956715198057,0.258587020302787
2562,79.84386089425124,0.2590250968933105,79.83956882791432,0.2585871912928692
2563,79.83498935415189,0.2179086208343505,79.83956704115124,0.2585713198256595
2564,79.84386089425124,0.2196767330169677,79.83956871582093,0.25855615033002427
2565,79.84386089425124,0.2260382175445556,79.83957038918484,0.25854347277338274
2566,79.83498935415189,0.2488937377929687,79.8395686039023,0.2585397121595946
2567,79.83498935415189,0.295529842376709,79.83956682001069,0.2585541220272289
2568,79.86160397444996,0.2317988872528076,79.83957540145713,0.25854370332209864
2569,79.84386089425124,0.2678389549255371,79.83957706961313,0.25854732155939075
2570,79.84386089425124,0.3937394618988037,79.83957873647095,0.2585999255050481
2571,79.83498935415189,0.4106247425079345,79.83957695141366,0.25865905612231876
2572,79.84386089425124,0.2675776481628418,79.83957861702129,0.25866252369309656
2573,79.83498935415189,0.2575409412384033,79.83957683339796,0.2586620877885281
2574,79.84386089425124,0.234830617904663,79.83957849775724,0.2586528292532197
2575,79.83498935415189,0.2327992916107177,79.83957671556556,0.2586427890444265
2576,79.83498935415189,0.3077929019927978,79.83957493475756,0.258661869057217
2577,79.83498935415189,0.2240080833435058,79.83957315533165,0.25864842172089036
2578,79.84386089425124,0.2307662963867187,79.83957481853525,0.25863760631152877
2579,79.84386089425124,0.3368313312530517,79.83957648044905,0.25866792570855923
2580,79.84386089425124,0.2328395843505859,79.83957814107455,0.2586579147235368
2581,79.83498935415189,0.2149939537048339,79.83957636316408,0.2586409972647926
2582,79.84386089425124,0.2333114147186279,79.83957802254871,0.25863118720183903
2583,79.84386089425124,0.2227892875671386,79.83957968064847,0.25861731112764824
2584,79.84386089425124,0.2398288249969482,79.83958133746488,0.25861004004168436
2585,79.83498935415189,0.2283711433410644,79.83957956106902,0.258598342209305
2586,79.83498935415189,0.2798619270324707,79.839577786047,0.2586065647865762
2587,79.83498935415189,0.2398767471313476,79.83957601239726,0.25859932481067543
2588,79.83498935415189,0.307736873626709,79.83957424011818,0.2586183114987805
2589,79.83498935415189,0.24562668800354,79.8395724692082,0.258613293490478
2590,79.83498935415189,0.2318067550659179,79.83957069966571,0.2586029434756423
2591,79.84386089425124,0.3018155097961426,79.83957235547219,0.25861962142482037
2592,79.84386089425124,0.29701828956604,79.83957401000103,0.2586344357258008
2593,79.86160397444996,0.2464287281036377,79.83958250593795,0.2586297285497028
2594,79.83498935415189,0.2408308982849121,79.83958073525493,0.25862286701143566
2595,79.84386089425124,0.2708218097686767,79.83958238464182,0.258627567952768
2596,79.83498935415189,0.2538189888000488,79.83958061536967,0.25862571564955045
2597,79.87047551454933,0.2749521732330322,79.8395925117498,0.2586320023101525
2598,79.83498935415189,0.2348265647888183,79.83959073994164,0.2586228393241935
2599,79.83498935415189,0.4498302936553955,79.83958896949694,0.2586964089487919
2600,79.83498935415189,0.2218365669250488,79.83958720041412,0.25868223208647506
2601,79.83498935415189,0.2118368148803711,79.8395854326916,0.25866422154545005
2602,79.83498935415189,0.2638752460479736,79.83958366632784,0.2586662242451051
2603,79.83498935415189,0.2467586994171142,79.83958190132124,0.2586616497061777
2604,79.83498935415189,0.2137885093688964,79.83958013767025,0.25864441731741533
2605,79.84386089425124,0.1967411041259765,79.83958178095493,0.2586206540493956
2606,79.84386089425124,0.2640349864959717,79.83958342297845,0.25862273169039585
2607,79.83498935415189,0.2386291027069091,79.8395816607733,0.258615062480966
2608,79.83498935415189,0.2238492965698242,79.83957989991954,0.25860173204925163
2609,79.84386089425124,0.2668335437774658,79.83958154077592,0.2586048872089788
2610,79.83498935415189,0.2968719005584717,79.83957978131745,0.2586195488999173
2611,79.84386089425124,0.2448265552520752,79.83958142096239,0.2586142662520246
2612,79.84386089425124,0.2468852996826172,79.83958305935185,0.2586097758360333
2613,79.84386089425124,0.2364208698272705,79.83958469648728,0.2586012841000942
2614,79.83498935415189,0.2390861511230468,79.83958293851393,0.2585938184792155
2615,79.83498935415189,0.3576657772064209,79.83958118188512,0.2586317045054974
2616,79.83498935415189,0.3220827579498291,79.83957942659929,0.2586559594953461
2617,79.83498935415189,0.256845474243164,79.83957767265491,0.2586552676782838
2618,79.83498935415189,0.2864830493927002,79.83957592005045,0.2586658970830639
2619,79.83498935415189,0.2483360767364502,79.83957416878435,0.2586619528981282
2620,79.84386089425124,0.233828067779541,79.8395758049391,0.25865247431602184
2621,79.84386089425124,0.317641019821167,79.83957743984536,0.25867498043792386
2622,79.84386089425124,0.2827804088592529,79.83957907350455,0.25868417396516313
2623,79.83498935415189,0.2638990879058838,79.83957732370686,0.2586861621138252
2624,79.87047551454933,0.2219336032867431,79.83958909893204,0.2586721558032966
2625,79.84386089425124,0.3429102897644043,79.83959072628262,0.2587042465209961
2626,79.84386089425124,0.2347986698150634,79.83959235239381,0.25869514310260083
2627,79.84386089425124,0.2148325443267822,79.83959397726699,0.25867844626256437
2628,79.86160397444996,0.2249364852905273,79.83960235245617,0.2586656068558018
2629,79.84386089425124,0.2588860988616943,79.83960397228948,0.2586656907249558
2630,79.84386089425124,0.2943742275238037,79.83960559089098,0.2586792681153736
2631,79.83498935415189,0.2277495861053466,79.83960383633503,0.2586675122499194
2632,79.83498935415189,0.249032974243164,79.83960208311231,0.258663851711163
2633,79.83498935415189,0.2665095329284668,79.83960033122133,0.2586668314609607
2634,79.83498935415189,0.2698304653167724,79.83959858066056,0.25867106974260684
2635,79.83498935415189,0.2177586555480957,79.8395968314285,0.2586555432097057
2636,79.84386089425124,0.2498149871826172,79.83959844905475,0.25865218943276064
2637,79.83498935415189,0.2574257850646972,79.83959670119927,0.25865172435715655
2638,79.83498935415189,0.2947268486022949,79.83959495466894,0.258665399536931
2639,79.83498935415189,0.2225568294525146,79.83959320946222,0.2586517168654326
2640,79.84386089425124,0.2199273109436035,79.83959482600949,0.25863704852985614
2641,79.83498935415189,0.2808043956756592,79.83959308217312,0.2586454420728875
2642,79.84386089425124,0.2290225028991699,79.83959469754483,0.2586342297567733
2643,79.83498935415189,0.2737293243408203,79.83959295507665,0.2586399411054619
2644,79.83498935415189,0.2590119838714599,79.83959121392654,0.25864008181755194
2645,79.83498935415189,0.3644165992736816,79.83958947409297,0.2586800729394635
2646,79.83498935415189,0.335857629776001,79.83958773557448,0.2587092405724327
2647,79.83498935415189,0.2216713428497314,79.83958599836957,0.2586952481667951
2648,79.83498935415189,0.2939085960388183,79.83958426247673,0.25870854625889184
2649,79.83498935415189,0.2079188823699951,79.8395825278945,0.2586893731128409
2650,79.83498935415189,0.1919043064117431,79.83958079462141,0.2586641712008782
2651,79.83498935415189,0.2285056114196777,79.83957906265593,0.2586527949052233
2652,79.83498935415189,0.2869107723236084,79.83957733199662,0.25866345025115783
2653,79.83498935415189,0.3018746376037597,79.83957560264199,0.2586797379207216
2654,79.83498935415189,0.276299238204956,79.83957387459057,0.258686376767852
2655,79.83498935415189,0.2211391925811767,79.83957214784088,0.258672234702245
2656,79.83498935415189,0.2808263301849365,79.83957042239145,0.25868057585265264
2657,79.84386089425124,0.2619233131408691,79.83957203717198,0.2586817963032692
2658,79.83498935415189,0.2368969917297363,79.83957031306248,0.25867360036475395
2659,79.83498935415189,0.329042911529541,79.83956859024981,0.2587000649421006
2660,79.83498935415189,0.2900483608245849,79.83956686873248,0.25871185001574065
2661,79.87047551454933,0.3132283687591553,79.83957848415744,0.25873233724563294
2662,79.84386089425124,0.2249372005462646,79.83958009287649,0.25871964185243257
2663,79.84386089425124,0.3345484733581543,79.83958170038733,0.25874811681732396
2664,79.84386089425124,0.2478518486022949,79.83958330669132,0.25874402662655255
2665,79.83498935415189,0.2480502128601074,79.83958158288173,0.2587400139384601
2666,79.83498935415189,0.234459638595581,79.83957986036533,0.25873090652085207
2667,79.83498935415189,0.2527735233306885,79.83957813914067,0.25872867278137324
2668,79.83498935415189,0.261723518371582,79.83957641920627,0.2587297952872166
2669,79.86160397444996,0.2574422359466553,79.83958467231801,0.25872931287457496
2670,79.84386089425124,0.2578976154327392,79.83958627389926,0.25872900137740573
2671,79.84386089425124,0.2308568954467773,79.83958787428126,0.25871856629469114
2672,79.84386089425124,0.2158033847808838,79.83958947346538,0.25870250522376537
2673,79.83498935415189,0.2508649826049804,79.83958775250791,0.25869957311653796
2674,79.87047551454933,0.2794928550720215,79.83959930365303,0.258707349213006
2675,79.83498935415189,0.281052827835083,79.83959758030743,0.2587157026629582
2676,79.83498935415189,0.2455270290374755,79.83959585824982,0.25871077416010857
2677,79.84386089425124,0.2984631061553955,79.83959745146461,0.25872562374247515
2678,79.83498935415189,0.2560775279998779,79.8395957307412,0.25872463490911346
2679,79.83498935415189,0.227748155593872,79.83959401130238,0.2587130722068681
2680,79.83498935415189,0.247875690460205,79.83959229314674,0.25870902840770893
2681,79.84386089425124,0.2134559154510498,79.83959388531424,0.2586921492160056
2682,79.83498935415189,0.2519261837005615,79.83959216848682,0.2586896264846426
2683,79.84386089425124,0.2429189682006836,79.83959375951393,0.25868374849050024
2684,79.83498935415189,0.280280590057373,79.83959204401268,0.2586917950037517
2685,79.84386089425124,0.2179327011108398,79.83959363390103,0.2586766147080746
2686,79.83498935415189,0.2879149913787842,79.83959191972392,0.2586875001796572
2687,79.83498935415189,0.2573931217193603,79.83959020682269,0.2586870184608406
2688,79.83498935415189,0.281498908996582,79.83958849519597,0.2586955050272601
2689,79.84386089425124,0.2178931236267089,79.83959008403905,0.2586803312149133
2690,79.84386089425124,0.2455151081085205,79.83959167170083,0.2586754370799295
2691,79.83498935415189,0.4007103443145752,79.8395899614379,0.25872821853932554
2692,79.84386089425124,0.2833905220031738,79.83959154796568,0.2587373798704785
2693,79.84386089425124,0.341778039932251,79.8395931333152,0.2587682156150243
2694,79.84386089425124,0.2286081314086914,79.83959471748778,0.2587570203350665
2695,79.83498935415189,0.268918514251709,79.83959300863312,0.2587607908337368
2696,79.86160397444996,0.2395105361938476,79.83960117293795,0.25875365053157073
2697,79.83498935415189,0.2148513793945312,79.83959946295694,0.2587373723442748
2698,79.84386089425124,0.2050116062164306,79.83960104243481,0.2587174591618701
2699,79.83498935415189,0.3098368644714355,79.83959933376927,0.25873639928980996
2700,79.87047551454933,0.2819647789001465,79.83961076939178,0.25874500239336934
2701,79.83498935415189,0.2398252487182617,79.83960905839022,0.25873799767153477
2702,79.84386089425124,0.2410652637481689,79.83961063197862,0.25873145705942396
2703,79.83498935415189,0.2522213459014892,79.83960892229389,0.2587290485832279
2704,79.84386089425124,0.3099489212036133,79.83961049476872,0.2587479908438124
2705,79.83498935415189,0.259817361831665,79.83960878639881,0.25874838617504636
2706,79.83498935415189,0.3199436664581299,79.83960707929155,0.25877100083886123
2707,79.84386089425124,0.2376000881195068,79.83960865070453,0.2587631800362313
2708,79.83498935415189,0.2784919738769531,79.83960694490818,0.25877046541061854
2709,79.83498935415189,0.2397944927215576,79.83960524037117,0.2587634606218813
2710,79.83498935415189,0.2537872791290283,79.83960353709213,0.2587616243925482
2711,79.86160397444996,0.3068163394927978,79.83961165234014,0.2587793502188485
2712,79.83498935415189,0.256256103515625,79.83960994795291,0.25877841981814675
2713,79.84386089425124,0.269162654876709,79.83961151483321,0.2587822474020238
2714,79.83498935415189,0.2457787990570068,79.83960981175264,0.2587774561535548
2715,79.83498935415189,0.2417855262756347,79.83960810992664,0.25877119761584655
2716,79.84386089425124,0.2768523693084717,79.83960967575297,0.2587778548955566
2717,79.83498935415189,0.2699646949768066,79.83960797522975,0.25878197224560495
2718,79.84386089425124,0.247129201889038,79.83960953995344,0.25877768498645976
2719,79.83498935415189,0.2112150192260742,79.83960784073102,0.2587601922811415
2720,79.83498935415189,0.2358124256134033,79.83960614275802,0.2587517556022195
2721,79.84386089425124,0.241887092590332,79.83960770643,0.2587455576371288
2722,79.83498935415189,0.219595193862915,79.83960600975392,0.2587311746967268
2723,79.83498935415189,0.2402622699737548,79.83960431432403,0.2587243921389879
2724,79.83498935415189,0.2925312519073486,79.83960262013895,0.2587368028804594
2725,79.84386089425124,0.2608358860015869,79.83960418280834,0.25873757318619195
2726,79.84386089425124,0.2486493587493896,79.83960574433125,0.25873387244722024
2727,79.83498935415189,0.2577502727508545,79.83960405148557,0.25873351175792936
2728,79.83498935415189,0.2398881912231445,79.83960235988097,0.2587266036492289
2729,79.84386089425124,0.2459144592285156,79.83960392035527,0.2587219088363228
2730,79.83498935415189,0.2619078159332275,79.83960223003798,0.2587230758352594
2731,79.83498935415189,0.2463879585266113,79.83960054095857,0.258718559131741
2732,79.84386089425124,0.2692551612854004,79.83960210038511,0.25872241586752204
2733,79.83498935415189,0.2362532615661621,79.83960041258919,0.25871419444260385
2734,79.83498935415189,0.2798163890838623,79.83959872602794,0.258721912875172
2735,79.84386089425124,0.2907533645629883,79.83960028440755,0.2587336245576904
2736,79.84386089425124,0.3882927894592285,79.83960184164799,0.2587809780536339
2737,79.84386089425124,0.2474234104156494,79.83960339775051,0.2587768284125532
2738,79.83498935415189,0.3847637176513672,79.83960171256292,0.2588228426160736
2739,79.84386089425124,0.2645952701568603,79.83960326757631,0.258824950110612
2740,79.83498935415189,0.2001526355743408,79.83960158366631,0.25880353685713164
2741,79.83498935415189,0.3602383136749267,79.839599900985,0.25884054334265433
2742,79.83498935415189,0.2174620628356933,79.839598219531,0.25882545272248403
2743,79.86160397444996,0.2817840576171875,79.83960624204464,0.25883382261125354
2744,79.84386089425124,0.3446156978607178,79.83960779257387,0.2588650842275981
2745,79.84386089425124,0.2068417072296142,79.83960934197339,0.2588461321776899
2746,79.84386089425124,0.3373453617095947,79.83961089024442,0.25887471893279984
2747,79.84386089425124,0.2308194637298584,79.83961243738821,0.25886450588030513
2748,79.86160397444996,0.2780156135559082,79.83962044013096,0.2588714749879018
2749,79.86160397444996,0.2490363121032714,79.8396284370514,0.2588678972640442
2750,79.83498935415189,0.2727479934692383,79.83962675011217,0.25887294457175514
2751,79.83498935415189,0.2917008399963379,79.83962506439936,0.2588848776489724
2752,79.86160397444996,0.2545363903045654,79.8396330509219,0.25888329753002454
2753,79.83498935415189,0.2318146228790283,79.83963136414502,0.25887346510189124
2754,79.83498935415189,0.2528338432312011,79.8396296785931,0.2588712720656274
2755,79.84386089425124,0.3178112506866455,79.83963121442456,0.2588926658872684
2756,79.84386089425124,0.2788436412811279,79.83963274914147,0.25889990499299914
2757,79.83498935415189,0.2681901454925537,79.8396310649213,0.2589032746848742
2758,79.83498935415189,0.2304630279541015,79.83962938192248,0.2588929627752546
2759,79.84386089425124,0.237842321395874,79.83963091563481,0.25888533296685323
2760,79.84386089425124,0.3008902072906494,79.83963244823575,0.2589005521242169
2761,79.83498935415189,0.2919259071350097,79.8396307665646,0.25891251349872285
2762,79.83498935415189,0.28692626953125,79.83962908611115,0.2589226560606463
2763,79.83498935415189,0.2194962501525879,79.8396274068741,0.25890838664120797
2764,79.83498935415189,0.2489233016967773,79.83962572885214,0.2589047740923858
2765,79.83498935415189,0.2378678321838379,79.83962405204393,0.25889716579513133
2766,79.83498935415189,0.2398524284362793,79.83962237644818,0.2588902804960139
2767,79.86160397444996,0.3139581680297851,79.83963032064695,0.2589101821539589
2768,79.83498935415189,0.2117300033569336,79.8396286439972,0.25889313729167673
2769,79.84386089425124,0.1939353942871093,79.83963017243715,0.25886967837401526
2770,79.84386089425124,0.2259435653686523,79.83963169977355,0.25885779169061984
2771,79.84386089425124,0.2575433254241943,79.83963322600756,0.2588573173253126
2772,79.83498935415189,0.2710866928100586,79.83963155072912,0.25886172907693045
2773,79.84386089425124,0.2738924026489258,79.83963307591611,0.25886714944244504
2774,79.83498935415189,0.2308568954467773,79.83963140189961,0.25885705201851006
2775,79.84386089425124,0.2510502338409424,79.83963292604099,0.25885423875069835
2776,79.83498935415189,0.2314519882202148,79.83963125328455,0.2588443676229856
2777,79.83498935415189,0.2488276958465576,79.83962958173284,0.2588407606111828
2778,79.84386089425124,0.2418112754821777,79.83963110488348,0.25883463048694627
2779,79.83498935415189,0.2906069755554199,79.83962943458815,0.25884606350064493
2780,79.83498935415189,0.2367293834686279,79.83962776549447,0.2588381078603456
2781,79.83498935415189,0.3048019409179687,79.83962609760115,0.2588546356679895
2782,79.84386089425124,0.4014811515808105,79.83962761981418,0.2589059032869373
2783,79.83498935415189,0.2288696765899658,79.83962595317183,0.25889511053569875
2784,79.83498935415189,0.2364339828491211,79.83962428772678,0.25888704260190326
2785,79.84386089425124,0.3000173568725586,79.83962580894995,0.2589018111169017
2786,79.83498935415189,0.2157738208770752,79.83962414475225,0.25888633086197
2787,79.83498935415189,0.3098292350769043,79.8396224817488,0.25890460962200407
2788,79.84386089425124,0.24678635597229,79.83962400198284,0.2589002630460895
2789,79.83498935415189,0.3489482402801513,79.83962234022313,0.2589325498790885
2790,79.84386089425124,0.2346234321594238,79.83962385941811,0.2589238369336692
2791,79.83498935415189,0.2275965213775634,79.83962219890029,0.2589126125282389
2792,79.83498935415189,0.2287895679473877,79.83962053957194,0.2589018234721569
2793,79.83498935415189,0.2069077491760254,79.8396188814318,0.2588832076202786
2794,79.84386089425124,0.2709510326385498,79.83962039968979,0.25888752681319854
2795,79.83498935415189,0.2250938415527343,79.8396187427862,0.2588754360492413
2796,79.84386089425124,0.2334344387054443,79.83962026000775,0.25886633698009115
2797,79.83498935415189,0.2894167900085449,79.83961860433887,0.25887725955893576
2798,79.84386089425124,0.2250161170959472,79.8396201205254,0.2588651576495494
2799,79.86160397444996,0.2346115112304687,79.83962797470686,0.25885649253828863
2800,79.84386089425124,0.2979660034179687,79.83962948646383,0.2588704602207456
2801,79.83498935415189,0.2720553874969482,79.83962782986538,0.25887516744219374
2802,79.83498935415189,0.2150459289550781,79.83962617444935,0.25885952531568157
2803,79.84386089425124,0.2445292472839355,79.83962768523058,0.25885441283689753
2804,79.83498935415189,0.3007154464721679,79.83962603104689,0.2588693418788502
2805,79.84386089425124,0.2519001960754394,79.83962754080203,0.25886685733489173
2806,79.84386089425124,0.2678778171539306,79.83962904948109,0.25887006865343026
2807,79.83498935415189,0.2616019248962402,79.8396273965793,0.25887104188329946
2808,79.83498935415189,0.2800841331481933,79.8396257448548,0.25887859640298067
2809,79.83498935415189,0.2603752613067627,79.83962409430632,0.25887912921355516
2810,79.84386089425124,0.23779296875,79.83962560206429,0.25887162524185997
2811,79.83498935415189,0.2978112697601318,79.83962395274095,0.25888547783685045
2812,79.84386089425124,0.303828477859497,79.8396254594769,0.25890146041153844
2813,79.83498935415189,0.2444238662719726,79.8396238113769,0.2588963137374753
2814,79.84386089425124,0.2609519958496094,79.8396253170922,0.2588970442570603
2815,79.83498935415189,0.2157998085021972,79.83962367021371,0.25888173440421663
2816,79.83498935415189,0.1950047016143798,79.83962202450489,0.25885905079882254
2817,79.83498935415189,0.1859760284423828,79.83962037996447,0.2588331782314259
2818,79.83498935415189,0.2429721355438232,79.83961873659123,0.258827549756377
2819,79.83498935415189,0.221914529800415,79.83961709438391,0.2588144553895959
2820,79.87047551454933,0.2307419776916504,79.8396280370861,0.2588045006102704
2821,79.83498935415189,0.2399864196777343,79.83962639274618,0.25879782989742656
2822,79.83498935415189,0.2258887290954589,79.83962474957163,0.25878616827417994
2823,79.84386089425124,0.2498464584350586,79.83962625015423,0.2587830015331813
2824,79.83498935415189,0.256967544555664,79.83962460819389,0.2587823586659796
2825,79.84386089425124,0.2948160171508789,79.83962610776416,0.2587951139433194
2826,79.83498935415189,0.2755677700042724,79.83962446701625,0.2588010490657755
2827,79.84386089425124,0.2157516479492187,79.83962596557558,0.2587858211205627
2828,79.84386089425124,0.4098227024078369,79.8396274630751,0.2588392287872131
2829,79.83498935415189,0.2418437004089355,79.83962582358804,0.25883322117732327
2830,79.84386089425124,0.3928430080413818,79.83962732007943,0.25888057445890067
2831,79.84386089425124,0.347877025604248,79.83962881551362,0.2589120108598704
2832,79.84386089425124,0.3081033229827881,79.83963030989169,0.25892938067347315
2833,79.84386089425124,0.2564408779144287,79.8396318032148,0.2589285022750407
2834,79.84386089425124,0.2522103786468506,79.83963329548403,0.25892613173035894
2835,79.84386089425124,0.2473897933959961,79.83963478670053,0.25892206247521454
2836,79.84386089425124,0.2593083381652832,79.83963627686539,0.2589221986796187
2837,79.83498935415189,0.2207629680633545,79.83963463889475,0.2589087481224751
2838,79.84386089425124,0.2538497447967529,79.83963612806153,0.25890696552792763
2839,79.83498935415189,0.2744247913360595,79.83963449129722,0.258912431475729
2840,79.84386089425124,0.1938397884368896,79.83963597946726,0.25888951857325054
2841,79.84386089425124,0.1847233772277832,79.83963746658968,0.25886341292687765
2842,79.84386089425124,0.2709174156188965,79.83963895266555,0.2588676543071352
2843,79.83498935415189,0.292827844619751,79.83963731721057,0.2588795995024615
2844,79.83498935415189,0.2372970581054687,79.83963568290571,0.25887201070450194
2845,79.84386089425124,0.2364845275878906,79.83963716804149,0.25886414164189503
2846,79.83498935415189,0.2377393245697021,79.83963553493753,0.25885671900764623
2847,79.84386089425124,0.2713854312896728,79.839637019082,0.2588611196793294
2848,79.84386089425124,0.2759389877319336,79.83963850218423,0.2588671161217636
2849,79.83498935415189,0.2629749774932861,79.83963687033165,0.2588685579825469
2850,79.83498935415189,0.2615933418273926,79.83963523962422,0.25886951404705383
2851,79.84386089425124,0.2361440658569336,79.83963672178999,0.25886154300244135
2852,79.86160397444996,0.2669413089752197,79.83964442419274,0.25886437601996337
2853,79.84386089425124,0.2857327461242676,79.83964590210023,0.2588737936049982
2854,79.83498935415189,0.3042042255401611,79.8396442705137,0.2588896767276104
2855,79.83498935415189,0.2353222370147705,79.83964264007014,0.2588814219326146
2856,79.84386089425124,0.2399682998657226,79.8396441170499,0.2588747996909946
2857,79.83498935415189,0.2308859825134277,79.83964248780143,0.25886500311515365
2858,79.83498935415189,0.2495355606079101,79.83964085969308,0.25886173878957375
2859,79.86160397444996,0.2658336162567138,79.83964854178988,0.25886417736161543
2860,79.83498935415189,0.3028101921081543,79.8396469127033,0.2588795431010373
2861,79.84386089425124,0.2214810848236084,79.83964838560841,0.25886647128758833
2862,79.84386089425124,0.2438833713531494,79.83964985748425,0.25886123610242606
2863,79.83498935415189,0.238938570022583,79.83964822964515,0.25885427743456724
2864,79.86160397444996,0.241950511932373,79.83965589575716,0.2588483752818081
2865,79.84386089425124,0.1987550258636474,79.83965736347042,0.2588274002907372
2866,79.84386089425124,0.26302170753479,79.83965883015945,0.2588288637615132
2867,79.83498935415189,0.2481915950775146,79.83965720146186,0.25882515351781454
2868,79.84386089425124,0.2628991603851318,79.83965866718458,0.2588265740223011
2869,79.83498935415189,0.3189101219177246,79.83965703967918,0.2588475163533904
2870,79.84386089425124,0.2317960262298584,79.83965850443685,0.25883809074707564
2871,79.84386089425124,0.2727808952331543,79.83965996817416,0.2588429471749705
2872,79.84386089425124,0.2440946102142334,79.83966143089215,0.25883781196015127
2873,79.83498935415189,0.5138225555419922,79.83965980469071,0.25892656404632663
2874,79.83498935415189,0.3471300601959228,79.83965817962094,0.25895725419808363
2875,79.83498935415189,0.2844069004058838,79.83965655568166,0.2589661062489385
2876,79.84386089425124,0.2759356498718261,79.8396580175518,0.2589720066465821
2877,79.84386089425124,0.236879825592041,79.83965947840571,0.2589643277515336
2878,79.84386089425124,0.2629575729370117,79.83966093824442,0.2589657152585473
2879,79.83498935415189,0.260399580001831,79.8396593156032,0.2589662133011813
2880,79.83498935415189,0.2489295005798339,79.83965769408881,0.25896272833148637
2881,79.83498935415189,0.3090066909790039,79.83965607370008,0.25898009867603605
2882,79.83498935415189,0.2730453014373779,79.83965445443584,0.25898497903785467
2883,79.84386089425124,0.2450418472290039,79.83965591348537,0.25898014271048425
2884,79.83498935415189,0.310671329498291,79.83965429539961,0.2589980661455702
2885,79.83498935415189,0.2109735012054443,79.83965267843558,0.25898141984923045
2886,79.83498935415189,0.2978394031524658,79.83965106259211,0.25899488415390937
2887,79.83498935415189,0.2271387577056884,79.83964944786803,0.25898384981845796
2888,79.84386089425124,0.3169667720794678,79.83965090612507,0.2590039270076065
2889,79.83498935415189,0.2515878677368164,79.83964929257299,0.25900136000889734
2890,79.84386089425124,0.2388637065887451,79.83965074987461,0.25899439196273116
2891,79.83498935415189,0.2657489776611328,79.83964913749283,0.25899672838116716
2892,79.83498935415189,0.2785050868988037,79.83964752622612,0.25900347400997686
2893,79.84386089425124,0.2325356006622314,79.8396489826271,0.25899432507345843
2894,79.84386089425124,0.2601842880249023,79.83965043802156,0.25899473625623365
2895,79.84386089425124,0.2242436408996582,79.83965189241059,0.25898273242364067
2896,79.83498935415189,0.2260313034057617,79.83965028241809,0.25897135416776434
2897,79.84386089425124,0.2815673351287842,79.83965173585676,0.2589791539540816
2898,79.84386089425124,0.2488706111907959,79.83965318829237,0.2589756658440874
2899,79.86160397444996,0.2249116897583007,79.83966076013996,0.2589639155936266
2900,79.83498935415189,0.2708103656768799,79.83965914931031,0.2589680005764139
2901,79.83498935415189,0.264134407043457,79.8396575395912,0.25896978148178
2902,79.84386089425124,0.3264949321746826,79.83965898802491,0.258993049969269
2903,79.83498935415189,0.2729585170745849,79.83965737947035,0.2589978606709931
2904,79.83498935415189,0.2169439792633056,79.83965577202363,0.25898337930687204
2905,79.83498935415189,0.3025612831115722,79.83965416568357,0.25899838030646055
2906,79.83498935415189,0.2434828281402588,79.83965256044905,0.25899304116256305
2907,79.84386089425124,0.2366805076599121,79.83965400810429,0.25898536571244174
2908,79.83498935415189,0.2949340343475342,79.83965240402797,0.25899772770303153
2909,79.84386089425124,0.2488796710968017,79.83965385074168,0.25899424951237965
2910,79.83498935415189,0.2295534610748291,79.8396522478219,0.25898413240295093
2911,79.83498935415189,0.1802120208740234,79.83965064600339,0.2589570722478397
2912,79.83498935415189,0.2529301643371582,79.83964904528504,0.2589550025679253
2913,79.84386089425124,0.2489082813262939,79.83965049116522,0.2589515536419927
2914,79.84386089425124,0.2317721843719482,79.83965193605303,0.25894222647340315
2915,79.84386089425124,0.2397634983062744,79.8396533799495,0.2589356471498466
2916,79.83498935415189,0.3206644058227539,79.83965178048935,0.2589568161343024
2917,79.83498935415189,0.3014228343963623,79.83965018212584,0.25897137424820776
2918,79.84386089425124,0.231849193572998,79.8396516251389,0.25896207946387767
2919,79.84386089425124,0.3644042015075683,79.83965306716325,0.2589982021504291
2920,79.84386089425124,0.2528951168060303,79.83965450819993,0.25899611205270845
2921,79.84386089425124,0.3338556289672851,79.83965594824993,0.25902174009684215
2922,79.83498935415189,0.236013650894165,79.83965435119514,0.2590138660074504
2923,79.83498935415189,0.2368404865264892,79.8396527552331,0.2590062801780009
2924,79.83498935415189,0.3227849006652832,79.83965116036269,0.25902809229171064
2925,79.83498935415189,0.2217988967895507,79.83964956658279,0.2590153643616244
2926,79.83498935415189,0.2658579349517822,79.83964797389228,0.259017702902496
2927,79.83498935415189,0.2454111576080322,79.83964638229006,0.25901305427069055
2928,79.83498935415189,0.3059926033020019,79.83964479177499,0.2590290991986384
2929,79.83498935415189,0.2448580265045166,79.83964320234595,0.2590242610037958
2930,79.87047551454933,0.2208616733551025,79.83965372531941,0.2590112362298542
2931,79.84386089425124,0.2402441501617431,79.83965516072334,0.25900483326633733
2932,79.83498935415189,0.2689716815948486,79.83965356938413,0.25900823260069217
2933,79.83498935415189,0.1998054981231689,79.83965197913005,0.2589880475565471
2934,79.84386089425124,0.2388765811920166,79.83965341366144,0.258981192932701
2935,79.84386089425124,0.2240321636199951,79.8396548472153,0.2589692852566149
2936,79.83498935415189,0.2718739509582519,79.8396532581509,0.25897368057872033
2937,79.84386089425124,0.2397661209106445,79.83965469078152,0.2589671407218364
2938,79.84386089425124,0.51275634765625,79.83965612243688,0.2590535223443464
2939,79.83498935415189,0.2408328056335449,79.83965453456064,0.2590473227129375
2940,79.83498935415189,0.3124184608459472,79.83965294776458,0.25906547616128206
2941,79.83498935415189,0.2603538036346435,79.8396513620476,0.25906591421890646
2942,79.83498935415189,0.2737536430358886,79.83964977740862,0.2590709066488239
2943,79.84386089425124,0.2376103401184082,79.83965120830119,0.2590636145772879
2944,79.83498935415189,0.2778823375701904,79.83964962479095,0.2590700068065654
2945,79.83498935415189,0.3160881996154785,79.8396480423561,0.2590893678227993
2946,79.83498935415189,0.2419912815093994,79.83964646099555,0.25908356399173565
2947,79.87047551454933,0.2395162582397461,79.83965692216066,0.25907692425445983
2948,79.84386089425124,0.2457053661346435,79.83965834820275,0.2590723884477706
2949,79.84386089425124,0.3115110397338867,79.8396597732777,0.25909017028950887
2950,79.84386089425124,0.2459278106689453,79.8396611973865,0.2590857084726883
2951,79.83498935415189,0.2378671169281005,79.83965961424748,0.2590785181671835
2952,79.83498935415189,0.2719178199768066,79.83965803218106,0.25908286752416515
2953,79.83498935415189,0.2508831024169922,79.83965645118613,0.2590800907665941
2954,79.84386089425124,0.3398256301879883,79.83965787449117,0.25910742507242396
2955,79.83498935415189,0.2738993167877197,79.83965629461964,0.25911243078874047
2956,79.83498935415189,0.2268674373626709,79.83965471581705,0.2591015224689076
2957,79.84386089425124,0.2129037380218505,79.83965613826494,0.25908589927497894
2958,79.84386089425124,0.2598080635070801,79.83965755975107,0.25908614341434066
2959,79.84386089425124,0.2587709426879883,79.83965898027643,0.2590860368916214
2960,79.83498935415189,0.2266781330108642,79.83965740270003,0.25907508827544545
2961,79.83498935415189,0.3118386268615722,79.8396558261892,0.2590929077751368
2962,79.83498935415189,0.2368042469024658,79.83965425074288,0.25908538290651
2963,79.83498935415189,0.2498035430908203,79.83965267635996,0.2590822503247295
2964,79.84386089425124,0.3939769268035888,79.83965409613657,0.25912776134918253
2965,79.84386089425124,0.2266957759857177,79.8396555149555,0.25911682307418643
2966,79.83498935415189,0.2497508525848388,79.83965394173877,0.25911366529586904
2967,79.84386089425124,0.2768020629882812,79.83965535965334,0.2591196270072585
2968,79.83498935415189,0.2448451519012451,79.83965378754905,0.2591148175479909
2969,79.86160397444996,0.2468256950378418,79.83966118067364,0.2591106784026524
2970,79.84386089425124,0.2495748996734619,79.83966259471862,0.25910746770274357
2971,79.84386089425124,0.2585129737854004,79.83966400781169,0.2591072676038148
2972,79.84386089425124,0.2231128215789795,79.83966541995382,0.2590951564174
2973,79.83498935415189,0.2894153594970703,79.83966384710963,0.25910535493844933
2974,79.84386089425124,0.227931261062622,79.83966525835613,0.2590948727280002
2975,79.84386089425124,0.2478458881378173,79.83966666865392,0.25909109155670934
2976,79.84386089425124,0.2778389453887939,79.83966807800391,0.25909739123877656
2977,79.84386089425124,0.2698254585266113,79.83966948640708,0.25910099488919236
2978,79.83498935415189,0.3026444911956787,79.83966791483816,0.2591156166139427
2979,79.83498935415189,0.2240192890167236,79.83966634432433,0.25910383536936493
2980,79.84386089425124,0.1811966896057129,79.83966775189143,0.2590776920318604
2981,79.84386089425124,0.2162120342254638,79.83966915851414,0.25906331240830904
2982,79.83498935415189,0.2657585144042969,79.83966758916326,0.2590655576135391
2983,79.84386089425124,0.2399969100952148,79.83966899489744,0.2590591651738749
2984,79.83498935415189,0.3200347423553467,79.83966742665322,0.2590795993485336
2985,79.84386089425124,0.2285256385803222,79.83966883149999,0.2590693635157804
2986,79.84386089425124,0.264960765838623,79.83967023540579,0.259071336523926
2987,79.84386089425124,0.2259504795074463,79.83967163837158,0.25906024818880163
2988,79.84386089425124,0.2338364124298095,79.83967304039832,0.25905180647670023
2989,79.84386089425124,0.3014466762542724,79.83967444148692,0.2590659901066024
2990,79.83498935415189,0.2377457618713379,79.83967287456808,0.25905885959548697
2991,79.83498935415189,0.2758657932281494,79.839671308697,0.25906447876420396
2992,79.84386089425124,0.2828211784362793,79.83967270895955,0.2590724188376238
2993,79.84386089425124,0.3518385887145996,79.8396741082864,0.25910341321446206
2994,79.83498935415189,0.2814469337463379,79.83967254357226,0.2591108759801708
2995,79.84386089425124,0.2522280216217041,79.8396739420199,0.259108577865193
2996,79.83498935415189,0.2528474330902099,79.8396723784058,0.2591064880304884
2997,79.84386089425124,0.2519938945770263,79.83967377597531,0.2591041147927662
2998,79.83498935415189,0.2169523239135742,79.83967221345969,0.259090054822493
2999,79.83498935415189,0.2751936912536621,79.8396706519861,0.2590954244911929
3000,79.83498935415189,0.2948029041290283,79.83966909155349,0.25910732698440553
3001,79.83498935415189,0.2319722175598144,79.83966753216083,0.25909828496193815
3002,79.84386089425124,0.3165884017944336,79.83966892901695,0.2591174355671455
3003,79.83498935415189,0.2955796718597412,79.83966737071697,0.25912957750397286
3004,79.83498935415189,0.2150170803070068,79.83966581345446,0.2591148929176889
3005,79.84386089425124,0.2068483829498291,79.839667209488,0.2590974997363352
3006,79.84386089425124,0.3026835918426513,79.8396686045927,0.25911199943430807
3007,79.83498935415189,0.238774299621582,79.8396670484735,0.25910523598242485
3008,79.84386089425124,0.2443571090698242,79.83966844270415,0.25910033301470126
3009,79.83498935415189,0.3720703125,79.83966688767306,0.25913787704244645
3010,79.84386089425124,0.284712553024292,79.83966828103073,0.2591463736125401
3011,79.83498935415189,0.2195093631744384,79.83966672708623,0.2591332095439788
3012,79.83498935415189,0.2180674076080322,79.83966517417358,0.259119575479591
3013,79.86160397444996,0.3087649345397949,79.83967245555435,0.25913605253205046
3014,79.84386089425124,0.2749330997467041,79.83967384521549,0.25914129375541295
3015,79.83498935415189,0.2844178676605224,79.83967229148712,0.259149677362015
3016,79.84386089425124,0.2177400588989257,79.83967368028112,0.25913594738241846
3017,79.83498935415189,0.2380211353302002,79.8396721276374,0.2591289487705351
3018,79.87047551454933,0.239670991897583,79.83968233419371,0.2591225014687216
3019,79.84386089425124,0.2603561878204345,79.83968371828117,0.2591229101094476
3020,79.83498935415189,0.2210316658020019,79.83968216385595,0.25911029711464384
3021,79.83498935415189,0.2426059246063232,79.83968061045984,0.25910483389964606
3022,79.84386089425124,0.203216552734375,79.83968199374368,0.2590863400938336
3023,79.86160397444996,0.2268517017364502,79.83968924547398,0.25907567696503525
3024,79.84386089425124,0.2968206405639648,79.83969062498747,0.25908815876516716
3025,79.84386089425124,0.2219622135162353,79.83969200358887,0.25907588572541546
3026,79.83498935415189,0.2444624900817871,79.83969044950776,0.25907105644727807
3027,79.84386089425124,0.2002046108245849,79.83969182725627,0.259051609322857
3028,79.86160397444996,0.3308320045471191,79.83969906376458,0.2590753148694964
3029,79.83498935415189,0.2560396194458008,79.83969750889182,0.2590743126590561
3030,79.84386089425124,0.1978106498718261,79.8396988829464,0.2590540936284333
3031,79.84386089425124,0.2294843196868896,79.83970025609429,0.2590443378468623
3032,79.84386089425124,0.2686159610748291,79.83970162833643,0.2590474947146816
3033,79.84386089425124,0.2266595363616943,79.83970299967369,0.25903681619231
3034,79.84386089425124,0.3017489910125732,79.83970437010696,0.25905089403503256
3035,79.83498935415189,0.2492282390594482,79.8397028165597,0.25904765757540305
3036,79.83498935415189,0.2423849105834961,79.83970126403585,0.2590421691870658
3037,79.86160397444996,0.2317175865173339,79.83970847599187,0.25903317195865955
3038,79.83498935415189,0.2378771305084228,79.8397069226272,0.2590262081530472
3039,79.83498935415189,0.237626314163208,79.83970537028483,0.259019166397868
3040,79.84386089425124,0.2466933727264404,79.8397067372335,0.25901511186047604
3041,79.83498935415189,0.3086006641387939,79.83970518597305,0.2590314175337014
3042,79.84386089425124,0.2498121261596679,79.83970655208358,0.2590283868659256
3043,79.83498935415189,0.2546837329864502,79.83970500190352,0.2590269591124325
3044,79.83498935415189,0.2379333972930908,79.83970345274197,0.25902002955861536
3045,79.83498935415189,0.3843107223510742,79.83970190459794,0.2590611759273485
3046,79.84386089425124,0.2620511054992676,79.83970326999179,0.2590621575194601
3047,79.83498935415189,0.2574410438537597,79.8397017229239,0.2590616254834687
3048,79.83498935415189,0.2069406509399414,79.83970017687116,0.2590445254262038
3049,79.83498935415189,0.2278518676757812,79.83969863183255,0.25903429497105446
3050,79.83498935415189,0.2138497829437255,79.83969708780708,0.2590194803769471
3051,79.84386089425124,0.1987864971160888,79.83969845254207,0.25899973833064727
3052,79.84386089425124,0.187842845916748,79.83969981638273,0.2589764234904068
3053,79.83498935415189,0.2508211135864258,79.83969827348649,0.2589737522457609
3054,79.84386089425124,0.2468209266662597,79.83969963649263,0.2589697729315567
3055,79.84386089425124,0.2128636837005615,79.83970099860646,0.2589546809219885
3056,79.84386089425124,0.2398066520690918,79.83970235982885,0.2589484152057408
3057,79.83498935415189,0.2268166542053222,79.83970081811944,0.2589379043254659
3058,79.84386089425124,0.3935747146606445,79.83970217851058,0.25898193205938846
3059,79.83498935415189,0.283027172088623,79.83970063786843,0.25898979254975435
3060,79.83498935415189,0.2620303630828857,79.83969909823323,0.25899078620025534
3061,79.84386089425124,0.2828381061553955,79.83970045785296,0.25899857689609174
3062,79.84386089425124,0.4236736297607422,79.83970181658464,0.2590523571223702
3063,79.83498935415189,0.295842170715332,79.83970027807258,0.25906436816174105
3064,79.83498935415189,0.2758681774139404,79.83969874056477,0.2590698524336902
3065,79.84386089425124,0.2263045310974121,79.83970009852682,0.25905916227991
3066,79.87047551454933,0.2345366477966308,79.83971013617067,0.25905116406905443
3067,79.84386089425124,0.2553434371948242,79.83971148953162,0.25904995515908563
3068,79.83498935415189,0.2751073837280273,79.83970995037407,0.2590551890015136
3069,79.84386089425124,0.2788243293762207,79.83971130291363,0.25906163055914627
3070,79.87047551454933,0.2546796798706054,79.83972132382947,0.2590602032136451
3071,79.83498935415189,0.2167608737945556,79.83971978297318,0.25904642941702544
3072,79.83498935415189,0.2418577671051025,79.83971824312005,0.25904083414934576
3073,79.83498935415189,0.2738213539123535,79.8397167042691,0.25904564395076557
3074,79.83498935415189,0.2464828491210937,79.83971516641935,0.25904155715999466
3075,79.84386089425124,0.3052067756652832,79.83971651462352,0.2590565702391834
3076,79.83498935415189,0.216933012008667,79.83971497783534,0.25904287597447906
3077,79.84386089425124,0.2167451381683349,79.83971632522449,0.25902912955335256
3078,79.84386089425124,0.2418751716613769,79.83971767173813,0.2590235564676177
3079,79.84386089425124,0.3227975368499756,79.83971901737713,0.2590442690302622
3080,79.84386089425124,0.2327711582183838,79.83972036214236,0.2590357387994791
3081,79.83498935415189,0.2568221092224121,79.83971882659935,0.25903502032184944
3082,79.84386089425124,0.2268717288970947,79.83972017055382,0.2590245844712898
3083,79.83498935415189,0.3384957313537597,79.8397186360691,0.25905036168403145
3084,79.84386089425124,0.3618624210357666,79.83971997921377,0.2590836989276604
3085,79.83498935415189,0.2284517288208007,79.83971844578586,0.2590737696018559
3086,79.84386089425124,0.2532675266265869,79.83971978812173,0.2590718881232508
3087,79.84386089425124,0.2627511024475097,79.83972112958791,0.2590730799646257
3088,79.87047551454933,0.2778074741363525,79.83973108890947,0.2590791468021166
3089,79.83498935415189,0.2516982555389404,79.8397295538707,0.2590767573908951
3090,79.83498935415189,0.2858636379241943,79.83972801982549,0.25908542628427156
3091,79.83498935415189,0.2598752975463867,79.83972648677286,0.25908568182334046
3092,79.84386089425124,0.2541747093200683,79.83972782390335,0.25908409353986595
3093,79.84386089425124,0.249647855758667,79.83972916016921,0.2590810427032086
3094,79.84386089425124,0.3138573169708252,79.83973049557132,0.2590987467349693
3095,79.83498935415189,0.2831661701202392,79.8397289637001,0.2591065229622343
3096,79.83498935415189,0.2080624103546142,79.83972743281846,0.259090035845759
3097,79.84386089425124,0.2445771694183349,79.83972876748473,0.2590853497410036
3098,79.83498935415189,0.2565474510192871,79.83972723765473,0.2590845305354769
3099,79.86160397444996,0.2429831027984619,79.83973429694379,0.25907933485050205
3100,79.83498935415189,0.2968411445617676,79.83973276631708,0.2590915160794412
3101,79.83498935415189,0.2448549270629882,79.83973123667757,0.2590869251123285
3102,79.83498935415189,0.362858772277832,79.83972970802427,0.25912037831902274
3103,79.84386089425124,0.2768292427062988,79.83973103937657,0.2591260853330051
3104,79.83498935415189,0.2953746318817138,79.83972951177181,0.25913776334413546
3105,79.83498935415189,0.2538392543792724,79.839727985151,0.2591360569000244
3106,79.84386089425124,0.2125840187072754,79.83972931577208,0.259121069122113
3107,79.83498935415189,0.2208051681518554,79.83972779019705,0.2591087370007837
3108,79.83498935415189,0.2679753303527832,79.83972626560373,0.2591115898300475
3109,79.84386089425124,0.2579245567321777,79.83972759549393,0.2591112080246124
3110,79.83498935415189,0.2363660335540771,79.83972607194366,0.25910389446368937
3111,79.84386089425124,0.2921028137207031,79.83972740104116,0.2591145016379925
3112,79.83498935415189,0.3069362640380859,79.83972587853252,0.2591298685282239
3113,79.83498935415189,0.266902208328247,79.83972435700204,0.2591323652644269
3114,79.83498935415189,0.2449445724487304,79.83972283644879,0.25912780913314376
3115,79.87047551454933,0.2551305294036865,79.83973270889761,0.2591265258972756
3116,79.83498935415189,0.2939248085021972,79.83973118664,0.25913769351043503
3117,79.83498935415189,0.2559163570404053,79.83972966535913,0.25913666003707286
3118,79.84386089425124,0.2478303909301757,79.83973099032028,0.25913303390843045
3119,79.83498935415189,0.2908201217651367,79.83972947007784,0.2591431932825429
3120,79.83498935415189,0.2258155345916748,79.83972795080992,0.2591325113406548
3121,79.83498935415189,0.1898946762084961,79.83972643251558,0.25911032683724816
3122,79.84386089425124,0.2438137531280517,79.83972775681465,0.2591054272300383
3123,79.83498935415189,0.236804723739624,79.83972623955476,0.2590982864348124
3124,79.83498935415189,0.2138459682464599,79.83972472326622,0.2590838010576715
3125,79.84386089425124,0.2432091236114502,79.83972604684094,0.25907872116088865
3126,79.83498935415189,0.2326264381408691,79.83972453158415,0.25907025913816956
3127,79.83498935415189,0.2447314262390136,79.83972301729652,0.2590656736463566
3128,79.83498935415189,0.3208165168762207,79.8397215039771,0.2590854149645247
3129,79.83498935415189,0.227832555770874,79.83971999162497,0.2590754268343893
3130,79.84386089425124,0.2508485317230224,79.83972131459706,0.25907279843339526
3131,79.84386089425124,0.2279162406921386,79.83972263672406,0.25906284744082375
3132,79.84386089425124,0.278841495513916,79.83972395800679,0.25906916246255846
3133,79.83498935415189,0.2848145961761474,79.83972244680224,0.2590773799645418
3134,79.83498935415189,0.2258751392364502,79.83972093656209,0.25906678575882125
3135,79.84386089425124,0.3355906009674072,79.83972225712274,0.2590911952692546
3136,79.84386089425124,0.2639613151550293,79.83972357684122,0.25909274824115697
3137,79.84386089425124,0.2989680767059326,79.83972489571829,0.2591054595348977
3138,79.83498935415189,0.2664110660552978,79.83972338662284,0.2591077876440502
3139,79.84386089425124,0.2968721389770508,79.8397247047202,0.2591198183389635
3140,79.83498935415189,0.3108093738555908,79.83972319664677,0.2591362799808478
3141,79.84386089425124,0.417468786239624,79.83972451396532,0.25918668829229596
3142,79.83498935415189,0.2228021621704101,79.83972300691255,0.2591751082394246
3143,79.83498935415189,0.2419991493225097,79.83972150081877,0.2591696434099887
3144,79.83498935415189,0.2247002124786377,79.83971999568307,0.2591586798505322
3145,79.83498935415189,0.2388195991516113,79.83971849150453,0.25915221273425276
3146,79.83498935415189,0.2257380485534668,79.83971698828223,0.259141591575899
3147,79.84386089425124,0.3589653968811035,79.83971830506201,0.25917331188263726
3148,79.83498935415189,0.2629797458648681,79.83971680285397,0.2591745210420979
3149,79.86160397444996,0.3001480102539062,79.83972375336893,0.25918753262965327
3150,79.84386089425124,0.2955291271209717,79.83972506674698,0.25919906964377754
3151,79.83498935415189,0.2414555549621582,79.83972356382327,0.2591934385696164
3152,79.84386089425124,0.241152286529541,79.83972487642811,0.25918771485386766
3153,79.83498935415189,0.251995325088501,79.83972337451809,0.25918543372803027
3154,79.84386089425124,0.2320835590362548,79.83972468635059,0.25917684086985276
3155,79.84386089425124,0.2368631362915039,79.83972599735151,0.25916976838028755
3156,79.83498935415189,0.2917988300323486,79.839724496514,0.259180107119721
3157,79.83498935415189,0.2402181625366211,79.83972299662729,0.25917410080214637
3158,79.84386089425124,0.3479750156402588,79.83972430691784,0.25920222015453337
3159,79.84386089425124,0.2424445152282714,79.83972561637886,0.25919691540463585
3160,79.83498935415189,0.3119397163391113,79.8397241175617,0.25921360616442524
3161,79.83498935415189,0.2788271903991699,79.83972261969286,0.2592198110313138
3162,79.84386089425124,0.3456313610076904,79.83972392844508,0.25924713916223613
3163,79.83498935415189,0.2548258304595947,79.83972243158316,0.259245741340958
3164,79.84386089425124,0.2588798999786377,79.83972373956756,0.2592456257147373
3165,79.83498935415189,0.241995096206665,79.8397222437112,0.25924017531046933
3166,79.83498935415189,0.3151493072509765,79.83972074879978,0.2592578345435523
3167,79.84386089425124,0.2462623119354248,79.83972205607651,0.2592537311262463
3168,79.83498935415189,0.2958264350891113,79.83972056216808,0.25926527554037593
3169,79.84386089425124,0.2601692676544189,79.83972186867868,0.2592655608013775
3170,79.84386089425124,0.2798216342926025,79.83972317436498,0.25927204536714765
3171,79.83498935415189,0.2426590919494629,79.83972168151722,0.25926680634052585
3172,79.83498935415189,0.2675261497497558,79.83972018961074,0.259269410168839
3173,79.83498935415189,0.3238627910614013,79.83971869864463,0.2592897673642038
3174,79.84386089425124,0.2574477195739746,79.8397200036842,0.25928918700888237
3175,79.83498935415189,0.2501454353332519,79.83971851371585,0.25928630708709477
3176,79.84386089425124,0.2207953929901123,79.83971981799183,0.2592741877816486
3177,79.83498935415189,0.2358961105346679,79.8397183290199,0.2592668292430125
3178,79.83498935415189,0.247868537902832,79.83971684098502,0.2592632426189281
3179,79.83498935415189,0.3426125049591064,79.8397153538863,0.2592894613236592
3180,79.83498935415189,0.2446441650390625,79.83971386772286,0.259284855884576
3181,79.83498935415189,0.2178664207458496,79.83971238249383,0.2592718353139571
3182,79.83498935415189,0.2679235935211181,79.8397108981983,0.25927455428259544
3183,79.84386089425124,0.2407732009887695,79.83971220199851,0.2592687417305081
3184,79.84386089425124,0.2388277053833007,79.83971350497974,0.25926232180703224
3185,79.83498935415189,0.2429113388061523,79.83971202172988,0.25925718806040715
3186,79.87047551454933,0.2437400817871093,79.83972167756566,0.25925231765668044
3187,79.87047551454933,0.2228846549987793,79.83973132734195,0.25924090640388536
3188,79.83498935415189,0.256751537322998,79.83972983989742,0.25924012554783743
3189,79.83498935415189,0.2247672080993652,79.83972835338574,0.2592293156019458
3190,79.87047551454933,0.2789599895477295,79.83973799199426,0.2592355007661921
3191,79.84386089425124,0.205782413482666,79.83973928403506,0.25921874956365887
3192,79.83498935415189,0.3415083885192871,79.8397377959618,0.25924452952573773
3193,79.84386089425124,0.2767059803009033,79.83973908725471,0.259249998191812
3194,79.83498935415189,0.2203857898712158,79.83973760017484,0.25923783031193703
3195,79.83498935415189,0.2699289321899414,79.83973611402585,0.25924117650970796
3196,79.83498935415189,0.2767922878265381,79.83973462880688,0.2592466680964779
3197,79.83498935415189,0.3430583477020263,79.83973314451703,0.2592728838235988
3198,79.83498935415189,0.2699627876281738,79.83973166115544,0.2592762265077153
3199,79.83498935415189,0.2277140617370605,79.83973017872124,0.25926636024801836
3200,79.84386089425124,0.2400352954864502,79.83973146956984,0.25926035054028035
3201,79.84386089425124,0.2522604465484619,79.83973275961192,0.25925816375365374
3202,79.83498935415189,0.2268679141998291,79.83973127822358,0.25924804812293734
3203,79.83498935415189,0.2499616146087646,79.83972979776024,0.2592451488305508
3204,79.83498935415189,0.2335150241851806,79.83972831822103,0.2592371182048812
3205,79.84386089425124,0.3658080101013183,79.83972960763633,0.2592703696532108
3206,79.84386089425124,0.2399587631225586,79.83973089624725,0.2592643460703878
3207,79.83498935415189,0.2613749504089355,79.83972941774957,0.25926500419459686
3208,79.83498935415189,0.2354111671447754,79.83972794017363,0.25925756845985565
3209,79.83498935415189,0.2870457172393799,79.83972646351859,0.25926622790166914
3210,79.83498935415189,0.264838695526123,79.8397249877836,0.2592679638728917
3211,79.84386089425124,0.2415494918823242,79.8397262758267,0.25926244581870594
3212,79.83498935415189,0.2886013984680176,79.83972480106902,0.25927157998827294
3213,79.83498935415189,0.2549276351928711,79.83972332722935,0.25927022799798494
3214,79.83498935415189,0.2399523258209228,79.8397218543068,0.25926421744970335
3215,79.83498935415189,0.3400187492370605,79.83972038230053,0.25928933550002603
3216,79.84386089425124,0.2761011123657226,79.83972166977316,0.25929456304258375
3217,79.84386089425124,0.2506868839263916,79.83972295644534,0.2592918873574373
3218,79.84386089425124,0.2778134346008301,79.83972424231787,0.2592976429656546
3219,79.83498935415189,0.2301669120788574,79.83972277139891,0.2592885933443788
3220,79.86160397444996,0.2279846668243408,79.83972956680358,0.25927887162806823
3221,79.84386089425124,0.2436394691467285,79.83973084942619,0.25927401617867946
3222,79.83498935415189,0.3028874397277832,79.83972937782617,0.2592875523126177
3223,79.84386089425124,0.3066399097442627,79.8397306597115,0.2593022443254727
3224,79.83498935415189,0.2758007049560547,79.83972918908323,0.25930736171400576
3225,79.83498935415189,0.2527425289154053,79.83972771936698,0.2593053261069364
3226,79.83498935415189,0.3326544761657715,79.83972625056188,0.2593280629792423
3227,79.84386089425124,0.2399845123291015,79.83972753182736,0.25932206869642543
3228,79.83498935415189,0.2639660835266113,79.83972606399041,0.2593235073627297
3229,79.83498935415189,0.2228226661682129,79.83972459706263,0.25931220329298843
3230,79.83498935415189,0.2348222732543945,79.83972313104314,0.25930462127130466
3231,79.84386089425124,0.2853071689605713,79.8397244116879,0.2593126691040776
3232,79.83498935415189,0.2691802978515625,79.83972294663297,0.25931572220703164
3233,79.84386089425124,0.2494771480560302,79.83972422654253,0.25931267903531774
3234,79.83498935415189,0.224109411239624,79.83972276245089,0.2593017936711261
3235,79.86160397444996,0.2245564460754394,79.83972952634949,0.25929105322364676
3236,79.84386089425124,0.2220640182495117,79.8397308030392,0.25927954919553364
3237,79.83498935415189,0.2498142719268798,79.83972933827279,0.25927662510617044
3238,79.83498935415189,0.3859572410583496,79.83972787441111,0.25931574821177644
3239,79.83498935415189,0.2813773155212402,79.83972641145333,0.25932255943972005
3240,79.83498935415189,0.2048373222351074,79.8397249493986,0.2593057430084841
3241,79.83498935415189,0.224015474319458,79.83972348824611,0.25929485431095584
3242,79.83498935415189,0.2579591274261474,79.83972202799501,0.259294442303897
3243,79.84386089425124,0.3197312355041504,79.83972330424115,0.25931307837950607
3244,79.84386089425124,0.2677075862884521,79.83972457970046,0.259315666082314
3245,79.84386089425124,0.2558846473693847,79.83972585437365,0.25931460875759504
3246,79.83498935415189,0.2901010513305664,79.83972439519306,0.25932409318229405
3247,79.84386089425124,0.2355690002441406,79.83972566913795,0.2593167771696861
3248,79.83498935415189,0.2446346282958984,79.83972421091289,0.2593122568036535
3249,79.83498935415189,0.3499031066894531,79.83972275358549,0.259340139490599
3250,79.84386089425124,0.2808320522308349,79.83972402685953,0.25934675238682675
3251,79.83498935415189,0.2996079921722412,79.83972257048528,0.2593591366500643
3252,79.83498935415189,0.2283864021301269,79.8397211150067,0.2593496124389573
3253,79.86160397444996,0.3092708587646484,79.83972784198471,0.2593649586567027
3254,79.84386089425124,0.2612733840942383,79.83972911212983,0.2593655451427007
3255,79.83498935415189,0.2555704116821289,79.839727655983,0.2593643792030815
3256,79.83498935415189,0.274846076965332,79.8397262007306,0.25936913402426154
3257,79.83498935415189,0.256824254989624,79.8397247463718,0.2593683526674809
3258,79.84386089425124,0.2070348262786865,79.83972601590767,0.25935228958387474
3259,79.83498935415189,0.2199406623840332,79.83972456249812,0.25934019641811845
3260,79.84386089425124,0.2888247966766357,79.83972583131154,0.25934924077402594
3261,79.84386089425124,0.2413873672485351,79.83972709934677,0.2593437326864683
3262,79.83498935415189,0.2307839393615722,79.83972564694176,0.2593349773850198
3263,79.83498935415189,0.2619476318359375,79.83972419542695,0.2593357780759334
3264,79.84386089425124,0.2154221534729004,79.83972546279792,0.25932232414682704
3265,79.84386089425124,0.2483561038970947,79.83972672939254,0.2593189654269956
3266,79.86160397444996,0.2278926372528076,79.83973342787542,0.2593093431587243
3267,79.84386089425124,0.2557985782623291,79.83973469125661,0.2593082685444309
3268,79.83498935415189,0.2557110786437988,79.83973323919507,0.2593071678131272
3269,79.84386089425124,0.2448971271514892,79.83973450186103,0.2593027597248244
3270,79.84386089425124,0.2839326858520508,79.83973576375473,0.2593102918123251
3271,79.84386089425124,0.2477693557739257,79.83973702487685,0.2593067635530654
3272,79.83498935415189,0.2503399848937988,79.83973557387725,0.25930402309503997
3273,79.83498935415189,0.244105577468872,79.83973412376429,0.2592993795125083
3274,79.84386089425124,0.2618727684020996,79.83973538423176,0.2593001655201105
3275,79.84386089425124,0.2579903602600097,79.83973664392947,0.25929976557957307
3276,79.84386089425124,0.2618777751922607,79.83973790285813,0.25930055251779427
3277,79.83498935415189,0.2804286479949951,79.83973645380452,0.2593069999073204
3278,79.83498935415189,0.2659385204315185,79.839735005635,0.2593090229459184
3279,79.83498935415189,0.2575147151947021,79.8397335583488,0.2593084757340394
3280,79.84386089425124,0.3128242492675781,79.8397348166829,0.2593247915186533
3281,79.84386089425124,0.2413685321807861,79.83973607424998,0.25931931871787983
3282,79.83498935415189,0.2478013038635254,79.8397346279611,0.2593158092678937
3283,79.86160397444996,0.3960623741149902,79.83974128935206,0.25935746219657085
3284,79.86160397444996,0.3028488159179687,79.83974794668612,0.25937070560513403
3285,79.86160397444996,0.2479269504547119,79.83975459996702,0.25936722196581885
3286,79.83498935415189,0.3489701747894287,79.83975314980091,0.25939449005858317
3287,79.83498935415189,0.2692964076995849,79.83975170051716,0.2593975025069072
3288,79.83498935415189,0.264817476272583,79.83975025211498,0.25939915091741983
3289,79.83498935415189,0.2905333042144775,79.83974880459354,0.2594086170631471
3290,79.83498935415189,0.3268558979034424,79.83974735795206,0.25942911775641164
3291,79.84386089425124,0.2818472385406494,79.83974860788713,0.2594359297043862
3292,79.83498935415189,0.2620284557342529,79.8397471621843,0.2594367172274816
3293,79.84386089425124,0.2398459911346435,79.83974841141966,0.25943076802429516
3294,79.83498935415189,0.2197816371917724,79.83974696665425,0.25941873125112197
3295,79.83498935415189,0.2798118591308594,79.83974552276578,0.25942492036428727
3296,79.83498935415189,0.2272665500640869,79.83974407975344,0.25941516357718164
3297,79.84386089425124,0.2198297977447509,79.83974532840814,0.2594031570967957
3298,79.83498935415189,0.2907445430755615,79.83974388632983,0.2594126602459706
3299,79.83498935415189,0.2870635986328125,79.83974244512576,0.25942104185809145
3300,79.83498935415189,0.2918498516082763,79.83974100479516,0.259430868770137
3301,79.83498935415189,0.2927451133728027,79.83973956533721,0.2594409609375416
3302,79.83498935415189,0.2360529899597168,79.83973812675114,0.2594338779663188
3303,79.84386089425124,0.2730720043182373,79.83973937493992,0.25943800697823277
3304,79.83498935415189,0.2108147144317627,79.8397379372823,0.2594232904853313
3305,79.83498935415189,0.2659342288970947,79.83973650049465,0.2594252605120822
3306,79.83498935415189,0.2564680576324463,79.8397350645762,0.2594243660163533
3307,79.84386089425124,0.2652218341827392,79.83973631218119,0.2594261191062131
3308,79.84386089425124,0.2390174865722656,79.83973755903189,0.25941994962842174
3309,79.84386089425124,0.2569503784179687,79.83973880512896,0.25941920330892626
3310,79.83498935415189,0.1928565502166748,79.83973737024951,0.2593990937460585
3311,79.83498935415189,0.2368032932281494,79.83973593623679,0.25939226928199394
3312,79.84386089425124,0.2357196807861328,79.83973718169513,0.2593851217613128
3313,79.83498935415189,0.2369108200073242,79.83973574860501,0.259378338090394
3314,79.83498935415189,0.3188309669494629,79.83973431637976,0.25939627793012215
3315,79.84386089425124,0.3476977348327636,79.83973556119963,0.2594229148703643
3316,79.84386089425124,0.289952278137207,79.83973680526871,0.2594321215540997
3317,79.84386089425124,0.3001260757446289,79.83973804858768,0.2594443898550315
3318,79.83498935415189,0.2638039588928222,79.83973661739586,0.2594457037697505
3319,79.83498935415189,0.2728691101074219,79.83973518706647,0.25944974818262717
3320,79.83498935415189,0.2614555358886719,79.83973375759871,0.2594503523355507
3321,79.83498935415189,0.2325329780578613,79.83973232899183,0.25944224713402175
3322,79.84386089425124,0.2183413505554199,79.83973357178691,0.25942987479910945
3323,79.83498935415189,0.239574909210205,79.83973214409578,0.2594238997868949
3324,79.83498935415189,0.3808434009552002,79.83973071726365,0.25946042791600693
3325,79.84386089425124,0.2509529590606689,79.83973195942215,0.2594578692787572
3326,79.84386089425124,0.222902774810791,79.8397332008337,0.2594468785708594
3327,79.83498935415189,0.4394829273223877,79.83973177497056,0.2595009922013829
3328,79.87047551454933,0.2255330085754394,79.83974101287308,0.2594907854755337
3329,79.84386089425124,0.2570703029632568,79.83974225044635,0.2594900583855631
3330,79.84386089425124,0.227644681930542,79.83974348727632,0.2594804952094505
3331,79.83498935415189,0.2029159069061279,79.83974206003731,0.25946351394607514
3332,79.83498935415189,0.2538313865661621,79.83974063365498,0.2594618236317354
3333,79.83498935415189,0.2021667957305908,79.83973920812858,0.2594446334043423
3334,79.83498935415189,0.218794584274292,79.83973778345731,0.25943244082811856
3335,79.83498935415189,0.2624156475067138,79.83973635964041,0.2594333353428648
3336,79.87047551454933,0.2342016696929931,79.8397455740154,0.25942577189392896
3337,79.87047551454933,0.2550921440124511,79.83975478286781,0.25942447323409035
3338,79.83498935415189,0.2188389301300048,79.83975335523787,0.25941231459325625
3339,79.83498935415189,0.2557065486907959,79.83975192846306,0.25941120475021867
3340,79.83498935415189,0.2279434204101562,79.8397505025426,0.2594017832579013
3341,79.83498935415189,0.2508199214935303,79.83974907747573,0.25939921460726845
3342,79.84386089425124,0.2437326908111572,79.83975030782187,0.25939452683832886
3343,79.83498935415189,0.2515180110931396,79.83974888366582,0.259392170716359
3344,79.83498935415189,0.2688522338867187,79.83974746036154,0.2593949996826181
3345,79.84386089425124,0.299828290939331,79.83974869008766,0.25940708736311335
3346,79.83498935415189,0.2270598411560058,79.83974726769198,0.2593974199255141
3347,79.83498935415189,0.2434344291687011,79.83974584614624,0.25939265058259303
3348,79.83498935415189,0.2554860115051269,79.83974442544971,0.25939148372504306
3349,79.83498935415189,0.2159481048583984,79.8397430056016,0.25937851167999476
3350,79.84386089425124,0.3448214530944824,79.83974423482209,0.25940401703564087
3351,79.84386089425124,0.2698087692260742,79.83974546330894,0.25940712200496063
3352,79.83498935415189,0.2608954906463623,79.83974404442196,0.2594075660290183
3353,79.83498935415189,0.2368006706237793,79.83974262638131,0.25940082373990253
3354,79.86160397444996,0.2803406715393066,79.83974914437417,0.2594070669861158
3355,79.84386089425124,0.2329866886138916,79.83975036993301,0.25939919205962636
3356,79.83498935415189,0.2597775459289551,79.83974895127514,0.25939930479915835
3357,79.83498935415189,0.2008347511291504,79.83974753346247,0.25938185929612884
3358,79.84386089425124,0.2318453788757324,79.83974875840613,0.2593736590339429
3359,79.83498935415189,0.2345178127288818,79.83974734149506,0.25936625925832363
3360,79.83498935415189,0.2814643383026123,79.8397459254274,0.259372836067563
3361,79.83498935415189,0.2279362678527832,79.83974451020237,0.259363482729802
3362,79.84386089425124,0.2460229396820068,79.83974573458788,0.2593595146920126
3363,79.83498935415189,0.2486827373504638,79.83974432026125,0.25935633991433155
3364,79.84386089425124,0.2747373580932617,79.83974554397527,0.2593609121551695
3365,79.83498935415189,0.3047807216644287,79.8397441305459,0.2593744098697339
3366,79.83498935415189,0.3017284870147705,79.83974271795636,0.2593869927803534
3367,79.83498935415189,0.2628452777862549,79.83974130620588,0.25938801989202726
3368,79.83498935415189,0.2668750286102295,79.83973989529375,0.2593902428756134
3369,79.83498935415189,0.2635860443115234,79.8397384852192,0.25939148829010905
3370,79.84386089425124,0.249699592590332,79.83973970848598,0.259388612356667
3371,79.83498935415189,0.233729600906372,79.83973829930343,0.25938100066534386
3372,79.84386089425124,0.2928552627563476,79.8397395218998,0.25939092778933287
3373,79.83498935415189,0.3168034553527832,79.83973811360815,0.2594079489952515
3374,79.84386089425124,0.3604562282562256,79.83973933553484,0.25943789809995244
3375,79.83498935415189,0.2543387413024902,79.83973792813293,0.2594363872386791
3376,79.84386089425124,0.2542333602905273,79.83973914939068,0.25943484605771105
3377,79.83498935415189,0.3135316371917724,79.83973774287743,0.25945086524371463
3378,79.84386089425124,0.2638356685638428,79.83973896346694,0.25945216329087867
3379,79.83498935415189,0.2260944843292236,79.83973755784122,0.2594422912343644
3380,79.83498935415189,0.1985816955566406,79.83973615304721,0.25942428514096866
3381,79.83498935415189,0.2728168964385986,79.83973474908422,0.2594282462800688
3382,79.83498935415189,0.2198619842529297,79.83973334595147,0.2594165472079141
3383,79.83498935415189,0.2654948234558105,79.83973194364825,0.25941834391978164
3384,79.84386089425124,0.2619197368621826,79.83973316378732,0.2594190831020932
3385,79.84386089425124,0.2937688827514648,79.83973438320547,0.2594292307533929
3386,79.84386089425124,0.230398416519165,79.83973560190337,0.259420656974824
3387,79.84386089425124,0.2648966312408447,79.83973681988162,0.2594222737372291
3388,79.83498935415189,0.2398266792297363,79.83973541862255,0.2594164899135846
3389,79.83498935415189,0.2717738151550293,79.83973401819041,0.2594201362178754
3390,79.83498935415189,0.2826910018920898,79.8397326185845,0.2594270007800212
3391,79.84386089425124,0.275897741317749,79.83973383600582,0.2594318579727483
3392,79.83498935415189,0.2719185352325439,79.83973243727885,0.25943553918656315
3393,79.84386089425124,0.2568881511688232,79.839733654036,0.25943478840907486
3394,79.83498935415189,0.2938506603240967,79.83973225618688,0.2594449286188318
3395,79.84386089425124,0.2420248985290527,79.83973347228057,0.25943979753485835
3396,79.83498935415189,0.26479172706604,79.8397320753082,0.2594413734858393
3397,79.84386089425124,0.2989189624786377,79.83973329073916,0.25945299479552214
3398,79.83498935415189,0.2495269775390625,79.83973189464245,0.2594500736603672
3399,79.83498935415189,0.2345235347747802,79.83973049936722,0.2594427401684915
3400,79.83498935415189,0.2959432601928711,79.83972910491273,0.2594534756155575
3401,79.84386089425124,0.2026984691619873,79.83973031978758,0.25943678787475966
3402,79.87047551454933,0.209810733795166,79.83973935717582,0.25942220055727594
3403,79.84386089425124,0.2556021213531494,79.83974056832395,0.25942107799506486
3404,79.84386089425124,0.20573091506958,79.83974177876048,0.2594053053267554
3405,79.83498935415189,0.2039034366607666,79.83974038304106,0.25938900521848346
3406,79.84386089425124,0.2378182411193847,79.83974159282121,0.259382672052277
3407,79.84386089425124,0.3674685955047607,79.8397428018912,0.25941439671428246
3408,79.83498935415189,0.2488913536071777,79.83974140710019,0.25941130896689185
3409,79.83498935415189,0.2208673954010009,79.83974001312748,0.2594000024507388
3410,79.84386089425124,0.2399499416351318,79.83974122159702,0.25939429862058755
3411,79.84386089425124,0.2438173294067382,79.839742429358,0.2593897319336295
3412,79.83498935415189,0.2437853813171386,79.83974103631132,0.25938515856006084
3413,79.83498935415189,0.2511277198791504,79.83973964408098,0.259382739152302
3414,79.84386089425124,0.2348489761352539,79.83974085124272,0.2593755529299771
3415,79.83498935415189,0.231889009475708,79.83973945988193,0.25936750416176213
3416,79.83498935415189,0.2368326187133789,79.83973806933575,0.25936090729834044
3417,79.83498935415189,0.2328598499298095,79.83973667960346,0.2593531516479546
3418,79.83498935415189,0.2599320411682129,79.83973529068437,0.25935332101294
3419,79.83498935415189,0.2955820560455322,79.83973390257775,0.25936391730865005
3420,79.83498935415189,0.3912394046783447,79.83973251528288,0.2594024773926763
3421,79.84386089425124,0.2690379619598388,79.83973372205838,0.2594052939622662
3422,79.84386089425124,0.2356140613555908,79.83973492812858,0.2593983415272555
3423,79.83498935415189,0.2796943187713623,79.83973354174995,0.25940427082238965
3424,79.83498935415189,0.228853702545166,79.83973215618114,0.2593953483433367
3425,79.83498935415189,0.2848737239837646,79.83973077142142,0.2594027872851295
3426,79.83498935415189,0.2455923557281494,79.83972938747009,0.2593987562192927
3427,79.84386089425124,0.2112014293670654,79.83973059304545,0.2593846922196276
3428,79.83498935415189,0.2198898792266845,79.83972920995359,0.25937317097896456
3429,79.83498935415189,0.2289876937866211,79.83972782766843,0.25936430965578217
3430,79.84386089425124,0.2758257389068603,79.83972903264412,0.2593691089062927
3431,79.83498935415189,0.2428240776062011,79.83972765121639,0.2593642866879015
3432,79.83498935415189,0.2505183219909668,79.83972627059369,0.25936170919236046
3433,79.84386089425124,0.223823070526123,79.83972747496995,0.25935135712749996
3434,79.83498935415189,0.2337558269500732,79.83972609520266,0.2593439035660039
3435,79.84386089425124,0.2654619216918945,79.83972729892874,0.2593456846484277
3436,79.84386089425124,0.2469034194946289,79.83972850195416,0.2593420635002456
3437,79.86160397444996,0.2725090980529785,79.83973486665374,0.2593458944675289
3438,79.84386089425124,0.2319545745849609,79.83973606677812,0.25933792724243215
3439,79.83498935415189,0.2157289981842041,79.83973468651855,0.2593252465419209
3440,79.83498935415189,0.2478625774383545,79.83973330706146,0.25932191437066987
3441,79.84386089425124,0.2345225811004638,79.83973450659276,0.2593147073572231
3442,79.83498935415189,0.2764821052551269,79.83973312798949,0.25931969498008717
3443,79.84386089425124,0.2837045192718506,79.83973432687601,0.25932677741525756
3444,79.84386089425124,0.2140445709228515,79.8397355250663,0.2593136292716767
3445,79.83498935415189,0.2404046058654785,79.83973414736792,0.2593081404404993
3446,79.87047551454933,0.2447583675384521,79.83974306825219,0.259303918219692
3447,79.83498935415189,0.2472009658813476,79.83974168916484,0.2593004070643864
3448,79.84386089425124,0.2346985340118408,79.83974288382989,0.25929327195039203
3449,79.84386089425124,0.2568016052246094,79.83974407780218,0.2592925495187522
3450,79.83498935415189,0.2789053916931152,79.83974269962141,0.2592982344005419
3451,79.83498935415189,0.2798488140106201,79.83974132223935,0.2593041893642075
3452,79.83498935415189,0.2253749370574951,79.83973994565531,0.259294360496216
3453,79.84386089425124,0.192230224609375,79.8397411390954,0.2592749385049369
3454,79.83498935415189,0.2609198093414306,79.83973976336146,0.2592754147269509
3455,79.83498935415189,0.1916677951812744,79.83973838842392,0.25925584667498397
3456,79.84386089425124,0.2174751758575439,79.83973958127862,0.25924375736051136
3457,79.84386089425124,0.24833345413208,79.83974077344321,0.25924060135726334
3458,79.83498935415189,0.2458677291870117,79.8397393994064,0.2592367341299151
3459,79.83498935415189,0.2406437397003173,79.83973802616404,0.2592313588785622
3460,79.84386089425124,0.2817335128784179,79.83973921774442,0.25923786239127894
3461,79.84386089425124,0.2365195751190185,79.83974040863623,0.259231298309432
3462,79.83498935415189,0.3137941360473633,79.83973903629234,0.2592470588056012
3463,79.83498935415189,0.2765531539916992,79.83973766474105,0.2592520562341851
3464,79.84386089425124,0.2716267108917236,79.8397388550498,0.25925562859407475
3465,79.83498935415189,0.2546863555908203,79.83973748434246,0.2592543099005673
3466,79.83498935415189,0.2173283100128173,79.83973611442607,0.25924221353591415
3467,79.83498935415189,0.284780740737915,79.83973474529994,0.2592495797104749
3468,79.84386089425124,0.3724570274353027,79.83973593507761,0.2592822231498419
3469,79.83498935415189,0.2527942657470703,79.83973456679253,0.25928035288250184
3470,79.84386089425124,0.244783878326416,79.83973575593589,0.2592761752241283
3471,79.84386089425124,0.3357772827148437,79.83973694439408,0.25929821530119274
3472,79.83498935415189,0.2238678932189941,79.83973557700057,0.2592880107153396
3473,79.83498935415189,0.2989706993103027,79.8397342103945,0.25929943677021866
3474,79.83498935415189,0.2207734584808349,79.8397328445752,0.2592883469664508
3475,79.83498935415189,0.2143588066101074,79.83973147954197,0.25927541760231954
3476,79.84386089425124,0.2452869415283203,79.83973266752089,0.2592713932996515
3477,79.87047551454933,0.2102341651916504,79.83974150929456,0.25925728998411857
3478,79.84386089425124,0.2134144306182861,79.83974269370657,0.2592441091734901
3479,79.83498935415189,0.3115372657775879,79.83974132741177,0.2592591402619075
3480,79.84386089425124,0.2191629409790039,79.83974251119535,0.2592476183655618
3481,79.83498935415189,0.2847969532012939,79.839741145738,0.2592549580193497
3482,79.83498935415189,0.3035271167755127,79.83973978106494,0.2592676725968214
3483,79.84386089425124,0.294762372970581,79.83974096427286,0.2592778634381575
3484,79.83498935415189,0.3608179092407226,79.83973960043528,0.25930700811261287
3485,79.83498935415189,0.2724497318267822,79.83973823738039,0.2593107793389297
3486,79.84386089425124,0.2630650997161865,79.83973942001288,0.25931185630977804
3487,79.83498935415189,0.2523069381713867,79.83973805779152,0.2593098474430908
3488,79.83498935415189,0.2460732460021972,79.83973669635125,0.25930605254588873
3489,79.87047551454933,0.257434606552124,79.83974550655996,0.2593055161612531
3490,79.83498935415189,0.2828207015991211,79.83974414376557,0.2593122540367367
3491,79.83498935415189,0.2979116439819336,79.83974278175192,0.2593233108657098
3492,79.83498935415189,0.2388482093811035,79.83974142051837,0.25931744743458596
3493,79.83498935415189,0.2416574954986572,79.8397400600642,0.25931239162240843
3494,79.83498935415189,0.2247705459594726,79.83973870038878,0.2593025055761397
3495,79.83498935415189,0.2708284854888916,79.83973734149141,0.25930580342446957
3496,79.83498935415189,0.2969582080841064,79.83973598337147,0.25931657356310217
3497,79.83498935415189,0.2336652278900146,79.83973462602825,0.2593092383198442
3498,79.84386089425124,0.290813684463501,79.83973580563608,0.2593182447366949
3499,79.83498935415189,0.3018648624420166,79.8397344491195,0.25933040438736804
3500,79.84386089425124,0.2196364402770996,79.83973562810384,0.2593190632547651
3501,79.83498935415189,0.2034168243408203,79.8397342724129,0.25930309574864857
3502,79.86160397444996,0.2159571647644043,79.83974051733067,0.25929071826978384
3503,79.83498935415189,0.1994292736053466,79.83973916101802,0.25927362964727046
3504,79.84386089425124,0.2277736663818359,79.83974033731175,0.25926463993172666
3505,79.83498935415189,0.3092246055603027,79.8397389818244,0.25927889384488745
3506,79.84386089425124,0.2554497718811035,79.83974015749823,0.25927780168231934
3507,79.83498935415189,0.2339696884155273,79.83973880283516,0.25927058522572777
3508,79.83498935415189,0.3068110942840576,79.83973744894442,0.2592841372522552
3509,79.83498935415189,0.2141683101654052,79.83973609582536,0.2592712800772518
3510,79.84386089425124,0.3058874607086181,79.8397372709816,0.25928456104039466
3511,79.84386089425124,0.2380094528198242,79.83973844546844,0.25927850148237114
3512,79.84386089425124,0.2409088611602783,79.83973961928643,0.25927327094697195
3513,79.84386089425124,0.2288174629211425,79.83974079243616,0.25926460148838215
3514,79.83498935415189,0.3888301849365234,79.83973944029094,0.25930147274149773
3515,79.87047551454933,0.2713682651519775,79.83974818455104,0.25930490568386205
3516,79.83498935415189,0.3909099102020263,79.83974683107255,0.25934233600369083
3517,79.84386089425124,0.3129069805145263,79.83974800083746,0.2593575662125367
3518,79.84386089425124,0.2688074111938476,79.83974916993735,0.25936025235380483
3519,79.83498935415189,0.2028422355651855,79.8397478173327,0.2593441915363031
3520,79.84386089425124,0.1971521377563476,79.83974898582045,0.2593265233392065
3521,79.84386089425124,0.3649914264678955,79.83975015364449,0.25935653325205194
3522,79.83498935415189,0.2439250946044922,79.83974880191266,0.25935215181007365
3523,79.84386089425124,0.2219488620758056,79.83974996912593,0.2593415349239725
3524,79.83498935415189,0.2259197235107422,79.83974861821362,0.2593320508685204
3525,79.83498935415189,0.3048303127288818,79.83974726806778,0.2593449581768496
3526,79.83498935415189,0.223839521408081,79.83974591868777,0.25933488856914433
3527,79.83498935415189,0.2456846237182617,79.83974457007292,0.2593310183494531
3528,79.83498935415189,0.230013370513916,79.8397432222226,0.25932270835857
3529,79.83498935415189,0.2509794235229492,79.83974187513614,0.2593203441520425
3530,79.83498935415189,0.2988648414611816,79.83974052881291,0.2593315465592122
3531,79.84386089425124,0.2927875518798828,79.83974169572468,0.2593410214969977
3532,79.83498935415189,0.3178014755249023,79.8397403502146,0.25935757315442354
3533,79.83498935415189,0.2377231121063232,79.8397390054662,0.2593514496160573
3534,79.83498935415189,0.2809352874755859,79.83973766147885,0.2593575570970588
3535,79.83498935415189,0.2448174953460693,79.83973631825187,0.2593534439254178
3536,79.84386089425124,0.2453839778900146,79.83973748470436,0.2593494932845707
3537,79.84386089425124,0.2528414726257324,79.83973865049728,0.25934765330134796
3538,79.83498935415189,0.2348918914794922,79.83973730812974,0.2593407409887923
3539,79.84386089425124,0.2568295001983642,79.83973847331373,0.2593400313982892
3540,79.83498935415189,0.3299477100372314,79.83973713175465,0.2593599770702211
3541,79.86160397444996,0.2233748435974121,79.83974330708439,0.2593498146490201
3542,79.83498935415189,0.2553386688232422,79.83974196491812,0.2593486821967824
3543,79.84386089425124,0.2478396892547607,79.83974312747227,0.25934543382169295
3544,79.84386089425124,0.262239933013916,79.83974428937034,0.2593462505539707
3545,79.84386089425124,0.214609146118164,79.83974545061291,0.25933363077838933
3546,79.83498935415189,0.2395124435424804,79.83974410935615,0.25932804104707635
3547,79.83498935415189,0.222815990447998,79.83974276885566,0.25931774726342843
3548,79.84386089425124,0.3106911182403564,79.8397439295449,0.2593322267930161
3549,79.83498935415189,0.2347378730773925,79.8397425898505,0.25932529685395844
3550,79.83498935415189,0.219966173171997,79.83974125091086,0.2593142097768649
3551,79.84386089425124,0.2458550930023193,79.83974241104698,0.2593104195440363
3552,79.84386089425124,0.2525038719177246,79.83974357052988,0.2593085032862586
3553,79.83498935415189,0.3091456890106201,79.83974223244476,0.2593225300764991
3554,79.84386089425124,0.2378113269805908,79.83974339132541,0.2593164774025835
3555,79.83498935415189,0.322826623916626,79.8397420540435,0.2593343424227
3556,79.83498935415189,0.2229814529418945,79.83974071751372,0.259324119450405
3557,79.83498935415189,0.228015661239624,79.83973938173543,0.2593153175223165
3558,79.83498935415189,0.3076071739196777,79.83973804670799,0.25932889027566036
3559,79.83498935415189,0.4266896247863769,79.83973671243078,0.25937591492711043
3560,79.83498935415189,0.3034906387329101,79.83973537890317,0.25938830670346036
3561,79.83498935415189,0.240938663482666,79.83973404612452,0.2593831256747547
3562,79.83498935415189,0.2622172832489013,79.8397327140942,0.2593839213394302
3563,79.83498935415189,0.269993782043457,79.83973138281159,0.2593868991280084
3564,79.83498935415189,0.2815346717834472,79.83973005227604,0.25939311343010024
3565,79.84386089425124,0.2887725830078125,79.8397312109975,0.2594013545155358
3566,79.84386089425124,0.2878885269165039,79.83973236906908,0.2594093430664054
3567,79.83498935415189,0.2629563808441162,79.83973103937608,0.25941033747004366
3568,79.84386089425124,0.2589068412780761,79.83973219684663,0.2594101963556401
3569,79.84386089425124,0.2448060512542724,79.83973335366854,0.25940610441249035
3570,79.83498935415189,0.2415833473205566,79.83973202481712,0.25940111204355704
3571,79.84386089425124,0.2485725879669189,79.83973318103932,0.2593980796929335
3572,79.83498935415189,0.2047135829925537,79.83973185298028,0.25938277048333097
3573,79.84386089425124,0.4460806846618652,79.83973300860336,0.259435022908234
3574,79.83498935415189,0.2821524143218994,79.83973168133573,0.2594413792012988
3575,79.83498935415189,0.2675216197967529,79.83973035481065,0.2594436394084584
3576,79.83498935415189,0.2809278964996338,79.83972902902747,0.2594496473103295
3577,79.83498935415189,0.2878091335296631,79.83972770398556,0.2594575755983416
3578,79.84386089425124,0.2423200607299804,79.83972885915333,0.25945278590721016
3579,79.84386089425124,0.2548227310180664,79.83973001367556,0.2594514922344275
3580,79.84386089425124,0.2745516300201416,79.83973116755283,0.25945571015001007
3581,79.83498935415189,0.2571396827697754,79.83972984339381,0.25945506339564534
3582,79.83498935415189,0.2363274097442627,79.83972851997414,0.25944860676425185
3583,79.83498935415189,0.2409701347351074,79.8397271972932,0.25944344950161463
3584,79.84386089425124,0.24284029006958,79.83972835066847,0.2594388169236481
3585,79.83498935415189,0.2579023838043213,79.83972702877264,0.25943838835095095
3586,79.83498935415189,0.2614715099334717,79.83972570761406,0.25943895531179384
3587,79.83498935415189,0.2309637069702148,79.83972438719213,0.25943101685393444
3588,79.84386089425124,0.2972891330718994,79.83972554006479,0.2594415681683765
3589,79.84386089425124,0.2814478874206543,79.83972669229499,0.2594476997702857
3590,79.84386089425124,0.283261775970459,79.83972784388328,0.25945433321769523
3591,79.83498935415189,0.2408344745635986,79.83972652433727,0.2594491480718712
3592,79.83498935415189,0.2504067420959472,79.83972520552597,0.2594466306982699
3593,79.84386089425124,0.1872227191925048,79.83972635656652,0.25942652941480043
3594,79.83498935415189,0.2127101421356201,79.83972503853579,0.25941353097649233
3595,79.84386089425124,0.3118324279785156,79.83972618898245,0.25942811203268207
3596,79.84386089425124,0.2342708110809326,79.83972733878926,0.25942111612029284
3597,79.83498935415189,0.2298212051391601,79.83972602158474,0.2594128870652522
3598,79.83498935415189,0.2258217334747314,79.8397247051124,0.25940355100255336
3599,79.83498935415189,0.2909471988677978,79.83972338937166,0.2594123155615601
3600,79.83498935415189,0.2897953987121582,79.83972207436186,0.2594207553068797
3601,79.84386089425124,0.2689697742462158,79.8397232237148,0.2594234070755382
3602,79.84386089425124,0.3268513679504394,79.83972437242954,0.25944212666489824
3603,79.84386089425124,0.2568349838256836,79.83972552050666,0.25944140306155683
3604,79.84386089425124,0.3569340705871582,79.83972666794666,0.25946845430115884
3605,79.83498935415189,0.2274301052093505,79.83972535385129,0.2594595671030751
3606,79.83498935415189,0.2491867542266845,79.83972404048475,0.25945671829196126
3607,79.84386089425124,0.2737865447998047,79.83972518738074,0.2594606910744697
3608,79.83498935415189,0.2489488124847412,79.83972387478836,0.2594577775826211
3609,79.83498935415189,0.3268401622772217,79.8397225629234,0.2594764482350718
3610,79.83498935415189,0.2821383476257324,79.83972125178524,0.2594827257695291
3611,79.83498935415189,0.2877876758575439,79.83971994137325,0.2594905643045853
3612,79.84386089425124,0.2770249843597412,79.83972108781647,0.25949541879518745
3613,79.84386089425124,0.3429212570190429,79.83972223362507,0.25951850925691566
3614,79.83498935415189,0.2469429969787597,79.8397209240292,0.25951502959109435
3615,79.83498935415189,0.2599489688873291,79.83971961515785,0.2595151496296272
3616,79.83498935415189,0.1999249458312988,79.83971830701044,0.2594986700378688
3617,79.84386089425124,0.2439680099487304,79.83971945232071,0.25949437624188065
3618,79.84386089425124,0.2758522033691406,79.83972059699786,0.25949889747657584
3619,79.86160397444996,0.3169491291046142,79.83972664380013,0.2595147720915601
3620,79.83498935415189,0.2335095405578613,79.83972533515659,0.25950758832594306
3621,79.84386089425124,0.2748630046844482,79.83972647726073,0.2595118289822144
3622,79.83498935415189,0.3289284706115722,79.83972516938576,0.2595309942615157
3623,79.83498935415189,0.2447795867919922,79.83972386223277,0.2595269226613309
3624,79.83498935415189,0.3009629249572754,79.83972255580119,0.2595383564367989
3625,79.86160397444996,0.2294285297393798,79.8397285920546,0.25953005027771
3626,79.84386089425124,0.2504255771636963,79.83972973168565,0.25952753939157813
3627,79.83498935415189,0.2312314510345459,79.83972842471638,0.25951973787838345
3628,79.84386089425124,0.3148798942565918,79.83972956376532,0.25953499701740723
3629,79.84386089425124,0.2157397270202636,79.83973070218651,0.25952292888018014
3630,79.83498935415189,0.2634143829345703,79.83972939603002,0.25952400090609046
3631,79.83498935415189,0.3076119422912597,79.83972809059298,0.25953724462445593
3632,79.83498935415189,0.3198056221008301,79.83972678587479,0.2595538383407215
3633,79.84386089425124,0.2302088737487793,79.83972792380719,0.2595457610039221
3634,79.83498935415189,0.2497572898864746,79.83972661985295,0.2595430674235376
3635,79.84386089425124,0.3383877277374267,79.83972775720493,0.2595647578390297
3636,79.84386089425124,0.2062981128692627,79.8397288939313,0.2595501080466838
3637,79.83498935415189,0.2073493003845214,79.8397275907859,0.259535755336301
3638,79.84386089425124,0.2948975563049316,79.83972872693309,0.25954547545751283
3639,79.84386089425124,0.2080414295196533,79.83972986245585,0.2595313221060597
3640,79.83498935415189,0.3060591220855713,79.8397285601184,0.25954410446869147
3641,79.83498935415189,0.2508494853973388,79.83972725849632,0.2595417164931157
3642,79.84386089425124,0.2043802738189697,79.83972839348692,0.2595265705725572
3643,79.83498935415189,0.2115962505340576,79.83972709262517,0.25951341374575554
3644,79.83498935415189,0.4120793342590332,79.8397257924774,0.25955528145171414
3645,79.84386089425124,0.2213428020477295,79.83972692693605,0.25954479791827
3646,79.83498935415189,0.3045706748962402,79.83972562754691,0.25955714730855467
3647,79.84386089425124,0.2773034572601318,79.83972676142865,0.259562013310735
3648,79.84386089425124,0.4226393699645996,79.83972789468875,0.2596067165335019
3649,79.84386089425124,0.2201881408691406,79.8397290273277,0.25959591396412285
3650,79.83498935415189,0.2406709194183349,79.83972772878711,0.2595907290341103
3651,79.83498935415189,0.2626650333404541,79.83972643095784,0.2595915710785656
3652,79.83498935415189,0.2757036685943603,79.83972513383932,0.25959598293440234
3653,79.84386089425124,0.2887394428253174,79.83972626599383,0.2596039608867404
3654,79.83498935415189,0.2170121669769287,79.83972496963044,0.2595923046760371
3655,79.83498935415189,0.4066004753112793,79.8397236739764,0.259632525789754
3656,79.83498935415189,0.2541718482971191,79.83972237903114,0.25963103216899563
3657,79.83498935415189,0.229621410369873,79.83972108479409,0.25962282609248505
3658,79.83498935415189,0.220933198928833,79.83971979126467,0.2596122493764753
3659,79.84386089425124,0.2839410305023193,79.8397209230228,0.2596188984011066
3660,79.84386089425124,0.2644417285919189,79.83972205416248,0.2596202161142735
3661,79.83498935415189,0.2172200679779052,79.83972076142824,0.2596086345387104
3662,79.83498935415189,0.2567083835601806,79.83971946940004,0.25960784255318925
3663,79.83498935415189,0.1887252330780029,79.83971817807728,0.25958849158145153
3664,79.84386089425124,0.2478291988372802,79.83971930873126,0.259585282167493
3665,79.84386089425124,0.2447972297668457,79.83972043876824,0.2595812472282295
3666,79.83498935415189,0.3088674545288086,79.83971914823779,0.25959469136551827
3667,79.84386089425124,0.253673791885376,79.83972027770221,0.25959307672153675
3668,79.83498935415189,0.2408092021942138,79.83971898791934,0.2595879557088521
3669,79.83498935415189,0.282496690750122,79.83971769883954,0.2595941995723139
3670,79.84386089425124,0.2736029624938965,79.83971882777561,0.2595980166739274
3671,79.83498935415189,0.2637753486633301,79.83971753944175,0.2595991546014647
3672,79.84386089425124,0.2781338691711426,79.83971866780635,0.25960420218168523
3673,79.86160397444996,0.2536447048187256,79.83972462623451,0.2596025796667484
3674,79.84386089425124,0.2359890937805175,79.83972575205597,0.2595961524795175
3675,79.83498935415189,0.3045210838317871,79.8397244632402,0.25960837695063377
3676,79.83498935415189,0.3707778453826904,79.83972317512564,0.259638618917019
3677,79.83498935415189,0.2414703369140625,79.83972188771172,0.25963367785582697
3678,79.84386089425124,0.223428726196289,79.83972301305336,0.2596238342039348
3679,79.84386089425124,0.2346794605255127,79.83972413778324,0.2596170539990752
3680,79.84386089425124,0.2592053413391113,79.83972526190185,0.25961694212063496
3681,79.84386089425124,0.2877895832061767,79.83972638540969,0.25962459564986223
3682,79.84386089425124,0.2547814846038818,79.83972750830726,0.25962328030194104
3683,79.83498935415189,0.3021669387817383,79.83972622181413,0.2596348316618324
3684,79.84386089425124,0.2257521152496338,79.83972734414651,0.2596256343989626
3685,79.84386089425124,0.2217979431152343,79.83972846586974,0.2596153690824677
3686,79.84386089425124,0.2029259204864502,79.83972958698433,0.25959998941654366
3687,79.83498935415189,0.2269520759582519,79.83972830132313,0.2595911345444367
3688,79.84386089425124,0.2878830432891845,79.83972942187437,0.25959880588628725
3689,79.83498935415189,0.2328052520751953,79.83972813695495,0.25959154279227503
3690,79.84386089425124,0.2579720020294189,79.83972925694337,0.2595911038923393
3691,79.83498935415189,0.3105232715606689,79.83972797276489,0.25960490290823424
3692,79.84386089425124,0.2338969707489013,79.83972909219108,0.2595979397630123
3693,79.84386089425124,0.4161005020141601,79.83973021101103,0.25964031792771614
3694,79.87047551454933,0.2416510581970214,79.83973853404935,0.2596354480685579
3695,79.83498935415189,0.2186930179595947,79.83973724875031,0.2596243675732645
3696,79.83498935415189,0.2418289184570312,79.8397359641468,0.2596195527872482
3697,79.83498935415189,0.2259478569030761,79.83973468023821,0.25961044494416347
3698,79.83498935415189,0.3803136348724365,79.83973339702402,0.2596430850712398
3699,79.84386089425124,0.2216639518737793,79.83973451286539,0.2596328176656714
3700,79.84386089425124,0.3259751796722412,79.83973562810361,0.2596507480337813
3701,79.83498935415189,0.2438604831695556,79.83973434567346,0.2596464815477332
3702,79.83498935415189,0.2952508926391601,79.83973306393615,0.2596560991628308
3703,79.84386089425124,0.2659447193145752,79.83973417866213,0.25965779741293926
3704,79.84386089425124,0.2257556915283203,79.83973529278622,0.2596486445765773
3705,79.83498935415189,0.2458467483520507,79.83973401183111,0.25964491936841955
3706,79.83498935415189,0.2488696575164795,79.8397327315673,0.2596420118503807
3707,79.83498935415189,0.3127989768981933,79.83973145199421,0.2596563514686834
3708,79.84386089425124,0.2497944831848144,79.83973256565179,0.25965369184940507
3709,79.84386089425124,0.252824068069458,79.83973367870884,0.2596518504841368
3710,79.83498935415189,0.2937407493591308,79.83973239991515,0.2596610388665829
3711,79.83498935415189,0.4508159160614013,79.83973112181066,0.2597125492080528
3712,79.84386089425124,0.3038125038146972,79.83973223435711,0.259724429583755
3713,79.84386089425124,0.2455673217773437,79.8397333463043,0.25972061673489794
3714,79.84386089425124,0.251176118850708,79.8397344576527,0.25971831611618923
3715,79.83498935415189,0.2572274208068847,79.83973318037046,0.2597176456194707
3716,79.83498935415189,0.3158254623413086,79.83973190377567,0.2597327446013657
3717,79.84386089425124,0.2278249263763427,79.83973301461519,0.2597241603080579
3718,79.84386089425124,0.2957632541656494,79.83973412485716,0.25973385344787975
3719,79.84386089425124,0.2295229434967041,79.83973523450207,0.25972573005181865
3720,79.84386089425124,0.2979888916015625,79.8397363435504,0.2597360158479342
3721,79.83498935415189,0.2415056228637695,79.83973506782091,0.25973111652168207
3722,79.84386089425124,0.2348775863647461,79.83973617631807,0.25972443905522397
3723,79.83498935415189,0.2284023761749267,79.83973490131882,0.2597160259306255
3724,79.83498935415189,0.263826847076416,79.83973362700434,0.2597171298031136
3725,79.83498935415189,0.2317855358123779,79.83973235337403,0.25970963138861947
3726,79.84386089425124,0.2706613540649414,79.8397334614097,0.25971257065933234
3727,79.83498935415189,0.2685198783874511,79.83973218850728,0.2597149337684625
3728,79.83498935415189,0.3108634948730469,79.83973091628776,0.2597286538760549
3729,79.83498935415189,0.2720332145690918,79.83972964475058,0.2597319535705288
3730,79.84386089425124,0.2477715015411377,79.83973075232417,0.25972874701502496
3731,79.84386089425124,0.2250337600708007,79.83973185930407,0.2597194479030056
3732,79.84386089425124,0.2168502807617187,79.8397329656907,0.25970796098790877
3733,79.84386089425124,0.1912298202514648,79.83973407148459,0.2596896169909261
3734,79.83498935415189,0.2039594650268554,79.83973280080507,0.25967469193683823
3735,79.84386089425124,0.1967697143554687,79.83973390605097,0.25965784990803464
3736,79.83498935415189,0.2129275798797607,79.83973263609596,0.2596453418057787
3737,79.83498935415189,0.269960880279541,79.83973136682062,0.2596481021853542
3738,79.83498935415189,0.4408464431762695,79.8397300982244,0.2596965768619168
3739,79.83498935415189,0.2319107055664062,79.83972883030674,0.2596891454975692
3740,79.84386089425124,0.2596368789672851,79.83972993513667,0.2596891315225611
3741,79.83498935415189,0.2397305965423584,79.83972866794048,0.259683796442374
3742,79.84386089425124,0.4282057285308838,79.8397297722233,0.2597288316994794
3743,79.83498935415189,0.2526364326477051,79.83972850574771,0.2597269368560245
3744,79.84386089425124,0.4415836334228515,79.83972960948397,0.259775509691646
3745,79.84386089425124,0.2757868766784668,79.83973071263077,0.2597797850900403
3746,79.83498935415189,0.2898025512695312,79.83972944691841,0.2597877997099494
3747,79.83498935415189,0.2638335227966308,79.83972818188164,0.2597888794332178
3748,79.84386089425124,0.2528316974639892,79.83972928452636,0.2597870231946988
3749,79.83498935415189,0.2608649730682373,79.83972802020776,0.25978731072467304
3750,79.84386089425124,0.2738547325134277,79.8397291223075,0.2597910620371501
3751,79.83498935415189,0.2578907012939453,79.83972785870628,0.25979055540938595
3752,79.84386089425124,0.2778937816619873,79.83972896026161,0.25979538036307803
3753,79.83498935415189,0.3058080673217773,79.83972769737694,0.2598076406047403
3754,79.83498935415189,0.2434818744659423,79.8397264351651,0.2598032917059287
3755,79.84386089425124,0.3107788562774658,79.83972753621946,0.2598168670893033
3756,79.83498935415189,0.2478518486022949,79.83972627472264,0.25981368151462625
3757,79.83498935415189,0.2168860435485839,79.83972501389735,0.2598022554731128
3758,79.83498935415189,0.2838683128356933,79.83972375374307,0.25980865942664194
3759,79.83498935415189,0.236793041229248,79.83972249425928,0.25980253662318425
3760,79.84386089425124,0.2978978157043457,79.83972359489758,0.25981266834634414
3761,79.83498935415189,0.2558412551879883,79.83972233612576,0.25981161240027706
3762,79.83498935415189,0.2510666847229004,79.83972107802316,0.25980928785809804
3763,79.83498935415189,0.2618114948272705,79.83971982058922,0.2598098199354218
3764,79.84386089425124,0.2213830947875976,79.8397209207682,0.2597996109223644
3765,79.83498935415189,0.2663252353668213,79.839719664044,0.25980134415594863
3766,79.83498935415189,0.2684035301208496,79.8397184079872,0.25980362832641196
3767,79.84386089425124,0.680267333984375,79.839719507665,0.25991524598121896
3768,79.83498935415189,0.2729575634002685,79.8397182523164,0.2599187073181136
3769,79.83498935415189,0.29176926612854,79.83971699763394,0.25992715798375715
3770,79.86160397444996,0.3192756175994873,79.83972280319807,0.2599429002807374
3771,79.83498935415189,0.2229001522064209,79.83972154797425,0.2599330772237037
3772,79.83498935415189,0.3097529411315918,79.83972029341597,0.25994628503491995
3773,79.83498935415189,0.2578251361846924,79.83971903952269,0.25994572284333495
3774,79.83498935415189,0.2349071502685547,79.83971778629392,0.2599390883513968
3775,79.83498935415189,0.2248289585113525,79.83971653372912,0.2599297876547504
3776,79.83498935415189,0.22652268409729,79.83971528182774,0.2599209404345286
3777,79.84386089425124,0.1903016567230224,79.83971637942172,0.25990250800569314
3778,79.83498935415189,0.2273221015930175,79.83971512822392,0.2598938842877438
3779,79.84386089425124,0.27321457862854,79.83971622527764,0.2598974092134757
3780,79.83498935415189,0.2234501838684082,79.83971497478262,0.25988776709036854
3781,79.84386089425124,0.4229176044464111,79.83971607129664,0.2599308852700448
3782,79.83498935415189,0.3278422355651855,79.83971482150363,0.25994884173495625
3783,79.86160397444996,0.2399861812591552,79.83972060769261,0.25994356479589315
3784,79.83498935415189,0.2314908504486084,79.83971935736133,0.259936045579628
3785,79.84386089425124,0.2253127098083496,79.83972045155866,0.2599268980668747
3786,79.84386089425124,0.2560946941375732,79.83972154517798,0.2599258858629842
3787,79.84386089425124,0.2668550014495849,79.83972263821973,0.259927715573992
3788,79.84386089425124,0.2778549194335937,79.83972373068436,0.2599324482043668
3789,79.83498935415189,0.2218422889709472,79.8397224811788,0.2599223953779658
3790,79.84386089425124,0.2770571708679199,79.83972357310837,0.25992691642690774
3791,79.84386089425124,0.2743947505950928,79.83972466446188,0.2599307327904446
3792,79.84386089425124,0.2336783409118652,79.83972575523978,0.2599238096913205
3793,79.84386089425124,0.2608480453491211,79.83972684544254,0.25992405336009394
3794,79.84386089425124,0.2846255302429199,79.83972793507058,0.2599305640287505
3795,79.83498935415189,0.2576551437377929,79.83972668643266,0.2599299644450111
3796,79.83498935415189,0.2766454219818115,79.8397254384526,0.2599343678848259
3797,79.84386089425124,0.2368183135986328,79.83972652759029,0.2599282799063465
3798,79.83498935415189,0.2778291702270508,79.83972528030924,0.2599329931476105
3799,79.83498935415189,0.2336790561676025,79.83972403368482,0.259926082398208
3800,79.84386089425124,0.2017462253570556,79.83972512233234,0.25991077190951295
3801,79.86160397444996,0.1907455921173095,79.83973087841024,0.259892575334982
3802,79.84386089425124,0.2568299770355224,79.83973196468479,0.25989176981202056
3803,79.84386089425124,0.2618381977081299,79.83973305038806,0.2598922816258244
3804,79.83498935415189,0.4027993679046631,79.83973180335961,0.25992984920896817
3805,79.83498935415189,0.287473201751709,79.83973055698662,0.2599370879349978
3806,79.83498935415189,0.2667415142059326,79.83972931126858,0.25993887575062335
3807,79.83498935415189,0.2433509826660156,79.83972806620498,0.259934518542038
3808,79.83498935415189,0.231891393661499,79.8397268217953,0.25992715427605045
3809,79.83498935415189,0.2826094627380371,79.83972557803902,0.25993310920082385
3810,79.84386089425124,0.2357537746429443,79.83972666342385,0.2599267629187877
3811,79.84386089425124,0.2712268829345703,79.83972774823908,0.259929728051303
3812,79.84386089425124,0.2599997520446777,79.83972883248515,0.25992974642066113
3813,79.83498935415189,0.2798166275024414,79.83972758950631,0.2599349619677584
3814,79.83498935415189,0.2225785255432129,79.83972634717925,0.2599251674118002
3815,79.84386089425124,0.2678649425506592,79.83972743093996,0.2599272486110502
3816,79.83498935415189,0.2946741580963135,79.83972618930558,0.25993635419529687
3817,79.83498935415189,0.2757182121276855,79.83972494832177,0.2599404888188055
3818,79.83498935415189,0.2199358940124511,79.83972370798804,0.2599300109259804
3819,79.84386089425124,0.2168090343475341,79.83972479130469,0.25991871975641284
3820,79.83498935415189,0.308734655380249,79.83972355166145,0.25993149879715205
3821,79.84386089425124,0.1937341690063476,79.83972463445197,0.25991417418846563
3822,79.84386089425124,0.2484567165374755,79.8397257166759,0.25991117642351247
3823,79.84386089425124,0.2693588733673095,79.83972679833364,0.25991364770181324
3824,79.84386089425124,0.2845287322998047,79.83972787942568,0.2599200847009236
3825,79.84386089425124,0.3159162998199463,79.83972895995244,0.25993472423428804
3826,79.83498935415189,0.2758200168609619,79.83972772116367,0.25993887616649575
3827,79.83498935415189,0.3667547702789306,79.83972648302229,0.25996678729639183
3828,79.83498935415189,0.234713077545166,79.83972524552782,0.25996019019353106
3829,79.83498935415189,0.2218077182769775,79.83972400867971,0.25995022611102475
3830,79.84386089425124,0.2207636833190918,79.83972508880649,0.25993999463771095
3831,79.84386089425124,0.2857942581176758,79.83972616836938,0.2599467433360873
3832,79.83498935415189,0.2308020591735839,79.83972493224876,0.2599391377295731
3833,79.84386089425124,0.2339158058166504,79.8397260112892,0.2599323484439188
3834,79.84386089425124,0.2678639888763428,79.83972708976677,0.25993441720772487
3835,79.83498935415189,0.2708165645599365,79.83972585437286,0.25993725479503965
3836,79.83498935415189,0.2255430221557617,79.83972461962306,0.2599282886238615
3837,79.83498935415189,0.242870807647705,79.83972338551686,0.2599238430984573
3838,79.84386089425124,0.2326142787933349,79.83972446355457,0.25991672752672584
3839,79.84386089425124,0.271735668182373,79.83972554103066,0.2599198061775869
3840,79.83498935415189,0.2468762397766113,79.83972430764865,0.25991640941550337
3841,79.84386089425124,0.2715005874633789,79.8397253846043,0.25991942534313883
3842,79.83498935415189,0.2332253456115722,79.83972415190506,0.2599124773786069
3843,79.83498935415189,0.2448530197143554,79.83972291984735,0.2599085587063029
3844,79.83498935415189,0.2257816791534423,79.83972168843067,0.25989968074596137
3845,79.84386089425124,0.2717649936676025,79.83972276494714,0.25990276665309314
3846,79.83498935415189,0.2504687309265136,79.83972153421111,0.25990031370568634
3847,79.83498935415189,0.2188982963562011,79.8397203041149,0.25988965552597504
3848,79.84386089425124,0.2040128707885742,79.83972138015184,0.2598751345320204
3849,79.83498935415189,0.232900857925415,79.83972015073485,0.25986812640611584
3850,79.83498935415189,0.2098162174224853,79.8397189219565,0.25985512591027593
3851,79.83498935415189,0.2325508594512939,79.83971769381633,0.25984803573461795
3852,79.83498935415189,0.1992294788360595,79.83971646631382,0.25983229882991943
3853,79.84386089425124,0.2998452186584472,79.83971754195045,0.259842683703999
3854,79.84386089425124,0.2464387416839599,79.8397186170289,0.2598392057740509
3855,79.84386089425124,0.2360985279083252,79.83971969154958,0.2598330473621532
3856,79.84386089425124,0.2428085803985595,79.83972076551294,0.25982863230329334
3857,79.84386089425124,0.2337818145751953,79.8397218389194,0.25982187917450716
3858,79.83498935415189,0.22654390335083,79.8397206122515,0.2598132534679692
3859,79.84386089425124,0.2509362697601318,79.83972168514137,0.2598109531353162
3860,79.84386089425124,0.2608790397644043,79.83972275747534,0.2598112298416968
3861,79.84386089425124,0.2598812580108642,79.83972382925384,0.25981124797901073
3862,79.84386089425124,0.2338056564331054,79.83972490047731,0.25980451426809775
3863,79.83498935415189,0.2616829872131347,79.83972367460458,0.2598050005411873
3864,79.83498935415189,0.225027322769165,79.83972244936636,0.25979600010698134
3865,79.83498935415189,0.2426168918609619,79.83972122476216,0.2597915553183019
3866,79.84386089425124,0.2699174880981445,79.83972229555096,0.2597941745456117
3867,79.83498935415189,0.3178057670593261,79.83972107161989,0.2598091762504252
3868,79.83498935415189,0.2979204654693603,79.83971984832168,0.2598190292207507
3869,79.84386089425124,0.347264289855957,79.83972091863596,0.25984163073551814
3870,79.83498935415189,0.287550687789917,79.83971969600948,0.25984879069858124
3871,79.83498935415189,0.2208306789398193,79.83971847401467,0.2598387111037069
3872,79.83498935415189,0.2038249969482422,79.83971725265107,0.2598242447519105
3873,79.83498935415189,0.2242791652679443,79.83971603191817,0.25981506709131563
3874,79.83498935415189,0.3753068447113037,79.83971481181548,0.25984487911444937
3875,79.84386089425124,0.1938283443450927,79.83971588177225,0.2598278425893476
3876,79.83498935415189,0.2498025894165039,79.83971466233787,0.25982525609472096
3877,79.83498935415189,0.2726266384124756,79.83971344353256,0.2598285579730593
3878,79.84386089425124,0.2689330577850342,79.83971451301444,0.2598309057037999
3879,79.84386089425124,0.2674200534820556,79.8397155819449,0.259832862173967
3880,79.83498935415189,0.2300796508789062,79.83971436384495,0.2598251938205404
3881,79.84386089425124,0.237879991531372,79.83971543226299,0.2598195392979202
3882,79.84386089425124,0.2507879734039306,79.83971650013058,0.2598172127739908
3883,79.83498935415189,0.2377781867980957,79.83971528273527,0.25981153700114096
3884,79.84386089425124,0.2728240489959717,79.83971635009148,0.2598148872874424
3885,79.83498935415189,0.2337954044342041,79.83971513336151,0.2598081898658586
3886,79.84386089425124,0.2448089122772216,79.83971620020682,0.2598043300414662
3887,79.83498935415189,0.2499411106109619,79.83971498414147,0.2598017925525466
3888,79.84386089425124,0.2559170722961426,79.83971605047637,0.25980079339610207
3889,79.84386089425124,0.2580571174621582,79.83971711626289,0.2598003450351008
3890,79.83498935415189,0.2397944927215576,79.83971590089988,0.2597952021424752
3891,79.83498935415189,0.2987990379333496,79.83971468616157,0.259805226258587
3892,79.84386089425124,0.2618277072906494,79.83971575147712,0.2598057459094174
3893,79.83498935415189,0.2278749942779541,79.83971453740125,0.2597975438154972
3894,79.84386089425124,0.22050142288208,79.83971560220783,0.2597874523617392
3895,79.84386089425124,0.2187874317169189,79.83971666646767,0.2597769260406494
3896,79.84386089425124,0.2499563694000244,79.83971773018118,0.2597744053638936
3897,79.83498935415189,0.2417929172515869,79.83971651684372,0.2597697911765412
3898,79.83498935415189,0.2329373359680175,79.83971530412882,0.2597629075297458
3899,79.84386089425124,0.3128867149353027,79.83971636737327,0.25977653251240945
3900,79.83498935415189,0.2245588302612304,79.83971515531859,0.259767502332345
3901,79.83498935415189,0.2512612342834472,79.83971394388531,0.2597653217970851
3902,79.84386089425124,0.2537648677825928,79.83971500666092,0.25976378400774264
3903,79.83498935415189,0.3317694664001465,79.83971379588651,0.2597822328118401
3904,79.84386089425124,0.2708415985107422,79.83971485815556,0.2597850656411687
3905,79.84386089425124,0.2734248638153076,79.83971591988056,0.2597885585472312
3906,79.84386089425124,0.2272789478302002,79.83971698106191,0.2597802355542161
3907,79.84386089425124,0.2409579753875732,79.83971804170005,0.25977541798058756
3908,79.83498935415189,0.3609564304351806,79.83971683169811,0.2598013087207244
3909,79.84386089425124,0.3228576183319092,79.8397178918318,0.2598174397797193
3910,79.84386089425124,0.3325886726379394,79.83971895142321,0.25983605134822524
3911,79.84386089425124,0.2579023838043213,79.83972001047277,0.2598355569305459
3912,79.83498935415189,0.2333173751831054,79.8397188012048,0.25982877825423006
3913,79.84386089425124,0.3198118209838867,79.83971985975145,0.25984410742436287
3914,79.84386089425124,0.3078889846801758,79.8397209177572,0.2598563825590731
3915,79.83498935415189,0.2496728897094726,79.83971970918412,0.25985378141147425
3916,79.84386089425124,0.2094850540161132,79.83972076668798,0.25984091912153673
3917,79.86160397444996,0.2248475551605224,79.83972635341448,0.259831985405948
3918,79.84386089425124,0.262836217880249,79.83972740868269,0.25983275218299606
3919,79.83498935415189,0.2331738471984863,79.8397261996869,0.25982594970660294
3920,79.84386089425124,0.3570141792297363,79.83972725445591,0.2598507426222976
3921,79.84386089425124,0.258840799331665,79.83972830868693,0.25985048504941044
3922,79.83498935415189,0.2769536972045898,79.83972710038643,0.2598548458888177
3923,79.84386089425124,0.276432991027832,79.83972815411926,0.2598590717733803
3924,79.83498935415189,0.2711985111236572,79.839726946474,0.25986196153876007
3925,79.83498935415189,0.265817642211914,79.8397257394441,0.2598634789096322
3926,79.83498935415189,0.2849044799804687,79.8397245330291,0.2598698571574852
3927,79.83498935415189,0.2617857456207275,79.83972332722851,0.2598703450333353
3928,79.84386089425124,0.2237730026245117,79.8397243805806,0.2598611552822129
3929,79.83498935415189,0.3320093154907226,79.83972317543262,0.2598795182652132
3930,79.84386089425124,0.4237737655639648,79.83972422828728,0.25992122163602716
3931,79.84386089425124,0.2310633659362793,79.83972528060629,0.2599138805381641
3932,79.84386089425124,0.2259347438812255,79.83972633239003,0.2599052388452198
3933,79.83498935415189,0.2415401935577392,79.83972512797145,0.25990056937019124
3934,79.83498935415189,0.3049266338348388,79.83972392416518,0.25991201473482384
3935,79.84386089425124,0.2873289585113525,79.83972497549176,0.2599189821919462
3936,79.84386089425124,0.2909808158874511,79.83972602628414,0.2599268739179867
3937,79.84386089425124,0.2219893932342529,79.8397270765427,0.25991723777862075
3938,79.83498935415189,0.260941743850708,79.83972587346439,0.259917497937603
3939,79.84386089425124,0.2617928981781006,79.8397269232285,0.25991797404835204
3940,79.83498935415189,0.2117846012115478,79.83972572079979,0.2599057574562615
3941,79.83498935415189,0.2098081111907959,79.8397245189813,0.2598930455439891
3942,79.83498935415189,0.2316491603851318,79.83972331777255,0.25988588068220353
3943,79.83498935415189,0.2609138488769531,79.83972211717311,0.25988614138932875
3944,79.83498935415189,0.192667007446289,79.83972091718248,0.25986909799836955
3945,79.83498935415189,0.2289881706237793,79.83971971780021,0.25986127013338234
3946,79.83498935415189,0.2266530990600586,79.83971851902584,0.25985285447928363
3947,79.83498935415189,0.1907367706298828,79.8397173208589,0.2598353434370112
3948,79.83498935415189,0.2427842617034912,79.83971612329894,0.2598310245206653
3949,79.83498935415189,0.262556791305542,79.8397149263455,0.2598317147629507
3950,79.84386089425124,0.2369561195373535,79.83971597595762,0.25982592347302014
3951,79.83498935415189,0.2828297615051269,79.83971477964737,0.2598317457554884
3952,79.83498935415189,0.2179470062255859,79.83971358394253,0.2598211473902227
3953,79.84386089425124,0.2769780158996582,79.83971463309769,0.25982548760487223
3954,79.83498935415189,0.3040876388549804,79.83971343803472,0.2598366818768121
3955,79.83498935415189,0.2492012977600097,79.83971224357607,0.259833992778426
3956,79.83498935415189,0.2754700183868408,79.83971104972132,0.2598379452621491
3957,79.84386089425124,0.21795654296875,79.83971209845636,0.2598273611321785
3958,79.84386089425124,0.2307016849517822,79.83971314666147,0.2598200024469384
3959,79.83498935415189,0.2989060878753662,79.83971195348325,0.25982987516364175
3960,79.84386089425124,0.2263956069946289,79.83971300119558,0.25982143216662934
3961,79.83498935415189,0.2288475036621093,79.83971180865655,0.25981361244219
3962,79.84386089425124,0.2838640213012695,79.83971285587654,0.2598196827119676
3963,79.84386089425124,0.2328712940216064,79.83971390256804,0.2598128827148214
3964,79.84386089425124,0.2613928318023681,79.83971494873143,0.2598132812892633
3965,79.86160397444996,0.2656228542327881,79.83972046929277,0.2598147465031204
3966,79.83498935415189,0.3537535667419433,79.83971927637417,0.25983843253948924
3967,79.84386089425124,0.2399296760559082,79.83972032039179,0.2598334139469802
3968,79.83498935415189,0.2367856502532959,79.83971912811198,0.25982760553879125
3969,79.83498935415189,0.2728314399719238,79.83971793643298,0.2598308818891145
3970,79.83498935415189,0.2558138370513916,79.83971674535431,0.25982987003902946
3971,79.83498935415189,0.2469494342803955,79.83971555487553,0.25982662641380694
3972,79.84386089425124,0.3050267696380615,79.83971659851586,0.2598380061074686
3973,79.83498935415189,0.2679028511047363,79.83971540867333,0.25984003602063177
3974,79.83498935415189,0.2897865772247314,79.83971421942961,0.2598475716374421
3975,79.83498935415189,0.2571983337402344,79.83971303078425,0.25984690516249936
3976,79.83498935415189,0.3059267997741699,79.8397118427368,0.2598584946732166
3977,79.84386089425124,0.2346804141998291,79.83971288599844,0.25985216375029146
3978,79.84386089425124,0.2294051647186279,79.83971392873556,0.259844509904381
3979,79.83498935415189,0.2518682479858398,79.83971274135818,0.2598425053148061
3980,79.83498935415189,0.2478184700012207,79.83971155457746,0.2598394842004057
3981,79.87047551454933,0.2494535446166992,79.83971928227402,0.25983687532334376
3982,79.84386089425124,0.27764892578125,79.8397203223574,0.2598413484650961
3983,79.83498935415189,0.2616734504699707,79.83971913456723,0.2598418084455141
3984,79.84386089425124,0.261986494064331,79.83972017416555,0.2598423467702176
3985,79.84386089425124,0.2599406242370605,79.83972121324211,0.2598423714320663
3986,79.84386089425124,0.2866902351379394,79.83972225179731,0.25984910697238384
3987,79.84386089425124,0.2528352737426758,79.83972328983154,0.2598473477967556
3988,79.83498935415189,0.2576308250427246,79.83972210278648,0.2598467919986729
3989,79.84386089425124,0.2588348388671875,79.83972314033761,0.2598465383127537
3990,79.83498935415189,0.3149192333221435,79.83972195392504,0.2598603409932072
3991,79.83498935415189,0.3903834819793701,79.83972076810699,0.25989304536328645
3992,79.86160397444996,0.2334563732147216,79.8397262498721,0.2598864229504236
3993,79.86160397444996,0.2828447818756103,79.83973172889152,0.25989217260204517
3994,79.83498935415189,0.2741827964782715,79.83973054151677,0.25989575062504877
3995,79.84386089425124,0.2205626964569091,79.83973157539731,0.25988590505454356
3996,79.83498935415189,0.2835550308227539,79.83973038865525,0.25989182825919027
3997,79.84386089425124,0.2927732467651367,79.8397314220567,0.25990005478371014
3998,79.83498935415189,0.2338480949401855,79.83973023594666,0.25989353853562525
3999,79.83498935415189,0.2549223899841308,79.83972905042984,0.25989229543771286
4000,79.84386089425124,0.2513539791107178,79.83973008339079,0.25989016085863115
4001,79.83498935415189,0.231229543685913,79.8397288985047,0.2598829974951788
4002,79.84386089425124,0.2529895305633545,79.8397299309874,0.2598812749896986
4003,79.83498935415189,0.2278733253479004,79.83972874673138,0.259873278999281
4004,79.83498935415189,0.3028442859649658,79.83972756306689,0.25988401101900266
4005,79.84386089425124,0.2438695430755615,79.83972859510963,0.2598800124002902
4006,79.83498935415189,0.2385106086730957,79.83972741207394,0.2598746780508825
4007,79.83498935415189,0.2637794017791748,79.83972622962874,0.25987565252648226
4008,79.83498935415189,0.2353100776672363,79.83972504777357,0.25986952339103836
4009,79.83498935415189,0.2467811107635498,79.83972386650801,0.25986625863358576
4010,79.83498935415189,0.2804622650146484,79.8397226858316,0.25987139479477805
4011,79.84386089425124,0.3815243244171142,79.8397237175465,0.2599017246201638
4012,79.83498935415189,0.2228274345397949,79.8397225374958,0.25989248377019364
4013,79.84386089425124,0.2429206371307373,79.83972356873348,0.2598882545534881
4014,79.83498935415189,0.2203984260559082,79.83972238930781,0.2598784165294478
4015,79.84386089425124,0.2688801288604736,79.8397234200687,0.2598806585499537
4016,79.83498935415189,0.259697675704956,79.83972224126742,0.25988061298649623
4017,79.83498935415189,0.2579598426818847,79.83972106305305,0.2598801348261018
4018,79.83498935415189,0.2830064296722412,79.83971988542514,0.259885890499284
4019,79.83498935415189,0.252943754196167,79.83971870838326,0.2598841631700222
4020,79.87047551454933,0.2157037258148193,79.83972635933007,0.2598731730114761
4021,79.83498935415189,0.3117051124572754,79.83972518126362,0.25988606332220626
4022,79.83498935415189,0.2510595321655273,79.83972400378299,0.2598838687595119
4023,79.83498935415189,0.2719159126281738,79.83972282688772,0.25988685957329977
4024,79.84386089425124,0.2384614944458007,79.83972385523448,0.25988153517838736
4025,79.83498935415189,0.246802806854248,79.83972267896091,0.2598782858048907
4026,79.84386089425124,0.3198821544647217,79.83972370683357,0.2598931898954669
4027,79.84386089425124,0.2397494316101074,79.83972473419574,0.2598881877205761
4028,79.84386089425124,0.2288494110107422,79.83972576104779,0.2598804819666759
4029,79.83498935415189,0.2723710536956787,79.839724585469,0.2598835821333994
4030,79.83498935415189,0.2859902381896972,79.83972341047364,0.2598900602118253
4031,79.83498935415189,0.2408058643341064,79.83972223606125,0.25988532585412805
4032,79.83498935415189,0.2459292411804199,79.8397210622314,0.2598818645236038
4033,79.84386089425124,0.2327327728271484,79.83972208872088,0.2598751327875025
4034,79.84386089425124,0.2537124156951904,79.83972311470143,0.2598736050936274
4035,79.83498935415189,0.2568483352661133,79.83972194152656,0.259872855336545
4036,79.83498935415189,0.2988941669464111,79.83972076893305,0.25988252364962966
4037,79.83498935415189,0.268777847290039,79.83971959692047,0.25988472709863647
4038,79.83498935415189,0.273082971572876,79.83971842548839,0.25988799560890746
4039,79.83498935415189,0.1986889839172363,79.83971725463634,0.2598728435881866
4040,79.84386089425124,0.1979255676269531,79.83971828028972,0.25985751010403774
4041,79.84386089425124,0.2458894252777099,79.83971930543547,0.2598540535128904
4042,79.83498935415189,0.2338895797729492,79.83971813523475,0.2598476298429894
4043,79.84386089425124,0.2871038913726806,79.83971915990927,0.25985437143624435
4044,79.84386089425124,0.2373533248901367,79.83972018407701,0.25984880737923494
4045,79.84386089425124,0.2795517444610595,79.83972120773836,0.2598536783154727
4046,79.84386089425124,0.2760293483734131,79.83972223089371,0.2598576762566635
4047,79.84386089425124,0.3058512210845947,79.83972325354341,0.25986904110589204
4048,79.83498935415189,0.2547786235809326,79.83972208410187,0.25986778359168133
4049,79.83498935415189,0.2575850486755371,79.83972091523795,0.2598672198142261
4050,79.84386089425124,0.2691242694854736,79.839721937455,0.259869505505503
4051,79.83498935415189,0.24595308303833,79.83972076920436,0.25986607020003094
4052,79.83498935415189,0.2174816131591797,79.83971960153035,0.2598556100674937
4053,79.83498935415189,0.2412703037261963,79.83971843443256,0.2598510244996819
4054,79.83498935415189,0.2577857971191406,79.83971726791052,0.2598505150701356
4055,79.83498935415189,0.2256608009338379,79.83971610196384,0.25984208357466426
4056,79.84386089425124,0.2454862594604492,79.83971712385544,0.2598385441702969
4057,79.83498935415189,0.2489192485809326,79.83971595851905,0.2598358526998534
4058,79.83498935415189,0.4062199592590332,79.839714793757,0.2598719256684485
4059,79.84386089425124,0.2623155117034912,79.83971581521561,0.25987252768521
4060,79.83498935415189,0.2298307418823242,79.83971465106264,0.2598651282305788
4061,79.84386089425124,0.2378411293029785,79.83971567205333,0.2598597049360879
4062,79.83498935415189,0.2318282127380371,79.83971450850879,0.25985280402712724
4063,79.84386089425124,0.2488746643066406,79.83971552903199,0.2598501020483627
4064,79.83498935415189,0.2297711372375488,79.83971436609525,0.25984270072828125
4065,79.84386089425124,0.2048614025115966,79.83971538615138,0.2598291751936646
4066,79.83498935415189,0.2419378757476806,79.83971422382182,0.2598247749724531
4067,79.84386089425124,0.2528302669525146,79.8397152434113,0.2598230551524335
4068,79.83498935415189,0.2583217620849609,79.83971408168827,0.25982268610300685
4069,79.83498935415189,0.2757174968719482,79.83971292053626,0.2598265924217016
4070,79.83498935415189,0.2478935718536377,79.83971175995484,0.25982366047561606
4071,79.83498935415189,0.2598059177398681,79.83971059994357,0.2598236561172924
4072,79.84386089425124,0.258739709854126,79.83971161917106,0.2598233899222376
4073,79.83498935415189,0.2839252948760986,79.83971045976398,0.2598293074044261
4074,79.84386089425124,0.2198743820190429,79.83971147852552,0.2598195001080625
4075,79.83498935415189,0.2483332157135009,79.83971031972199,0.25981668138796565
4076,79.83498935415189,0.2309064865112304,79.83970916148705,0.25980958860217646
4077,79.83498935415189,0.2422959804534912,79.83970800382029,0.2598052928925496
4078,79.84386089425124,0.2877967357635498,79.8397090221848,0.2598121569050241
4079,79.83498935415189,0.2899632453918457,79.83970786511982,0.2598195486894043
4080,79.83498935415189,0.2599191665649414,79.83970670862203,0.25981957310555026
4081,79.83498935415189,0.2764744758605957,79.83970555269102,0.25982365418929326
4082,79.84386089425124,0.2837846279144287,79.83970657065808,0.259829524099564
4083,79.83498935415189,0.2209961414337158,79.83970541532706,0.2598200131069934
4084,79.84386089425124,0.2410886287689209,79.83970643282926,0.2598154265780173
4085,79.84386089425124,0.2218854427337646,79.83970744983328,0.2598061413922538
4086,79.84386089425124,0.22825288772583,79.8397084663395,0.2597984191079497
4087,79.84386089425124,0.1942212581634521,79.8397094823483,0.25978237380309416
4088,79.86160397444996,0.2471611499786377,79.8397148381438,0.2597792864195755
4089,79.83498935415189,0.2101256847381591,79.83971368248619,0.25976714320566463
4090,79.83498935415189,0.268646240234375,79.83971252739369,0.2597693141340335
4091,79.83498935415189,0.2211148738861084,79.83971137286588,0.25975986548083185
4092,79.83498935415189,0.2518079280853271,79.83971021890235,0.2597579221921233
4093,79.83498935415189,0.2865157127380371,79.8397090655027,0.2597644596440035
4094,79.84386089425124,0.2489163875579834,79.83971007962795,0.2597618098950817
4095,79.84386089425124,0.2486038208007812,79.8397110932579,0.2597590851114201
4096,79.83498935415189,0.2232687473297119,79.83970994048956,0.2597501763375476
4097,79.83498935415189,0.2271463871002197,79.83970878828396,0.25974221837092876
4098,79.83498935415189,0.2223181724548339,79.83970763664067,0.2597330861000854
4099,79.83498935415189,0.2170944213867187,79.8397064855593,0.25972268388864034
4100,79.84386089425124,0.2808809280395508,79.83970749882972,0.2597278444359942
4101,79.87047551454933,0.2338237762451172,79.83971500139391,0.2597215279111976
4102,79.84386089425124,0.2438290119171142,79.83971601209427,0.2597176535777032
4103,79.84386089425124,0.2758092880249023,79.83971702230197,0.2597215754968958
4104,79.84386089425124,0.2388250827789306,79.83971803201736,0.2597164837589041
4105,79.84386089425124,0.2258994579315185,79.83971904124081,0.2597082457501763
4106,79.83498935415189,0.4507346153259277,79.83971788934429,0.25975476946415
4107,79.84386089425124,0.2980494499206543,79.839718898111,0.2597640937106697
4108,79.84386089425124,0.2708258628845215,79.8397199063866,0.2597667864490275
4109,79.84386089425124,0.3227922916412353,79.83972091417144,0.25978212485379565
4110,79.83498935415189,0.2056937217712402,79.83971976294029,0.2597689646583984
4111,79.84386089425124,0.2339012622833252,79.83972077026972,0.2597626723445149
4112,79.84386089425124,0.3699808120727539,79.83972177710922,0.25978947636682237
4113,79.84386089425124,0.2673492431640625,79.83972278345912,0.2597913143845217
4114,79.84386089425124,0.2188498973846435,79.83972378931979,0.2597813626545752
4115,79.83498935415189,0.3245129585266113,79.83972263878877,0.25979709329755746
4116,79.84386089425124,0.2618131637573242,79.83972364419583,0.2597975831105943
4117,79.84386089425124,0.2685616016387939,79.83972464911447,0.25979971184961015
4118,79.83498935415189,0.2350151538848877,79.83972349921282,0.2597936932585551
4119,79.84386089425124,0.2636713981628418,79.83972450367874,0.2597946346775656
4120,79.83498935415189,0.3798820972442627,79.83972335437059,0.2598237821199362
4121,79.83498935415189,0.2627990245819092,79.83972220562023,0.2598245040909291
4122,79.83498935415189,0.2497792243957519,79.83972105742724,0.2598220670992515
4123,79.83498935415189,0.3070821762084961,79.83971990979123,0.259833529653001
4124,79.84386089425124,0.2371680736541748,79.83972091390967,0.25982803366464047
4125,79.83498935415189,0.2393484115600586,79.83971976686487,0.25982306890776663
4126,79.83498935415189,0.2293787002563476,79.83971862037609,0.2598156902435273
4127,79.83498935415189,0.2538526058197021,79.8397174744429,0.25981424534785885
4128,79.83498935415189,0.2752912044525146,79.83971632906493,0.2598179946112078
4129,79.83498935415189,0.2212371826171875,79.83971518424174,0.25980865074780407
4130,79.84386089425124,0.2938728332519531,79.83971618804561,0.2598168987338826
4131,79.84386089425124,0.2575006484985351,79.83971719136352,0.25981633803423715
4132,79.84386089425124,0.2348694801330566,79.83971819419578,0.2598103005565263
4133,79.83498935415189,0.2294726371765136,79.8397170500293,0.25980296020729327
4134,79.84386089425124,0.3056442737579345,79.83971805241057,0.25981404905914396
4135,79.83498935415189,0.2539155483245849,79.83971690883179,0.25981262257770876
4136,79.84386089425124,0.2204756736755371,79.83971791076252,0.25980311170998577
4137,79.83498935415189,0.2187964916229248,79.83971676777082,0.2597931995465613
4138,79.84386089425124,0.2117989063262939,79.83971776925137,0.2597816011190069
4139,79.83498935415189,0.3038392066955566,79.83971662684617,0.25979224562385744
4140,79.83498935415189,0.2155146598815918,79.83971548499285,0.2597815505548376
4141,79.83498935415189,0.2380590438842773,79.83971434369103,0.259776304839631
4142,79.84386089425124,0.2784652709960937,79.83971534478967,0.2597808169029232
4143,79.83498935415189,0.2348167896270752,79.83971420407264,0.259774791311015
4144,79.83498935415189,0.2416996955871582,79.83971306390615,0.25977042956011637
4145,79.83498935415189,0.2977511882781982,79.83971192428979,0.2597795925899639
4146,79.84386089425124,0.2627842426300049,79.83971292500614,0.25978031730053797
4147,79.83498935415189,0.2717847824096679,79.8397117859729,0.2597832120353123
4148,79.84386089425124,0.3257427215576172,79.83971278624009,0.25979911355641216
4149,79.83498935415189,0.365222692489624,79.83971164778934,0.25982452295119
4150,79.84386089425124,0.4834718704223633,79.83971264760777,0.25987841387829147
4151,79.84386089425124,0.2728199958801269,79.83971364694447,0.25988153158053234
4152,79.84386089425124,0.250957727432251,79.8397146457998,0.2598793823020766
4153,79.84386089425124,0.2229425907135009,79.8397156441741,0.2598704882997678
4154,79.83498935415189,0.2495985031127929,79.83971450640568,0.25986801550602995
4155,79.86160397444996,0.2203319072723388,79.83971977462903,0.2598585001971891
4156,79.83498935415189,0.2108075618743896,79.83971863641428,0.25984669775774666
4157,79.84386089425124,0.2423889636993408,79.83971963286794,0.2598424981585024
4158,79.84386089425124,0.2219045162200927,79.8397206288423,0.2598333740647221
4159,79.83498935415189,0.2718522548675537,79.83971949124319,0.2598362639134364
4160,79.84386089425124,0.2978408336639404,79.83972048677276,0.25984539962731873
4161,79.83498935415189,0.2380285263061523,79.83971934975457,0.25984015644699643
4162,79.84386089425124,0.2907898426055908,79.83972034483976,0.2598475927002782
4163,79.83498935415189,0.3184964656829834,79.83971920840192,0.25986168082734584
4164,79.84386089425124,0.2318353652954101,79.8397202030431,0.2598549502040192
4165,79.84386089425124,0.2185254096984863,79.83972119720666,0.25984502714507435
4166,79.84386089425124,0.2444944381713867,79.83972219089294,0.25984134241416373
4167,79.84386089425124,0.2446038722991943,79.8397231841023,0.2598376857138721
4168,79.84386089425124,0.2202255725860595,79.83972417683506,0.25982818184795853
4169,79.84386089425124,0.2774410247802734,79.83972516909158,0.2598324065644211
4170,79.83498935415189,0.2499771118164062,79.83972403340454,0.2598300431843856
4171,79.83498935415189,0.2366318702697754,79.83972289826207,0.25982448140713443
4172,79.84386089425124,0.2238168716430664,79.83972389011154,0.2598158506281881
4173,79.83498935415189,0.2198514938354492,79.83972275554744,0.2598062737394288
4174,79.83498935415189,0.2454395294189453,79.83972162152698,0.25980283177864283
4175,79.84386089425124,0.2471866607666015,79.83972261296955,0.25979980994127466
4176,79.83498935415189,0.2268202304840088,79.83972147952633,0.2597919125324008
4177,79.83498935415189,0.2128582000732422,79.83972034662584,0.259780676307249
4178,79.83498935415189,0.3029301166534424,79.83971921426765,0.25979100408138645
4179,79.84386089425124,0.2288951873779297,79.83972020533729,0.2597836109689903
4180,79.83498935415189,0.2376155853271484,79.8397190735547,0.25977830761357357
4181,79.84386089425124,0.2946124076843261,79.83972006418391,0.25978663913714944
4182,79.83498935415189,0.2219870090484619,79.83971893297634,0.25977760048815646
4183,79.84386089425124,0.2310507297515869,79.8397199231655,0.2597707329598905
4184,79.84386089425124,0.2316558361053466,79.83972091288135,0.2597640133382713
4185,79.83498935415189,0.3637981414794922,79.83971978228189,0.25978887215025254
4186,79.83498935415189,0.3008332252502441,79.83971865222261,0.25979867729910583
4187,79.83498935415189,0.2387633323669433,79.83971752270313,0.25979365333327537
4188,79.83498935415189,0.2926778793334961,79.83971639372304,0.2598015053452143
4189,79.83498935415189,0.3048903942108154,79.83971526528198,0.2598122689854305
4190,79.84386089425124,0.2450499534606933,79.83971625469225,0.25980874575976826
4191,79.83498935415189,0.2949380874633789,79.83971512682287,0.25981712785036803
4192,79.83498935415189,0.2792022228240967,79.8397139994916,0.25982175215737513
4193,79.84386089425124,0.2764163017272949,79.83971498849583,0.2598257098367383
4194,79.83498935415189,0.278876781463623,79.83971386173513,0.25983025229539997
4195,79.83498935415189,0.2828967571258545,79.83971273551163,0.2598357508662773
4196,79.84386089425124,0.3199021816253662,79.83971372411,0.2598500660309005
4197,79.84386089425124,0.3466756343841553,79.83971471223727,0.25987075356207834
4198,79.84386089425124,0.2217960357666015,79.83971569989379,0.25986168383416136
4199,79.86160397444996,0.2158701419830322,79.83972091262885,0.25985120716308463
4200,79.83498935415189,0.3108539581298828,79.83971978606729,0.2598633506752196
4201,79.83498935415189,0.2606866359710693,79.83971866004208,0.25986354664886774
4202,79.84386089425124,0.2478752136230468,79.8397196458189,0.2598606936424361
4203,79.84386089425124,0.3038599491119385,79.83972063112665,0.2598711621781176
4204,79.84386089425124,0.2195487022399902,79.83972161596564,0.2598615707271333
4205,79.83498935415189,0.2293767929077148,79.83972049057638,0.25985432107723566
4206,79.83498935415189,0.2659082412719726,79.83971936572226,0.2598557604305868
4207,79.84386089425124,0.2427904605865478,79.83972035015977,0.2598517040246338
4208,79.83498935415189,0.2537803649902344,79.83971922587364,0.2598502612159279
4209,79.83498935415189,0.2248094081878662,79.83971810212174,0.25984193599544136
4210,79.84386089425124,0.2964715957641601,79.83971908615787,0.2598506366272154
4211,79.83498935415189,0.2499253749847412,79.83971796297287,0.25984827964273605
4212,79.84386089425124,0.2588512897491455,79.83971894657479,0.25984804294048214
4213,79.83498935415189,0.2636134624481201,79.83971782395612,0.25984893670252995
4214,79.83498935415189,0.2629334926605224,79.83971670187026,0.25984966868068804
4215,79.83498935415189,0.2160999774932861,79.83971558031682,0.2598392891572746
4216,79.84386089425124,0.2575922012329101,79.83971656355068,0.25983875616678026
4217,79.83498935415189,0.2769479751586914,79.83971544256197,0.2598428133683434
4218,79.83498935415189,0.2267763614654541,79.83971432210478,0.2598349740008937
4219,79.84386089425124,0.2359721660614013,79.83971530493771,0.2598293179667767
4220,79.83498935415189,0.2620999813079834,79.83971418504416,0.25982985603865855
4221,79.84386089425124,0.232853889465332,79.83971516744388,0.25982346514394794
4222,79.84386089425124,0.2910938262939453,79.83971614937823,0.25983087167193236
4223,79.83498935415189,0.2489874362945556,79.83971503008028,0.2598283039628683
4224,79.84386089425124,0.2698678970336914,79.83971601158221,0.2598306807604703
4225,79.83498935415189,0.2142250537872314,79.83971489284673,0.25981988652923405
4226,79.84386089425124,0.1953678131103515,79.83971587391663,0.25980463521039376
4227,79.83498935415189,0.2043542861938476,79.83971475574303,0.2597915170771985
4228,79.84386089425124,0.2237577438354492,79.83971573638128,0.2597829944250599
4229,79.83498935415189,0.2248342037200927,79.83971461876902,0.25977473034591475
4230,79.83498935415189,0.2599465847015381,79.83971350168518,0.259774770973422
4231,79.84386089425124,0.3352792263031006,79.83971448192452,0.2597926165076526
4232,79.84386089425124,0.1994314193725586,79.83971546170058,0.2597783534648513
4233,79.84386089425124,0.2538526058197021,79.83971644101373,0.2597769535717152
4234,79.83498935415189,0.2750673294067383,79.83971532455486,0.2597805649028052
4235,79.83498935415189,0.2957825660705566,79.83971420862323,0.2597890659656547
4236,79.83498935415189,0.2287850379943847,79.83971309321849,0.2597817467900241
4237,79.83498935415189,0.2238931655883789,79.83971197834026,0.2597732765088814
4238,79.83498935415189,0.2227175235748291,79.83971086398816,0.2597645328201287
4239,79.83498935415189,0.296952486038208,79.83970975016182,0.2597733056328718
4240,79.84386089425124,0.2709240913391113,79.83971072920524,0.259775935535161
4241,79.83498935415189,0.2556393146514892,79.83970961593594,0.2597749601470724
4242,79.83498935415189,0.2567672729492187,79.83970850319153,0.25977425112133035
4243,79.84386089425124,0.2255301475524902,79.8397094818366,0.2597661803922309
4244,79.83498935415189,0.4538946151733398,79.83970836964818,0.25981192224774013
4245,79.83498935415189,0.2329258918762207,79.83970725798375,0.2598055886716809
4246,79.84386089425124,0.2119262218475341,79.83970823623063,0.2597943123252786
4247,79.84386089425124,0.2302114963531494,79.83970921401684,0.2597873467458173
4248,79.83498935415189,0.2554662227630615,79.83970810293872,0.2597863295320737
4249,79.83498935415189,0.2391309738159179,79.83970699238357,0.25978146830455756
4250,79.83498935415189,0.2149429321289062,79.83970588235104,0.25977091806075153
4251,79.84386089425124,0.2785868644714355,79.83970685977091,0.2597753443007917
4252,79.83498935415189,0.2358384132385254,79.8397057502917,0.2597697147309275
4253,79.83498935415189,0.245438814163208,79.83970464133422,0.2597663451328632
4254,79.83498935415189,0.2429704666137695,79.83970353289811,0.259762396877452
4255,79.84386089425124,0.3509459495544433,79.83970450995132,0.2597838266195618
4256,79.83498935415189,0.2655978202819824,79.83970340206696,0.25978519268950123
4257,79.84386089425124,0.3394255638122558,79.83970437869186,0.2598039007870166
4258,79.83498935415189,0.25417160987854,79.8397032713587,0.25980257803198875
4259,79.83498935415189,0.3545446395874023,79.83970216454554,0.2598248231744061
4260,79.83498935415189,0.2662611007690429,79.83970105825202,0.25982633403769123
4261,79.83498935415189,0.2369747161865234,79.83969995247776,0.259820971067062
4262,79.84386089425124,0.2580912113189697,79.83970092876632,0.2598205652107156
4263,79.84386089425124,0.2738692760467529,79.83970190459684,0.259823860709387
4264,79.83498935415189,0.2248380184173584,79.83970079940207,0.25981565577451554
4265,79.83498935415189,0.2118062973022461,79.83969969472557,0.25980439918401793
4266,79.84386089425124,0.2688841819763183,79.83970067015912,0.2598065275906734
4267,79.83498935415189,0.2568964958190918,79.83969956603069,0.25980584560525705
4268,79.84386089425124,0.2409493923187255,79.8397005410373,0.25980142750467444
4269,79.84386089425124,0.2945771217346191,79.83970151558714,0.259809573603112
4270,79.84386089425124,0.2551882266998291,79.8397024896805,0.25980849132046485
4271,79.83498935415189,0.2415471076965332,79.83970138616012,0.25980421565115464
4272,79.84386089425124,0.3194954395294189,79.83970235982775,0.2598181883159202
4273,79.84386089425124,0.2648956775665283,79.83970333303965,0.259819376588621
4274,79.83498935415189,0.2416718006134033,79.83970223009652,0.25981513054838346
4275,79.83498935415189,0.2498559951782226,79.8397011276694,0.25981280092607467
4276,79.83498935415189,0.3600125312805176,79.8397000257579,0.2598362339780752
4277,79.84386089425124,0.2190265655517578,79.83970099860535,0.2598266923207392
4278,79.87047551454933,0.2039458751678466,79.83970819227434,0.2598136299511382
4279,79.84386089425124,0.2109270095825195,79.83970916275857,0.259802205174235
4280,79.83498935415189,0.1976897716522216,79.83970805999954,0.25978769292341214
4281,79.83498935415189,0.205899953842163,79.83970695775571,0.2597751052712091
4282,79.84386089425124,0.2278070449829101,79.83970792784831,0.2597676395868821
4283,79.84386089425124,0.2878177165985107,79.83970889748791,0.25977418875265645
4284,79.84386089425124,0.2355976104736328,79.83970986667482,0.25976854529367444
4285,79.83498935415189,0.2570846080780029,79.8397087650383,0.2597679189372647
4286,79.83498935415189,0.3060753345489502,79.83970766391583,0.25977872328061785
4287,79.84386089425124,0.2429559230804443,79.83970863271227,0.259774799137814
4288,79.83498935415189,0.2338275909423828,79.83970753213424,0.25976874801649974
4289,79.84386089425124,0.2407891750335693,79.83970850050964,0.2597643228421041
4290,79.84386089425124,0.3669166564941406,79.8397094684336,0.25978930007605566
4291,79.83498935415189,0.208799123764038,79.83970836843027,0.2597774170240137
4292,79.83498935415189,0.2278938293457031,79.83970726893952,0.2597699884155145
4293,79.83498935415189,0.2288961410522461,79.83970616996099,0.2597627967436386
4294,79.83498935415189,0.2678036689758301,79.83970507149434,0.25976466932683195
4295,79.83498935415189,0.2159557342529297,79.83970397353919,0.2597544693419486
4296,79.83498935415189,0.2430174350738525,79.83970287609519,0.2597505733842512
4297,79.83498935415189,0.221794843673706,79.83970177916198,0.25974174030775354
4298,79.83498935415189,0.2575879096984863,79.83970068273923,0.2597412391838333
4299,79.83498935415189,0.2309379577636718,79.83969958682655,0.2597345391881552
4300,79.83498935415189,0.3138484954833984,79.83969849142359,0.2597471238291541
4301,79.84386089425124,0.2738170623779297,79.8396994591992,0.25975039514711473
4302,79.83498935415189,0.229809284210205,79.83969836433516,0.25974343533518146
4303,79.84386089425124,0.2267289161682129,79.83969933169048,0.2597357628928931
4304,79.84386089425124,0.2117066383361816,79.83970029859628,0.2597246037096782
4305,79.84386089425124,0.2337684631347656,79.83970126505288,0.2597185744087317
4306,79.84386089425124,0.2317972183227539,79.8397022310606,0.2597120901179546
4307,79.83498935415189,0.2594583034515381,79.83970113682402,0.2597120311937228
4308,79.84386089425124,0.2592971324920654,79.83970210241303,0.25971193488483196
4309,79.83498935415189,0.2339413166046142,79.83970100871419,0.25970595423542836
4310,79.84386089425124,0.2966828346252441,79.83970197388486,0.2597145335580246
4311,79.84386089425124,0.3466799259185791,79.83970293860774,0.25973470646277075
4312,79.84386089425124,0.2279062271118164,79.83970390288317,0.25972732509000845
4313,79.84386089425124,0.2236759662628173,79.83970486671146,0.25971896632376057
4314,79.83498935415189,0.2625653743743896,79.83970377363947,0.2597196261309118
4315,79.84386089425124,0.2366385459899902,79.83970473705097,0.25971427709727546
4316,79.84386089425124,0.2965424060821533,79.83970570001603,0.25972281002799485
4317,79.83498935415189,0.2349307537078857,79.83970460751061,0.25971706713795084
4318,79.83498935415189,0.2330641746520996,79.83970351551122,0.2597108946292695
4319,79.84386089425124,0.2647089958190918,79.83970447809024,0.25971205186501617
4320,79.83498935415189,0.227734088897705,79.83970338662635,0.25970464955877376
4321,79.83498935415189,0.2281830310821533,79.83970229566766,0.2596973545764834
4322,79.84386089425124,0.2618725299835205,79.83970325786078,0.25969785785630917
4323,79.84386089425124,0.3150529861450195,79.83970421960872,0.25971066265119436
4324,79.84386089425124,0.2375383377075195,79.83970518091184,0.259705534916471
4325,79.84386089425124,0.2418022155761718,79.83970614177042,0.25970139542066983
4326,79.84386089425124,0.2445447444915771,79.83970710218478,0.2596978918027944
4327,79.83498935415189,0.271918773651123,79.83970601188015,0.2597007161341668
4328,79.83498935415189,0.2388410568237304,79.83970492207939,0.2596958964346958
4329,79.83498935415189,0.2759394645690918,79.8397038327821,0.25969964870268714
4330,79.83498935415189,0.3108341693878174,79.83970274398796,0.259711458060813
4331,79.83498935415189,0.2438099384307861,79.8397016556966,0.2597077865023669
4332,79.84386089425124,0.2548694610595703,79.83970261581631,0.2597066696220708
4333,79.83498935415189,0.246922492980957,79.83970152805686,0.2597037192005058
4334,79.86160397444996,0.2326455116271972,79.83970658169008,0.25969747595925674
4335,79.84386089425124,0.2116274833679199,79.83970754000902,0.2596863871489704
4336,79.83498935415189,0.2597973346710205,79.8397064518665,0.25968641273649856
4337,79.83498935415189,0.3849291801452636,79.83970536422581,0.2597152904785804
4338,79.83498935415189,0.2720446586608886,79.83970427708655,0.25971813265658455
4339,79.83498935415189,0.2678611278533935,79.83970319044839,0.25972000935517797
4340,79.83498935415189,0.2459356784820556,79.83970210431099,0.25971683324207356
4341,79.83498935415189,0.2375807762145996,79.839701018674,0.2597117339430578
4342,79.84386089425124,0.2559101581573486,79.83970197672919,0.2597108584074093
4343,79.84386089425124,0.222851276397705,79.83970293434317,0.25970237128283885
4344,79.83498935415189,0.3455781936645508,79.83970184926486,0.25972214011856204
4345,79.83498935415189,0.3070511817932129,79.83970076468599,0.25973303287844113
4346,79.84386089425124,0.2609381675720215,79.83970172191783,0.2597333101758856
4347,79.83498935415189,0.2692606449127197,79.83970063786727,0.2597355018792987
4348,79.83498935415189,0.2505743503570556,79.83969955431536,0.2597333948987278
4349,79.84386089425124,0.2654399871826172,79.83970051116519,0.25973470706066937
4350,79.84386089425124,0.2331480979919433,79.83970146757511,0.25972859519651564
4351,79.83498935415189,0.2038609981536865,79.8397003845796,0.2597157550225228
4352,79.84386089425124,0.1919081211090088,79.83970134057907,0.25970017422428904
4353,79.83498935415189,0.2945699691772461,79.83970025811033,0.25970818474460905
4354,79.84386089425124,0.2291252613067627,79.8397012136997,0.2597011606464377
4355,79.84386089425124,0.2149250507354736,79.83970216885024,0.25969087910570043
4356,79.83498935415189,0.2268097400665283,79.83970108693684,0.2596833306348466
4357,79.83498935415189,0.2367780208587646,79.83970000552009,0.2596780735061397
4358,79.83498935415189,0.255873441696167,79.83969892459962,0.2596772004836959
4359,79.84386089425124,0.2378096580505371,79.83969987939881,0.2596721838417062
4360,79.84386089425124,0.2496833801269531,79.83970083376002,0.2596698928316799
4361,79.83498935415189,0.3349239826202392,79.83969975339322,0.2596871489861831
4362,79.84386089425124,0.2657942771911621,79.83970070734573,0.25968854906142497
4363,79.84386089425124,0.2463839054107666,79.83970166086095,0.25968549963588045
4364,79.83498935415189,0.2487380504608154,79.83970058104731,0.25968299105449294
4365,79.83498935415189,0.237396240234375,79.83969950172843,0.25967788526965446
4366,79.83498935415189,0.2499606609344482,79.83969842290398,0.25967565961130923
4367,79.84386089425124,0.2227780818939209,79.83969937606894,0.2596672104293268
4368,79.83498935415189,0.230393648147583,79.8396982977672,0.25966050860646006
4369,79.83498935415189,0.2207734584808349,79.83969721995909,0.2596516079312196
4370,79.83498935415189,0.2583255767822265,79.83969614264426,0.2596513044915974
4371,79.83498935415189,0.2219705581665039,79.83969506582235,0.2596426838678671
4372,79.83498935415189,0.3185160160064697,79.83969398949306,0.25965614986332425
4373,79.84386089425124,0.2318201065063476,79.83969494236403,0.25964978442921566
4374,79.83498935415189,0.24790620803833,79.83969386655511,0.2596470995695012
4375,79.83498935415189,0.1928863525390625,79.839692791238,0.25963183997017997
4376,79.83498935415189,0.2048757076263427,79.83969171641232,0.2596193271428619
4377,79.83498935415189,0.2322053909301757,79.83969064207778,0.25961306396346673
4378,79.83498935415189,0.2135891914367675,79.83968956823404,0.25960255142976946
4379,79.83498935415189,0.3006007671356201,79.83968849488073,0.25961191389053806
4380,79.84386089425124,0.2478454113006591,79.83968944748334,0.25960922747442167
4381,79.84386089425124,0.2669129371643066,79.83969039965105,0.25961089460742554
4382,79.83498935415189,0.2507741451263428,79.83968932684286,0.2596088780055357
4383,79.83498935415189,0.3084900379180908,79.83968825452419,0.25962003044904763
4384,79.83498935415189,0.3876235485076904,79.83968718269472,0.2596492283318165
4385,79.83498935415189,0.2016968727111816,79.83968611135411,0.2596360122872051
4386,79.84386089425124,0.2158966064453125,79.839687063197,0.25962603978245324
4387,79.83498935415189,0.2586936950683594,79.83968599237205,0.2596258272580142
4388,79.84386089425124,0.2457568645477295,79.83968694380822,0.25962266660106104
4389,79.87047551454933,0.2248961925506591,79.839693958748,0.2596147544401929
4390,79.83498935415189,0.2213919162750244,79.83969288708408,0.25960604764334433
4391,79.84386089425124,0.2243735790252685,79.83969383630003,0.2595980238518121
4392,79.84386089425124,0.2659676074981689,79.83969478508371,0.2595994741213126
4393,79.83498935415189,0.2498085498809814,79.83969371396353,0.25959724536551015
4394,79.83498935415189,0.2567453384399414,79.83969264333089,0.2595965963197829
4395,79.84386089425124,0.2556467056274414,79.83969359173838,0.25959569759607587
4396,79.83498935415189,0.2417926788330078,79.83969252162063,0.2595916477737913
4397,79.83498935415189,0.2236979007720947,79.83969145198964,0.2595834845381757
4398,79.83498935415189,0.2030632495880127,79.83969038284506,0.25957063318871
4399,79.83498935415189,0.2234232425689697,79.83968931418657,0.2595624160051183
4400,79.84386089425124,0.2003448009490966,79.83969026227295,0.25954895745624196
4401,79.83498935415189,0.2761461734771728,79.8396891941275,0.2595527286936927
4402,79.84386089425124,0.2081532478332519,79.8396901418104,0.2595410523009484
4403,79.84386089425124,0.1997256278991699,79.83969108906284,0.25952746714891534
4404,79.83498935415189,0.2284591197967529,79.83969002145726,0.25952041257413055
4405,79.84386089425124,0.2517979145050049,79.83969096830694,0.259518659453116
4406,79.83498935415189,0.2177896499633789,79.83968990121339,0.25950918850225585
4407,79.83498935415189,0.2287895679473877,79.8396888346041,0.25950221785996974
4408,79.83498935415189,0.2578012943267822,79.83968776847877,0.25950183198802484
4409,79.83498935415189,0.2607221603393554,79.83968670283706,0.259502108769234
4410,79.83498935415189,0.2370855808258056,79.83968563767861,0.2594970256563217
4411,79.83498935415189,0.2387850284576416,79.83968457300314,0.2594923301230642
4412,79.83498935415189,0.2939608097076416,79.83968350881028,0.25950014256177334
4413,79.83498935415189,0.2418134212493896,79.83968244509973,0.2594961346938122
4414,79.83498935415189,0.2788445949554443,79.83968138187115,0.259500518123867
4415,79.83498935415189,0.2102134227752685,79.8396803191242,0.25948935456886163
4416,79.83498935415189,0.2288439273834228,79.83967925685857,0.2594824149340823
4417,79.87047551454933,0.2217893600463867,79.83968622906997,0.2594738813015517
4418,79.83498935415189,0.3029396533966064,79.83968516594753,0.2594837196383772
4419,79.84386089425124,0.2183866500854492,79.83968611089622,0.25947441955474904
4420,79.83498935415189,0.2889244556427002,79.83968504828158,0.25948108245884133
4421,79.83498935415189,0.2635416984558105,79.83968398614763,0.2594820009424416
4422,79.86160397444996,0.2097847461700439,79.839688943178,0.25947076230499877
4423,79.83498935415189,0.2234032154083252,79.83968788064374,0.2594626077612735
4424,79.83498935415189,0.2348673343658447,79.83968681858983,0.25945704825101235
4425,79.83498935415189,0.2064032554626464,79.83968575701594,0.2594450586933201
4426,79.84386089425124,0.2200789451599121,79.8396867003366,0.2594361644064847
4427,79.84386089425124,0.2608242034912109,79.83968764323109,0.259436477945921
4428,79.83498935415189,0.2537128925323486,79.8396865821902,0.2594351853566226
4429,79.83498935415189,0.1837177276611328,79.83968552162843,0.25941808952061096
4430,79.83498935415189,0.2491586208343505,79.83968446154547,0.2594157736134583
4431,79.83498935415189,0.2413122653961181,79.839683401941,0.2594116879650229
4432,79.83498935415189,0.2168123722076416,79.8396823428147,0.2594020762060523
4433,79.84386089425124,0.3598942756652832,79.83968328541597,0.25942474532390913
4434,79.84386089425124,0.3087475299835205,79.83968422759207,0.25943586909131094
4435,79.83498935415189,0.3618092536926269,79.83968316899603,0.2594589521543552
4436,79.83498935415189,0.2238130569458007,79.83968211087725,0.2594509165603046
4437,79.83498935415189,0.2357738018035888,79.83968105323544,0.25944558027120007
4438,79.84386089425124,0.239835500717163,79.83968199506532,0.2594411615962217
4439,79.83498935415189,0.2871313095092773,79.83968093792612,0.25944739952095996
4440,79.84386089425124,0.3315987586975097,79.83968187935773,0.2594636498270808
4441,79.84386089425124,0.3221075534820556,79.83968282036535,0.25947775563740616
4442,79.84386089425124,0.2475600242614746,79.83968376094931,0.25947507267221576
4443,79.83498935415189,0.2608203887939453,79.83968270436439,0.25947537546675137
4444,79.84386089425124,0.2868561744689941,79.83968364455113,0.25948153676265645
4445,79.83498935415189,0.3591663837432861,79.8396825884678,0.25950396304994117
4446,79.84386089425124,0.2262241840362548,79.83968352825768,0.2594964777195287
4447,79.83498935415189,0.3041474819183349,79.83968247267546,0.2595065184220695
4448,79.84386089425124,0.5437054634094238,79.8396834120688,0.2595704120697735
4449,79.84386089425124,0.2568788528442383,79.83968435103985,0.259569807089053
4450,79.84386089425124,0.2138264179229736,79.83968528958889,0.25955952767575724
4451,79.83498935415189,0.3048532009124756,79.83968423455958,0.259569703742537
4452,79.83498935415189,0.2304384708404541,79.83968318000423,0.2595631603389202
4453,79.83498935415189,0.2646019458770752,79.83968212592251,0.2595642918874354
4454,79.83498935415189,0.2608382701873779,79.83968107231412,0.259564577917588
4455,79.84386089425124,0.2269635200500488,79.83968201054576,0.2595572600594809
4456,79.83498935415189,0.265671968460083,79.83968095743614,0.2595586323010429
4457,79.83498935415189,0.2568418979644775,79.83967990479911,0.2595580227577769
4458,79.84386089425124,0.2158234119415283,79.83968084266125,0.259548212391959
4459,79.84386089425124,0.2979524135589599,79.83968178010275,0.2595568251305029
4460,79.86160397444996,0.2137808799743652,79.83968669539296,0.2595465614656696
4461,79.84386089425124,0.2938251495361328,79.83968763110218,0.259554245524865
4462,79.83498935415189,0.2581119537353515,79.83968657814903,0.2595539222860058
4463,79.84386089425124,0.2328705787658691,79.83968751346521,0.2595479434951656
4464,79.83498935415189,0.2485044002532959,79.83968646101016,0.259545469583149
4465,79.84386089425124,0.2618489265441894,79.83968739593362,0.2595459854749656
4466,79.84386089425124,0.262779951095581,79.8396883304384,0.2595467096051986
4467,79.84386089425124,0.2408654689788818,79.83968926452478,0.2595425275499879
4468,79.83498935415189,0.2317283153533935,79.83968821262003,0.2595363023458257
4469,79.83498935415189,0.2948386669158935,79.83968716118605,0.25954420173373577
4470,79.83498935415189,0.2579162120819092,79.8396861102225,0.25954383753023424
4471,79.84386089425124,0.2319066524505615,79.83968704396976,0.259537656097651
4472,79.84386089425124,0.3528096675872803,79.83968797729943,0.259558512987519
4473,79.83498935415189,0.1937692165374755,79.8396869268583,0.25954380489531015
4474,79.83498935415189,0.2197511196136474,79.83968587688676,0.25953491068760304
4475,79.83498935415189,0.2940347194671631,79.83968482738446,0.2595426201420789
4476,79.84386089425124,0.2318968772888183,79.83968576037527,0.2595364437026568
4477,79.83498935415189,0.4491889476776123,79.83968471136785,0.2595788052179517
4478,79.84386089425124,0.2385666370391845,79.83968564396788,0.2595741129070587
4479,79.84386089425124,0.311636209487915,79.83968657615146,0.25958573650531297
4480,79.84386089425124,0.2173881530761718,79.8396875079189,0.259576317401869
4481,79.83498935415189,0.3162479400634765,79.8396864594579,0.25958896449462987
4482,79.84386089425124,0.258540391921997,79.83968739083558,0.2595887305426949
4483,79.84386089425124,0.2808246612548828,79.83968832179775,0.25959346753370804
4484,79.84386089425124,0.2678582668304443,79.8396892523447,0.2595953107092872
4485,79.83498935415189,0.2578046321868896,79.83968820442982,0.2595949114498619
4486,79.83498935415189,0.2316327095031738,79.83968715698214,0.259588678234983
4487,79.84386089425124,0.2219457626342773,79.83968808716651,0.2595802889067903
4488,79.83498935415189,0.2518355846405029,79.83968704021174,0.25957856325967216
4489,79.84386089425124,0.2737534046173095,79.83968797000769,0.25958172094320026
4490,79.84386089425124,0.2908499240875244,79.83968889938949,0.2595886849082658
4491,79.84386089425124,0.2958734035491943,79.8396898283574,0.2595967643379342
4492,79.86160397444996,0.2689127922058105,79.83969470684049,0.25959883825331
4493,79.83498935415189,0.2458119392395019,79.83969365957748,0.2595957697247069
4494,79.84386089425124,0.2358241081237793,79.83969458686602,0.2595904800803809
4495,79.83498935415189,0.1992561817169189,79.83969354009567,0.2595770575445937
4496,79.83498935415189,0.2134788036346435,79.83969249379096,0.25956680437424007
4497,79.83498935415189,0.2015750408172607,79.8396914479516,0.25955390871856804
4498,79.83498935415189,0.2289462089538574,79.83969040257723,0.25954710398318237
4499,79.83498935415189,0.2870919704437256,79.83968935766761,0.2595532264251607
4500,79.84386089425124,0.2338676452636718,79.83969028467574,0.25954751851823593
4501,79.84386089425124,0.241816759109497,79.83969121127195,0.259543579224877
4502,79.83498935415189,0.2655463218688965,79.839690166879,0.25954491257508666
4503,79.83498935415189,0.3064947128295898,79.83968912294989,0.2595553389131401
4504,79.83498935415189,0.2308230400085449,79.83968807948435,0.2595489596283034
4505,79.83498935415189,0.2438991069793701,79.83968703648205,0.2595454857431427
4506,79.83498935415189,0.2437989711761474,79.83968599394268,0.2595419911771047
4507,79.84386089425124,0.279191255569458,79.83968692025738,0.25954635089851413
4508,79.84386089425124,0.2519967555999756,79.83968784616111,0.2595446761879333
4509,79.87047551454933,0.2252130508422851,79.8396946742091,0.25953706216590056
4510,79.84386089425124,0.2115178108215332,79.83969559798295,0.2595264148817887
4511,79.83498935415189,0.2559771537780761,79.83969455470123,0.2595256280803913
4512,79.84386089425124,0.2410883903503418,79.83969547809208,0.2595215418131639
4513,79.83498935415189,0.2628364562988281,79.83969443529928,0.25952227633886427
4514,79.83498935415189,0.405787706375122,79.83969339296848,0.25955467895960777
4515,79.83498935415189,0.2339053153991699,79.83969235109942,0.25954899803744597
4516,79.84386089425124,0.2113566398620605,79.83969327416035,0.2595383265675223
4517,79.83498935415189,0.323300838470459,79.8396922327789,0.2595524426870492
4518,79.83498935415189,0.3209869861602783,79.83969119185844,0.25956604041690157
4519,79.84386089425124,0.2497949600219726,79.8396921145631,0.25956387819508375
4520,79.83498935415189,0.3009462356567383,79.83969107412939,0.25957303358390266
4521,79.84386089425124,0.2749176025390625,79.8396919964519,0.2595764276491438
4522,79.84386089425124,0.2578585147857666,79.83969291836651,0.2595760477480241
4523,79.83498935415189,0.3437962532043457,79.83969187844517,0.2595946681781493
4524,79.84386089425124,0.2220573425292968,79.83969279997828,0.25958637080289537
4525,79.84386089425124,0.2897539138793945,79.8396937211041,0.25959303766324376
4526,79.83498935415189,0.3098554611206054,79.83969268169469,0.25960414292693296
4527,79.83498935415189,0.2108993530273437,79.83969164274448,0.25959338419269407
4528,79.86160397444996,0.2989439964294433,79.83969648204035,0.2596020746989301
4529,79.83498935415189,0.2256910800933838,79.83969544270984,0.2595945871752812
4530,79.84386089425124,0.2860119342803955,79.83969636223556,0.2596004188192338
4531,79.87047551454933,0.2519664764404297,79.83970315525086,0.2595987339941668
4532,79.84386089425124,0.2378125190734863,79.83970407266901,0.2595939267975823
4533,79.84386089425124,0.3680009841918945,79.83970498968237,0.2596178418775281
4534,79.83498935415189,0.2379443645477295,79.8397039496216,0.2596130616663835
4535,79.84386089425124,0.2658829689025879,79.83970486625768,0.2596144442258622
4536,79.84386089425124,0.251476526260376,79.8397057824896,0.2596126501522367
4537,79.83498935415189,0.222919225692749,79.8397047429418,0.25960456255592645
4538,79.83498935415189,0.2085316181182861,79.83970370385217,0.2595933080507617
4539,79.84386089425124,0.256946325302124,79.8397046197346,0.25959272488646373
4540,79.83498935415189,0.2259778976440429,79.83970358112985,0.25958532073949403
4541,79.83498935415189,0.2269465923309326,79.83970254298252,0.2595781331754314
4542,79.83498935415189,0.2169187068939209,79.83970150529234,0.2595687409635684
4543,79.84386089425124,0.2509913444519043,79.8397024208523,0.2595668529167906
4544,79.83498935415189,0.2898337841033935,79.83970138364573,0.25957351377312565
4545,79.83498935415189,0.2598223686218261,79.83970034689555,0.25957356852666774
4546,79.83498935415189,0.2269525527954101,79.8396993106015,0.2595663927642983
4547,79.84386089425124,0.277813196182251,79.83970022583873,0.2595704056966533
4548,79.84386089425124,0.2289631366729736,79.83970114067347,0.2595636758661731
4549,79.84386089425124,0.2339758872985839,79.839702055106,0.25955805094013057
4550,79.83498935415189,0.2234394550323486,79.83970101934756,0.2595501127871838
4551,79.83498935415189,0.2499351501464843,79.83969998404427,0.2595480000729143
4552,79.84386089425124,0.2412407398223877,79.83970089812824,0.2595439782670596
4553,79.83498935415189,0.2276079654693603,79.83969986330636,0.2595369639879474
4554,79.83498935415189,0.262869119644165,79.83969882893896,0.25953769568659835
4555,79.84386089425124,0.2738809585571289,79.83969974267448,0.25954084459172905
4556,79.83498935415189,0.2915782928466797,79.83969870878762,0.2595478765162802
4557,79.84386089425124,0.3428819179534912,79.8396996221485,0.2595661635563147
4558,79.83498935415189,0.2376079559326172,79.83969858874174,0.2595613460469633
4559,79.83498935415189,0.3017852306365967,79.83969755578832,0.2595706077018415
4560,79.83498935415189,0.2449352741241455,79.83969652328796,0.25956739819886393
4561,79.86160397444996,0.2295377254486084,79.83970132650022,0.2595608141881754
4562,79.84386089425124,0.2535932064056396,79.83970223828622,0.2595595060759916
4563,79.83498935415189,0.2289297580718994,79.8397012054385,0.25955279344219717
4564,79.83498935415189,0.2084593772888183,79.8397001730434,0.2595415985657394
4565,79.83498935415189,0.2854804992675781,79.83969914110058,0.25954728069075617
4566,79.84386089425124,0.2938249111175537,79.83970005256646,0.2595547878371484
4567,79.83498935415189,0.2428252696990966,79.83969902110194,0.2595511247063978
4568,79.83498935415189,0.2339832782745361,79.83969799008904,0.25954552754211757
4569,79.84386089425124,0.2381453514099121,79.83969890120835,0.25954084376533226
4570,79.83498935415189,0.3654053211212158,79.8396978706729,0.25956400885884556
4571,79.87047551454933,0.2624855041503906,79.83970460391373,0.2595646479958597
4572,79.83498935415189,0.2527742385864258,79.83970357258175,0.25956316277945346
4573,79.84386089425124,0.2159404754638672,79.83970448168337,0.25955362359569756
4574,79.83498935415189,0.2313499450683593,79.83970345082908,0.25954745750944325
4575,79.83498935415189,0.2621960639953613,79.83970242042543,0.25954803643982266
4576,79.83498935415189,0.3288543224334717,79.83970139047213,0.2595631820442793
4577,79.83498935415189,0.2148871421813964,79.83970036096888,0.2595534210567629
4578,79.84386089425124,0.2725863456726074,79.83970126977913,0.2595562679166615
4579,79.83498935415189,0.267988920211792,79.83970024075191,0.2595581095092134
4580,79.84386089425124,0.2584695816040039,79.83970114919154,0.2595578718393651
4581,79.84386089425124,0.2780988216400146,79.83970205723456,0.2595619191979769
4582,79.83498935415189,0.2492287158966064,79.83970102870921,0.25955966402484254
4583,79.84386089425124,0.2200610637664795,79.83970193638226,0.25955104552162234
4584,79.84386089425124,0.2741775512695312,79.83970284365928,0.2595542362951275
4585,79.87047551454933,0.2388381958007812,79.839709555256,0.2595497180747362
4586,79.83498935415189,0.2392077445983886,79.83970852599278,0.25954528240673
4587,79.83498935415189,0.2076272964477539,79.83970749717832,0.25953396390096173
4588,79.83498935415189,0.2208621501922607,79.83970646881237,0.25952553499649167
4589,79.84386089425124,0.2178809642791748,79.83970737411317,0.25951646012817237
4590,79.86160397444996,0.2106521129608154,79.83971214461434,0.2595058143009028
4591,79.83498935415189,0.2188813686370849,79.83971111590807,0.25949696558697033
4592,79.83498935415189,0.2119677066802978,79.83971008764985,0.25948661513860216
4593,79.83498935415189,0.2036275863647461,79.83970905983936,0.25947445336442976
4594,79.83498935415189,0.2088134288787841,79.83970803247635,0.25946342571434583
4595,79.84386089425124,0.3089666366577148,79.83970893625475,0.2594741989920266
4596,79.83498935415189,0.2710404396057129,79.8397079093657,0.25947671558049784
4597,79.86160397444996,0.2569234371185303,79.83971267248621,0.2594761601577304
4598,79.83498935415189,0.3034999370574951,79.83971164523125,0.2594857347068604
4599,79.83498935415189,0.2648165225982666,79.83971061842301,0.2594868938257757
4600,79.83498935415189,0.2327680587768554,79.83970959206121,0.2594810853833738
4601,79.83498935415189,0.2838780879974365,79.83970856614555,0.25948638792686735
4602,79.83498935415189,0.2909233570098877,79.83970754067575,0.25949321908051426
4603,79.83498935415189,0.2400844097137451,79.83970651565151,0.2594890025240583
4604,79.83498935415189,0.2327344417572021,79.83970549107256,0.2594831913683748
4605,79.83498935415189,0.2518103122711181,79.83970446693858,0.25948152516227335
4606,79.84386089425124,0.240535020828247,79.8397053693327,0.25947741172233973
4607,79.84386089425124,0.2816762924194336,79.83970627133509,0.2594822302334526
4608,79.83498935415189,0.3157498836517334,79.83970524769853,0.2594944410957396
4609,79.84386089425124,0.322991132736206,79.8397061493359,0.25950821776999444
4610,79.83498935415189,0.2315936088562011,79.8397051261699,0.2595021625402951
4611,79.83498935415189,0.2867658138275146,79.83970410344772,0.25950807528184516
4612,79.83498935415189,0.3038330078125,79.83970308116902,0.25951768606513453
4613,79.84386089425124,0.2984187602996826,79.83970398249421,0.25952611898822897
4614,79.84386089425124,0.2128691673278808,79.83970488342871,0.2595160069484239
4615,79.84386089425124,0.2549178600311279,79.83970578397278,0.2595150106002295
4616,79.84386089425124,0.3548243045806885,79.83970668412664,0.25953565819424607
4617,79.83498935415189,0.2978489398956299,79.83970566239609,0.2595439565008741
4618,79.84386089425124,0.2848544120788574,79.83970656218644,0.25954943732711444
4619,79.83498935415189,0.2549428939819336,79.83970554092468,0.2595484400239438
4620,79.86160397444996,0.3091115951538086,79.83971028084535,0.2595591679795996
4621,79.86160397444996,0.217128038406372,79.83971501871456,0.259549985739917
4622,79.83498935415189,0.2949512004852295,79.83971399628605,0.2595576450248035
4623,79.84386089425124,0.3574633598327636,79.83971489330054,0.2595788229860425
4624,79.83498935415189,0.2502408027648926,79.83971387134137,0.2595768035180016
4625,79.83498935415189,0.2230823040008545,79.83971284982414,0.2595689128154033
4626,79.83498935415189,0.2310004234313964,79.83971182874855,0.25956273717999817
4627,79.84386089425124,0.2387652397155761,79.83971272545602,0.25955824236749236
4628,79.84386089425124,0.2344260215759277,79.83971362177599,0.25955281189627555
4629,79.83498935415189,0.240657091140747,79.83971260119539,0.25954872986543615
4630,79.83498935415189,0.2427620887756347,79.83971158105562,0.2595451042410107
4631,79.83498935415189,0.3429532051086426,79.83971056135644,0.2595631150595958
4632,79.83498935415189,0.2929346561431885,79.83970954209754,0.259570319623733
4633,79.83498935415189,0.215897798538208,79.83970852327865,0.2595608932215993
4634,79.83498935415189,0.2169220447540283,79.83970750489945,0.25955169191636246
4635,79.83498935415189,0.2439789772033691,79.8397064869597,0.2595483321073629
4636,79.86160397444996,0.2227783203125,79.83971121031765,0.25954040069843387
4637,79.83498935415189,0.2389991283416748,79.83971019201785,0.2595359708359459
4638,79.86160397444996,0.1981780529022216,79.83971491254015,0.2595227414444121
4639,79.83498935415189,0.2358429431915283,79.8397138938813,0.2595176369395074
4640,79.83498935415189,0.2369692325592041,79.83971287566152,0.2595127773695979
4641,79.84386089425124,0.2188413143157959,79.83971376943842,0.25950401385676575
4642,79.83498935415189,0.2447676658630371,79.83971275168416,0.25950083928804674
4643,79.83498935415189,0.3058881759643554,79.8397117343683,0.2595108300993059
4644,79.83498935415189,0.2758421897888183,79.83971071749055,0.25951434675729246
4645,79.83498935415189,0.2499465942382812,79.83970970105064,0.2595122869612711
4646,79.83498935415189,0.3385839462280273,79.8397086850483,0.25952930625943443
4647,79.83498935415189,0.2374131679534912,79.83970766948322,0.25952454703018846
4648,79.83498935415189,0.2919669151306152,79.83970665435513,0.2595315268856318
4649,79.84386089425124,0.2121961116790771,79.83970754793222,0.2595213450368027
4650,79.83498935415189,0.2557175159454345,79.83970653326689,0.2595205270090411
4651,79.84386089425124,0.2318120002746582,79.83970742648576,0.25951456946727924
4652,79.86160397444996,0.2458248138427734,79.83971213339633,0.25951162669951816
4653,79.84386089425124,0.2555036544799804,79.83971302502772,0.2595107653257336
4654,79.84386089425124,0.2508597373962402,79.83971391627594,0.2595089064886194
4655,79.83498935415189,0.2687067985534668,79.83971290133242,0.2595108824052821
4656,79.84386089425124,0.2517933845520019,79.83971379222437,0.2595092248670834
4657,79.84386089425124,0.2618236541748047,79.83971468273371,0.2595097218456764
4658,79.84386089425124,0.2412617206573486,79.83971557286071,0.2595058042842362
4659,79.83498935415189,0.2416822910308838,79.83971455843299,0.25950197867503827
4660,79.83498935415189,0.226405382156372,79.83971354444066,0.2594948764011072
4661,79.84386089425124,0.2328171730041504,79.83971443423894,0.25948915280029256
4662,79.84386089425124,0.3516438007354736,79.83971532365551,0.25950891999204184
4663,79.83498935415189,0.2588534355163574,79.83971431015142,0.25950877942063383
4664,79.83498935415189,0.2547147274017334,79.83971329708196,0.2595077515364102
4665,79.83498935415189,0.2580773830413818,79.8397122844468,0.2595074449193695
4666,79.83498935415189,0.2858922481536865,79.83971127224571,0.2595130996135903
4667,79.83498935415189,0.2595252990722656,79.83971026047838,0.2595131022275733
4668,79.84386089425124,0.2799086570739746,79.83971114964586,0.25951747145526105
4669,79.83498935415189,0.2815234661102295,79.83971013833819,0.2595221846689374
4670,79.84386089425124,0.2475533485412597,79.83971102715103,0.25951962174899573
4671,79.83498935415189,0.2969217300415039,79.83971001630259,0.259527629051135
4672,79.84386089425124,0.2839288711547851,79.83971090476106,0.25953285191973596
4673,79.84386089425124,0.2638883590698242,79.83971179283928,0.2595337839777608
4674,79.83498935415189,0.2398619651794433,79.83971078247585,0.2595295752018091
4675,79.84386089425124,0.2372117042541504,79.83971167020029,0.2595248013256705
4676,79.84386089425124,0.2397911548614502,79.83971255754504,0.25952058112753873
4677,79.83498935415189,0.2878296375274658,79.83971154766618,0.25952663395122916
4678,79.83498935415189,0.2331712245941162,79.83971053821908,0.2595210000458514
4679,79.83498935415189,0.2387259006500244,79.83970952920346,0.2595165556988978
4680,79.83498935415189,0.2280120849609375,79.83970852061906,0.25950982397438116
4681,79.83498935415189,0.2767186164855957,79.83970751246555,0.2595135002812624
4682,79.84386089425124,0.2137608528137207,79.8397083995612,0.25950372825062007
4683,79.83498935415189,0.2019126415252685,79.83970739186412,0.2594914303461303
4684,79.83498935415189,0.2146525382995605,79.8397063845973,0.25948185756815284
4685,79.84386089425124,0.2251994609832763,79.83970727136565,0.25947454008755844
4686,79.83498935415189,0.2338597774505615,79.83970626455447,0.2594690738556683
4687,79.83498935415189,0.2297339439392089,79.83970525817288,0.25946272968457457
4688,79.83498935415189,0.2343862056732177,79.83970425222066,0.25945738059668816
4689,79.83498935415189,0.1989204883575439,79.83970324669751,0.25944447019100697
4690,79.83498935415189,0.1894032955169677,79.83970224160313,0.25942953603862445
4691,79.84386089425124,0.2558705806732178,79.83970312812045,0.2594287773612922
4692,79.83498935415189,0.2589471340179443,79.83970212347978,0.2594286747092583
4693,79.83498935415189,0.2529044151306152,79.83970111926726,0.2594272844983956
4694,79.84386089425124,0.2388341426849365,79.83970200545708,0.25942289737828195
4695,79.83498935415189,0.2668836116790771,79.83970100169748,0.2594244864548103
4696,79.83498935415189,0.2187683582305908,79.83969999836538,0.25941582884658543
4697,79.84386089425124,0.2209212779998779,79.83970088422781,0.2594076332854088
4698,79.84386089425124,0.248859167098999,79.83970176971314,0.25940538797545
4699,79.84386089425124,0.235539436340332,79.83970265482158,0.25940030903277383
4700,79.83498935415189,0.2116618156433105,79.83970165199165,0.25939015190652076
4701,79.84386089425124,0.2092146873474121,79.83970253674856,0.25937947854669113
4702,79.84386089425124,0.2740862369537353,79.83970342112914,0.25938260631326004
4703,79.84386089425124,0.3218145370483398,79.83970430513364,0.2593958812294274
4704,79.84386089425124,0.2352054119110107,79.83970518876228,0.25939073869768453
4705,79.84386089425124,0.2370538711547851,79.83970607201532,0.2593859912231802
4706,79.83498935415189,0.2397544384002685,79.83970506973782,0.25938181962249535
4707,79.83498935415189,0.2583663463592529,79.83970406788619,0.2593816038856644
4708,79.84386089425124,0.2215871810913086,79.83970495081448,0.25937357618328666
4709,79.83498935415189,0.3760011196136474,79.83970394941362,0.2593983431281647
4710,79.87047551454933,0.4581723213195801,79.83971048265462,0.2594405456713051
4711,79.83498935415189,0.1997303962707519,79.83970948050465,0.2594278710482101
4712,79.84386089425124,0.377847671508789,79.83971036153473,0.25945300258481035
4713,79.83498935415189,0.2325248718261718,79.83970935983574,0.25944728899882297
4714,79.84386089425124,0.1938493251800537,79.83971024051762,0.2594333734358576
4715,79.84386089425124,0.3098366260528564,79.83971112082594,0.2594440634152037
4716,79.83498935415189,0.2848031520843506,79.83971011960315,0.2594494406604686
4717,79.86160397444996,0.2508759498596191,79.83971476108181,0.2594476230876891
4718,79.84386089425124,0.2338454723358154,79.83971563987222,0.2594421966038502
4719,79.83498935415189,0.233797550201416,79.8397146383283,0.2594367622647101
4720,79.83498935415189,0.2657985687255859,79.83971363720877,0.25943811010506196
4721,79.83498935415189,0.2758510112762451,79.83971263651335,0.25944158667807005
4722,79.83498935415189,0.2349603176116943,79.83971163624177,0.25943640216534947
4723,79.84386089425124,0.2485153675079345,79.83971251476349,0.2594340898565082
4724,79.83498935415189,0.2879464626312256,79.83971151494117,0.25944012549850115
4725,79.83498935415189,0.2238345146179199,79.83971051554205,0.2594325899194788
4726,79.84386089425124,0.2480278015136718,79.83971139374323,0.25943017671837726
4727,79.83498935415189,0.2616674900054931,79.83971039479259,0.2594306500234941
4728,79.83498935415189,0.245251178741455,79.83970939626454,0.25942765098134474
4729,79.83498935415189,0.2960293292999267,79.83970839815878,0.25943539081604944
4730,79.86160397444996,0.2517259120941162,79.83971302724467,0.2594337609051146
4731,79.86160397444996,0.2497739791870117,79.83971765437364,0.25943171909963625
4732,79.84386089425124,0.2559576034545898,79.83971852995266,0.2594309849247324
4733,79.84386089425124,0.2276828289031982,79.83971940516169,0.2594242770954441
4734,79.84386089425124,0.265789270401001,79.83972028000095,0.25942562162296956
4735,79.83498935415189,0.3138446807861328,79.83971928086139,0.2594371145604908
4736,79.83498935415189,0.2227265834808349,79.83971828214375,0.25942936318146215
4737,79.84386089425124,0.2078540325164795,79.83971915666604,0.25941847541902496
4738,79.83498935415189,0.2603464126586914,79.8397181583962,0.25941867126901225
4739,79.84386089425124,0.3348054885864258,79.83971903257553,0.2594345790169163
4740,79.84386089425124,0.2834646701812744,79.83971990638601,0.25943964865640246
4741,79.83498935415189,0.2230815887451172,79.83971890858972,0.25943197979753063
4742,79.84386089425124,0.2903077602386474,79.8397197820578,0.2594384909279484
4743,79.83498935415189,0.23736572265625,79.83971878470847,0.25943383717119706
4744,79.83498935415189,0.3001878261566162,79.83971778777959,0.25944242780968474
4745,79.83498935415189,0.2689929008483886,79.83971679127092,0.25944444055426613
4746,79.86160397444996,0.2600808143615722,79.83972140298249,0.25944457464061405
4747,79.83498935415189,0.2567770481109619,79.83972040613209,0.25944401270117234
4748,79.83498935415189,0.2417714595794677,79.8397194097016,0.25944029059647106
4749,79.83498935415189,0.2309181690216064,79.83971841369073,0.2594342846748929
4750,79.83498935415189,0.3000924587249756,79.83971741809926,0.25944284429048237
4751,79.84386089425124,0.2217059135437011,79.83971829022641,0.259434901345682
4752,79.83498935415189,0.298778772354126,79.83971729507994,0.2594431807798167
4753,79.83498935415189,0.2798166275024414,79.8397163003522,0.25944746721927026
4754,79.83498935415189,0.2658965587615967,79.83971530604293,0.2594488237803856
4755,79.84386089425124,0.409541368484497,79.83971617788062,0.2594803889843192
4756,79.84386089425124,0.2584455013275146,79.83971704935169,0.25948017138809193
4757,79.83498935415189,0.3273344039916992,79.83971605551204,0.25949443546894196
4758,79.83498935415189,0.1993546485900879,79.83971506209014,0.25948179574912716
4759,79.83498935415189,0.1866273880004882,79.83971406908574,0.2594664869851539
4760,79.83498935415189,0.2024374008178711,79.83971307649857,0.2594545060846986
4761,79.83498935415189,0.2790760993957519,79.83971208432835,0.25945862740234427
4762,79.84386089425124,0.2188286781311035,79.83971295556101,0.25945009528363966
4763,79.84386089425124,0.2398223876953125,79.83971382642784,0.2594459744128464
4764,79.83498935415189,0.2148423194885254,79.839712834725,0.2594366117648774
4765,79.84386089425124,0.2687957286834717,79.83971370525167,0.2594385759027407
4766,79.84386089425124,0.2477953433990478,79.83971457541303,0.2594361329248759
4767,79.84386089425124,0.2558019161224365,79.83971544520931,0.25943537055508303
4768,79.83498935415189,0.260789155960083,79.83971445399892,0.2594356544865858
4769,79.84386089425124,0.4064440727233886,79.83971532345589,0.2594664803239179
4770,79.86160397444996,0.2968349456787109,79.8397199122716,0.2594743143837407
4771,79.83498935415189,0.2501206398010254,79.83971892074821,0.259472353856685
4772,79.83498935415189,0.243373155593872,79.83971792964037,0.25946898017725023
4773,79.86160397444996,0.3478198051452636,79.83972251502583,0.25948749072092675
4774,79.83498935415189,0.2560732364654541,79.83972152358031,0.2594867755440823
4775,79.84386089425124,0.2275660037994384,79.83972239046422,0.2594800905657064
4776,79.84386089425124,0.2537903785705566,79.83972325698512,0.2594788992524746
4777,79.83498935415189,0.2539980411529541,79.83972226600692,0.2594777519093514
4778,79.83498935415189,0.2095112800598144,79.83972127544354,0.2594672942969928
4779,79.84386089425124,0.2358527183532714,79.8397221416538,0.25946235297538917
4780,79.84386089425124,0.232731819152832,79.83972300750162,0.2594567608135016
4781,79.84386089425124,0.2278456687927246,79.83972387298724,0.25945014899755914
4782,79.84386089425124,0.2308692932128906,79.83972473811089,0.2594441722397623
4783,79.83498935415189,0.2365880012512207,79.83972374806615,0.2594393936131705
4784,79.83498935415189,0.2632632255554199,79.83972275843531,0.25944019290914505
4785,79.83498935415189,0.2671003341674804,79.8397217692181,0.2594417937746118
4786,79.83498935415189,0.3139772415161133,79.83972078041428,0.2594531885610183
4787,79.84386089425124,0.2698428630828857,79.83972164528035,0.2594553589546932
4788,79.83498935415189,0.2563245296478271,79.83972065691545,0.25945470506386054
4789,79.83498935415189,0.2988381385803222,79.83971966896331,0.2594629287918865
4790,79.83498935415189,0.2657728195190429,79.83971868142368,0.25946424609684
4791,79.86160397444996,0.3798046112060547,79.83972324942472,0.25948936410249834
4792,79.84386089425124,0.2318358421325683,79.83972411287314,0.25948359333414067
4793,79.83498935415189,0.251990795135498,79.83972312502446,0.25948203005473347
4794,79.84386089425124,0.3038811683654785,79.83972398813862,0.2594912914519614
4795,79.83498935415189,0.3278088569641113,79.83972300072797,0.2595055391194301
4796,79.84386089425124,0.229973554611206,79.83972386350811,0.25949938149130075
4797,79.84386089425124,0.3243782520294189,79.83972472592853,0.2595129063757156
4798,79.83498935415189,0.2701725959777832,79.83972373898152,0.2595151280700887
4799,79.83498935415189,0.3456683158874511,79.83972275244581,0.25953308039095085
4800,79.83498935415189,0.38979172706604,79.83972176632116,0.25956021760900816
4801,79.83498935415189,0.2228713035583496,79.83972078060731,0.2595525756773167
4802,79.83498935415189,0.3050048351287842,79.839719795304,0.2595620409541704
4803,79.84386089425124,0.2279601097106933,79.83972065749408,0.2595554613307593
4804,79.83498935415189,0.232975959777832,79.83971967262661,0.25954992854525705
4805,79.83498935415189,0.2608938217163086,79.83971868816907,0.259550208231661
4806,79.84386089425124,0.2558269500732422,79.83971955005131,0.25954943352126597
4807,79.84386089425124,0.189359426498413,79.83972041157497,0.25953483189717136
4808,79.83498935415189,0.1767964363098144,79.839719427578,0.2595176234122322
4809,79.83498935415189,0.2848970890045166,79.83971844399026,0.2595229009055972
4810,79.83498935415189,0.3105943202972412,79.8397174608115,0.2595335186643065
4811,79.84386089425124,0.2308611869812011,79.83971832205312,0.25952755891962076
4812,79.83498935415189,0.2548391819000244,79.83971733930834,0.25952658461018197
4813,79.84386089425124,0.2203576564788818,79.83971820021732,0.25951844645765104
4814,79.83498935415189,0.2968282699584961,79.83971721790613,0.2595261967325785
4815,79.84386089425124,0.2261900901794433,79.83971807848273,0.2595192733459631
4816,79.84386089425124,0.2524862289428711,79.83971893870196,0.2595178129962116
4817,79.83498935415189,0.2458393573760986,79.83971795684923,0.25951497337494944
4818,79.83498935415189,0.2424798011779785,79.83971697540409,0.2595114376397487
4819,79.84386089425124,0.2674856185913086,79.83971783531669,0.2595130923774436
4820,79.84386089425124,0.2669227123260498,79.83971869487249,0.2595146296429931
4821,79.84386089425124,0.2348992824554443,79.8397195540717,0.2595095237837963
4822,79.83498935415189,0.2798514366149902,79.83971857310947,0.25951374234722047
4823,79.84386089425124,0.2373452186584472,79.83971943197763,0.2595091459292879
4824,79.83498935415189,0.2588179111480713,79.8397184514474,0.2595090026384958
4825,79.84386089425124,0.2468883991241455,79.83971930998476,0.2595063869693736
4826,79.83498935415189,0.2397940158843994,79.83971832988617,0.25950230235041694
4827,79.83498935415189,0.2289347648620605,79.83971735019365,0.25949596973440525
4828,79.84386089425124,0.2122037410736084,79.83971820842565,0.2594861743266462
4829,79.83498935415189,0.2028472423553466,79.83971722916404,0.2594744454113488
4830,79.83498935415189,0.2146000862121582,79.83971625030793,0.2594651546537506
4831,79.83498935415189,0.2148888111114502,79.83971527185705,0.2594559275074988
4832,79.83498935415189,0.2193708419799804,79.83971429381117,0.25944763175304364
4833,79.84386089425124,0.2678003311157226,79.83971515178767,0.25944936001693
4834,79.83498935415189,0.2393269538879394,79.83971417417128,0.25944519733465254
4835,79.83498935415189,0.2263779640197754,79.83971319695927,0.2594383581964282
4836,79.86160397444996,0.287947416305542,79.8397177235882,0.2594442533697344
4837,79.84386089425124,0.2488572597503662,79.83971858014611,0.25944206461769403
4838,79.83498935415189,0.2306270599365234,79.83971760262936,0.25943610864318367
4839,79.86160397444996,0.3737232685089111,79.8397221255415,0.2594597265724802
4840,79.83498935415189,0.2508330345153808,79.83972114769617,0.2594579441980882
4841,79.84386089425124,0.2578563690185547,79.83972200283903,0.25945761336247997
4842,79.83498935415189,0.309952974319458,79.83972102542293,0.25946804197895185
4843,79.83498935415189,0.2498407363891601,79.83972004841048,0.2594660540983841
4844,79.84386089425124,0.2630109786987304,79.83972090325067,0.2594667859160142
4845,79.84386089425124,0.2550904750823974,79.83972175773798,0.2594658826526843
4846,79.83498935415189,0.224907636642456,79.83972078117925,0.25945875135965696
4847,79.84386089425124,0.2537035942077636,79.83972163533916,0.2594575639948639
4848,79.83498935415189,0.3432607650756836,79.83972065920855,0.25947485013370075
4849,79.84386089425124,0.2494029998779297,79.83972151304131,0.25947277303527716
4850,79.84386089425124,0.2213342189788818,79.83972236652197,0.2594649094158841
4851,79.83498935415189,0.3128175735473633,79.8397213908443,0.2594759076975026
4852,79.83498935415189,0.2159388065338134,79.8397204155688,0.2594669346758283
4853,79.83498935415189,0.2382547855377197,79.83971944069523,0.25946256374050214
4854,79.84386089425124,0.2039365768432617,79.83972029389952,0.2594511245178204
4855,79.84386089425124,0.1912708282470703,79.83972114675231,0.2594370812024196
4856,79.84386089425124,0.2409696578979492,79.83972199925387,0.25943327819103074
4857,79.84386089425124,0.2350163459777832,79.83972285140437,0.2594282510277173
4858,79.84386089425124,0.2382826805114746,79.83972370320406,0.25942389829603424
4859,79.84386089425124,0.2395124435424804,79.83972455465313,0.25941980044570423
4860,79.84386089425124,0.2563800811767578,79.83972540575182,0.2594191749890645
4861,79.83498935415189,0.305790901184082,79.83972443145608,0.2594287145336428
4862,79.83498935415189,0.2618124485015869,79.8397234575611,0.25942920481212245
4863,79.83498935415189,0.2492156028747558,79.83972248406667,0.2594271045443994
4864,79.83498935415189,0.2658283710479736,79.83972151097252,0.2594284205942562
4865,79.84386089425124,0.2869842052459717,79.83972236182213,0.2594340846815433
4866,79.83498935415189,0.2659940719604492,79.83972138915306,0.2594354328088098
4867,79.84386089425124,0.2656271457672119,79.83972223967804,0.25943670499146
4868,79.83498935415189,0.249974250793457,79.83972126743367,0.25943476118410624
4869,79.86160397444996,0.2724006175994873,79.83972576172552,0.25943742412442566
4870,79.83498935415189,0.2248506546020507,79.83972478915723,0.2594303221183636
4871,79.83498935415189,0.2627596855163574,79.83972381698827,0.259431005625528
4872,79.83498935415189,0.3619420528411865,79.83972284521839,0.25945204648086784
4873,79.83498935415189,0.3048381805419922,79.83972187384734,0.25946136027813055
4874,79.84386089425124,0.2977244853973388,79.83972272305137,0.2594692107346589
4875,79.83498935415189,0.3060007095336914,79.8397217521039,0.25947875565748946
4876,79.83498935415189,0.2778785228729248,79.83972078155467,0.25948252919465425
4877,79.84386089425124,0.229853868484497,79.8397216304603,0.25947645401304464
4878,79.83498935415189,0.2479438781738281,79.83972066033395,0.25947408981135556
4879,79.83498935415189,0.3266444206237793,79.83971969060528,0.2594878570445616
4880,79.84386089425124,0.3386061191558838,79.83972053921259,0.259504069803191
4881,79.84386089425124,0.3028609752655029,79.83972138747218,0.2595129525947219
4882,79.83498935415189,0.2617645263671875,79.83972041819045,0.259513413793774
4883,79.83498935415189,0.2362756729125976,79.83971944930575,0.2595086548871836
4884,79.84386089425124,0.3138816356658935,79.83972029726745,0.2595197877661309
4885,79.84386089425124,0.2733309268951416,79.83972114488198,0.2595226150208144
4886,79.83498935415189,0.2234449386596679,79.83972017644344,0.2595152311328977
4887,79.84386089425124,0.2566883563995361,79.8397210237358,0.2595146526850292
4888,79.84386089425124,0.3048336505889892,79.8397218706815,0.2595239241657788
4889,79.87047551454933,0.2451207637786865,79.8397281610566,0.25952097813174585
4890,79.83498935415189,0.2285194396972656,79.83972719197543,0.25951463834883487
4891,79.84386089425124,0.3863754272460937,79.83972803714049,0.25954057594623775
4892,79.83498935415189,0.2683789730072021,79.83972706848083,0.25954238265046115
4893,79.83498935415189,0.2716255187988281,79.83972610021712,0.25954485212443384
4894,79.83498935415189,0.295983076095581,79.8397251323491,0.2595522976135983
4895,79.84386089425124,0.2527058124542236,79.83972597724429,0.2595508989445157
4896,79.84386089425124,0.2332475185394287,79.83972682179433,0.2595455265220474
4897,79.84386089425124,0.2374923229217529,79.83972766599945,0.259541023111061
4898,79.84386089425124,0.2626402378082275,79.83972850985985,0.2595416558621221
4899,79.84386089425124,0.2628159523010254,79.83972935337576,0.2595423242222852
4900,79.83498935415189,0.2272372245788574,79.83972838602897,0.2595357313448069
4901,79.83498935415189,0.1924598217010498,79.83972741907694,0.25952204517675065
4902,79.83498935415189,0.2638928890228271,79.83972645251943,0.2595229368217621
4903,79.83498935415189,0.1998946666717529,79.83972548635619,0.25951077523290833
4904,79.84386089425124,0.2469441890716552,79.83972632962859,0.25950821271533875
4905,79.83498935415189,0.2612357139587402,79.83972536388436,0.2595085649072334
4906,79.84386089425124,0.2213361263275146,79.83972620683795,0.25950078414111444
4907,79.84386089425124,0.270625352859497,79.83972704944799,0.2595030512225732
4908,79.83498935415189,0.2589418888092041,79.8397260841474,0.2595029368863032
4909,79.83498935415189,0.2835218906402588,79.83972511924007,0.2595078297267501
4910,79.84386089425124,0.2729389667510986,79.83972596155678,0.2595105651925392
4911,79.83498935415189,0.2619073390960693,79.83972499706739,0.2595110532344662
4912,79.84386089425124,0.2279160022735595,79.839725839066,0.259504621017251
4913,79.84386089425124,0.2548527717590332,79.83972668072185,0.2595036741722972
4914,79.83498935415189,0.2708854675292969,79.83972571667493,0.2595059903695615
4915,79.84386089425124,0.234776496887207,79.8397265580132,0.25950095893650305
4916,79.83498935415189,0.2863814830780029,79.83972559438344,0.2595064269031714
4917,79.84386089425124,0.295133113861084,79.83972643540437,0.25951367251776525
4918,79.83498935415189,0.2232346534729004,79.83972547219142,0.25950629573471423
4919,79.83498935415189,0.2231035232543945,79.8397245093701,0.2594988952930634
4920,79.83498935415189,0.2265291213989257,79.83972354694018,0.2594921941195077
4921,79.86160397444996,0.2348573207855224,79.8397279932778,0.25948718804892573
4922,79.83498935415189,0.2598550319671631,79.83972703053114,0.2594872627835698
4923,79.83498935415189,0.2743244171142578,79.83972606817558,0.2594902766276345
4924,79.83498935415189,0.25946044921875,79.8397251062109,0.2594902705700779
4925,79.83498935415189,0.2109286785125732,79.83972414463688,0.25948041034834035
4926,79.83498935415189,0.2209348678588867,79.83972318345326,0.2594725854310668
4927,79.84386089425124,0.2168140411376953,79.83972402325655,0.2594639273136945
4928,79.84386089425124,0.200817584991455,79.83972486271901,0.25945202667604794
4929,79.86160397444996,0.2421913146972656,79.83972930157307,0.2594485248071133
4930,79.84386089425124,0.2728250026702881,79.83973013962434,0.25945123808862713
4931,79.83498935415189,0.2498290538787841,79.83972917819958,0.25944928672293865
4932,79.84386089425124,0.2778153419494629,79.839730015936,0.2594530105784185
4933,79.84386089425124,0.2576708793640136,79.83973085333278,0.2594526493111948
4934,79.84386089425124,0.313462495803833,79.83973169039012,0.25946359577379974
4935,79.86160397444996,0.2195978164672851,79.83973612246389,0.25945551760170116
4936,79.83498935415189,0.2476506233215332,79.83973516080094,0.25945312601047743
4937,79.83498935415189,0.2405242919921875,79.83973419952757,0.25944929193431415
4938,79.83498935415189,0.4191157817840576,79.83973323864352,0.259481626176892
4939,79.84386089425124,0.246690034866333,79.83973407437051,0.25947903626166413
4940,79.83498935415189,0.2209453582763672,79.83973311390083,0.259471235921991
4941,79.84386089425124,0.2758970260620117,79.83973394931479,0.2594745603077712
4942,79.83498935415189,0.2389662265777588,79.8397329892591,0.2594704105032933
4943,79.83498935415189,0.3028678894042969,79.83973202959187,0.25947919008632
4944,79.84386089425124,0.2477836608886718,79.83973286471823,0.2594768244857541
4945,79.84386089425124,0.2855315208435058,79.83973369950681,0.2594820933828942
4946,79.83498935415189,0.3405566215515136,79.83973274027807,0.25949848532146447
4947,79.84386089425124,0.201841115951538,79.8397335747543,0.2594868303044097
4948,79.83498935415189,0.2290523052215576,79.8397326159385,0.25948067943030245
4949,79.83498935415189,0.1975586414337158,79.83973165751017,0.25946816739999395
4950,79.83498935415189,0.2219386100769043,79.83973069946909,0.25946058567124186
4951,79.84386089425124,0.2758398056030273,79.83973153368335,0.25946389393622504
4952,79.84386089425124,0.2338321208953857,79.83973236756069,0.25945871789158836
4953,79.83498935415189,0.2257156372070312,79.83973140995651,0.25945190523649353
4954,79.83498935415189,0.2808012962341308,79.83973045273895,0.2594562147623308
4955,79.83498935415189,0.2818748950958252,79.83972949590775,0.25946073921850304
4956,79.84386089425124,0.2838263511657715,79.83973032952323,0.2594656556050945
4957,79.84386089425124,0.2569680213928222,79.83973116280238,0.2594651517450557
4958,79.87047551454933,0.2508671283721924,79.83973736376079,0.2594634175733387
4959,79.84386089425124,0.221912145614624,79.83973819528539,0.2594558452256963
4960,79.83498935415189,0.2839345932006836,79.83973723785773,0.2594607804571429
4961,79.83498935415189,0.263801097869873,79.83973628081607,0.25946165534474874
4962,79.86160397444996,0.283923864364624,79.83974068784823,0.25946658525386196
4963,79.83498935415189,0.2907633781433105,79.83973973049709,0.2594728912770112
4964,79.83498935415189,0.2857987880706787,79.83973877353166,0.25947819464058763
4965,79.84386089425124,0.3228192329406738,79.83973960376747,0.2594909521508193
4966,79.84386089425124,0.2209975719451904,79.8397404336689,0.259483200765357
4967,79.84386089425124,0.2366797924041748,79.83974126323616,0.2594786097832026
4968,79.83498935415189,0.2371442317962646,79.83974030673272,0.2594741141354596
4969,79.83498935415189,0.202634572982788,79.83973935061427,0.2594626753064895
4970,79.84386089425124,0.213681936264038,79.8397401798987,0.25945346389018314
4971,79.83498935415189,0.2031545639038086,79.83973922419044,0.25944213842247316
4972,79.83498935415189,0.2987556457519531,79.83973826886661,0.2594500454030302
4973,79.83498935415189,0.2707014083862304,79.83973731392699,0.25945230789307305
4974,79.87047551454933,0.1850271224975586,79.83974349370195,0.25943734504920585
4975,79.83498935415189,0.2458078861236572,79.839742538096,0.25943460545947206
4976,79.84386089425124,0.2200720310211181,79.83974336573992,0.25942669497425536
4977,79.83498935415189,0.2853546142578125,79.8397424105437,0.2594319045220318
4978,79.83498935415189,0.2878115177154541,79.83974145573124,0.2594376055291016
4979,79.83498935415189,0.2626209259033203,79.83974050130233,0.2594382448784437
4980,79.84386089425124,0.2749676704406738,79.83974132869047,0.2594413632369903
4981,79.84386089425124,0.2455358505249023,79.83974215574639,0.25943857152594596
4982,79.83498935415189,0.2517688274383545,79.83974120175169,0.2594370320349609
4983,79.83498935415189,0.2918617725372314,79.83974024813989,0.2594435391071066
4984,79.83498935415189,0.4328773021697998,79.83973929491076,0.25947833721366015
4985,79.83498935415189,0.2545528411865234,79.83973834206405,0.2594773491502645
4986,79.83498935415189,0.2709059715270996,79.83973738959958,0.2594796412927388
4987,79.84386089425124,0.2798349857330322,79.83973821645031,0.25948372297399813
4988,79.84386089425124,0.2348229885101318,79.83973904296953,0.2594787789614753
4989,79.83498935415189,0.2744843959808349,79.83973809093729,0.25948178670190813
4990,79.83498935415189,0.266042947769165,79.83973713928663,0.25948310156384546
4991,79.84386089425124,0.2220399379730224,79.83973796552485,0.2594755994272815
4992,79.83498935415189,0.2274825572967529,79.83973701428057,0.2594691905646752
4993,79.84386089425124,0.2068853378295898,79.83973784021288,0.25945865905000765
4994,79.83498935415189,0.2987809181213379,79.83973688937466,0.25946653295050254
4995,79.83498935415189,0.2300355434417724,79.83973593891716,0.2594606408605108
4996,79.83498935415189,0.240842580795288,79.83973498884014,0.2594569142672231
4997,79.83498935415189,0.1953635215759277,79.83973403914338,0.2594440878928602
4998,79.83498935415189,0.2567873001098633,79.83973308982665,0.2594435563226756
4999,79.83498935415189,0.3268342018127441,79.83973214088972,0.2594570371479386
5000,79.83498935415189,0.257871150970459,79.83973119233237,0.25945671997070313
5001,79.83498935415189,0.26271653175354,79.83973024415437,0.2594573718026933
5002,79.83498935415189,0.2768692970275879,79.83972929635547,0.2594608527953412
5003,79.84386089425124,0.2367796897888183,79.83973012217956,0.2594563192828474
5004,79.84386089425124,0.2544863224029541,79.83973094767359,0.2594553260780353
5005,79.83498935415189,0.2609181404113769,79.83973000030225,0.25945561834863134
5006,79.83498935415189,0.2379300594329834,79.83972905330941,0.2594513183967904
5007,79.84386089425124,0.2758207321166992,79.8397298785223,0.2594545877025064
5008,79.83498935415189,0.2457308769226074,79.83972893193197,0.25945184734492255
5009,79.84386089425124,0.2358603477478027,79.8397297568396,0.25944713752268317
5010,79.84386089425124,0.251920223236084,79.83973058141792,0.2594456351445821
5011,79.87047551454933,0.2543416023254394,79.83973671690649,0.2594446165788628
5012,79.84386089425124,0.2383887767791748,79.83973753976709,0.2594404154935077
5013,79.83498935415189,0.3354425430297851,79.83973659259262,0.2594555765003971
5014,79.84386089425124,0.2485477924346923,79.83973741514978,0.25945340103488734
5015,79.84386089425124,0.2692742347717285,79.83973823737892,0.2594553593267591
5016,79.83498935415189,0.2297699451446533,79.83973729063187,0.25944944118198593
5017,79.83498935415189,0.2584507465362549,79.83973634426222,0.25944924211986803
5018,79.83498935415189,0.2337973117828369,79.83973539826977,0.2594441301369391
5019,79.83498935415189,0.2138822078704834,79.83973445265428,0.2594350522484621
5020,79.83498935415189,0.2410118579864502,79.83973350741553,0.25943138228944573
5021,79.83498935415189,0.1965067386627197,79.8397325625533,0.2594188499963514
5022,79.84386089425124,0.2959747314453125,79.83973338460262,0.2594261291443898
5023,79.83498935415189,0.2314584255218505,79.83973244014105,0.25942056121613527
5024,79.83498935415189,0.2030513286590576,79.83973149605546,0.2594093412255785
5025,79.83498935415189,0.2899649143218994,79.83973055234563,0.25941542193664247
5026,79.83498935415189,0.2526841163635254,79.83972960901131,0.25941408263987104
5027,79.83498935415189,0.2248525619506836,79.83972866605232,0.2594072074616954
5028,79.83498935415189,0.2898004055023193,79.8397277234684,0.2594132522504863
5029,79.83498935415189,0.2518815994262695,79.83972678125936,0.2594117546062579
5030,79.84386089425124,0.2499160766601562,79.8397276031506,0.25940986679752115
5031,79.83498935415189,0.3569040298461914,79.83972666134002,0.25942924548228535
5032,79.83498935415189,0.2318277359008789,79.83972571990378,0.2594237602856277
5033,79.84386089425124,0.2559001445770263,79.83972654151601,0.25942306018316225
5034,79.83498935415189,0.2437093257904052,79.83972560047759,0.25941993866262336
5035,79.83498935415189,0.2574117183685303,79.83972465981297,0.2594195398105292
5036,79.83498935415189,0.2169239521026611,79.83972371952194,0.2594111014491893
5037,79.84386089425124,0.2979328632354736,79.83972454087885,0.25941874920813035
5038,79.84386089425124,0.2588768005371094,79.83972536190969,0.25941864163594475
5039,79.83498935415189,0.2589161396026611,79.83972442203913,0.25941854191337416
5040,79.84386089425124,0.2848019599914551,79.83972524276774,0.25942357830584994
5041,79.83498935415189,0.2555112838745117,79.83972430329369,0.25942280221094194
5042,79.84386089425124,0.2636115550994873,79.83972512372031,0.25942363298303406
5043,79.84386089425124,0.2987706661224365,79.83972594382155,0.25943143528982354
5044,79.83498935415189,0.2947571277618408,79.83972500476729,0.2594384387974508
5045,79.84386089425124,0.2658572196960449,79.83972582456698,0.25943971110288166
5046,79.83498935415189,0.2159144878387451,79.83972488590857,0.2594310854145614
5047,79.84386089425124,0.2098150253295898,79.83972570540695,0.25942125461208765
5048,79.84386089425124,0.2608735561370849,79.83972652458066,0.25942154231048803
5049,79.83498935415189,0.2338905334472656,79.8397255863413,0.2594164856638524
5050,79.84386089425124,0.2258923053741455,79.83972640521417,0.25940984721230986
5051,79.83498935415189,0.2632832527160644,79.83972546736996,0.25941061407144744
5052,79.84386089425124,0.254626989364624,79.83972628594219,0.2594096671940312
5053,79.83498935415189,0.2517807483673095,79.83972534849279,0.25940815741393486
5054,79.86160397444996,0.2544145584106445,79.83972967746507,0.25940716936506203
5055,79.84386089425124,0.2289111614227295,79.83973049471864,0.25940113652471736
5056,79.83498935415189,0.2696876525878906,79.83972955699305,0.2594031710413438
5057,79.84386089425124,0.2358186244964599,79.83973037394723,0.25939850729870095
5058,79.84386089425124,0.2336232662200927,79.83973119057838,0.25939341136333544
5059,79.84386089425124,0.3407888412475586,79.83973200688668,0.2594095005963626
5060,79.83498935415189,0.344905138015747,79.83973106960352,0.25942639696739406
5061,79.84386089425124,0.2525854110717773,79.83973188561313,0.25942504526103255
5062,79.83498935415189,0.2807161808013916,79.83973094872427,0.2594292513328501
5063,79.84386089425124,0.2643113136291504,79.83973176443541,0.2594302155955987
5064,79.84386089425124,0.2912576198577881,79.8397325798244,0.25943650062803597
5065,79.84386089425124,0.317988634109497,79.83973339489141,0.2594480607728497
5066,79.83498935415189,0.2138285636901855,79.83973245844436,0.2594390557398685
5067,79.83498935415189,0.2476522922515869,79.83973152236693,0.2594367295580078
5068,79.83498935415189,0.267505407333374,79.83973058665892,0.25943832164123104
5069,79.84386089425124,0.2467212677001953,79.83973140147596,0.25943581285173783
5070,79.84386089425124,0.1850450038909912,79.83973221597158,0.25942114010835304
5071,79.84386089425124,0.2338335514068603,79.83973303014596,0.25941609424191614
5072,79.83498935415189,0.2468512058258056,79.83973209487861,0.2594136169374177
5073,79.83498935415189,0.3178510665893554,79.83973115997999,0.2594251362454508
5074,79.83498935415189,0.2407991886138916,79.83973022544986,0.25942146538466415
5075,79.83498935415189,0.2809326648712158,79.83972929128802,0.2594257040446615
5076,79.84386089425124,0.2305803298950195,79.8397301052366,0.2594200213468385
5077,79.83498935415189,0.3605656623840332,79.83972917146644,0.25943994367125
5078,79.84386089425124,0.2686281204223633,79.83972998511804,0.2594417530798264
5079,79.83498935415189,0.2954647541046142,79.83972905173923,0.25944884561792936
5080,79.83498935415189,0.2635931968688965,79.83972811872788,0.25944966143510473
5081,79.84386089425124,0.2337775230407714,79.83972893210625,0.2594446088591562
5082,79.86160397444996,0.2378458976745605,79.8397332365223,0.2594403588176008
5083,79.83498935415189,0.2528929710388183,79.83973230323834,0.259439070722425
5084,79.84386089425124,0.2337722778320312,79.83973311531368,0.2594340221793702
5085,79.83498935415189,0.2324609756469726,79.83973218242062,0.2594287177454406
5086,79.84386089425124,0.3135364055633545,79.83973299420038,0.259439356299868
5087,79.83498935415189,0.2448675632476806,79.83973206169792,0.2594364917838365
5088,79.84386089425124,0.2479135990142822,79.8397328731823,0.2594342270643456
5089,79.83498935415189,0.2569327354431152,79.83973194107008,0.25943373551558924
5090,79.84386089425124,0.2451989650726318,79.83973275225932,0.25943093890057095
5091,79.84386089425124,0.3059592247009277,79.83973356312987,0.2594400782220796
5092,79.83498935415189,0.2228617668151855,79.83973263143133,0.2594328947359431
5093,79.83498935415189,0.27284836769104,79.83973170009865,0.2594355288362681
5094,79.83498935415189,0.2278072834014892,79.83973076913165,0.2594293199149028
5095,79.84386089425124,0.2409296035766601,79.83973157975483,0.25942568895978246
5096,79.84386089425124,0.2432494163513183,79.83973239005988,0.25942251465197075
5097,79.83498935415189,0.3042616844177246,79.83973145950544,0.25943131182084767
5098,79.84386089425124,0.2563245296478271,79.83973226951619,0.2594307024088875
5099,79.84386089425124,0.2840478420257568,79.83973307920921,0.2594355302456431
5100,79.84386089425124,0.2439496517181396,79.83973388858472,0.259432493798873
5101,79.83498935415189,0.2690997123718261,79.83973295846621,0.2594343889603262
5102,79.83498935415189,0.2747695446014404,79.83973202871233,0.25943739467487764
5103,79.84386089425124,0.248687744140625,79.83973283781786,0.2594352881394016
5104,79.84386089425124,0.2574758529663086,79.83973364660636,0.25943490423752597
5105,79.83498935415189,0.233936071395874,79.83973271726406,0.25942990936331606
5106,79.84386089425124,0.2735128402709961,79.83973352575936,0.25943266747747734
5107,79.83498935415189,0.2871792316436767,79.83973259680465,0.25943810052313354
5108,79.83498935415189,0.2397403717041015,79.83973166821369,0.25943424427238587
5109,79.83498935415189,0.2951254844665527,79.83973073998622,0.25944123022662235
5110,79.83498935415189,0.2279787063598632,79.83972981212207,0.259435073176942
5111,79.84386089425124,0.2243788242340088,79.83973062039485,0.2594282141965188
5112,79.84386089425124,0.2303659915924072,79.83973142835139,0.2594225290982003
5113,79.84386089425124,0.2040190696716308,79.8397322359919,0.259411693295457
5114,79.83498935415189,0.3068604469299316,79.83973130856096,0.25942097150305077
5115,79.83498935415189,0.2328255176544189,79.83973038149263,0.25941577200083205
5116,79.84386089425124,0.2378368377685547,79.83973118886418,0.25941155406998134
5117,79.83498935415189,0.2423341274261474,79.8397302621816,0.2594082166795878
5118,79.83498935415189,0.2204909324645996,79.83972933586115,0.2594006126772011
5119,79.84386089425124,0.2169215679168701,79.83973014296379,0.25939231436800786
5120,79.84386089425124,0.3204817771911621,79.83973094975116,0.25940424590371547
5121,79.83498935415189,0.2364034652709961,79.8397300238391,0.25939975444098695
5122,79.84386089425124,0.3778116703033447,79.83973083033469,0.2594228727377192
5123,79.84386089425124,0.2808473110198974,79.83973163651544,0.25942705474792455
5124,79.86160397444996,0.2840418815612793,79.83973590512159,0.2594318585782941
5125,79.83498935415189,0.2798066139221191,79.8397349789653,0.2594358341403124
5126,79.84386089425124,0.2260193824768066,79.83973578386488,0.25942931512906314
5127,79.83498935415189,0.2622320652008056,79.83973485809352,0.25942986179379335
5128,79.83498935415189,0.2242727279663086,79.83973393268323,0.2594230058784604
5129,79.83498935415189,0.2888336181640625,79.8397330076338,0.2594287400590581
5130,79.83498935415189,0.2937431335449219,79.839732082945,0.2594354290246499
5131,79.83498935415189,0.3406989574432373,79.83973115861664,0.25945126678111424
5132,79.83498935415189,0.2775948047637939,79.83973023464851,0.2594548021548443
5133,79.83498935415189,0.2387635707855224,79.83972931104039,0.259450771133732
5134,79.83498935415189,0.2939236164093017,79.83972838779206,0.25945748575104316
5135,79.83498935415189,0.2978434562683105,79.83972746490332,0.25946496111044287
5136,79.83498935415189,0.2620549201965332,79.83972654237397,0.2594654653859658
5137,79.84386089425124,0.2319941520690918,79.83972734719232,0.2594601176512341
5138,79.83498935415189,0.2554712295532226,79.83972642504497,0.25945934130088416
5139,79.84386089425124,0.2278649806976318,79.83972722957294,0.25945319334201994
5140,79.83498935415189,0.2158455848693847,79.8397263078073,0.2594447093715
5141,79.84386089425124,0.3549709320068359,79.83972711204508,0.25946329062468715
5142,79.84386089425124,0.246680736541748,79.83972791597006,0.25946080471374144
5143,79.83498935415189,0.2389297485351562,79.83972699460863,0.2594568126748189
5144,79.83498935415189,0.2399289608001709,79.83972607360542,0.25945301643611857
5145,79.83498935415189,0.2587804794311523,79.83972515296024,0.2594528857194995
5146,79.84386089425124,0.2619335651397705,79.83972595664102,0.25945336777923916
5147,79.84386089425124,0.2469279766082763,79.83972676000951,0.259450934246857
5148,79.84386089425124,0.2568173408508301,79.83972756306589,0.25945042267082824
5149,79.84386089425124,0.4585795402526855,79.83972836581034,0.2594890960282922
5150,79.84386089425124,0.234910249710083,79.83972916824305,0.2594843234367741
5151,79.84386089425124,0.2388808727264404,79.8397299703642,0.25948032354341155
5152,79.83498935415189,0.289837121963501,79.83972905021353,0.2594862157791298
5153,79.84386089425124,0.2686295509338379,79.83972985204626,0.25948799015039986
5154,79.83498935415189,0.2839124202728271,79.83972893227562,0.25949272907747056
5155,79.83498935415189,0.241915225982666,79.83972801286181,0.25948931928055596
5156,79.86160397444996,0.2828047275543213,79.83973225567826,0.25949384127595426
5157,79.84386089425124,0.2497191429138183,79.83973305626748,0.2594919458525759
5158,79.84386089425124,0.260385513305664,79.83973385654626,0.2594921190917099
5159,79.84386089425124,0.2060153484344482,79.8397346565148,0.259481753367605
5160,79.84386089425124,0.2998299598693847,79.83973545617329,0.25948957278746965
5161,79.84386089425124,0.3183834552764892,79.83973625552188,0.25950098411908934
5162,79.83498935415189,0.2918400764465332,79.83973533593618,0.2595072489568126
5163,79.83498935415189,0.3064475059509277,79.8397344167067,0.25951634061999174
5164,79.84386089425124,0.1883909702301025,79.8397352157922,0.2595025673104662
5165,79.83498935415189,0.2130889892578125,79.83973429694193,0.2594935811385296
5166,79.84386089425124,0.2409000396728515,79.83973509574126,0.25948998192415373
5167,79.83498935415189,0.4165329933166504,79.83973417726989,0.2595203753848451
5168,79.84386089425124,0.2639088630676269,79.83973497578323,0.25952122455041843
5169,79.83498935415189,0.3558559417724609,79.83973405769044,0.2595398615628429
5170,79.84386089425124,0.2880957126617431,79.83973485591802,0.2595453849382972
5171,79.84386089425124,0.242612600326538,79.83973565383687,0.2595421103715574
5172,79.84386089425124,0.2327802181243896,79.83973645144715,0.2595369359917726
5173,79.84386089425124,0.288792610168457,79.83973724874907,0.2595425914478284
5174,79.84386089425124,0.2438127994537353,79.83973804574279,0.2595395512870255
5175,79.83498935415189,0.2638592720031738,79.83973712812123,0.25954038601566626
5176,79.84386089425124,0.292893648147583,79.8397379248303,0.25954682984528993
5177,79.83498935415189,0.2326066493988037,79.83973700758658,0.25954162602445807
5178,79.83498935415189,0.2699403762817383,79.83973609069716,0.2595436342805912
5179,79.83498935415189,0.3078541755676269,79.8397351741618,0.25955296244071613
5180,79.83498935415189,0.2437055110931396,79.83973425798034,0.2595499030871741
5181,79.83498935415189,0.2387998104095459,79.83973334215253,0.2595458980509499
5182,79.84386089425124,0.2351462841033935,79.83973413866973,0.25954118951873306
5183,79.84386089425124,0.2760119438171386,79.83973493487957,0.2595443673605811
5184,79.83498935415189,0.2110054492950439,79.83973401945119,0.25953500414336167
5185,79.84386089425124,0.2397902011871338,79.8397348153769,0.25953119608107506
5186,79.83498935415189,0.260798692703247,79.83973390032459,0.2595314404884453
5187,79.84386089425124,0.248835802078247,79.83973469596637,0.2595293784798835
5188,79.83498935415189,0.2439899444580078,79.83973378128985,0.25952638321503735
5189,79.83498935415189,0.2407255172729492,79.83973286696586,0.2595227599994
5190,79.83498935415189,0.292802095413208,79.83973195299421,0.2595291722027553
5191,79.84386089425124,0.2634809017181396,79.83973274839805,0.259529933468314
5192,79.83942512420155,0.2659363746643066,79.8397326891484,0.2595311673745536
5193,79.83498935415189,0.2708644866943359,79.839731775739,0.25953334979691445
5194,79.84386089425124,0.224853515625,79.83973257071753,0.25952667289391634
5195,79.83498935415189,0.2729165554046631,79.83973165768258,0.2595292503496451
5196,79.84386089425124,0.2382137775421142,79.83973245237785,0.2595251480646552
5197,79.83498935415189,0.2624731063842773,79.83973153971704,0.2595257153069718
5198,79.84386089425124,0.2887871265411377,79.83973233412922,0.25953134466657823
5199,79.84386089425124,0.2629182338714599,79.8397331282358,0.25953199611670424
5200,79.84386089425124,0.2498373985290527,79.83973392203697,0.2595301317710143
5201,79.83498935415189,0.2459437847137451,79.8397330097955,0.25952751951432185
5202,79.84386089425124,0.2519075870513916,79.83973380331423,0.25952605470608214
5203,79.84386089425124,0.2710704803466797,79.83973459652795,0.2595282735078582
5204,79.84386089425124,0.309889554977417,79.83973538943681,0.2595379509255118
5205,79.84386089425124,0.2048463821411132,79.83973618204101,0.25952744341950135
5206,79.84386089425124,0.2760818004608154,79.8397369743407,0.2595306232806311
5207,79.84386089425124,0.2400376796722412,79.83973776633607,0.25952687967709576
5208,79.84386089425124,0.2747864723205566,79.8397385580273,0.2595298097064052
5209,79.83498935415189,0.1844487190246582,79.83973764629685,0.259515395981951
5210,79.84386089425124,0.5508763790130615,79.83973843770723,0.2595713193952008
5211,79.83498935415189,0.3758325576782226,79.8397375263498,0.259593630129855
5212,79.83498935415189,0.2379293441772461,79.83973661534208,0.25958947351321016
5213,79.84386089425124,0.2826325893402099,79.83973740649475,0.25959389383084436
5214,79.84386089425124,0.2459309101104736,79.83973819734396,0.2595912733890108
5215,79.84386089425124,0.3388800621032715,79.83973898788987,0.25960647737534137
5216,79.84386089425124,0.2572929859161377,79.83973977813265,0.2596060338378684
5217,79.83498935415189,0.2617993354797363,79.83973886756644,0.2596064542522142
5218,79.83498935415189,0.293891429901123,79.83973795734921,0.2596130247726528
5219,79.83498935415189,0.2633495330810547,79.83973704748081,0.2596137407159961
5220,79.83498935415189,0.2246291637420654,79.83973613796101,0.2596070386897558
5221,79.84386089425124,0.2293195724487304,79.83973692799286,0.25960123760447695
5222,79.83498935415189,0.2548749446868896,79.83973601884429,0.2596003325311492
5223,79.83498935415189,0.2375979423522949,79.83973511004385,0.2595961199349059
5224,79.84386089425124,0.2770290374755859,79.83973589981878,0.2595994570171304
5225,79.83498935415189,0.2544088363647461,79.83973499138898,0.2595984635969098
5226,79.83498935415189,0.3162012100219726,79.83973408330684,0.2596092945855101
5227,79.83498935415189,0.2637217044830322,79.83973317557215,0.25961008134845204
5228,79.84386089425124,0.2245535850524902,79.83973396511284,0.259603375821234
5229,79.83498935415189,0.2234590053558349,79.83973305774795,0.2595964635300759
5230,79.84386089425124,0.2525339126586914,79.83973384700924,0.2595951131379399
5231,79.84386089425124,0.2299866676330566,79.83973463596877,0.2595894529495429
5232,79.83498935415189,0.2379481792449951,79.83973372899594,0.2595853166204709
5233,79.84386089425124,0.214813232421875,79.83973451767648,0.259576760900196
5234,79.84386089425124,0.2251229286193847,79.83973530605564,0.2595701782039253
5235,79.83498935415189,0.2386214733123779,79.83973439947457,0.2595661765410998
5236,79.84386089425124,0.2677109241485595,79.83973518757519,0.25956773206967265
5237,79.83498935415189,0.2658252716064453,79.83973428136295,0.2595689269406936
5238,79.84386089425124,0.255964994430542,79.8397350691852,0.25956823890470465
5239,79.84386089425124,0.26784348487854,79.83973585670668,0.25956981845155974
5240,79.84386089425124,0.3429434299468994,79.8397366439276,0.25958572944611996
5241,79.83498935415189,0.2624554634094238,79.83973573812912,0.2595862770007781
5242,79.84386089425124,0.2796800136566162,79.8397365250723,0.2595901102202851
5243,79.83498935415189,0.2246520519256591,79.83973561964201,0.2595834464670342
5244,79.84386089425124,0.2499237060546875,79.83973640630767,0.25958160441127287
5245,79.83498935415189,0.23923921585083,79.83973550124529,0.2595777259768476
5246,79.84386089425124,0.2759428024291992,79.83973628763358,0.2595808455110551
5247,79.84386089425124,0.3268847465515136,79.83973707372213,0.25959367263151256
5248,79.83498935415189,0.3355224132537842,79.83973616904996,0.2596081407604421
5249,79.84386089425124,0.2668395042419433,79.83973695486158,0.2596095184254224
5250,79.84386089425124,0.2147462368011474,79.83973774037385,0.2596009730384463
5251,79.83498935415189,0.2202470302581787,79.83973683609157,0.25959347847688086
5252,79.83498935415189,0.2922377586364746,79.83973593215364,0.2595996940671626
5253,79.83498935415189,0.2938821315765381,79.83973502855989,0.25960622032596886
5254,79.83498935415189,0.2188277244567871,79.83973412531009,0.2595984589068845
5255,79.84386089425124,0.1925876140594482,79.83973491061342,0.25958570708103346
5256,79.83498935415189,0.2218718528747558,79.83973400772976,0.25957853169020273
5257,79.84386089425124,0.2947969436645508,79.83973479275669,0.25958523102670156
5258,79.84386089425124,0.2288196086883545,79.839735577485,0.25957937982427887
5259,79.84386089425124,0.2318427562713623,79.83973636191489,0.25957410569924505
5260,79.83498935415189,0.2398300170898437,79.83973545944193,0.2595703520702319
5261,79.84386089425124,0.2577896118164062,79.83973624359605,0.25957001359080706
5262,79.83498935415189,0.317065954208374,79.83973534148859,0.25958094022338357
5263,79.83498935415189,0.2544198036193847,79.83973443972394,0.25957995957800944
5264,79.84386089425124,0.2525155544281006,79.83973522362487,0.2595786175557545
5265,79.83498935415189,0.3058879375457763,79.83973432222517,0.25958741324806034
5266,79.84386089425124,0.4297671318054199,79.83973510585069,0.25961972994357063
5267,79.83498935415189,0.3891680240631103,79.83973420481563,0.2596443261642123
5268,79.83498935415189,0.2738606929779053,79.83973330412263,0.2596470247911701
5269,79.83498935415189,0.2474846839904785,79.83973240377152,0.2596447165086116
5270,79.84386089425124,0.2352058887481689,79.8397331871663,0.25964007915989046
5271,79.84386089425124,0.2594871520996094,79.83973397026384,0.2596400501469782
5272,79.84386089425124,0.2988748550415039,79.83973475306429,0.2596474922571631
5273,79.83498935415189,0.2381508350372314,79.83973385312139,0.25964341551579767
5274,79.84386089425124,0.21464204788208,79.8397346356472,0.25963488283327324
5275,79.83498935415189,0.2533395290374756,79.83973373606777,0.25963368940127407
5276,79.87047551454933,0.2655177116394043,79.83973956278848,0.25963480464430627
5277,79.83498935415189,0.2456331253051757,79.83973866261628,0.25963215130351813
5278,79.84386089425124,0.2492232322692871,79.83973944363782,0.2596301791703173
5279,79.83498935415189,0.2218530178070068,79.83973854382924,0.2596230230495816
5280,79.83498935415189,0.2869327068328857,79.83973764436149,0.25962819533817694
5281,79.83498935415189,0.2379388809204101,79.83973674523439,0.2596240882913264
5282,79.83498935415189,0.2617063522338867,79.83973584644774,0.259624482510172
5283,79.84386089425124,0.2945578098297119,79.83973662726315,0.2596310949136018
5284,79.84386089425124,0.277796983718872,79.83973740778302,0.2596345328183719
5285,79.84386089425124,0.2948141098022461,79.83973818800752,0.2596411893135439
5286,79.83498935415189,0.2688076496124267,79.83973728962805,0.25964292341500034
5287,79.84386089425124,0.248809814453125,79.83973806957975,0.259640874406307
5288,79.83498935415189,0.2465882301330566,79.83973717156246,0.25963840605451555
5289,79.84386089425124,0.245894193649292,79.83973795124155,0.25963580741348596
5290,79.84386089425124,0.3048861026763916,79.83973873062587,0.25964436134453756
5291,79.84386089425124,0.3357994556427002,79.83973950971557,0.25965875467175326
5292,79.83498935415189,0.3235969543457031,79.83973861210491,0.2596708367200665
5293,79.84386089425124,0.2579307556152344,79.83973939092263,0.259670507968677
5294,79.83498935415189,0.2285711765289306,79.83973849367352,0.2596646335199729
5295,79.84386089425124,0.2369935512542724,79.83973927221943,0.2596603519180341
5296,79.83498935415189,0.2758700847625732,79.83973837533158,0.2596634126681936
5297,79.83498935415189,0.3017621040344238,79.83973747878235,0.2596713603161766
5298,79.83498935415189,0.2580330371856689,79.83973658257159,0.2596710510819127
5299,79.83498935415189,0.2918548583984375,79.83973568669907,0.25967712464434267
5300,79.83498935415189,0.2478523254394531,79.83973479116463,0.25967489355015305
5301,79.84386089425124,0.4081881046295166,79.83973556952779,0.2597029096246823
5302,79.83498935415189,0.2224030494689941,79.83973467435325,0.2596958745699566
5303,79.83498935415189,0.277834415435791,79.83973377951632,0.25969929500006517
5304,79.83498935415189,0.2925155162811279,79.83973288501682,0.2597054820704424
5305,79.83498935415189,0.2647912502288818,79.83973199085453,0.2597064407449303
5306,79.84386089425124,0.269921064376831,79.83973276901199,0.2597083658530404
5307,79.83498935415189,0.2505810260772705,79.83973187520854,0.2597066459849839
5308,79.83498935415189,0.2847607135772705,79.83973098174187,0.2597113660429327
5309,79.84386089425124,0.2710359096527099,79.83973175964968,0.2597134991270559
5310,79.84386089425124,0.2629270553588867,79.83973253726448,0.2597141043165534
5311,79.83498935415189,0.2517082691192627,79.83973164417785,0.2597125969101897
5312,79.83498935415189,0.2468271255493164,79.83973075142745,0.2597101711813944
5313,79.86160397444996,0.2378401756286621,79.83973486835255,0.2597060548637673
5314,79.83498935415189,0.2786293029785156,79.83973397533143,0.259709615881478
5315,79.84386089425124,0.3096544742584228,79.83973475179783,0.259719012844484
5316,79.83498935415189,0.2238070964813232,79.83973385913461,0.2597122574049876
5317,79.83498935415189,0.2618603706359863,79.83973296680718,0.2597126614134944
5318,79.83498935415189,0.3733503818511963,79.83973207481532,0.25973402992053424
5319,79.84386089425124,0.2382514476776123,79.8397328510551,0.2597299910819851
5320,79.83498935415189,0.2856342792510986,79.83973195942035,0.25973486030908455
5321,79.83498935415189,0.3203682899475097,79.83973106812073,0.25974625542835506
5322,79.83498935415189,0.2606151103973388,79.83973017715606,0.25974641868558335
5323,79.83498935415189,0.2460348606109619,79.83972928652614,0.2597438427776227
5324,79.83498935415189,0.2378726005554199,79.8397283962308,0.2597397347306238
5325,79.83498935415189,0.2478480339050293,79.83972750626984,0.25973750154737013
5326,79.84386089425124,0.2747900485992431,79.8397282823472,0.2597403277860205
5327,79.83498935415189,0.2619102001190185,79.83972739274175,0.259740735120793
5328,79.84386089425124,0.2948112487792969,79.8397281685491,0.2597473174244076
5329,79.84386089425124,0.2388374805450439,79.83972894406527,0.25974339364191945
5330,79.83498935415189,0.2655751705169678,79.8397280548364,0.2597444877839223
5331,79.84386089425124,0.253180980682373,79.83972883008296,0.2597432565876924
5332,79.84386089425124,0.2688415050506592,79.83972960503873,0.25974496293586624
5333,79.84386089425124,0.2758166790008545,79.83973037970388,0.2597479765709806
5334,79.83498935415189,0.2334349155426025,79.83972949087268,0.25974304348867305
5335,79.84386089425124,0.3148422241210937,79.83973026526883,0.25975337135758264
5336,79.84386089425124,0.2883505821228027,79.83973103937471,0.2597587306549524
5337,79.83498935415189,0.3082857131958008,79.83973015091954,0.25976782321304515
5338,79.84386089425124,0.2243711948394775,79.83973092475681,0.2597611921474075
5339,79.86160397444996,0.2976171970367431,79.83973502160072,0.25976828261470275
5340,79.83498935415189,0.256873607635498,79.83973413289895,0.25976774054073665
5341,79.84386089425124,0.3263020515441894,79.83973490555601,0.2597801978167156
5342,79.84386089425124,0.2124578952789306,79.8397356779238,0.2597713392801117
5343,79.83498935415189,0.2505033016204834,79.83973478959818,0.2597696046670367
5344,79.84386089425124,0.2369177341461181,79.8397355616986,0.2597653284936608
5345,79.83498935415189,0.4279041290283203,79.83973467372712,0.2597967857061088
5346,79.84386089425124,0.2177872657775879,79.83973544556036,0.25978892758416183
5347,79.84386089425124,0.2058677673339843,79.83973621710491,0.2597788432078293
5348,79.84386089425124,0.2419192790985107,79.83973698836093,0.2597755037231417
5349,79.83498935415189,0.22882080078125,79.83973610078677,0.2597697167156745
5350,79.84386089425124,0.3478920459747314,79.8397368717762,0.25978618817908744
5351,79.84386089425124,0.2468886375427246,79.83973764247746,0.25978377787248375
5352,79.83498935415189,0.2268061637878418,79.8397367552786,0.2597776161359208
5353,79.84386089425124,0.2529177665710449,79.83973752571367,0.25977633463964495
5354,79.83498935415189,0.3051450252532959,79.83973663886803,0.259784808433185
5355,79.83498935415189,0.2648999691009521,79.8397357523536,0.2597857636452612
5356,79.84386089425124,0.2548322677612304,79.83973652254441,0.2597848387953948
5357,79.83498935415189,0.3038370609283447,79.83973563638267,0.25979306209614766
5358,79.84386089425124,0.2237143516540527,79.83973640630762,0.25978632848091027
5359,79.86160397444996,0.3707923889160156,79.83974048683909,0.25980704243135533
5360,79.84386089425124,0.2608175277709961,79.83974125557182,0.25980723095473957
5361,79.83498935415189,0.2644920349121094,79.8397403691884,0.25980810482229366
5362,79.84386089425124,0.2488329410552978,79.83974113765635,0.25980605798086004
5363,79.84386089425124,0.2528777122497558,79.8397419058377,0.259804766102111
5364,79.84386089425124,0.2565560340881347,79.83974267373264,0.25980416044737314
5365,79.83498935415189,0.2551183700561523,79.83974178774577,0.2598032870474866
5366,79.86160397444996,0.2298121452331543,79.83974586195126,0.25979769794166957
5367,79.84386089425124,0.2163383960723877,79.83974662867983,0.2597896004380606
5368,79.83498935415189,0.2163810729980468,79.83974574245134,0.2597815139016522
5369,79.83498935415189,0.2957832813262939,79.83974485655298,0.25978821939009045
5370,79.83498935415189,0.230846881866455,79.83974397098456,0.259782829941762
5371,79.84386089425124,0.2687194347381592,79.8397447374942,0.2597844938041333
5372,79.83498935415189,0.2160196304321289,79.83974385227764,0.25977634695689356
5373,79.84386089425124,0.2685301303863525,79.83974461852405,0.25977797617398446
5374,79.83498935415189,0.2637748718261719,79.83974373365908,0.25977871992084944
5375,79.83498935415189,0.2447481155395507,79.83974284912335,0.2597759235293366
5376,79.83498935415189,0.2403955459594726,79.8397419649167,0.25977231854838984
5377,79.84386089425124,0.2678873538970947,79.8397427309441,0.2597738277608408
5378,79.84386089425124,0.2628145217895508,79.83974349668662,0.2597743931557885
5379,79.83498935415189,0.2458093166351318,79.83974261285272,0.25977179693408914
5380,79.83498935415189,0.2643721103668213,79.83974172934738,0.2597726520109354
5381,79.83498935415189,0.235875129699707,79.83974084617043,0.2597682109177722
5382,79.84386089425124,0.297952651977539,79.83974161169404,0.2597753057600352
5383,79.83498935415189,0.2458453178405761,79.83974072886707,0.25977271798594653
5384,79.84386089425124,0.3335514068603515,79.8397414941281,0.2597864213085458
5385,79.83498935415189,0.2921204566955566,79.83974061165085,0.2597924257719417
5386,79.83498935415189,0.2328977584838867,79.8397397295013,0.2597874323320442
5387,79.83498935415189,0.2718474864959717,79.83973884767926,0.25978967106495005
5388,79.84386089425124,0.3041305541992187,79.8397396127213,0.2597979006275214
5389,79.84386089425124,0.2431976795196533,79.83974037747943,0.2597948202376331
5390,79.83498935415189,0.4019052982330322,79.83973949602797,0.2598211858179662
5391,79.83498935415189,0.3834445476531982,79.83973861490352,0.25984411725217793
5392,79.83498935415189,0.2439541816711425,79.83973773410591,0.25984117030566806
5393,79.83498935415189,0.2257938385009765,79.83973685363493,0.2598348570603863
5394,79.83498935415189,0.3118529319763183,79.83973597349042,0.2598445007524359
5395,79.83498935415189,0.2098774909973144,79.83973509367219,0.25983523902680944
5396,79.83498935415189,0.2037971019744873,79.83973421418006,0.2598248539013364
5397,79.83498935415189,0.2468914985656738,79.83973333501385,0.2598224575042018
5398,79.83498935415189,0.2697474956512451,79.83973245617337,0.25982429615521085
5399,79.84386089425124,0.2279109954833984,79.83973322084054,0.2598183851900929
5400,79.83498935415189,0.290912389755249,79.83973234234671,0.2598241433390865
5401,79.83498935415189,0.3198065757751465,79.83973146417819,0.25983524914031514
5402,79.83498935415189,0.2967498302459717,79.83973058633478,0.25984208264292635
5403,79.84386089425124,0.2516331672668457,79.83973135078193,0.25984056331748195
5404,79.84386089425124,0.3268136978149414,79.83973211494616,0.2598529565696095
5405,79.86160397444996,0.2763309478759765,79.83973616154366,0.2598560052266505
5406,79.84386089425124,0.2818703651428222,79.83973692453527,0.259860077435292
5407,79.84386089425124,0.2499909400939941,79.83973768724468,0.2598582521833332
5408,79.83498935415189,0.2494447231292724,79.8397368092245,0.2598563266047359
5409,79.84386089425124,0.2688148021697998,79.83973757167321,0.25985798282133143
5410,79.84386089425124,0.2255818843841552,79.83973833384005,0.2598516471284595
5411,79.84386089425124,0.2175557613372802,79.83973909572518,0.25984383047981946
5412,79.84386089425124,0.2206988334655761,79.83973985732875,0.25983659747963206
5413,79.84386089425124,0.2538967132568359,79.83974061865092,0.2598355001428091
5414,79.83498935415189,0.2072446346282959,79.83973974106236,0.25982578627773434
5415,79.84386089425124,0.2870817184448242,79.83974050212481,0.25983081969087696
5416,79.83498935415189,0.2562549114227295,79.83973962488183,0.25983015944193527
5417,79.83498935415189,0.316483736038208,79.83973874796273,0.25984061792016977
5418,79.83498935415189,0.2072820663452148,79.83973787136733,0.25983091719082774
5419,79.84386089425124,0.2267694473266601,79.83973863221304,0.2598248161629879
5420,79.83498935415189,0.309605598449707,79.83973775596247,0.25983400080916624
5421,79.83498935415189,0.2548720836639404,79.83973688003519,0.25983308549517525
5422,79.83498935415189,0.2544722557067871,79.839736004431,0.2598320967770291
5423,79.83498935415189,0.271536111831665,79.83973512914974,0.25983425499481533
5424,79.83498935415189,0.232851505279541,79.83973425419121,0.2598292802990714
5425,79.84386089425124,0.278947114944458,79.8397350148622,0.2598328043238908
5426,79.83498935415189,0.240882396697998,79.83973414024724,0.25982931180497704
5427,79.83498935415189,0.2351636886596679,79.8397332659546,0.2598247668219026
5428,79.84386089425124,0.221733808517456,79.83973402638725,0.2598177493277418
5429,79.83498935415189,0.2383155822753906,79.83973315243766,0.2598137887149122
5430,79.83498935415189,0.2218999862670898,79.83973227880999,0.2598068064308518
5431,79.83498935415189,0.2360017299652099,79.83973140550403,0.2598024232460855
5432,79.83498935415189,0.264939546585083,79.8397305325196,0.2598033689609859
5433,79.84386089425124,0.2525749206542969,79.83973129275552,0.259802038490103
5434,79.84386089425124,0.2617659568786621,79.83973205271164,0.25980239990313
5435,79.83498935415189,0.341832160949707,79.83973118009,0.2598174927754477
5436,79.83498935415189,0.252272367477417,79.83973030778942,0.2598161047833031
5437,79.84386089425124,0.3203563690185547,79.83973106750736,0.2598272396488972
5438,79.83498935415189,0.2508637905120849,79.8397301955483,0.25982559135004896
5439,79.83498935415189,0.2065711021423339,79.83972932390988,0.25981580012202765
5440,79.83498935415189,0.2627725601196289,79.8397284525919,0.25981634364408607
5441,79.83498935415189,0.1948308944702148,79.8397275815942,0.25980439998498406
5442,79.84386089425124,0.3305070400238037,79.83972834111509,0.2598173920173323
5443,79.83498935415189,0.2528057098388672,79.83972747045792,0.25981610381557246
5444,79.84386089425124,0.2838037014007568,79.8397282297202,0.2598205100605367
5445,79.84386089425124,0.2190358638763427,79.83972898870358,0.2598130197673899
5446,79.84386089425124,0.2156820297241211,79.83972974740824,0.25980491639059167
5447,79.83498935415189,0.273491621017456,79.83972887713226,0.259807429095682
5448,79.83498935415189,0.2718985080718994,79.83972800717575,0.25980964845672755
5449,79.84386089425124,0.3478085994720459,79.83972876564283,0.25982579801646605
5450,79.84386089425124,0.2589907646179199,79.83972952383156,0.25982564479932874
5451,79.84386089425124,0.2545711994171142,79.83973028174212,0.25982468085778
5452,79.83498935415189,0.2245008945465088,79.83972941216626,0.25981820180673243
5453,79.83498935415189,0.2706921100616455,79.83972854290933,0.25982019592157835
5454,79.83498935415189,0.2216565608978271,79.83972767397117,0.25981319855542073
5455,79.84386089425124,0.2940108776092529,79.83972843166508,0.2598194676074929
5456,79.83498935415189,0.2531590461730957,79.83972756306582,0.25981824685576377
5457,79.83498935415189,0.2542130947113037,79.83972669478491,0.2598172197067543
5458,79.83498935415189,0.2699635028839111,79.83972582682216,0.2598190786813196
5459,79.86160397444996,0.2348463535308838,79.83972983454292,0.25981450408429624
5460,79.83498935415189,0.277545690536499,79.83972896632307,0.2598177515543424
5461,79.84386089425124,0.2840220928192138,79.83972972294785,0.25982218377211663
5462,79.84386089425124,0.2809557914733886,79.83973047929558,0.25982605297894584
5463,79.83498935415189,0.2172296047210693,79.83972961143449,0.25981825571585637
5464,79.84386089425124,0.2663547992706299,79.83973036752577,0.2598194520086006
5465,79.83498935415189,0.291912317276001,79.83972950000275,0.2598253244450631
5466,79.86160397444996,0.2788622379302978,79.83973350191903,0.2598288072320161
5467,79.84386089425124,0.2379457950592041,79.83973425688379,0.2598248044860544
5468,79.83498935415189,0.258843183517456,79.83973338912543,0.25982462496502867
5469,79.83942512420155,0.2449805736541748,79.83973333275956,0.259821910748296
5470,79.83498935415189,0.230858564376831,79.83973246548742,0.259816615803804
5471,79.83498935415189,0.3099293708801269,79.83973159853231,0.25982577551045294
5472,79.84386089425124,0.2314350605010986,79.83973235315507,0.25982058714879186
5473,79.83498935415189,0.2552831172943115,79.83973148653732,0.25981975808432
5474,79.83498935415189,0.3107633590698242,79.83973062023618,0.2598290645514346
5475,79.84386089425124,0.2635326385498047,79.83973137462412,0.25982974100330647
5476,79.83498935415189,0.2378456592559814,79.83973050865983,0.2598257263791744
5477,79.83498935415189,0.248957872390747,79.83972964301175,0.2598237421078601
5478,79.83498935415189,0.2540156841278076,79.83972877767972,0.2598226818563121
5479,79.83498935415189,0.2414894104003906,79.83972791266356,0.2598193357582183
5480,79.83498935415189,0.2307939529418945,79.8397270479631,0.2598140391555146
5481,79.83498935415189,0.3049325942993164,79.83972618357816,0.25982227096634175
5482,79.83498935415189,0.4866440296173095,79.83972531950857,0.25986364669758055
5483,79.84386089425124,0.2518744468688965,79.83972607376259,0.25986218961207463
5484,79.83498935415189,0.2277343273162841,79.83972521002816,0.2598563311397377
5485,79.86160397444996,0.2839117050170898,79.83972919886396,0.2598607168049843
5486,79.83498935415189,0.2899668216705322,79.83972833487476,0.2598662046111938
5487,79.83498935415189,0.2949416637420654,79.83972747120049,0.2598725970768637
5488,79.83498935415189,0.265895128250122,79.83972660784097,0.2598736944768589
5489,79.83498935415189,0.2548854351043701,79.83972574479603,0.2598727857030617
5490,79.83498935415189,0.2135286331176757,79.83972488206548,0.25986434414521375
5491,79.83498935415189,0.2908616065979004,79.83972401964918,0.2598699892485561
5492,79.83498935415189,0.2389426231384277,79.83972315754693,0.25986617873032775
5493,79.83498935415189,0.2795169353485107,79.83972229575858,0.25986975614824476
5494,79.83498935415189,0.2219672203063964,79.83972143428394,0.25986285725202307
5495,79.83498935415189,0.2558386325836181,79.83972057312286,0.2598621249090443
5496,79.83498935415189,0.2547626495361328,79.83971971227515,0.2598611970569022
5497,79.84386089425124,0.2259221076965332,79.83972046562826,0.25985502294568513
5498,79.84386089425124,0.2399494647979736,79.83972121870731,0.2598514024367459
5499,79.83498935415189,0.2779445648193359,79.83972035821185,0.2598546927008635
5500,79.83498935415189,0.2874228954315185,79.83971949802928,0.25985970510136
5501,79.83498935415189,0.2464015483856201,79.83971863815947,0.25985725860859216
5502,79.83498935415189,0.2430119514465332,79.8397177786022,0.25985419693880624
5503,79.83498935415189,0.2315173149108886,79.83971691935734,0.2598490475871748
5504,79.83498935415189,0.2608177661895752,79.8397160604247,0.25984922358982787
5505,79.84386089425124,0.2520623207092285,79.83971681334639,0.2598478090752265
5506,79.87047551454933,0.270867109298706,79.83972239974327,0.25984981040109345
5507,79.83498935415189,0.2385416030883789,79.83972154028338,0.25984594110613923
5508,79.86160397444996,0.2828459739685058,79.83972551312908,0.25985011685647735
5509,79.83498935415189,0.2021067142486572,79.83972465341607,0.25983963520779196
5510,79.84386089425124,0.2652730941772461,79.83972540409499,0.2598406213164979
5511,79.84386089425124,0.2045798301696777,79.83972615450148,0.2598305939546494
5512,79.84386089425124,0.2345242500305175,79.83972690463568,0.25982600281823354
5513,79.84386089425124,0.2047338485717773,79.83972765449776,0.25981600968305374
5514,79.84386089425124,0.2420094013214111,79.83972840408785,0.259812780338048
5515,79.83498935415189,0.2259531021118164,79.83972754478596,0.25980664077717286
5516,79.84386089425124,0.2608444690704345,79.83972829412416,0.25980682892588447
5517,79.83498935415189,0.2168886661529541,79.8397274351537,0.2597990496685394
5518,79.84386089425124,0.2897741794586181,79.83972818424017,0.2598044819138801
5519,79.83498935415189,0.2438061237335205,79.8397273256009,0.25980158313544555
5520,79.84386089425124,0.2297034263610839,79.8397280744358,0.2597961305708125
5521,79.84386089425124,0.2569594383239746,79.83972882299943,0.25979561677036933
5522,79.84386089425124,0.2238256931304931,79.83972957129195,0.25978910283997453
5523,79.84386089425124,0.2317941188812255,79.83973031931349,0.2597840340396923
5524,79.83498935415189,0.2335469722747802,79.8397294610649,0.25977928439056763
5525,79.84386089425124,0.3449714183807373,79.83973020883563,0.25979470378133507
5526,79.84386089425124,0.2886583805084228,79.8397309563357,0.25979992703083327
5527,79.83498935415189,0.2993483543395996,79.83973009843771,0.25980708252699913
5528,79.84386089425124,0.2348663806915283,79.83973084568731,0.259802570822615
5529,79.84386089425124,0.3748009204864502,79.83973159266662,0.2598233699453612
5530,79.83498935415189,0.2425844669342041,79.83973073511896,0.2598202526030446
5531,79.84386089425124,0.2696218490600586,79.83973148184816,0.25982202472317784
5532,79.83498935415189,0.2507774829864502,79.83973062463056,0.2598203897734785
5533,79.86160397444996,0.2967963218688965,79.83973457788373,0.2598270725734234
5534,79.83498935415189,0.2928287982940674,79.83973372041649,0.2598330360222345
5535,79.83498935415189,0.2735846042633056,79.83973286325907,0.2598355204970748
5536,79.83498935415189,0.2259628772735595,79.83973200641132,0.2598294018837758
5537,79.83498935415189,0.2197961807250976,79.83973114987307,0.2598221717553382
5538,79.83498935415189,0.2103333473205566,79.83973029364417,0.2598132355284631
5539,79.83498935415189,0.2799100875854492,79.83972943772442,0.25981686377400504
5540,79.83498935415189,0.3049914836883545,79.83972858211365,0.2598250180375275
5541,79.83498935415189,0.2228262424468994,79.83972772681173,0.2598183407634631
5542,79.83498935415189,0.275918960571289,79.83972687181846,0.25982124596371714
5543,79.83498935415189,0.227492094039917,79.83972601713369,0.25981541353508214
5544,79.83498935415189,0.313413143157959,79.83972516275725,0.25982508123523057
5545,79.83498935415189,0.2635917663574219,79.83972430868896,0.25982576052921114
5546,79.87047551454933,0.2476797103881836,79.83972985344299,0.2598235704732896
5547,79.83498935415189,0.231353759765625,79.83972899883702,0.25981843800335847
5548,79.84386089425124,0.3377823829650879,79.83972974359106,0.25983249062501707
5549,79.83498935415189,0.2618112564086914,79.83972888931292,0.25983284722364447
5550,79.83498935415189,0.2876648902893066,79.83972803534262,0.25983786200617887
5551,79.84386089425124,0.2327203750610351,79.83972877986773,0.25983297685270285
5552,79.83498935415189,0.2258987426757812,79.83972792622477,0.2598268647788237
5553,79.84386089425124,0.3061017990112304,79.83972867050139,0.25983519810031347
5554,79.83498935415189,0.2868630886077881,79.8397278171855,0.259840064483192
5555,79.84386089425124,0.2149288654327392,79.83972856121379,0.2598319796588805
5556,79.86160397444996,0.251194953918457,79.83973249847318,0.25983042511861043
5557,79.83498935415189,0.2388947010040283,79.83973164492912,0.25982665766780705
5558,79.84386089425124,0.368748664855957,79.8397323878671,0.25984625500627195
5559,79.83498935415189,0.3629634380340576,79.83973153465003,0.25986480459846983
5560,79.84386089425124,0.2258026599884033,79.8397322773406,0.259858678313468
5561,79.83498935415189,0.2174746990203857,79.83973142445026,0.25985105666640934
5562,79.86160397444996,0.2398543357849121,79.83973535694756,0.2598474614271283
5563,79.83498935415189,0.2486889362335205,79.83973450381026,0.259845455580428
5564,79.83498935415189,0.2680237293243408,79.83973365097962,0.2598469254355221
5565,79.86160397444996,0.2418756484985351,79.83973758095688,0.25984369609555147
5566,79.86160397444996,0.2527990341186523,79.839741509522,0.2598424304358359
5567,79.87047551454933,0.227839708328247,79.83974703027016,0.2598366817880709
5568,79.86160397444996,0.3347253799438476,79.83975095572708,0.25985013162610177
5569,79.84386089425124,0.2461724281311035,79.83975169373007,0.25984767558309674
5570,79.83498935415189,0.2253932952880859,79.83975083873193,0.25984148987747824
5571,79.84386089425124,0.2732694149017334,79.83975157649095,0.25984390020327686
5572,79.84386089425124,0.2628176212310791,79.83975231398517,0.2598444338933393
5573,79.83498935415189,0.2396211624145507,79.839751459336,0.2598408050988877
5574,79.84386089425124,0.3899247646331787,79.8397521965866,0.2598641427306664
5575,79.84386089425124,0.2636644840240478,79.83975293357274,0.25986482440623465
5576,79.84386089425124,0.2339363098144531,79.83975367029453,0.25986017438568376
5577,79.84386089425124,0.2429704666137695,79.83975440675212,0.259857145928131
5578,79.83498935415189,0.2339124679565429,79.83975355249385,0.25985249467715005
5579,79.83498935415189,0.2319154739379882,79.83975269854182,0.25984748714520184
5580,79.84386089425124,0.2418704032897949,79.83975343477762,0.2598442654455862
5581,79.83498935415189,0.2498774528503418,79.8397525811527,0.2598424795984987
5582,79.83498935415189,0.2138509750366211,79.83975172783363,0.259834240346517
5583,79.84386089425124,0.2218446731567382,79.83975246384769,0.2598274358386915
5584,79.83498935415189,0.2490034103393554,79.83975161085526,0.25982549743870953
5585,79.83498935415189,0.2407741546630859,79.83975075816828,0.25982208627617137
5586,79.84386089425124,0.267824649810791,79.83975149396065,0.2598235188869008
5587,79.83498935415189,0.2828621864318847,79.83975064159984,0.25982764250736706
5588,79.83498935415189,0.282905101776123,79.8397497895441,0.2598317723318604
5589,79.83498935415189,0.2748980522155761,79.83974893779326,0.25983446803411187
5590,79.83498935415189,0.340808629989624,79.83974808634717,0.25984895357292326
5591,79.84386089425124,0.2334399223327636,79.83974882195939,0.2598442300831647
5592,79.84386089425124,0.2494087219238281,79.83974955730851,0.2598423639336369
5593,79.84386089425124,0.2288293838500976,79.83975029239468,0.25983681897027494
5594,79.84386089425124,0.2448956966400146,79.83975102721804,0.25983414805101673
5595,79.84386089425124,0.2338299751281738,79.83975176177873,0.2598295002989304
5596,79.83498935415189,0.2366364002227783,79.8397509107409,0.2598253557134987
5597,79.83498935415189,0.2297835350036621,79.83975006000719,0.2598199882272186
5598,79.83498935415189,0.2339446544647216,79.83974920957742,0.25981536598110166
5599,79.84386089425124,0.2539575099945068,79.83974994393796,0.2598143197485625
5600,79.83498935415189,0.2254509925842285,79.83974909383264,0.25980818344014034
5601,79.84386089425124,0.2444214820861816,79.83974982795162,0.2598054363054583
5602,79.84386089425124,0.3016738891601562,79.83975056180851,0.259812910145668
5603,79.83498935415189,0.258350133895874,79.83974971204809,0.2598126490754824
5604,79.83498935415189,0.2208845615386963,79.83974886259094,0.2598057025930526
5605,79.84386089425124,0.2198035717010498,79.83974959622726,0.2597985657275946
5606,79.83498935415189,0.2209112644195556,79.83974874709382,0.2597916289988561
5607,79.83498935415189,0.2135152816772461,79.83974789826327,0.25978337568205184
5608,79.86160397444996,0.2481710910797119,79.83975179556643,0.25978130501789304
5609,79.84386089425124,0.2047111988067627,79.83975252815668,0.2597714868495545
5610,79.84386089425124,0.2947821617126465,79.83975326048575,0.25977772761156215
5611,79.83498935415189,0.1953086853027343,79.83975241145593,0.2597662378517495
5612,79.83498935415189,0.3054120540618896,79.83975156272868,0.25977437146119536
5613,79.84386089425124,0.237210988998413,79.83975229483833,0.2597703516175355
5614,79.83498935415189,0.2208640575408935,79.83975144643422,0.25976342139058917
5615,79.83498935415189,0.2547240257263183,79.8397505983323,0.2597625239024922
5616,79.83498935415189,0.2808382511138916,79.8397497505324,0.25976627670292163
5617,79.84386089425124,0.3534047603607178,79.83975048244335,0.25978294725368856
5618,79.83498935415189,0.3196418285369873,79.8397496349659,0.25979360209193764
5619,79.84386089425124,0.2335469722747802,79.83975036663689,0.25978893104196127
5620,79.83498935415189,0.2295403480529785,79.83974951948163,0.25978354873182086
5621,79.84386089425124,0.2779402732849121,79.83975025091284,0.2597867788909657
5622,79.84386089425124,0.3710460662841797,79.83975098208384,0.2598065688744935
5623,79.86160397444996,0.2348873615264892,79.83975486844207,0.2598021372174869
5624,79.84386089425124,0.2767946720123291,79.83975559853201,0.25980515864970505
5625,79.83498935415189,0.3437039852142334,79.83975475119966,0.25982007399664986
5626,79.87047551454933,0.2857944965362549,79.83976021169795,0.2598246908509939
5627,79.83498935415189,0.2655627727508545,79.83975936384695,0.2598257105918682
5628,79.83498935415189,0.2788639068603515,79.83975851629725,0.2598290933559529
5629,79.83498935415189,0.2277259826660156,79.8397576690487,0.259823390191858
5630,79.84386089425124,0.2088479995727539,79.83975839786312,0.2598143359484088
5631,79.84386089425124,0.2605054378509521,79.83975912641868,0.25981445868005554
5632,79.83498935415189,0.288949966430664,79.83975827951309,0.2598196318881078
5633,79.84386089425124,0.2807943820953369,79.839759007831,0.2598233554368753
5634,79.83498935415189,0.2189924716949463,79.8397581612471,0.2598161082086641
5635,79.83498935415189,0.2342827320098877,79.83975731496368,0.25981157699727125
5636,79.83498935415189,0.2428939342498779,79.83975646898055,0.2598085752863508
5637,79.84386089425124,0.2336039543151855,79.83975719710284,0.25980392660425555
5638,79.83498935415189,0.2217984199523925,79.83975635144073,0.25979718564883664
5639,79.83498935415189,0.2278141975402832,79.83975550607855,0.2597915139006351
5640,79.83498935415189,0.2408349514007568,79.83975466101614,0.2597881528079932
5641,79.83498935415189,0.3188128471374511,79.83975381625336,0.2597986163240949
5642,79.84386089425124,0.2608447074890136,79.83975454420055,0.25979880173550307
5643,79.84386089425124,0.4862475395202636,79.83975527188973,0.2598389308756386
5644,79.83498935415189,0.2264213562011718,79.83975442746772,0.2598330099729677
5645,79.83498935415189,0.2398295402526855,79.8397535833449,0.25982946639994375
5646,79.83498935415189,0.2235660552978515,79.8397527395211,0.2598230435499434
5647,79.84386089425124,0.254443883895874,79.83975346701442,0.2598220909804987
5648,79.84386089425124,0.2327728271484375,79.83975419425012,0.25981730180489104
5649,79.83498935415189,0.256014347076416,79.8397533507663,0.25981662859640664
5650,79.83498935415189,0.2469251155853271,79.83975250758105,0.25981434691268784
5651,79.83498935415189,0.3083846569061279,79.83975166469422,0.2598229419064931
5652,79.83498935415189,0.2279057502746582,79.83975082210566,0.2598172948449871
5653,79.83498935415189,0.2485878467559814,79.8397499798152,0.25981530838680755
5654,79.83498935415189,0.2287971973419189,79.83974913782268,0.25980982233957645
5655,79.83498935415189,0.3327953815460205,79.83974829612795,0.2598227287160939
5656,79.83498935415189,0.2268455028533935,79.83974745473085,0.25981689823061604
5657,79.83498935415189,0.2366600036621093,79.83974661363122,0.25981280473679097
5658,79.83498935415189,0.2068684101104736,79.8397457728289,0.25980344729694893
5659,79.83498935415189,0.2858643531799316,79.83974493232375,0.25980805251092365
5660,79.83498935415189,0.2328510284423828,79.8397440921156,0.25980328978582323
5661,79.86160397444996,0.2234959602355957,79.83974795360336,0.2597968761964308
5662,79.83498935415189,0.2363600730895996,79.83974711315838,0.25979273688115234
5663,79.83498935415189,0.257382869720459,79.83974627301023,0.2597923113351236
5664,79.83498935415189,0.2315120697021484,79.83974543315873,0.25978731835460933
5665,79.84386089425124,0.2535741329193115,79.83974615963024,0.25978622158754217
5666,79.83498935415189,0.2548441886901855,79.8397453200952,0.2597853493614749
5667,79.83498935415189,0.2300376892089843,79.83974448085647,0.2597801000831702
5668,79.84386089425124,0.4060578346252441,79.83974520711148,0.2598059077286434
5669,79.84386089425124,0.2767565250396728,79.83974593311027,0.2598088977828525
5670,79.84386089425124,0.2507791519165039,79.83974665885297,0.2598073052350806
5671,79.83498935415189,0.237908124923706,79.83974581997012,0.2598034436268437
5672,79.83498935415189,0.2607011795043945,79.83974498138305,0.2598036019018574
5673,79.83498935415189,0.2485609054565429,79.83974414309162,0.25980162011154445
5674,79.83498935415189,0.2423946857452392,79.83974330509568,0.2597985522697457
5675,79.84386089425124,0.242894172668457,79.83974403066206,0.2597955735244415
5676,79.86160397444996,0.3074526786804199,79.83974788195589,0.25980396977270714
5677,79.84386089425124,0.2988264560699463,79.83974860646043,0.2598108435592665
5678,79.83498935415189,0.2460975646972656,79.83974776826875,0.2598084283991992
5679,79.84386089425124,0.19051194190979,79.83974849253816,0.25979622616526904
5680,79.83498935415189,0.2658834457397461,79.83974765466169,0.2597972978588561
5681,79.83498935415189,0.255479097366333,79.83974681708018,0.25979653774611317
5682,79.83498935415189,0.2460319995880127,79.83974597979349,0.25979411526491675
5683,79.84386089425124,0.3379089832305908,79.83974670386783,0.25980786062264427
5684,79.84386089425124,0.3409185409545898,79.8397474276874,0.2598221306227027
5685,79.84386089425124,0.3718435764312744,79.83974815125232,0.2598418353625107
5686,79.83498935415189,0.3230280876159668,79.83974731432001,0.2598529479640326
5687,79.84386089425124,0.2170381546020507,79.83974803765041,0.2598454194264272
5688,79.84386089425124,0.2453773021697998,79.83974876072647,0.25984287580524984
5689,79.83498935415189,0.2995157241821289,79.83974792412836,0.25984984941192535
5690,79.83498935415189,0.2362968921661377,79.83974708782432,0.2598457100521282
5691,79.83498935415189,0.2323219776153564,79.83974625181418,0.2598408736907793
5692,79.83498935415189,0.2433030605316162,79.8397454160978,0.25983796824222705
5693,79.83498935415189,0.2733516693115234,79.839744580675,0.2598403419820952
5694,79.83498935415189,0.250779390335083,79.83974374554565,0.25983875066638623
5695,79.83498935415189,0.2408206462860107,79.83974291070957,0.25983541122751347
5696,79.83498935415189,0.2271010875701904,79.83974207616664,0.25982966433080396
5697,79.84386089425124,0.2764308452606201,79.83974279914682,0.25983257835238194
5698,79.86160397444996,0.2637946605682373,79.83974663578692,0.2598332736985062
5699,79.84386089425124,0.2123646736145019,79.8397473577133,0.2598249444126518
5700,79.83498935415189,0.2622921466827392,79.83974652297583,0.2598253772551553
5701,79.83498935415189,0.2358851432800293,79.83974568853121,0.2598211779508271
5702,79.84386089425124,0.2018206119537353,79.83974641024389,0.25981100598204476
5703,79.84386089425124,0.2887012958526611,79.83974713170348,0.25981607178773836
5704,79.83498935415189,0.2301802635192871,79.83974629759099,0.259810876169178
5705,79.83498935415189,0.2509145736694336,79.83974546377094,0.25980931678223673
5706,79.83498935415189,0.3038246631622314,79.83974463024313,0.2598170306529658
5707,79.84386089425124,0.2628920078277588,79.83974535150895,0.2598175694609516
5708,79.83498935415189,0.2789919376373291,79.83974451829287,0.25982092867051293
5709,79.83498935415189,0.2525403499603271,79.83974368536869,0.25981965338960383
5710,79.84386089425124,0.2419886589050293,79.83974440642103,0.2598165306234944
5711,79.83498935415189,0.2337605953216552,79.83974357380814,0.25981196821142966
5712,79.83498935415189,0.265491247177124,79.83974274148676,0.25981296248295727
5713,79.84386089425124,0.4284980297088623,79.83974346232569,0.2598424890131911
5714,79.84386089425124,0.2904067039489746,79.8397441829123,0.2598478380182551
5715,79.84386089425124,0.2448441982269287,79.83974490324675,0.25984521270945526
5716,79.84386089425124,0.2828023433685303,79.83974562332915,0.2598492290024327
5717,79.84386089425124,0.2437379360198974,79.83974634315965,0.2598464108647761
5718,79.84386089425124,0.2545056343078613,79.83974706273837,0.2598454768359974
5719,79.84386089425124,0.2549424171447754,79.83974778206544,0.25984461950784715
5720,79.83498935415189,0.2719438076019287,79.83974695017244,0.25984673475052095
5721,79.83498935415189,0.2175991535186767,79.83974611857026,0.2598393501007688
5722,79.83498935415189,0.3055336475372314,79.83974528725876,0.2598473358220964
5723,79.83498935415189,0.2509157657623291,79.83974445623777,0.2598457751773192
5724,79.83498935415189,0.2458167076110839,79.83974362550714,0.2598433242570596
5725,79.83498935415189,0.2799837589263916,79.83974279506673,0.2598468422369145
5726,79.83498935415189,0.2427797317504882,79.83974196491637,0.25984386160287914
5727,79.84386089425124,0.2828197479248047,79.83974268412877,0.2598478734566109
5728,79.83498935415189,0.2518112659454345,79.83974185428764,0.2598464704175901
5729,79.83498935415189,0.2825174331665039,79.8397410247362,0.25985042764620747
5730,79.83498935415189,0.2697992324829101,79.8397401954743,0.2598521639123221
5731,79.84386089425124,0.2287392616271972,79.83974091449348,0.2598467350338916
5732,79.84386089425124,0.2448008060455322,79.83974163326175,0.25984411013350983
5733,79.84829666430092,0.2513899803161621,79.83974312550508,0.2598426354902485
5734,79.83498935415189,0.2997920513153076,79.83974229645531,0.2598496026014841
5735,79.83498935415189,0.3039019107818603,79.83974146769467,0.25985728391066987
5736,79.83498935415189,0.2313206195831298,79.83974063922298,0.25985230889945515
5737,79.83498935415189,0.2339570522308349,79.83973981104012,0.25984779517160633
5738,79.84386089425124,0.2607152462005615,79.83974052924911,0.2598479463481537
5739,79.83498935415189,0.2597661018371582,79.83973970137403,0.2598479320870436
5740,79.84386089425124,0.2328138351440429,79.83974041935188,0.25984322231405704
5741,79.83498935415189,0.4299609661102295,79.83973959178435,0.25987285438926977
5742,79.83498935415189,0.2579376697540283,79.83973876450507,0.2598725173665189
5743,79.84386089425124,0.2965006828308105,79.839739482271,0.2598788952466276
5744,79.84386089425124,0.2496335506439209,79.83974019978702,0.25987711158635557
5745,79.84386089425124,0.2408220767974853,79.83974091705325,0.2598737947830851
5746,79.83498935415189,0.2819538116455078,79.83974009011922,0.2598776374591837
5747,79.83498935415189,0.2488129138946533,79.83973926347298,0.2598757121549267
5748,79.84386089425124,0.3299446105957031,79.83973998052774,0.25988790229035486
5749,79.84386089425124,0.2258219718933105,79.83974069733306,0.25988197675019187
5750,79.83498935415189,0.2289180755615234,79.8397398710125,0.2598765917238982
5751,79.83498935415189,0.2278816699981689,79.8397390449793,0.25987102835722703
5752,79.83498935415189,0.3165702819824219,79.83973821923333,0.259880885668358
5753,79.84386089425124,0.2788517475128174,79.8397389358464,0.2598841832282128
5754,79.83498935415189,0.2506365776062011,79.83973811040642,0.2598825760669993
5755,79.84386089425124,0.2273974418640136,79.83973882678936,0.2598769313868598
5756,79.84386089425124,0.2629718780517578,79.83973954292338,0.25987746907738535
5757,79.83498935415189,0.3035745620727539,79.83973871780809,0.25988505933150996
5758,79.84386089425124,0.4278750419616699,79.8397394337123,0.2599142343892783
5759,79.84386089425124,0.2477939128875732,79.8397401493679,0.25991212980141554
5760,79.83498935415189,0.502730131149292,79.83973932457705,0.2599542857044273
5761,79.83498935415189,0.2438077926635742,79.83973850007254,0.25995148298041393
5762,79.84386089425124,0.2278194427490234,79.83973921551757,0.25994590643750676
5763,79.83498935415189,0.2738659381866455,79.83973839131812,0.2599483218516572
5764,79.83498935415189,0.2818343639373779,79.83973756740467,0.2599521188749198
5765,79.83498935415189,0.4939265251159668,79.83973674377704,0.2599927042012409
5766,79.83498935415189,0.2069272994995117,79.83973592043509,0.2599835010439912
5767,79.83498935415189,0.2229840755462646,79.83973509737868,0.2599770853294953
5768,79.84386089425124,0.2588245868682861,79.8397358126694,0.2599768855204695
5769,79.84386089425124,0.2299051284790039,79.83973652771215,0.2599716728740764
5770,79.84386089425124,0.1995065212249755,79.83973724250706,0.2599611936450211
5771,79.83498935415189,0.2642819881439209,79.83973641979203,0.2599619423531304
5772,79.83498935415189,0.2318115234375,79.83973559736208,0.25995706528817625
5773,79.87047551454933,0.2826197147369385,79.83974092213555,0.25996099091600383
5774,79.83498935415189,0.260850191116333,79.8397400992107,0.2599611449167313
5775,79.84386089425124,0.2763640880584717,79.8397408127683,0.2599639852532061
5776,79.84386089425124,0.4029302597045898,79.8397415260788,0.2599887370320238
5777,79.83498935415189,0.3465538024902344,79.83974070347676,0.2600037214643344
5778,79.84386089425124,0.3388149738311767,79.83974141655929,0.26001736134878695
5779,79.83498935415189,0.3063647747039795,79.83974059426089,0.2600253813199507
5780,79.84386089425124,0.2335374355316162,79.83974130711556,0.2600207986303679
5781,79.83498935415189,0.3068959712982178,79.83974048512059,0.26002890711898025
5782,79.83498935415189,0.3328423500061035,79.83973966340993,0.26004150024296624
5783,79.83498935415189,0.2549076080322265,79.83973884198346,0.26004061248709376
5784,79.84386089425124,0.2866251468658447,79.8397395546481,0.2600452087067305
5785,79.84386089425124,0.2478511333465576,79.83974026706636,0.2600431008285351
5786,79.83498935415189,0.2586188316345215,79.83973944596146,0.26004285467070687
5787,79.83498935415189,0.2917544841766357,79.83973862514034,0.26004833447535625
5788,79.83498935415189,0.21480393409729,79.83973780460285,0.2600405175437084
5789,79.84386089425124,0.2868168354034424,79.83973851683115,0.260045142922506
5790,79.83498935415189,0.232896089553833,79.8397376965958,0.26004045396682923
5791,79.84386089425124,0.2532474994659424,79.83973840859677,0.26003928094757506
5792,79.86160397444996,0.2652854919433594,79.839742183729,0.2600401867160481
5793,79.83498935415189,0.2168025970458984,79.83974136328543,0.2600327229512164
5794,79.83498935415189,0.2028901576995849,79.83974054312506,0.26002286058234314
5795,79.83498935415189,0.2958195209503174,79.83973972324776,0.26002903774547825
5796,79.84386089425124,0.1978728771209716,79.83974043428485,0.2600183137702152
5797,79.83498935415189,0.3218367099761963,79.83973961470919,0.2600289776301783
5798,79.83498935415189,0.2535858154296875,79.83973879541622,0.2600278663569461
5799,79.83498935415189,0.2360954284667968,79.83973797640583,0.26002373936300055
5800,79.83498935415189,0.2297933101654052,79.83973715767785,0.26001852722003543
5801,79.84386089425124,0.4260058403015136,79.83973786854436,0.2600471407889169
5802,79.83498935415189,0.2810368537902832,79.8397370501172,0.2600507584574797
5803,79.83498935415189,0.2884852886199951,79.8397362319721,0.26005565842821254
5804,79.83498935415189,0.2531800270080566,79.83973541410893,0.2600544737915102
5805,79.83498935415189,0.2236518859863281,79.83973459652753,0.2600482028892182
5806,79.84386089425124,0.2583634853363037,79.83973530722298,0.26004791272084876
5807,79.84386089425124,0.2429347038269043,79.83973601767364,0.26004496572431113
5808,79.83498935415189,0.2939646244049072,79.83973520041064,0.2600508058859297
5809,79.83498935415189,0.243269681930542,79.83973438342902,0.26004791707133934
5810,79.83498935415189,0.3261384963989258,79.83973356672861,0.2600592923861978
5811,79.83498935415189,0.2542500495910644,79.83973275030931,0.26005829268859065
5812,79.83498935415189,0.2783825397491455,79.83973193417094,0.2600614455184359
5813,79.84386089425124,0.2589242458343506,79.83973264446857,0.26006124988800683
5814,79.83498935415189,0.2339081764221191,79.83973182862916,0.26005675159535707
5815,79.84386089425124,0.2259204387664795,79.83973253870063,0.26005088120622055
5816,79.83498935415189,0.2268142700195312,79.83973172315996,0.2600451665206657
5817,79.83498935415189,0.2737884521484375,79.83973090789968,0.26004752912778756
5818,79.83498935415189,0.2198855876922607,79.83973009291967,0.2600406260783831
5819,79.84386089425124,0.1921677589416504,79.83973080280131,0.26002896206959514
5820,79.84386089425124,0.2256669998168945,79.83973151243902,0.26002305795236963
5821,79.83498935415189,0.239288330078125,79.83973069777517,0.26001949589638707
5822,79.84386089425124,0.3179061412811279,79.83973140718713,0.260029438638638
5823,79.84386089425124,0.3476781845092773,79.83973211635545,0.2600444908017619
5824,79.83498935415189,0.2353236675262451,79.83973130200754,0.2600402461549083
5825,79.84386089425124,0.2375814914703369,79.83973201095041,0.26003639057470496
5826,79.84386089425124,0.2334895133972168,79.83973271964992,0.26003183395315027
5827,79.83498935415189,0.2519564628601074,79.83973190561774,0.2600304480991786
5828,79.83498935415189,0.2885820865631103,79.8397310918649,0.2600353471448999
5829,79.83498935415189,0.2999520301818847,79.83973027839129,0.26004219509189547
5830,79.83498935415189,0.2277548313140869,79.83972946519674,0.26003665695059563
5831,79.83498935415189,0.2378287315368652,79.8397286522811,0.260032848354229
5832,79.83498935415189,0.2189290523529052,79.83972783964424,0.2600258003782343
5833,79.84386089425124,0.265949010848999,79.83972854820838,0.2600268158437702
5834,79.84386089425124,0.2505741119384765,79.83972925652961,0.2600251955654182
5835,79.83498935415189,0.2999463081359863,79.83972844420701,0.2600320372299547
5836,79.84386089425124,0.2207174301147461,79.83972915230332,0.2600253006625943
5837,79.83498935415189,0.2148683071136474,79.8397283402769,0.26001756432654005
5838,79.84386089425124,0.2558248043060303,79.83972904814843,0.26001684614222687
5839,79.83498935415189,0.280869722366333,79.839728236418,0.26002041745173604
5840,79.84386089425124,0.2649381160736084,79.83972894406489,0.26002125952341787
5841,79.83498935415189,0.1878061294555664,79.83972813263021,0.2600088960359897
5842,79.84386089425124,0.2298047542572021,79.83972884005262,0.260003725864511
5843,79.83498935415189,0.2848246097564697,79.83972802891348,0.2600079738336864
5844,79.83498935415189,0.2438163757324218,79.83972721805195,0.26000520319746095
5845,79.83498935415189,0.2178626060485839,79.83972640746788,0.2599979931722858
5846,79.86160397444996,0.2629854679107666,79.83973014978176,0.2599985042011497
5847,79.83498935415189,0.4120862483978271,79.83972933897354,0.26002451544524013
5848,79.84386089425124,0.2257602214813232,79.83973004546384,0.2600186562978455
5849,79.84386089425124,0.2717947959899902,79.83973075171257,0.2600206696573415
5850,79.83498935415189,0.2675492763519287,79.83972994121726,0.2600219565986568
5851,79.84386089425124,0.2718892097473144,79.83973064724239,0.2600239848422303
5852,79.84386089425124,0.2323174476623535,79.83973135302622,0.2600192503006753
5853,79.84386089425124,0.2660479545593261,79.8397320585689,0.2600202803201967
5854,79.83498935415189,0.2518684864044189,79.83973124840415,0.26001888780329957
5855,79.84386089425124,0.2719380855560303,79.83973195372369,0.26002092353306094
5856,79.84386089425124,0.2390353679656982,79.83973265880233,0.2600173399340911
5857,79.83498935415189,0.2609405517578125,79.83973184895007,0.2600174975594665
5858,79.83498935415189,0.2607753276824951,79.83973103937431,0.26001762692616553
5859,79.84386089425124,0.2429118156433105,79.83973174424798,0.26001470734752025
5860,79.84386089425124,0.2405383586883545,79.8397324488811,0.26001138373853405
5861,79.83498935415189,0.2381091117858886,79.83973163961736,0.26000764678716864
5862,79.84386089425124,0.2807071208953857,79.83973234402791,0.26001117791547096
5863,79.83498935415189,0.1988134384155273,79.83973153505812,0.2600007399588788
5864,79.84386089425124,0.2350091934204101,79.83973223924625,0.2599964780989643
5865,79.83498935415189,0.2374718189239502,79.83973143057018,0.25999263757736585
5866,79.84386089425124,0.2043061256408691,79.83973213453604,0.25998314447952464
5867,79.83498935415189,0.1896944046020507,79.8397313261535,0.2599711641250202
5868,79.83498935415189,0.2325503826141357,79.83973051804647,0.2599664911902024
5869,79.87047551454933,0.2759597301483154,79.83973575658736,0.25996921622665803
5870,79.84386089425124,0.2839710712432861,79.83973645933655,0.25997330512870515
5871,79.84386089425124,0.2338554859161377,79.83973716184633,0.2599688565136119
5872,79.83498935415189,0.2789039611816406,79.83973635329596,0.25997208115677745
5873,79.84386089425124,0.2258248329162597,79.83973705558456,0.2599662668798763
5874,79.84386089425124,0.2547523975372314,79.83973775763405,0.2599653792616702
5875,79.84386089425124,0.2707972526550293,79.83973845944455,0.25996722298480096
5876,79.84386089425124,0.2185895442962646,79.83973916101617,0.2599601811742685
5877,79.84386089425124,0.2379360198974609,79.83973986234903,0.2599564336566104
5878,79.84386089425124,0.252777099609375,79.83974056344326,0.25995521226599333
5879,79.83498935415189,0.2727463245391845,79.83973975527702,0.2599573879952454
5880,79.83498935415189,0.2430462837219238,79.83973894738567,0.25995451195710373
5881,79.84386089425124,0.2558937072753906,79.83973964827786,0.2599538214614938
5882,79.83498935415189,0.2687220573425293,79.83973884067939,0.25995531215103496
5883,79.83498935415189,0.2301661968231201,79.83973803335549,0.2599502485584244
5884,79.84386089425124,0.2353847026824951,79.83973873404564,0.2599460735846182
5885,79.83498935415189,0.2847836017608642,79.83973792701423,0.2599502940651919
5886,79.83498935415189,0.2222397327423095,79.83973712025703,0.25994388724199735
5887,79.84386089425124,0.2500109672546386,79.83973782074521,0.2599421999785376
5888,79.83498935415189,0.2176485061645507,79.8397370142801,0.2599350169463002
5889,79.83498935415189,0.2625164985656738,79.83973620808887,0.25993545530283263
5890,79.86160397444996,0.2446269989013672,79.83973992078265,0.25993285624402085
5891,79.83498935415189,0.2269136905670166,79.83973911437174,0.25992725122523336
5892,79.83498935415189,0.2450673580169677,79.83973830823456,0.2599247291795429
5893,79.83498935415189,0.2222857475280761,79.83973750237098,0.2599183421132521
5894,79.83498935415189,0.284353494644165,79.83973669678085,0.2599224878805631
5895,79.83498935415189,0.3427515029907226,79.83973589146403,0.2599365386040763
5896,79.84386089425124,0.2667434215545654,79.83973659109137,0.25993769309575715
5897,79.84386089425124,0.2469110488891601,79.83973729048142,0.25993548406672434
5898,79.83498935415189,0.275886058807373,79.83973648547357,0.25993818847071565
5899,79.83498935415189,0.2756657600402832,79.83973568073864,0.2599408546127006
5900,79.83498935415189,0.2180423736572265,79.8397348762765,0.2599337531752506
5901,79.83498935415189,0.2456367015838623,79.83973407208701,0.2599313303568145
5902,79.83498935415189,0.2507824897766113,79.83973326817005,0.25992978023133495
5903,79.83498935415189,0.317176342010498,79.83973246452545,0.2599394781072928
5904,79.84386089425124,0.2669336795806885,79.83973316378523,0.2599406627620139
5905,79.84386089425124,0.2826945781707763,79.83973386280817,0.25994451609231173
5906,79.83498935415189,0.2277619838714599,79.83973305947111,0.25993906696731667
5907,79.84386089425124,0.2296736240386963,79.83973375827505,0.25993394331014236
5908,79.86160397444996,0.2498073577880859,79.83973746007196,0.25993222926384546
5909,79.83498935415189,0.2769546508789062,79.83973665653397,0.25993511002566894
5910,79.83498935415189,0.2818381786346435,79.83973585326791,0.2599388161286485
5911,79.83498935415189,0.2248544692993164,79.83973505027365,0.25993288069524817
5912,79.83498935415189,0.2869532108306885,79.83973424755102,0.25993745111644834
5913,79.84386089425124,0.2177796363830566,79.83973494544493,0.25993032143359135
5914,79.83498935415189,0.2039141654968261,79.8397341430115,0.2599208496453031
5915,79.83498935415189,0.2000274658203125,79.83973334084939,0.25991072396756426
5916,79.84386089425124,0.1963348388671875,79.83973403854267,0.25989997753668187
5917,79.84386089425124,0.2608170509338379,79.83973473600011,0.2599001325262707
5918,79.84386089425124,0.2398257255554199,79.83973543322186,0.25989674043316985
5919,79.83498935415189,0.251887559890747,79.83973463138386,0.2598953873024818
5920,79.84386089425124,0.2298026084899902,79.83973532838773,0.25989030406281755
5921,79.83498935415189,0.2596650123596191,79.83973452683828,0.2598902660132139
5922,79.83498935415189,0.2785651683807373,79.83973372555954,0.2598934194921682
5923,79.84386089425124,0.2619051933288574,79.8397344223633,0.2598937591467076
5924,79.84386089425124,0.2428679466247558,79.83973511893183,0.25989088510678154
5925,79.84386089425124,0.2373714447021484,79.83973581526521,0.25988708435734614
5926,79.83498935415189,0.2579152584075928,79.83973501430991,0.25988675161587643
5927,79.83498935415189,0.2518184185028076,79.83973421362488,0.2598853903313964
5928,79.84386089425124,0.338489294052124,79.83973490975859,0.2598986500992305
5929,79.84386089425124,0.2739143371582031,79.83973560565748,0.25990101402013777
5930,79.83498935415189,0.2719683647155761,79.8397348052778,0.2599030489865282
5931,79.83498935415189,0.2550845146179199,79.83973400516801,0.25990223655449846
5932,79.84386089425124,0.3233711719512939,79.83973470086745,0.2599129359704453
5933,79.83498935415189,0.2471108436584472,79.83973390104498,0.25991077819321423
5934,79.83498935415189,0.2437977790832519,79.83973310149209,0.25990806282430456
5935,79.84386089425124,0.302314281463623,79.83973379699212,0.25991520793275263
5936,79.83498935415189,0.1999471187591552,79.83973299772614,0.2599051054918541
5937,79.87047551454933,0.2338716983795166,79.83973817584925,0.2599007205487663
5938,79.86160397444996,0.2070124149322509,79.83974185819996,0.2598918137947049
5939,79.83498935415189,0.2858376502990722,79.83974105798039,0.2598961825161234
5940,79.83498935415189,0.2384600639343261,79.83974025803025,0.25989257374195135
5941,79.83498935415189,0.2223885059356689,79.8397394583494,0.2598862609885755
5942,79.83498935415189,0.442850112915039,79.83973865893772,0.2599170526162979
5943,79.83498935415189,0.3427820205688476,79.83973785979506,0.25993099590553775
5944,79.84386089425124,0.2147855758666992,79.8397385534415,0.25992340078103593
5945,79.83498935415189,0.2334928512573242,79.83973775458544,0.2599189549358679
5946,79.83498935415189,0.2808244228363037,79.83973695599808,0.2599224708235067
5947,79.84386089425124,0.2319850921630859,79.83973764944659,0.25991777309714714
5948,79.83498935415189,0.2475237846374511,79.83973685114542,0.2599156893734653
5949,79.83498935415189,0.3066427707672119,79.83973605311265,0.2599235439845585
5950,79.83498935415189,0.2944309711456299,79.8397352553481,0.25992934355214864
5951,79.83498935415189,0.2215769290924072,79.83973445785168,0.25992289885134884
5952,79.84386089425124,0.2328271865844726,79.83973515113738,0.25991834648033624
5953,79.84386089425124,0.2595686912536621,79.83973584419014,0.2599182877443667
5954,79.83498935415189,0.2809469699859619,79.83973504699665,0.2599218196023179
5955,79.83498935415189,0.308823823928833,79.83973425007089,0.25993003152579847
5956,79.83498935415189,0.2328205108642578,79.83973345341273,0.2599254798937196
5957,79.83498935415189,0.2778112888336181,79.83973265702205,0.2599284823796924
5958,79.84386089425124,0.230910062789917,79.83973334991182,0.25992361188295027
5959,79.84386089425124,0.2693600654602051,79.83973404256905,0.25992519544622883
5960,79.83498935415189,0.2868609428405761,79.83973324648038,0.2599297148669326
5961,79.83498935415189,0.2228178977966308,79.83973245065881,0.25992348909658025
5962,79.83498935415189,0.2278463840484619,79.83973165510422,0.259918108837431
5963,79.83498935415189,0.2488899230957031,79.83973085981644,0.25991625940161983
5964,79.84386089425124,0.2368884086608886,79.83973155231048,0.2599123982596445
5965,79.83498935415189,0.2824504375457763,79.8397307573066,0.2599161766400781
5966,79.83498935415189,0.2407095432281494,79.83972996256922,0.25991295729153435
5967,79.83498935415189,0.2806222438812256,79.83972916809823,0.25991642792779873
5968,79.83498935415189,0.2308559417724609,79.83972837389348,0.2599115585433894
5969,79.83498935415189,0.2664136886596679,79.83972757995483,0.2599126478598772
5970,79.83498935415189,0.2348346710205078,79.83972678628217,0.25990844719374
5971,79.83498935415189,0.2508306503295898,79.83972599287534,0.25990692687941
5972,79.86160397444996,0.2585692405700683,79.83972965630159,0.25990670288639106
5973,79.84386089425124,0.2768723964691162,79.83973034795368,0.2599095432837764
5974,79.84386089425124,0.2168450355529785,79.83973103937423,0.2599023346283143
5975,79.84386089425124,0.2549092769622803,79.83973173056333,0.2599014989701275
5976,79.83498935415189,0.2617979049682617,79.83973093699298,0.25990181630714193
5977,79.83498935415189,0.2820467948913574,79.83973014368816,0.2599055213395301
5978,79.83498935415189,0.2425980567932129,79.83972935064875,0.2599026261463976
5979,79.83498935415189,0.2703850269317627,79.83972855787462,0.25990437934940563
5980,79.83498935415189,0.253913402557373,79.83972776536564,0.2599033775138217
5981,79.84386089425124,0.2555921077728271,79.83972845640876,0.25990265668624424
5982,79.83498935415189,0.26802659034729,79.8397276641817,0.25990401474937713
5983,79.87047551454933,0.2310793399810791,79.8397328033845,0.2598991969865878
5984,79.87047551454933,0.2802283763885498,79.83973794086965,0.25990259424250395
5985,79.83498935415189,0.2248711585998535,79.839737147455,0.25989674103688276
5986,79.84386089425124,0.2488021850585937,79.83973783635356,0.25989488761957935
5987,79.83498935415189,0.2406251430511474,79.8397370432214,0.25989166902185623
5988,79.84386089425124,0.3709204196929931,79.83973773190729,0.2599102108973858
5989,79.84386089425124,0.2988526821136474,79.83973842036319,0.25991671323019866
5990,79.83498935415189,0.2678554058074951,79.83973762753075,0.2599180385545021
5991,79.83498935415189,0.2365493774414062,79.839736834963,0.2599141379267082
5992,79.84386089425124,0.3195161819458008,79.8397375232239,0.2599240848632935
5993,79.83498935415189,0.2519190311431885,79.83973673093806,0.2599227491293172
5994,79.84386089425124,0.2268588542938232,79.83973741898666,0.2599172329640126
5995,79.83498935415189,0.2868056297302246,79.83973662698251,0.2599217181010879
5996,79.83498935415189,0.2377574443817138,79.83973583524255,0.259918021591128
5997,79.84386089425124,0.2973461151123047,79.8397365230963,0.2599242627272829
5998,79.83498935415189,0.2927548885345459,79.83973573163766,0.25992973632278266
5999,79.84386089425124,0.3283038139343261,79.83973641927938,0.2599411339019811
6000,79.83498935415189,0.2528276443481445,79.83973562810185,0.2599399483203888
6001,79.83498935415189,0.2644548416137695,79.839734837188,0.25994070067721153
6002,79.84386089425124,0.2317912578582763,79.83973552463503,0.2599360106667452
6003,79.84386089425124,0.2282767295837402,79.83973621185304,0.259930736756853
6004,79.84386089425124,0.2578094005584717,79.8397368988421,0.25993038343636693
6005,79.83498935415189,0.2206628322601318,79.83973610824349,0.2599238442937897
6006,79.83498935415189,0.2569248676300049,79.83973531790814,0.25992334496367586
6007,79.83498935415189,0.317767858505249,79.83973452783593,0.2599329744814953
6008,79.84386089425124,0.2877407073974609,79.83973521464792,0.25993760293238016
6009,79.83498935415189,0.2167732715606689,79.83973442485585,0.259930419652072
6010,79.83498935415189,0.2497882843017578,79.83973363532661,0.25992873210875245
6011,79.83498935415189,0.1958184242248535,79.83973284606007,0.2599180666108513
6012,79.83498935415189,0.2479188442230224,79.83973205705608,0.2599160707322106
6013,79.84386089425124,0.2959849834442138,79.83973274370788,0.259922069220937
6014,79.84386089425124,0.2317125797271728,79.83973343013132,0.25991737858417385
6015,79.84386089425124,0.2311384677886963,79.83973411632653,0.25991259406035083
6016,79.84386089425124,0.2357580661773681,79.83973480229359,0.2599085790124979
6017,79.84386089425124,0.2465310096740722,79.83973548803266,0.2599063557169456
6018,79.83498935415189,0.2588539123535156,79.83973469937632,0.2599061808343661
6019,79.84386089425124,0.250925064086914,79.83973538490463,0.25990468870664596
6020,79.84386089425124,0.2508385181427002,79.83973607020518,0.25990318269824664
6021,79.83498935415189,0.2430651187896728,79.8397352818451,0.259900386142208
6022,79.83498935415189,0.2908024787902832,79.83973449374685,0.25990551767536113
6023,79.83498935415189,0.2958111763000488,79.83973370591028,0.25991147909967205
6024,79.84386089425124,0.2488117218017578,79.83973439103451,0.25990963651047916
6025,79.83498935415189,0.2468039989471435,79.83973360347652,0.2599074613009251
6026,79.84386089425124,0.262678861618042,79.83973428839035,0.25990792120804707
6027,79.84386089425124,0.2174928188323974,79.83973497307692,0.2599008836931349
6028,79.83498935415189,0.23146653175354,79.83973418581431,0.2598961666473586
6029,79.83498935415189,0.2267987728118896,79.83973339881287,0.2598906769485967
6030,79.83498935415189,0.2176408767700195,79.83973261207245,0.25988367034823545
6031,79.83498935415189,0.2761342525482178,79.83973182559295,0.2598863648569736
6032,79.84386089425124,0.2154736518859863,79.83973251012024,0.25987900200668
6033,79.83498935415189,0.222085952758789,79.83973172391836,0.25987273761926943
6034,79.84386089425124,0.4239053726196289,79.83973240823562,0.25989992234499043
6035,79.83498935415189,0.3208909034729004,79.83973162231116,0.2599100285556164
6036,79.84386089425124,0.2655713558197021,79.83973230641851,0.25991096648259854
6037,79.83498935415189,0.2460696697235107,79.83973152077128,0.2599086737383946
6038,79.83498935415189,0.2253141403198242,79.8397307353843,0.2599029442694614
6039,79.84386089425124,0.2718238830566406,79.83973141929867,0.25990491826164347
6040,79.83498935415189,0.2908608913421631,79.83973063418854,0.2599100434227495
6041,79.83498935415189,0.2394676208496093,79.83972984933834,0.25990665947595704
6042,79.86160397444996,0.2707817554473877,79.83973346968344,0.25990845939253626
6043,79.83498935415189,0.2584891319274902,79.83973268462377,0.25990822452120327
6044,79.86160397444996,0.2349114418029785,79.83973630330176,0.25990408871995935
6045,79.83498935415189,0.3167290687561035,79.83973551803308,0.2599134890475088
6046,79.84386089425124,0.2298572063446045,79.83973620036458,0.2599085177801084
6047,79.83498935415189,0.2458665370941162,79.83973541537264,0.2599061956400908
6048,79.84386089425124,0.2317759990692138,79.83973609749549,0.2599015444832504
6049,79.83498935415189,0.2475910186767578,79.83973531278009,0.25989950934921063
6050,79.83498935415189,0.2277870178222656,79.83973452832413,0.2598942014993715
6051,79.84386089425124,0.2821919918060303,79.83973521025537,0.2598978864754592
6052,79.84386089425124,0.3353524208068847,79.83973589196125,0.25991035417776115
6053,79.83498935415189,0.253934383392334,79.83973510779838,0.25990936690355243
6054,79.83498935415189,0.2382876873016357,79.83973432389458,0.2599057954335158
6055,79.84386089425124,0.2140777111053466,79.83973500540908,0.25989822679861435
6056,79.83498935415189,0.2716312408447265,79.83973422178107,0.2599001642183709
6057,79.84386089425124,0.2173378467559814,79.8397349030874,0.2598931372549464
6058,79.83498935415189,0.2889044284820556,79.83973411973498,0.25989792617723545
6059,79.84386089425124,0.2074933052062988,79.83973480083327,0.2598892771227758
6060,79.84386089425124,0.2350924015045166,79.83973548170678,0.25988518522910947
6061,79.84386089425124,0.2304334640502929,79.8397361623556,0.2598803260109641
6062,79.84386089425124,0.3136417865753174,79.83973684277987,0.25988919461217896
6063,79.83498935415189,0.289888858795166,79.83973605975355,0.2598941426023131
6064,79.83498935415189,0.3297932147979736,79.83973527698546,0.25990566949416594
6065,79.84386089425124,0.2498307228088379,79.83973595721915,0.2599040083323052
6066,79.84386089425124,0.3039016723632812,79.83973663722855,0.2599112614915586
6067,79.83498935415189,0.2973256111145019,79.83973585475235,0.2599174283532073
6068,79.83498935415189,0.2294623851776123,79.83973507253405,0.2599124093942133
6069,79.83498935415189,0.233809232711792,79.83973429057353,0.25990810832703876
6070,79.84386089425124,0.2586801052093506,79.8397349704094,0.25990790602010005
6071,79.83498935415189,0.218294620513916,79.8397341887233,0.2599010515833506
6072,79.83498935415189,0.2377791404724121,79.83973340729469,0.25989740831735736
6073,79.84386089425124,0.2236838340759277,79.83973408694015,0.25989144527203517
6074,79.83498935415189,0.3168904781341553,79.8397333057856,0.259900829373593
6075,79.83498935415189,0.2899386882781982,79.8397325248882,0.2599057738771164
6076,79.84386089425124,0.2578122615814209,79.83973320434333,0.2599054293227557
6077,79.84386089425124,0.2178394794464111,79.83973388357485,0.25989850716546153
6078,79.83498935415189,0.213486909866333,79.83973310296784,0.25989087116722215
6079,79.83498935415189,0.2579109668731689,79.83973232261764,0.25989054547150015
6080,79.83498935415189,0.3289434909820556,79.83973154252413,0.25990190286385384
6081,79.83498935415189,0.2348208427429199,79.83973076268721,0.25989777836786293
6082,79.83498935415189,0.2078022956848144,79.83972998310671,0.2598892128495
6083,79.83498935415189,0.2349090576171875,79.83972920378254,0.259885106297596
6084,79.83498935415189,0.2948560714721679,79.83972842471455,0.2598908543194853
6085,79.83498935415189,0.243647813796997,79.83972764590261,0.2598881849619631
6086,79.83498935415189,0.2718241214752197,79.83972686734663,0.25989014617400935
6087,79.84386089425124,0.2639272212982178,79.83972754650334,0.2598908094030424
6088,79.83498935415189,0.2298829555511474,79.83972676821944,0.25988588038631244
6089,79.83498935415189,0.225433349609375,79.83972599019118,0.25988022222720963
6090,79.84386089425124,0.2910473346710205,79.83972666915736,0.25988533997966345
6091,79.83498935415189,0.245060920715332,79.83972589140083,0.25988290615611
6092,79.84386089425124,0.2205390930175781,79.83972657016034,0.25987644788080816
6093,79.84386089425124,0.3018937110900879,79.83972724869703,0.25988334387017453
6094,79.83498935415189,0.2775700092315674,79.83972647122827,0.25988624617824174
6095,79.84386089425124,0.2559852600097656,79.83972714955856,0.2598856061476973
6096,79.83498935415189,0.2344617843627929,79.83972637236114,0.2598814355732575
6097,79.86160397444996,0.2947051525115967,79.839729960618,0.25988714718830397
6098,79.83498935415189,0.2396316528320312,79.83972918321452,0.25988382552638917
6099,79.83498935415189,0.2389376163482666,79.83972840606594,0.2598803911585948
6100,79.83498935415189,0.2193875312805175,79.83972762917219,0.2598737529848443
6101,79.83498935415189,0.302964448928833,79.8397268525331,0.25988081587550876
6102,79.83498935415189,0.2233648300170898,79.83972607614858,0.259874831610373
6103,79.83498935415189,0.2531301975250244,79.83972530001847,0.2598737264761627
6104,79.84386089425124,0.2762160301208496,79.83972597754047,0.2598764037867205
6105,79.83498935415189,0.2917642593383789,79.83972520168078,0.2598816270226831
6106,79.84386089425124,0.2170522212982177,79.83972587899696,0.25987461270795587
6107,79.83498935415189,0.2092196941375732,79.83972510340749,0.2598663181412995
6108,79.83498935415189,0.2894535064697265,79.83972432807198,0.25987116214724715
6109,79.84386089425124,0.2799620628356933,79.83972500519855,0.2598744508852875
6110,79.83498935415189,0.2390174865722656,79.83972423013292,0.2598710373068402
6111,79.84386089425124,0.2598938941955566,79.83972490705389,0.2598710410471264
6112,79.83498935415189,0.231856107711792,79.83972413225793,0.2598664574520126
6113,79.83498935415189,0.2450842857360839,79.83972335771546,0.25986403929861557
6114,79.86160397444996,0.2254025936126709,79.83972693648823,0.25985840281747624
6115,79.86160397444996,0.2292449474334716,79.8397305140905,0.2598533965287789
6116,79.83498935415189,0.2429335117340088,79.8397297388845,0.2598506300335542
6117,79.83498935415189,0.3758206367492676,79.83972896393195,0.25986958867450816
6118,79.83498935415189,0.2929282188415527,79.83972818923273,0.2598749921773142
6119,79.84386089425124,0.2686903476715088,79.83972886462169,0.2598764328302794
6120,79.84386089425124,0.2727663516998291,79.83972953978993,0.25987853902617314
6121,79.84386089425124,0.277543306350708,79.83973021473757,0.25988142495450584
6122,79.84386089425124,0.2428882122039795,79.8397308894647,0.2598786491928674
6123,79.83498935415189,0.2925989627838135,79.83973011508363,0.2598839930298086
6124,79.84386089425124,0.3258545398712158,79.83973078960668,0.25989476549010276
6125,79.83498935415189,0.3525772094726562,79.83973001549477,0.2599098973176917
6126,79.83498935415189,0.2300472259521484,79.83972924163558,0.2599050225753859
6127,79.84386089425124,0.2629694938659668,79.83972991597092,0.25990552273391215
6128,79.83498935415189,0.2191376686096191,79.83972914238055,0.2598988700162026
6129,79.84386089425124,0.2304630279541015,79.83972981651203,0.2598940673009045
6130,79.83498935415189,0.2362983226776123,79.83972904319027,0.25989021807665924
6131,79.83498935415189,0.3028643131256103,79.83972827012077,0.2598972273891774
6132,79.83498935415189,0.2868764400482178,79.83972749730343,0.25990162713031556
6133,79.83498935415189,0.2503180503845215,79.8397267247381,0.2599000645057035
6134,79.83498935415189,0.2318992614746093,79.83972595242466,0.2598954996535628
6135,79.83498935415189,0.2423231601715088,79.839725180363,0.2598926353765486
6136,79.83498935415189,0.2448923587799072,79.839724408553,0.2598901907421619
6137,79.83498935415189,0.2247462272644043,79.8397236369945,0.25988446417160993
6138,79.83498935415189,0.2719805240631103,79.83972286568742,0.2598864348558542
6139,79.83498935415189,0.2335193157196045,79.83972209463163,0.2598821398372622
6140,79.84386089425124,0.2488682270050048,79.83972276870323,0.259880346040384
6141,79.83498935415189,0.250770092010498,79.83972199791434,0.2598788625272705
6142,79.83498935415189,0.2359004020690918,79.83972122737643,0.2598749585122171
6143,79.84386089425124,0.2719712257385254,79.83972190126002,0.2598769276262048
6144,79.83498935415189,0.2138683795928955,79.83972113098868,0.2598694392557566
6145,79.83498935415189,0.2969365119934082,79.83972036096804,0.2598754713261777
6146,79.83498935415189,0.2490162849426269,79.83971959119798,0.25987370445563046
6147,79.83498935415189,0.3177454471588135,79.83971882167836,0.2598831190875978
6148,79.83498935415189,0.3178060054779053,79.83971805240907,0.2598925405069846
6149,79.84386089425124,0.3519377708435058,79.83971872615145,0.2599075096451106
6150,79.84386089425124,0.2541747093200683,79.83971939967472,0.2599065774824561
6151,79.83498935415189,0.1871719360351562,79.83971863068666,0.2598947526342286
6152,79.83498935415189,0.2628383636474609,79.8397178619486,0.25989523111456236
6153,79.84386089425124,0.2419633865356445,79.83971853528394,0.2598923167890985
6154,79.84386089425124,0.2547860145568847,79.83971920840044,0.2598914870357297
6155,79.84386089425124,0.2948141098022461,79.83971988129822,0.25989716089808
6156,79.83498935415189,0.2328534126281738,79.83971911285651,0.2598927678265612
6157,79.84386089425124,0.2328662872314453,79.83971978555124,0.2598883782731106
6158,79.83498935415189,0.228898286819458,79.83971901737465,0.25988334578018213
6159,79.83498935415189,0.3054234981536865,79.83971824944751,0.25989073986239897
6160,79.83498935415189,0.2666795253753662,79.83971748176971,0.25989184193796927
6161,79.83498935415189,0.2254130840301513,79.8397167143411,0.2598862456454992
6162,79.84386089425124,0.2517590522766113,79.83971738687923,0.2598849267241476
6163,79.84386089425124,0.2950046062469482,79.8397180591991,0.25989062519559375
6164,79.83498935415189,0.2278082370758056,79.83971729205032,0.25988542039544454
6165,79.84386089425124,0.2539377212524414,79.83971796416746,0.2598844556429477
6166,79.84386089425124,0.2859342098236084,79.8397186360666,0.2598886803841382
6167,79.83498935415189,0.2597532272338867,79.83971786919747,0.25988865841994974
6168,79.83498935415189,0.2225468158721923,79.83971710257701,0.2598826042950231
6169,79.83498935415189,0.2760751247406006,79.83971633620507,0.2598852291159739
6170,79.83498935415189,0.3199903964996338,79.83971557008157,0.2598949706341884
6171,79.83498935415189,0.3455371856689453,79.83971480420635,0.25990884880872006
6172,79.83498935415189,0.242800235748291,79.8397140385793,0.25990607683641603
6173,79.84386089425124,0.3147826194763183,79.83971471035247,0.2599149666051897
6174,79.84386089425124,0.2549750804901123,79.83971538190801,0.25991416649405996
6175,79.83498935415189,0.274620771408081,79.83971461655938,0.25991654813048326
6176,79.84386089425124,0.2848472595214844,79.83971528791264,0.2599205848389339
6177,79.84386089425124,0.2699799537658691,79.83971595904852,0.2599222133590775
6178,79.84386089425124,0.219935655593872,79.83971662996713,0.25991574094765546
6179,79.84386089425124,0.2436537742614746,79.8397173006686,0.25991310913560073
6180,79.83498935415189,0.262540340423584,79.8397165356287,0.2599135342539321
6181,79.83498935415189,0.2397482395172119,79.83971577083635,0.2599102717891632
6182,79.84386089425124,0.2338593006134033,79.8397164413513,0.2599060577854143
6183,79.83498935415189,0.2337417602539062,79.83971567682158,0.25990182613451157
6184,79.83498935415189,0.2789521217346191,79.83971491253914,0.2599049067127134
6185,79.84386089425124,0.2528173923492431,79.83971558286763,0.25990376079284866
6186,79.83498935415189,0.2218008041381836,79.83971481884747,0.2598976012460244
6187,79.83498935415189,0.2385039329528808,79.83971405507428,0.2598941434040504
6188,79.83498935415189,0.233166217803955,79.83971329154794,0.2598898240883426
6189,79.83498935415189,0.2158722877502441,79.83971252826835,0.25988271186725065
6190,79.84386089425124,0.3278923034667969,79.83971319844056,0.2598936988772021
6191,79.84386089425124,0.2319839000701904,79.83971386839627,0.2598891907526977
6192,79.83498935415189,0.2367608547210693,79.83971310539333,0.2598854555563101
6193,79.86160397444996,0.2852330207824707,79.83971664016953,0.25988954849434115
6194,79.84386089425124,0.2418181896209716,79.8397173092451,0.25988663093559505
6195,79.84386089425124,0.3178098201751709,79.83971797810467,0.2598959809257871
6196,79.86160397444996,0.2625865936279297,79.83972151038296,0.25989641517573897
6197,79.83498935415189,0.2359554767608642,79.83972074676247,0.2598925518647151
6198,79.84386089425124,0.2350215911865234,79.83972141474366,0.2598885391250123
6199,79.84386089425124,0.408935546875,79.83972208250935,0.259912582842991
6200,79.83498935415189,0.3517746925354004,79.83972131916607,0.25992739931229625
6201,79.84386089425124,0.2127320766448974,79.8397219867318,0.25991978839104685
6202,79.83498935415189,0.2229552268981933,79.83972122365012,0.2599138282876136
6203,79.83498935415189,0.2804133892059326,79.83972046081448,0.25991713306931896
6204,79.83498935415189,0.2627513408660888,79.83971969822474,0.2599175899048762
6205,79.84386089425124,0.2989563941955566,79.83972036562136,0.25992388141241696
6206,79.84386089425124,0.2505707740783691,79.83972103280291,0.25992237430520876
6207,79.83498935415189,0.2801549434661865,79.83972027048961,0.2599256339425796
6208,79.83498935415189,0.2132790088653564,79.8397195084219,0.2599181199887979
6209,79.83498935415189,0.2497122287750244,79.83971874659966,0.25991647626336484
6210,79.84386089425124,0.2450275421142578,79.83971941361216,0.2599140786894278
6211,79.83498935415189,0.2397084236145019,79.8397186520505,0.25991082548461775
6212,79.84386089425124,0.26442551612854,79.83971931886347,0.2599115522538779
6213,79.83498935415189,0.2838313579559326,79.83971855756221,0.25991540221455744
6214,79.83498935415189,0.2679316997528076,79.83971779650598,0.25991669225278374
6215,79.84386089425124,0.2708933353424072,79.83971846313474,0.25991845840613687
6216,79.84386089425124,0.3899962902069092,79.83971912954902,0.2599393846982541
6217,79.84386089425124,0.3294723033905029,79.8397197957489,0.25995056901845554
6218,79.83498935415189,0.2205150127410888,79.83971903498313,0.2599442268575875
6219,79.83498935415189,0.2729401588439941,79.839718274462,0.25994631657168726
6220,79.84386089425124,0.2358348369598388,79.83971894047805,0.25994244012801976
6221,79.83498935415189,0.2285370826721191,79.83971818021662,0.259937391846802
6222,79.84386089425124,0.2159531116485595,79.83971884603373,0.25993032269215743
6223,79.84386089425124,0.2227115631103515,79.83971951163686,0.2599243418534009
6224,79.83498935415189,0.1830832958221435,79.83971875165011,0.25991199592698205
6225,79.83498935415189,0.2349677085876464,79.83971799190753,0.25990798881255
6226,79.83498935415189,0.3079650402069092,79.83971723240901,0.25991570758084337
6227,79.83498935415189,0.321408748626709,79.83971647315444,0.2599255828082475
6228,79.84386089425124,0.2818880081176758,79.8397171386042,0.2599291092092285
6229,79.84386089425124,0.2628023624420166,79.8397178038403,0.25992957047961424
6230,79.83498935415189,0.2578253746032715,79.83971704485961,0.25992923272746715
6231,79.84386089425124,0.3009722232818603,79.83971770989723,0.25993581963014
6232,79.86160397444996,0.3088254928588867,79.83972122181387,0.2599436645712871
6233,79.84386089425124,0.3297572135925293,79.83972188596796,0.2599548652048538
6234,79.84386089425124,0.2439422607421875,79.83972254990898,0.25995229661254343
6235,79.83498935415189,0.2496924400329589,79.83972179077573,0.25995065108622756
6236,79.83498935415189,0.2309305667877197,79.83972103188596,0.2599459974485915
6237,79.83498935415189,0.373950719833374,79.83972027323954,0.25996427622402596
6238,79.84386089425124,0.2629358768463135,79.83972093701334,0.2599647525947573
6239,79.84386089425124,0.2379248142242431,79.83972160057436,0.2599612199872288
6240,79.83498935415189,0.2368619441986084,79.83972084220154,0.2599575181802114
6241,79.83498935415189,0.2186825275421142,79.83972008407174,0.25995090465823767
6242,79.83498935415189,0.2628722190856933,79.83971932618486,0.25995137266759805
6243,79.84386089425124,0.3679006099700928,79.83971998957875,0.2599686639117599
6244,79.84386089425124,0.2062485218048095,79.83972065276015,0.25996006042967995
6245,79.83498935415189,0.2364091873168945,79.83971989514629,0.25995628927305664
6246,79.84386089425124,0.2138419151306152,79.83972055813045,0.25994890624805783
6247,79.84386089425124,0.253803014755249,79.83972122090236,0.2599479224331879
6248,79.84386089425124,0.200831651687622,79.83972188346212,0.2599384608021466
6249,79.84386089425124,0.2634525299072265,79.83972254580983,0.259939023143178
6250,79.83498935415189,0.2658040523529053,79.83972178849916,0.25993996154785154
6251,79.84386089425124,0.267587661743164,79.83972245065014,0.259941184984133
6252,79.84386089425124,0.3309028148651123,79.8397231125893,0.2599525352128408
6253,79.83498935415189,0.2341151237487793,79.83972235555132,0.2599484032103677
6254,79.83498935415189,0.2405242919921875,79.83972159875545,0.2599452973403296
6255,79.84386089425124,0.2410478591918945,79.83972226051331,0.2599422761671644
6256,79.84386089425124,0.2733645439147949,79.83972292205964,0.259944421670321
6257,79.84386089425124,0.2765939235687256,79.83972358339449,0.2599470826103719
6258,79.83498935415189,0.2144346237182617,79.83972282688615,0.25993980992598514
6259,79.84386089425124,0.2582740783691406,79.83972348802489,0.25993954379216877
6260,79.83498935415189,0.2158513069152832,79.83972273177346,0.25993250094282744
6261,79.84386089425124,0.5268850326538086,79.8397233927162,0.2599751383061417
6262,79.84386089425124,0.2436261177062988,79.83972405344784,0.2599725274756403
6263,79.83498935415189,0.2978417873382568,79.8397232974684,0.25997857398048824
6264,79.83498935415189,0.2768898010253906,79.83972254173031,0.2599812737293779
6265,79.86160397444996,0.2647931575775146,79.8397260343772,0.25998204178745427
6266,79.84386089425124,0.2153637409210205,79.83972669426545,0.25997492108830544
6267,79.83498935415189,0.2235102653503418,79.83972593834713,0.2599691025697578
6268,79.83498935415189,0.2577769756317138,79.83972518267001,0.259968752836679
6269,79.83498935415189,0.2068777084350586,79.83972442723397,0.25996028401479326
6270,79.84386089425124,0.2093887329101562,79.83972508695759,0.25995221837665855
6271,79.83498935415189,0.2319798469543457,79.83972433177773,0.25994775778481954
6272,79.84386089425124,0.2788033485412597,79.83972499130618,0.2599507640971213
6273,79.84386089425124,0.2778317928314209,79.83972565062437,0.25995361457197136
6274,79.84386089425124,0.2309598922729492,79.83972630973238,0.2599489933220034
6275,79.83498935415189,0.2858614921569824,79.83972555483906,0.25995312280388944
6276,79.84386089425124,0.2986836433410644,79.83972621375229,0.2599592940149374
6277,79.86160397444996,0.2317941188812255,79.83972969913714,0.2599548069709461
6278,79.83498935415189,0.25484299659729,79.83972894406466,0.2599539927290898
6279,79.84386089425124,0.2511794567108154,79.8397296021233,0.25995259528745607
6280,79.84386089425124,0.2270574569702148,79.83973025997236,0.2599473572081062
6281,79.83498935415189,0.2422735691070556,79.83972950517123,0.25994454335870304
6282,79.84386089425124,0.2386183738708496,79.8397301628263,0.2599411485529902
6283,79.84386089425124,0.2715966701507568,79.83973082027202,0.25994300364157813
6284,79.84386089425124,0.2925822734832763,79.8397314775085,0.2599481976692423
6285,79.83498935415189,0.2756099700927734,79.83973072299403,0.25995068959802886
6286,79.83498935415189,0.3066647052764892,79.83972996871964,0.25995812103545785
6287,79.83498935415189,0.3265540599822998,79.83972921468518,0.25996871367724994
6288,79.83498935415189,0.218703031539917,79.83972846089057,0.2599621510687675
6289,79.84386089425124,0.2074308395385742,79.83972911797967,0.2599537981809427
6290,79.83498935415189,0.2908015251159668,79.8397283644401,0.259958702430058
6291,79.84386089425124,0.3012623786926269,79.83972902133564,0.25996526794845926
6292,79.84386089425124,0.2282299995422363,79.83972967802238,0.25996022419950726
6293,79.84386089425124,0.2121646404266357,79.83973033450042,0.2599526291599756
6294,79.84386089425124,0.2209041118621826,79.83973099076984,0.25994642507397336
6295,79.83498935415189,0.1972434520721435,79.8397302375313,0.2599364643157523
6296,79.87047551454933,0.2086596488952636,79.8397351208345,0.2599283199676867
6297,79.83498935415189,0.2217097282409668,79.83973436717932,0.25992225063439683
6298,79.83498935415189,0.2868833541870117,79.83973361376347,0.2599265315336589
6299,79.84386089425124,0.3015599250793457,79.83973426899136,0.25993314105795573
6300,79.83498935415189,0.2517256736755371,79.83973351583028,0.2599318382853553
6301,79.84386089425124,0.2269062995910644,79.83973417086573,0.25992659696831133
6302,79.83498935415189,0.2466623783111572,79.83973341795924,0.2599244922049573
6303,79.83498935415189,0.2447085380554199,79.83973266529165,0.2599220781237024
6304,79.83498935415189,0.236520767211914,79.83973191286285,0.2599183659868192
6305,79.84386089425124,0.2403738498687744,79.83973256773697,0.2599152661428671
6306,79.83498935415189,0.2548391819000244,79.83973181556229,0.25991446118183903
6307,79.86160397444996,0.4328644275665283,79.8397352834803,0.2599418830886703
6308,79.84386089425124,0.2368464469909668,79.83973593750864,0.2599382217956935
6309,79.83498935415189,0.2508249282836914,79.83973518515748,0.2599367773047263
6310,79.84386089425124,0.2404844760894775,79.83973583899412,0.2599336945311581
6311,79.84386089425124,0.2242217063903808,79.83973649262353,0.2599280358418631
6312,79.83498935415189,0.2268152236938476,79.83973574054203,0.25992278983233397
6313,79.83498935415189,0.2288455963134765,79.83973498869878,0.25991786710248777
6314,79.83498935415189,0.2461519241333007,79.83973423709368,0.25991568687712047
6315,79.86160397444996,0.2155244350433349,79.83973770023499,0.2599086573835601
6316,79.83498935415189,0.2499566078186035,79.83973694843858,0.25990708169490195
6317,79.83498935415189,0.278465986251831,79.8397361968802,0.2599100196250202
6318,79.83498935415189,0.2413225173950195,79.83973544555973,0.25990707763353077
6319,79.83498935415189,0.1879217624664306,79.83973469447704,0.2598956857495037
6320,79.84386089425124,0.2728180885314941,79.83973534735676,0.2598977304334882
6321,79.83498935415189,0.2388441562652588,79.83973459652726,0.2598943996987677
6322,79.84386089425124,0.2967903614044189,79.83973524921593,0.259900235820518
6323,79.84386089425124,0.2235543727874755,79.83973590169815,0.2598944876213985
6324,79.83498935415189,0.2888343334197998,79.83973515113718,0.2598990638145987
6325,79.83498935415189,0.2357902526855468,79.83973440081354,0.259895252144855
6326,79.86160397444996,0.2558104991912842,79.83973785790707,0.25989460643619966
6327,79.83498935415189,0.2247059345245361,79.83973710739279,0.2598890447684406
6328,79.83498935415189,0.2450931072235107,79.83973635711573,0.25988670659879065
6329,79.84386089425124,0.2588391304016113,79.83973700880433,0.2598865410787721
6330,79.83498935415189,0.2367959022521972,79.8397362587799,0.259882893268531
6331,79.84386089425124,0.2457613945007324,79.83973691027815,0.25988066273642424
6332,79.83498935415189,0.2518227100372314,79.83973616050618,0.2598793901601925
6333,79.83498935415189,0.2086927890777588,79.83973541097099,0.25987130763988897
6334,79.84386089425124,0.2148065567016601,79.83973606229452,0.2598641929018185
6335,79.83498935415189,0.3330416679382324,79.83973531301147,0.2598757442001668
6336,79.84386089425124,0.3467018604278564,79.83973596414488,0.25988944781699563
6337,79.84386089425124,0.2447819709777832,79.83973661507278,0.2598870638061326
6338,79.83498935415189,0.2237999439239502,79.83973586605717,0.25988137003524553
6339,79.83498935415189,0.3437843322753906,79.83973511727788,0.25989460602865777
6340,79.83498935415189,0.2648396492004394,79.8397343687348,0.2598953860039215
6341,79.83498935415189,0.2047798633575439,79.83973362042781,0.25988669407478626
6342,79.83498935415189,0.1778225898742675,79.8397328723568,0.2598737542917209
6343,79.84386089425124,0.2202053070068359,79.83973352315641,0.2598675003980925
6344,79.84386089425124,0.242384672164917,79.83973417375084,0.2598647445928855
6345,79.83498935415189,0.263556957244873,79.83973342594633,0.2598653265018929
6346,79.84386089425124,0.2370176315307617,79.83973407635105,0.2598617261717682
6347,79.83498935415189,0.2416644096374511,79.83973332879752,0.25985885909810597
6348,79.84386089425124,0.2147376537322998,79.83973397901264,0.2598517511577522
6349,79.83498935415189,0.2127456665039062,79.83973323170993,0.25984433170828714
6350,79.83498935415189,0.2136476039886474,79.83973248464258,0.2598370566330557
6351,79.86160397444996,0.250417947769165,79.83973592842936,0.25983557354238274
6352,79.83498935415189,0.2297427654266357,79.8397351811727,0.2598308360096189
6353,79.83498935415189,0.2293365001678466,79.83973443415128,0.2598260360197178
6354,79.84386089425124,0.4268131256103515,79.83973508357843,0.2598523166444566
6355,79.84386089425124,0.3862955570220947,79.8397357328012,0.25987221329911875
6356,79.83498935415189,0.2234010696411132,79.8397349860456,0.2598664752337226
6357,79.84386089425124,0.2259409427642822,79.83973563507945,0.2598611385131831
6358,79.83498935415189,0.2398848533630371,79.83973488857411,0.25985799659982195
6359,79.83498935415189,0.2828452587127685,79.83973414230356,0.25986161151759407
6360,79.86160397444996,0.2279889583587646,79.83973758095641,0.25985660009414147
6361,79.83498935415189,0.2347762584686279,79.83973683449723,0.25985265726414214
6362,79.83498935415189,0.250835657119751,79.83973608827272,0.25985123994252246
6363,79.83498935415189,0.1981616020202636,79.83973534228275,0.25984154488705774
6364,79.83498935415189,0.2137603759765625,79.83973459652722,0.2598343039742811
6365,79.84386089425124,0.2116460800170898,79.83973524480652,0.25982673316140487
6366,79.87047551454933,0.2168531417846679,79.83974007362679,0.2598199826757975
6367,79.83498935415189,0.2608537673950195,79.83973932747953,0.25982014504185985
6368,79.84386089425124,0.2699475288391113,79.8397399747105,0.25982173539735565
6369,79.83498935415189,0.2209219932556152,79.8397392288131,0.2598156277286256
6370,79.84386089425124,0.2067692279815673,79.83973987585634,0.25980730019334347
6371,79.83498935415189,0.2595024108886719,79.8397391302086,0.25980725233754304
6372,79.84386089425124,0.2358825206756591,79.83973977706422,0.25980349767155714
6373,79.84386089425124,0.2196478843688964,79.83974042371686,0.25979719677507157
6374,79.84386089425124,0.2583076953887939,79.83974107016658,0.259796963091139
6375,79.83498935415189,0.2558095455169678,79.83974032479937,0.25979633761387244
6376,79.83498935415189,0.2208986282348632,79.83973957966595,0.2597902369693651
6377,79.83498935415189,0.2895810604095459,79.83973883476622,0.25979490857410714
6378,79.84386089425124,0.273003339767456,79.83973948105965,0.2597969795103244
6379,79.83498935415189,0.2260181903839111,79.83973873640893,0.259791684199284
6380,79.83498935415189,0.2357966899871826,79.83973799199165,0.2597879232284044
6381,79.83498935415189,0.2201406955718994,79.83973724780769,0.25978170990327404
6382,79.83498935415189,0.2568645477294922,79.83973650385694,0.2597812528111127
6383,79.84386089425124,0.2830631732940674,79.83973715000928,0.2597849002998301
6384,79.84386089425124,0.2606391906738281,79.8397377959592,0.2597850341172445
6385,79.83498935415189,0.2496929168701172,79.83973705227214,0.25978345351939847
6386,79.84386089425124,0.2067930698394775,79.83973769803507,0.2597751556202942
6387,79.83498935415189,0.2385375499725341,79.83973695459622,0.25977183049024133
6388,79.83498935415189,0.2461168766021728,79.83973621139013,0.25976969289570656
6389,79.83498935415189,0.2464551925659179,79.8397354684167,0.2597676089232023
6390,79.83498935415189,0.2088682651519775,79.83973472567581,0.2597596434546935
6391,79.84386089425124,0.2618789672851562,79.83973537129756,0.2597599750653695
6392,79.83498935415189,0.2265241146087646,79.83973462880427,0.2597547754626698
6393,79.83498935415189,0.187300443649292,79.83973388654324,0.25974344207743383
6394,79.83498935415189,0.2148611545562744,79.83973314451441,0.25973642263928537
6395,79.84386089425124,0.3380625247955322,79.83973378997958,0.2597486706615147
6396,79.86160397444996,0.2828373908996582,79.839737209333,0.2597522805302198
6397,79.83498935415189,0.26259446144104,79.83973646713271,0.2597527248292523
6398,79.83498935415189,0.2842953205108642,79.83973572516443,0.2597565608085711
6399,79.84386089425124,0.2488131523132324,79.83973636982283,0.2597548506337789
6400,79.83498935415189,0.2267608642578125,79.83973562810164,0.25974969532340764
6401,79.83498935415189,0.2518928050994873,79.83973488661218,0.2597484678760988
6402,79.83498935415189,0.320298433303833,79.83973414535437,0.25975792585257923
6403,79.83498935415189,0.395801305770874,79.8397334043281,0.25977917267124523
6404,79.84386089425124,0.3649189472198486,79.83973404884559,0.25979559049987555
6405,79.83498935415189,0.2086644172668457,79.83973330806577,0.2597876074907837
6406,79.83498935415189,0.2534544467926025,79.83973256751723,0.2597866188612648
6407,79.83498935415189,0.2439613342285156,79.83973182719986,0.25978414886210255
6408,79.83498935415189,0.2303428649902343,79.83973108711355,0.25977955440456946
6409,79.86160397444996,0.2625360488891601,79.83973449995288,0.2597799845020082
6410,79.83498935415189,0.2506051063537597,79.83973375968053,0.2597785531637635
6411,79.86160397444996,0.2358205318450927,79.83973717103831,0.25977481614593184
6412,79.84386089425124,0.3589260578155517,79.83973781416421,0.2597902795335909
6413,79.83498935415189,0.2707796096801758,79.83973707372135,0.2597919931356721
6414,79.84386089425124,0.2498393058776855,79.83973771666187,0.2597904414226602
6415,79.83498935415189,0.2928526401519775,79.83973697646506,0.25979559531178403
6416,79.83498935415189,0.2008144855499267,79.839736236499,0.2597864024954247
6417,79.83498935415189,0.3038406372070312,79.83973549676355,0.2597932677338089
6418,79.84386089425124,0.2037961483001709,79.83973613954907,0.2597845427229903
6419,79.83498935415189,0.2858648300170898,79.83973540005921,0.2597886057058995
6420,79.83498935415189,0.3119423389434814,79.83973466079972,0.2597967293403602
6421,79.84386089425124,0.2138204574584961,79.83973530341513,0.25978956904260564
6422,79.84386089425124,0.2918140888214111,79.83973594583038,0.25979455573207605
6423,79.86160397444996,0.2518284320831299,79.83973935047442,0.25979331548240314
6424,79.83498935415189,0.3059325218200683,79.83973861106028,0.25980049779970354
6425,79.83498935415189,0.2388570308685302,79.83973787187634,0.2597972381161345
6426,79.84386089425124,0.2525479793548584,79.83973851349201,0.259796110002415
6427,79.84386089425124,0.2200756072998047,79.83973915490803,0.259789929746821
6428,79.83498935415189,0.2339777946472168,79.83973841598446,0.25978591416886526
6429,79.83498935415189,0.2562220096588135,79.83973767729074,0.2597853598206758
6430,79.83498935415189,0.2443165779113769,79.8397369388268,0.25978295410031665
6431,79.84386089425124,0.2939121723175049,79.83973758008872,0.25978826108495623
6432,79.83498935415189,0.2398176193237304,79.83973684186952,0.2597851561966227
6433,79.84386089425124,0.2509214878082275,79.83973748294714,0.2597837783529435
6434,79.83498935415189,0.2488069534301757,79.83973674497251,0.25978207228752187
6435,79.84386089425124,0.2554843425750732,79.83973738586596,0.2597814044196567
6436,79.83498935415189,0.2250533103942871,79.83973664813573,0.2597760085069741
6437,79.84386089425124,0.2445402145385742,79.83973728884509,0.2597736415978598
6438,79.83498935415189,0.2275893688201904,79.83973655135911,0.2597686424874563
6439,79.83498935415189,0.5169439315795898,79.8397358141022,0.2598085827404602
6440,79.83498935415189,0.3317549228668213,79.83973507707425,0.2598197545324053
6441,79.84386089425124,0.311086893081665,79.83973571762964,0.2598277140322577
6442,79.83498935415189,0.2207963466644287,79.83973498084548,0.25982165514257005
6443,79.83498935415189,0.2664604187011719,79.83973424429004,0.2598226855264842
6444,79.84386089425124,0.2965755462646484,79.83973488467645,0.25982838894993826
6445,79.84386089425124,0.2567956447601318,79.83973552486412,0.2598279183922672
6446,79.83498935415189,0.2199842929840088,79.83973478856709,0.25982173725273755
6447,79.83498935415189,0.233811616897583,79.83973405249846,0.2598177027994484
6448,79.84386089425124,0.3557596206665039,79.83973469251734,0.2598325821291424
6449,79.84386089425124,0.2930386066436767,79.83973533233774,0.25983773114829495
6450,79.83498935415189,0.2370510101318359,79.83973459652717,0.25983419832333116
6451,79.84386089425124,0.2508764266967773,79.83973523616407,0.25983280973681333
6452,79.83498935415189,0.2257442474365234,79.83973450059649,0.25982752632666134
6453,79.83498935415189,0.2540855407714844,79.8397337652569,0.2598266365102109
6454,79.83498935415189,0.2528820037841797,79.83973303014515,0.2598255604902657
6455,79.83498935415189,0.2579367160797119,79.83973229526119,0.25982526787300614
6456,79.83498935415189,0.2748448848724365,79.83973156060487,0.25982759433164915
6457,79.83498935415189,0.2607390880584717,79.83973082617612,0.25982773549530513
6458,79.83498935415189,0.2189874649047851,79.83973009197481,0.25982141151410504
6459,79.84386089425124,0.246934175491333,79.8397307315169,0.2598194162770679
6460,79.84386089425124,0.3226480484008789,79.83973137086097,0.2598291420715143
6461,79.83498935415189,0.2685561180114746,79.83973063691627,0.25983049278749326
6462,79.83498935415189,0.2208731174468994,79.83972990319873,0.25982446410050153
6463,79.83498935415189,0.2010989189147949,79.83972916970824,0.2598153776785325
6464,79.83498935415189,0.23781418800354,79.83972843644469,0.2598119740291397
6465,79.84386089425124,0.3398962020874023,79.8397290756493,0.25982436138073417
6466,79.83498935415189,0.2151002883911132,79.8397283426271,0.25981744457390005
6467,79.84386089425124,0.2363471984863281,79.83972898164853,0.2598138153414758
6468,79.83498935415189,0.2450411319732666,79.83972824886753,0.25981153137682395
6469,79.83498935415189,0.3117890357971191,79.83972751631309,0.25981956623606345
6470,79.84386089425124,0.2459499835968017,79.83972815516594,0.2598174225602305
6471,79.83498935415189,0.2158401012420654,79.83972742285238,0.2598106264975944
6472,79.84386089425124,0.224686861038208,79.83972806152225,0.2598051994633763
6473,79.83498935415189,0.2467732429504394,79.83972732944943,0.2598031861841375
6474,79.83498935415189,0.2049002647399902,79.83972659760276,0.25979470565873675
6475,79.84386089425124,0.235450267791748,79.83972723610418,0.25979094589999285
6476,79.84386089425124,0.2252378463745117,79.8397278744084,0.25978561033799075
6477,79.84386089425124,0.2680859565734863,79.83972851251553,0.2597868918489118
6478,79.83498935415189,0.2026886940002441,79.83972778093813,0.25977807767820343
6479,79.83498935415189,0.2380030155181884,79.83972704958656,0.2597747168104522
6480,79.84386089425124,0.2092208862304687,79.83972768752555,0.2597669152933874
6481,79.83498935415189,0.2481601238250732,79.8397269564141,0.25976512439823723
6482,79.83498935415189,0.2239923477172851,79.83972622552821,0.259759605611338
6483,79.83498935415189,0.2604272365570068,79.8397254948678,0.25975970859312814
6484,79.84386089425124,0.2464463710784912,79.83972613265304,0.25975765533317835
6485,79.84386089425124,0.2573685646057129,79.83972677024157,0.2597572869305989
6486,79.84386089425124,0.2593746185302734,79.83972740763349,0.2597572279314623
6487,79.84386089425124,0.3077988624572754,79.8397280448289,0.2597646337638233
6488,79.83498935415189,0.2399220466613769,79.83972731445117,0.25976157541192707
6489,79.83498935415189,0.2264666557312011,79.83972658429856,0.2597564444333972
6490,79.83498935415189,0.1847987174987793,79.83972585437095,0.2597448947065968
6491,79.83498935415189,0.2378344535827636,79.83972512466825,0.2597415191957165
6492,79.83498935415189,0.2531540393829345,79.83972439519034,0.25974050448841324
6493,79.83498935415189,0.2810583114624023,79.83972366593714,0.2597437876867767
6494,79.83498935415189,0.272944688796997,79.83972293690853,0.25974582047105604
6495,79.84386089425124,0.2463040351867675,79.83972357400744,0.2597437509121208
6496,79.84386089425124,0.3529636859893799,79.83972421091018,0.2597581012715847
6497,79.83498935415189,0.2549841403961181,79.83972348213432,0.25975736647692943
6498,79.84386089425124,0.2307677268981933,79.83972411885517,0.2597529051596658
6499,79.83498935415189,0.2338373661041259,79.83972339031774,0.25974891754017737
6500,79.84386089425124,0.2427971363067627,79.83972402685681,0.25974630957383377
6501,79.83498935415189,0.2769558429718017,79.83972329855767,0.2597489567870929
6502,79.84386089425124,0.2144315242767334,79.83972393491506,0.2597419870189431
6503,79.83498935415189,0.226060152053833,79.83972320685405,0.2597368075886855
6504,79.83498935415189,0.2278461456298828,79.83972247901691,0.25973190435037696
6505,79.83498935415189,0.2598893642425537,79.83972175140356,0.25973192855635574
6506,79.84386089425124,0.2854900360107422,79.8397223876075,0.25973588768753536
6507,79.84386089425124,0.3448455333709717,79.8397230236159,0.2597489673933419
6508,79.83498935415189,0.2778511047363281,79.83972229625427,0.2597517489141383
6509,79.84386089425124,0.2368116378784179,79.83972293208127,0.2597482245461808
6510,79.83498935415189,0.2589361667633056,79.83972220495717,0.25974809980612196
6511,79.84386089425124,0.2251162528991699,79.83972284060289,0.2597427808310172
6512,79.84386089425124,0.2200307846069336,79.8397234760534,0.2597366825514988
6513,79.84386089425124,0.2178699970245361,79.83972411130877,0.2597302543793006
6514,79.83498935415189,0.263895034790039,79.83972338445012,0.25973089373766883
6515,79.83498935415189,0.2527437210083008,79.83972265781462,0.2597298212629598
6516,79.84386089425124,0.25374436378479,79.83972329290309,0.2597289026844641
6517,79.84386089425124,0.2717506885528564,79.83972392779665,0.25973074736543206
6518,79.84386089425124,0.2214465141296386,79.8397245624954,0.25972487374879566
6519,79.83498935415189,0.2091739177703857,79.83972383612505,0.2597171193453629
6520,79.83498935415189,0.268465518951416,79.8397231099775,0.2597184611244436
6521,79.84386089425124,0.2914774417877197,79.83972374450967,0.259723331386775
6522,79.83498935415189,0.2082655429840088,79.83972301859885,0.2597154415081484
6523,79.83498935415189,0.2507452964782715,79.8397222929106,0.259714066351774
6524,79.84386089425124,0.2587463855743408,79.83972292727623,0.2597139180254746
6525,79.84386089425124,0.2144320011138916,79.83972356144741,0.2597069782680935
6526,79.84386089425124,0.2292993068695068,79.83972419542424,0.25970231880266315
6527,79.84386089425124,0.2111279964447021,79.83972482920682,0.25969487674316294
6528,79.84386089425124,0.2178602218627929,79.83972546279522,0.25968846824823644
6529,79.83498935415189,0.2327172756195068,79.8397247373995,0.25968433726452855
6530,79.83498935415189,0.2308628559112548,79.83972401222594,0.2596799235614117
6531,79.84386089425124,0.306650161743164,79.8397246456484,0.2596871154521147
6532,79.83498935415189,0.2299904823303222,79.83972392071094,0.25968256912126325
6533,79.83498935415189,0.2458279132843017,79.8397231959954,0.259680448402476
6534,79.84386089425124,0.3794782161712646,79.83972382925195,0.2596987829246323
6535,79.83498935415189,0.1972849369049072,79.8397231047722,0.2596892322213393
6536,79.84386089425124,0.2731354236602783,79.83972373784893,0.2596912894721714
6537,79.86160397444996,0.1884152889251709,79.83972708498624,0.2596803859995468
6538,79.83498935415189,0.2645578384399414,79.83972636034096,0.2596811320155212
6539,79.83498935415189,0.3078110218048095,79.83972563591732,0.2596884924513354
6540,79.84386089425124,0.2958452701568603,79.8397262682198,0.2596940210106176
6541,79.83498935415189,0.2059412002563476,79.83972554403175,0.25968580318142415
6542,79.83498935415189,0.267817735671997,79.83972482006509,0.25968704621604516
6543,79.83498935415189,0.3172945976257324,79.83972409631973,0.2596958506714035
6544,79.83498935415189,0.2203185558319091,79.83972337279555,0.2596898333586224
6545,79.84386089425124,0.2960541248321533,79.83972400496079,0.2596953894001004
6546,79.84386089425124,0.2312023639678955,79.83972463693289,0.25969103666172094
6547,79.84386089425124,0.2421867847442627,79.83972526871192,0.25968836303228493
6548,79.83498935415189,0.2415275573730468,79.83972454545068,0.2596855895433327
6549,79.84386089425124,0.2258830070495605,79.83972517705074,0.25968042805570196
6550,79.84386089425124,0.2198283672332763,79.83972580845794,0.2596743437716069
6551,79.83498935415189,0.2165060043334961,79.83972508544554,0.2596677541914759
6552,79.83498935415189,0.2707536220550537,79.83972436265383,0.2596694461737506
6553,79.83498935415189,0.2127699851989746,79.8397236400827,0.2596622892286911
6554,79.83498935415189,0.307316780090332,79.83972291773209,0.25966956028314053
6555,79.83498935415189,0.2279515266418457,79.83972219560187,0.25966472152896186
6556,79.83498935415189,0.21047043800354,79.83972147369194,0.2596572178249464
6557,79.84386089425124,0.2111093997955322,79.83972210498987,0.2596498138569687
6558,79.83498935415189,0.2942616939544678,79.83972138331393,0.2596550916672916
6559,79.83498935415189,0.2098934650421142,79.83972066185804,0.2596475048969569
6560,79.84386089425124,0.2048709392547607,79.83972129299103,0.259639154810731
6561,79.84386089425124,0.2860753536224365,79.83972192393162,0.25964318410486475
6562,79.84386089425124,0.249366283416748,79.83972255467992,0.2596416179816267
6563,79.83498935415189,0.2148985862731933,79.83972183348527,0.2596348005152686
6564,79.83498935415189,0.2489068508148193,79.83972111251035,0.2596331661536445
6565,79.83498935415189,0.2199611663818359,79.83972039175508,0.25962712319861453
6566,79.83498935415189,0.2197732925415039,79.83971967121934,0.25962105347113096
6567,79.83498935415189,0.273522138595581,79.83971895090305,0.25962317028019516
6568,79.84386089425124,0.2620534896850586,79.83971958152779,0.25962354030446505
6569,79.83498935415189,0.3199987411499023,79.83971886144447,0.2596327312316755
6570,79.84386089425124,0.2102830410003662,79.83971949189085,0.25962521986329934
6571,79.83498935415189,0.2436597347259521,79.83971877204033,0.2596227901744944
6572,79.84386089425124,0.2739765644073486,79.83971940230846,0.2596249742545664
6573,79.84386089425124,0.2203860282897949,79.83972003238482,0.25961900453815606
6574,79.83498935415189,0.2478337287902832,79.83971931278059,0.2596172118281245
6575,79.84386089425124,0.3794093132019043,79.8397199426789,0.2596354311591319
6576,79.84386089425124,0.2337872982025146,79.83972057238564,0.2596315004819791
6577,79.83498935415189,0.2358396053314209,79.83971985302753,0.2596278830431543
6578,79.83498935415189,0.2804684638977051,79.83971913388815,0.25963105126766856
6579,79.83498935415189,0.2377984523773193,79.83971841496738,0.25962773273918544
6580,79.83498935415189,0.2204313278198242,79.83971769626513,0.2596217758387418
6581,79.84386089425124,0.2767825126647949,79.83971832583478,0.2596243834571624
6582,79.83498935415189,0.2929041385650635,79.83971760736445,0.2596294396338728
6583,79.84386089425124,0.2152149677276611,79.83971823675635,0.2596226927901988
6584,79.83498935415189,0.2375214099884033,79.8397175185178,0.2596193359732483
6585,79.83498935415189,0.2142920494079589,79.83971680049738,0.259612452558432
6586,79.84386089425124,0.4249556064605713,79.8397174297251,0.2596375578050008
6587,79.84386089425124,0.2487733364105224,79.83971805876176,0.2596359084621445
6588,79.84386089425124,0.2814631462097168,79.83971868760746,0.2596392216433448
6589,79.83498935415189,0.2201611995697021,79.83971796984551,0.25963323013900824
6590,79.84386089425124,0.459118127822876,79.83971859851385,0.25966350098842916
6591,79.86160397444996,0.3483035564422607,79.83972191900786,0.2596769496389304
6592,79.83498935415189,0.2214546203613281,79.83972120108236,0.25967115134868807
6593,79.83498935415189,0.263495922088623,79.83972048337465,0.2596717314746914
6594,79.83498935415189,0.226219892501831,79.83971976588461,0.25966665840235703
6595,79.83498935415189,0.2587852478027344,79.83971904861217,0.2596665247540478
6596,79.84386089425124,0.2397146224975586,79.8397196765451,0.2596634999053127
6597,79.84386089425124,0.2509133815765381,79.83972030428767,0.25966217352690907
6598,79.83498935415189,0.2434749603271484,79.83971958725975,0.2596597201754086
6599,79.83498935415189,0.2258713245391845,79.83971887044915,0.259654599945732
6600,79.84386089425124,0.2227458953857422,79.83971949802851,0.25964900771776833
6601,79.84386089425124,0.2189817428588867,79.83972012541771,0.2596428469444221
6602,79.84386089425124,0.2278981208801269,79.83972075261687,0.25963803859451834
6603,79.83498935415189,0.2789409160614013,79.83972003606402,0.25964096194412717
6604,79.83498935415189,0.2304790019989013,79.83971931972818,0.25963654614159154
6605,79.83498935415189,0.2123293876647949,79.83971860360923,0.2596293838163112
6606,79.84386089425124,0.2381410598754882,79.83971923065897,0.2596261309667894
6607,79.83498935415189,0.2692852020263672,79.8397185147703,0.25962759291185666
6608,79.84386089425124,0.2077775001525879,79.8397191416437,0.25961974634818247
6609,79.83498935415189,0.2599153518676758,79.83971842598513,0.25961979107590516
6610,79.83498935415189,0.2039520740509033,79.83971771054308,0.25961136933354134
6611,79.83498935415189,0.1942384243011474,79.83971699531749,0.2596014808227211
6612,79.83498935415189,0.2303636074066162,79.83971628030824,0.25959705888179313
6613,79.83498935415189,0.3688595294952392,79.83971556551522,0.25961358125750966
6614,79.83498935415189,0.2482688426971435,79.83971485093836,0.25961186599616093
6615,79.83498935415189,0.2749447822570801,79.83971413657754,0.25961418389733415
6616,79.84386089425124,0.2818999290466308,79.83971476335469,0.2596175523594184
6617,79.84386089425124,0.2668426036834717,79.8397153899424,0.2596186442517146
6618,79.83498935415189,0.2638962268829345,79.83971467582396,0.25961929060750655
6619,79.83498935415189,0.2759110927581787,79.8397139619213,0.2596217519766183
6620,79.83498935415189,0.2728528976440429,79.83971324823433,0.25962375063910587
6621,79.83498935415189,0.271646499633789,79.83971253476294,0.25962556649003393
6622,79.84386089425124,0.2459404468536377,79.83971316121408,0.2596234998757729
6623,79.84386089425124,0.2349317073822021,79.83971378747604,0.25961977168726413
6624,79.83498935415189,0.238809585571289,79.83971307424636,0.2596166300528867
6625,79.83498935415189,0.2532637119293213,79.839712361232,0.2596156711218492
6626,79.83498935415189,0.2152943611145019,79.83971164843287,0.25960898212245176
6627,79.83498935415189,0.239039659500122,79.83971093584884,0.25960587825605336
6628,79.83498935415189,0.2412590980529785,79.83971022347986,0.2596031101842062
6629,79.83498935415189,0.2462637424468994,79.83970951132578,0.2596010979096946
6630,79.83498935415189,0.3069789409637451,79.83970879938653,0.2596082438890391
6631,79.83498935415189,0.2709174156188965,79.83970808766202,0.25960994938922455
6632,79.83498935415189,0.2459526062011718,79.83970737615213,0.25960789007933494
6633,79.83498935415189,0.2331819534301757,79.83970666485679,0.25960390606958833
6634,79.83498935415189,0.2198455333709716,79.83970595377589,0.25959791294738477
6635,79.84386089425124,0.1888899803161621,79.83970657999147,0.2595872561376438
6636,79.83498935415189,0.2498867511749267,79.83970586913767,0.2595857943376193
6637,79.83498935415189,0.3868751525878906,79.83970515849808,0.25960497308679065
6638,79.83498935415189,0.2486715316772461,79.83970444807258,0.25960332598805463
6639,79.84386089425124,0.33833909034729,79.83970507413768,0.2596151855699735
6640,79.86160397444996,0.3078095912933349,79.83970837216484,0.2596224437636065
6641,79.84386089425124,0.2474603652954101,79.8397089974505,0.2596206124010906
6642,79.84386089425124,0.2928724288940429,79.83970962254787,0.2596256186968589
6643,79.83498935415189,0.3028211593627929,79.83970891198511,0.2596321211115309
6644,79.83498935415189,0.2603693008422851,79.83970820163624,0.25963223206573477
6645,79.84386089425124,0.2527506351470947,79.83970882657117,0.2596311964604799
6646,79.83498935415189,0.2756741046905517,79.83970811644892,0.2596336103798645
6647,79.83498935415189,0.2420268058776855,79.83970740654034,0.2596309615451267
6648,79.84386089425124,0.2563848495483398,79.83970803131285,0.259630473261132
6649,79.84386089425124,0.2518525123596191,79.83970865589744,0.25962930346704244
6650,79.84386089425124,0.2277405261993408,79.83970928029419,0.2596245081621901
6651,79.87047551454933,0.342764139175415,79.83971390609996,0.2596370084825951
6652,79.86160397444996,0.2689146995544433,79.83971719684988,0.2596384032046444
6653,79.84386089425124,0.2557933330535888,79.83971781968128,0.2596378252593338
6654,79.83498935415189,0.2147772312164306,79.83971710906127,0.25963108336061985
6655,79.83498935415189,0.2215368747711181,79.83971639865482,0.2596253592120714
6656,79.83498935415189,0.2684979438781738,79.83971568846184,0.2596266922326042
6657,79.86160397444996,0.3163316249847412,79.83971897647235,0.2596352103237492
6658,79.84386089425124,0.2463774681091308,79.83971959856873,0.25963321907379205
6659,79.83498935415189,0.3098859786987304,79.83971888821516,0.2596407656663172
6660,79.83498935415189,0.2358593940734863,79.8397181780749,0.25963719488980175
6661,79.83498935415189,0.2418251037597656,79.83971746814788,0.25963452080315863
6662,79.84386089425124,0.2298371791839599,79.83971809009715,0.2596300480710032
6663,79.83498935415189,0.276773452758789,79.83971738039642,0.25963262099681556
6664,79.83498935415189,0.2576138973236084,79.83971667090869,0.2596323180670927
6665,79.84386089425124,0.3156228065490722,79.83971729269763,0.25964071874053335
6666,79.84386089425124,0.2558224201202392,79.83971791430001,0.25964014593846013
6667,79.84386089425124,0.2175607681274414,79.83971853571593,0.25963383434736803
6668,79.84386089425124,0.2639720439910888,79.83971915694546,0.2596344849486943
6669,79.83498935415189,0.3146030902862549,79.83971844772327,0.2596427273546529
6670,79.83498935415189,0.3106603622436523,79.83971773871373,0.2596503761754758
6671,79.84386089425124,0.214778184890747,79.83971835978336,0.2596436497189798
6672,79.83498935415189,0.2505726814270019,79.83971765099955,0.25964229016138207
6673,79.84386089425124,0.2344398498535156,79.83971827189617,0.2596385133832751
6674,79.83498935415189,0.2458188533782959,79.83971756333791,0.25963644271201275
6675,79.83498935415189,0.2740683555603027,79.83971685499198,0.2596386047963346
6676,79.84386089425124,0.3079061508178711,79.83971747572882,0.259645834806224
6677,79.84386089425124,0.2538011074066162,79.83971809627974,0.25964495945391014
6678,79.83498935415189,0.2289113998413086,79.8397173881722,0.25964035724372553
6679,79.84386089425124,0.2278273105621338,79.8397180085504,0.2596355940985419
6680,79.83498935415189,0.2511281967163086,79.83971730066801,0.25963432053605956
6681,79.84386089425124,0.2618193626403808,79.8397179208736,0.2596346475892109
6682,79.83498935415189,0.3408617973327636,79.8397172132162,0.2596468037026116
6683,79.83498935415189,0.3077566623687744,79.83971650577058,0.25965400254424953
6684,79.84386089425124,0.2865915298461914,79.83971712581672,0.25965803269495297
6685,79.83498935415189,0.2487952709197998,79.83971641859583,0.2596564077492873
6686,79.83498935415189,0.3010075092315674,79.83971571158648,0.2596625924787941
6687,79.83498935415189,0.2186532020568847,79.8397150047886,0.2596564597749774
6688,79.84386089425124,0.3178770542144775,79.83971562468834,0.2596651650073996
6689,79.83498935415189,0.2575781345367431,79.83971491811477,0.2596648529980603
6690,79.84386089425124,0.3120524883270263,79.83971553784214,0.2596726837357776
6691,79.83498935415189,0.2334210872650146,79.83971483149276,0.2596687603167863
6692,79.83498935415189,0.2419755458831787,79.83971412535448,0.2596661163815751
6693,79.83498935415189,0.2789223194122314,79.83971341942721,0.2596689934476188
6694,79.83498935415189,0.2598147392272949,79.83971271371085,0.2596690152202181
6695,79.84386089425124,0.3190805912017822,79.83971333330466,0.2596778892420227
6696,79.83498935415189,0.2320380210876464,79.83971262781195,0.25967376142419796
6697,79.83498935415189,0.2317945957183838,79.83971192252993,0.25966959849068955
6698,79.84386089425124,0.209338903427124,79.83971254196433,0.25966208420357945
6699,79.83498935415189,0.267186164855957,79.83971183690569,0.25966320736832826
6700,79.83498935415189,0.2929391860961914,79.83971113205752,0.2596681739323175
6701,79.84386089425124,0.2097158432006836,79.83971175133257,0.2596607194731723
6702,79.86160397444996,0.2801928520202636,79.8397150178535,0.2596637830560651
6703,79.84386089425124,0.2052335739135742,79.83971563636406,0.2596556627801972
6704,79.84386089425124,0.2818155288696289,79.8397162546901,0.2596589682494826
6705,79.83498935415189,0.3148829936981201,79.83971554970867,0.2596672044948888
6706,79.84386089425124,0.2737479209899902,79.83971616786323,0.2596693042140202
6707,79.84386089425124,0.2757725715637207,79.83971678583346,0.2596717051782888
6708,79.84386089425124,0.2527861595153808,79.83971740361945,0.25967067871053945
6709,79.83498935415189,0.2042293548583984,79.83971669888707,0.2596624149866086
6710,79.83498935415189,0.2672164440155029,79.83971599436475,0.2596635407733491
6711,79.83498935415189,0.2477679252624511,79.8397152900524,0.2596617682185121
6712,79.84386089425124,0.218395709991455,79.83971590769306,0.2596556201168692
6713,79.84386089425124,0.2207939624786377,79.83971652514971,0.25964983110187767
6714,79.83498935415189,0.2744617462158203,79.83971582107301,0.2596520372256659
6715,79.84386089425124,0.2238912582397461,79.83971643835866,0.2596467117187432
6716,79.83498935415189,0.2288322448730468,79.83971573450454,0.25964212350152377
6717,79.84386089425124,0.2424724102020263,79.83971635161929,0.2596395673435217
6718,79.83498935415189,0.3027794361114502,79.83971564798762,0.25964598887802126
6719,79.84386089425124,0.2385129928588867,79.83971626493155,0.2596428436189025
6720,79.83498935415189,0.2397253513336181,79.8397155615222,0.25963987970636004
6721,79.84386089425124,0.2411959171295166,79.8397161782954,0.2596371354774392
6722,79.84386089425124,0.2790124416351318,79.83971679488509,0.25964001784967333
6723,79.84386089425124,0.2148616313934326,79.83971741129136,0.259633357372735
6724,79.84386089425124,0.2495512962341308,79.83971802751428,0.25963185795852645
6725,79.83498935415189,0.2143836021423339,79.83971732436582,0.2596251295933493
6726,79.84386089425124,0.2898468971252441,79.83971794041844,0.25962962286833174
6727,79.84386089425124,0.2237985134124755,79.83971855628788,0.2596242964063939
6728,79.84386089425124,0.3708603382110595,79.83971917197425,0.2596408297063054
6729,79.83498935415189,0.2118642330169677,79.8397184690737,0.2596337296027701
6730,79.83498935415189,0.2659881114959717,79.83971776638202,0.2596346737902728
6731,79.84386089425124,0.2128753662109375,79.83971838191134,0.25962772693132474
6732,79.84386089425124,0.2907989025115967,79.83971899725779,0.25963235723072764
6733,79.83498935415189,0.305814266204834,79.83971829480078,0.2596392162696366
6734,79.84386089425124,0.2518231868743896,79.83971890997739,0.2596380555881107
6735,79.84386089425124,0.2558388710021972,79.83971952497134,0.25963749149240384
6736,79.83498935415189,0.2036354541778564,79.83971882274884,0.2596291776507597
6737,79.83498935415189,0.2753405570983886,79.83971812073479,0.2596315097539878
6738,79.84386089425124,0.2538061141967773,79.83971873557205,0.2596306451954308
6739,79.83498935415189,0.2134535312652588,79.83971803377929,0.25962379297493365
6740,79.83498935415189,0.2382030487060547,79.83971733219477,0.259620614822965
6741,79.83498935415189,0.2355062961578369,79.8397166308184,0.2596170375616291
6742,79.84386089425124,0.2198288440704345,79.83971724551188,0.25961113602002556
6743,79.83498935415189,0.2610268592834472,79.8397165443564,0.25961134597453595
6744,79.83498935415189,0.2969300746917724,79.83971584340885,0.2596168795938594
6745,79.84386089425124,0.3354279994964599,79.83971645794567,0.2596281191965136
6746,79.84386089425124,0.2413458824157714,79.83971707230029,0.2596254091110139
6747,79.83498935415189,0.3128259181976318,79.83971637158618,0.25963329417238734
6748,79.83498935415189,0.2688519954681396,79.83971567107973,0.2596346603106944
6749,79.86160397444996,0.2405188083648681,79.83971891427181,0.25963182791301387
6750,79.84386089425124,0.2252354621887207,79.83971952789848,0.25962673215512877
6751,79.84386089425124,0.3804209232330322,79.83972014134335,0.2596446249400611
6752,79.84386089425124,0.24882173538208,79.8397207546065,0.2596430220239535
6753,79.84386089425124,0.2328603267669677,79.83972136768804,0.25963905597993503
6754,79.83498935415189,0.2068798542022705,79.83972066706419,0.25963124443096
6755,79.84386089425124,0.2749192714691162,79.83972127997716,0.25963350764739784
6756,79.83498935415189,0.2564723491668701,79.83972057957368,0.2596330397435375
6757,79.83498935415189,0.2627890110015869,79.83971987937753,0.2596335068104693
6758,79.83498935415189,0.2432084083557129,79.8397191793886,0.259631076343104
6759,79.84386089425124,0.2473065853118896,79.83971979215895,0.25962925292380656
6760,79.83498935415189,0.2620503902435303,79.83971909239,0.2596296110802148
6761,79.83498935415189,0.2127532958984375,79.83971839282806,0.25962267773970577
6762,79.83498935415189,0.2788443565368652,79.83971769347303,0.2596255203423081
6763,79.83498935415189,0.2237513065338134,79.83971699432483,0.2596202158600061
6764,79.83498935415189,0.2401344776153564,79.83971629538334,0.2596173350589646
6765,79.84386089425124,0.2615516185760498,79.83971690803654,0.25961762098409646
6766,79.83498935415189,0.2947571277618408,79.8397162093144,0.2596228145263338
6767,79.84386089425124,0.247204303741455,79.83971682179924,0.25962097936883644
6768,79.83498935415189,0.2301831245422363,79.83971612329634,0.25961662980399797
6769,79.84386089425124,0.2538444995880127,79.83971673561291,0.259615777073873
6770,79.87047551454933,0.264984130859375,79.83972127900715,0.2596165700360274
6771,79.84386089425124,0.2728848457336426,79.83972189038143,0.2596185296100486
6772,79.86160397444996,0.2040071487426757,79.83972512164014,0.25961031765185794
6773,79.83498935415189,0.2290232181549072,79.83972442242747,0.25960580161767854
6774,79.83498935415189,0.2958021163940429,79.83972372342122,0.25961114503586225
6775,79.83498935415189,0.4857118129730224,79.83972302462132,0.2596445178281777
6776,79.83498935415189,0.2228946685791015,79.83972232602768,0.25963909429670645
6777,79.84386089425124,0.2109124660491943,79.83972293670618,0.2596319042969651
6778,79.83498935415189,0.2628140449523926,79.83972223833165,0.2596323737777345
6779,79.84386089425124,0.262852668762207,79.83972284884292,0.2596328488175611
6780,79.84386089425124,0.2622995376586914,79.8397234591741,0.25963324213449934
6781,79.83498935415189,0.2679073810577392,79.83972276103148,0.2596344623290021
6782,79.84386089425124,0.2177822589874267,79.83972337119562,0.2596282912580287
6783,79.84386089425124,0.2654430866241455,79.83972398117984,0.2596291485181446
6784,79.84386089425124,0.3129894733428955,79.83972459098425,0.25963701413206336
6785,79.83498935415189,0.2679591178894043,79.8397238930864,0.25963824067646385
6786,79.84386089425124,0.3384976387023926,79.83972450272405,0.2596498615721352
6787,79.83498935415189,0.2248640060424804,79.83972380504488,0.25964473620665274
6788,79.83498935415189,0.3056361675262451,79.83972310757126,0.25965151160902744
6789,79.84386089425124,0.2199132442474365,79.83972371705522,0.2596456582775557
6790,79.84386089425124,0.2729222774505615,79.83972432635967,0.25964761359702154
6791,79.83498935415189,0.2420239448547363,79.8397236291174,0.2596450184462717
6792,79.83498935415189,0.2747983932495117,79.83972293208045,0.25964724950852186
6793,79.83498935415189,0.2508530616760254,79.83972223524871,0.2596459549129334
6794,79.83498935415189,0.2489304542541504,79.83972153862211,0.2596443777123654
6795,79.84386089425124,0.2789106369018554,79.83972214779881,0.25964721307059785
6796,79.83498935415189,0.2659757137298584,79.83972145139008,0.2596481442802299
6797,79.83498935415189,0.3469536304473877,79.83972075518628,0.2596609889890966
6798,79.83498935415189,0.257716417312622,79.8397200591873,0.2596607029385411
6799,79.84386089425124,0.2236363887786865,79.8397206682232,0.2596554044660952
6800,79.83498935415189,0.2448186874389648,79.8397199724417,0.25965322259594414
6801,79.83498935415189,0.2009108066558838,79.83971927686483,0.2596445852755589
6802,79.83498935415189,0.2016870975494384,79.83971858149248,0.2596360646216738
6803,79.83498935415189,0.2528054714202881,79.83971788632456,0.2596350605656395
6804,79.83498935415189,0.2476406097412109,79.83971719136098,0.25963329771278465
6805,79.83498935415189,0.2247803211212158,79.83971649660165,0.25962817604098576
6806,79.83498935415189,0.2202653884887695,79.83971580204648,0.25962239249888286
6807,79.83498935415189,0.2680811882019043,79.83971510769538,0.25962363516021725
6808,79.83498935415189,0.2408292293548584,79.83971441354828,0.2596208745248169
6809,79.83498935415189,0.2709715366363525,79.83971371960504,0.2596225415334983
6810,79.84386089425124,0.2397220134735107,79.8397143285881,0.25961961928268185
6811,79.84386089425124,0.2358500957489013,79.83971493739233,0.2596161294098976
6812,79.84386089425124,0.3138232231140136,79.83971554601783,0.2596240869985212
6813,79.84386089425124,0.2486381530761718,79.83971615446464,0.25962247450271575
6814,79.84386089425124,0.2547938823699951,79.83971676273288,0.2596217658745777
6815,79.84386089425124,0.2377851009368896,79.8397173708226,0.259618561668424
6816,79.83498935415189,0.2958030700683594,79.83971667715818,0.2596238704284592
6817,79.83498935415189,0.3192672729492187,79.83971598369727,0.2596326196440263
6818,79.84386089425124,0.2424173355102539,79.83971659163369,0.25963009466835396
6819,79.83498935415189,0.2117743492126464,79.83971589838872,0.2596230766678472
6820,79.83498935415189,0.3849260807037353,79.83971520534703,0.25964144954233925
6821,79.84386089425124,0.265521764755249,79.83971581313018,0.25964231163224
6822,79.84386089425124,0.3079071044921875,79.83971642073514,0.25964938650659647
6823,79.86160397444996,0.2649614810943603,79.83971962864278,0.2596501650636224
6824,79.84386089425124,0.3188891410827636,79.83972023551053,0.2596588460390062
6825,79.83498935415189,0.2727642059326172,79.8397195423411,0.259660766238258
6826,79.83498935415189,0.3243036270141601,79.83971884937476,0.2596702363321308
6827,79.84386089425124,0.2584736347198486,79.83971945608998,0.2596700610572499
6828,79.84386089425124,0.2659296989440918,79.83972006262749,0.2596709778173387
6829,79.84386089425124,0.2798998355865478,79.83972066898737,0.2596739400164556
6830,79.84386089425124,0.2139220237731933,79.8397212751697,0.25966724134643465
6831,79.83498935415189,0.2467124462127685,79.8397205824569,0.259665344875181
6832,79.83498935415189,0.2934827804565429,79.8397198899469,0.25967029473401904
6833,79.83498935415189,0.2487430572509765,79.8397191976396,0.2596686955480856
6834,79.84386089425124,0.3255558013916015,79.8397198036824,0.25967833662298223
6835,79.83498935415189,0.2338624000549316,79.8397191115903,0.25967455960227
6836,79.83498935415189,0.256871223449707,79.83971841970067,0.2596741495179879
6837,79.86160397444996,0.2960424423217773,79.83972162074716,0.25967946885290144
6838,79.84386089425124,0.2537860870361328,79.8397222260811,0.25967860699536754
6839,79.83498935415189,0.2468237876892089,79.83972153403957,0.2596767273610195
6840,79.83498935415189,0.2772643566131592,79.8397208422004,0.25967929865184586
6841,79.84386089425124,0.2676358222961426,79.83972144738269,0.2596804617162581
6842,79.83498935415189,0.2256183624267578,79.83972075575842,0.25967548333284834
6843,79.83498935415189,0.2209656238555908,79.83972006433629,0.2596698264777443
6844,79.84386089425124,0.2438416481018066,79.83972066936695,0.2596675137690394
6845,79.83498935415189,0.260991096496582,79.83971997815948,0.25966770713393755
6846,79.86160397444996,0.1928231716156005,79.8397231747701,0.2596579431059623
6847,79.84386089425124,0.2508025169372558,79.8397237790814,0.25965664977659636
6848,79.84386089425124,0.2538225650787353,79.8397243832162,0.259655797836658
6849,79.83498935415189,0.2878196239471435,79.83972369187015,0.25965990994442706
6850,79.84386089425124,0.277756929397583,79.8397242958413,0.2596625518450772
6851,79.84386089425124,0.2539656162261963,79.83972489963611,0.25966172029703766
6852,79.83498935415189,0.2265772819519043,79.8397242085174,0.25965689186178587
6853,79.84386089425124,0.2579166889190674,79.83972481214875,0.2596566379287722
6854,79.84386089425124,0.2465178966522216,79.83972541560397,0.2596547209837362
6855,79.84386089425124,0.2828154563903808,79.83972601888313,0.25965809964681524
6856,79.83498935415189,0.2739639282226562,79.83972532800436,0.25966018626125165
6857,79.83498935415189,0.236624002456665,79.83972463732712,0.2596568267477903
6858,79.87047551454933,0.2418241500854492,79.83972912126956,0.25965422647414454
6859,79.83498935415189,0.2497980594635009,79.83972843024067,0.2596527895056345
6860,79.84386089425124,0.3007872104644775,79.83972903264066,0.25965878577691126
6861,79.83498935415189,0.2312188148498535,79.83972834182613,0.25965464061280585
6862,79.84386089425124,0.2759945392608642,79.83972894406344,0.25965702182799794
6863,79.83498935415189,0.2566056251525879,79.83972825346312,0.25965657721242524
6864,79.83498935415189,0.3026800155639648,79.83972756306403,0.2596628451958681
6865,79.83498935415189,0.5577969551086426,79.83972687286608,0.2597062733254985
6866,79.83498935415189,0.2345778942108154,79.83972618286919,0.2597026134974888
6867,79.83498935415189,0.2427973747253418,79.83972549307325,0.2597001516890175
6868,79.84386089425124,0.2328732013702392,79.83972609519921,0.2596962456100544
6869,79.83498935415189,0.1923232078552246,79.83972540561687,0.25968643733552316
6870,79.83498935415189,0.2580101490020752,79.83972471623528,0.25968619333431014
6871,79.83498935415189,0.2267169952392578,79.83972402705436,0.2596813950228424
6872,79.83498935415189,0.2164082527160644,79.83972333807402,0.2596750979998059
6873,79.84386089425124,0.2708990573883056,79.8397239400755,0.2596767310507863
6874,79.84386089425124,0.2419877052307129,79.83972454190182,0.25967415772727453
6875,79.84386089425124,0.2558736801147461,79.83972514355307,0.2596736049305309
6876,79.84386089425124,0.279656171798706,79.83972574502931,0.25967651106300155
6877,79.84386089425124,0.2259542942047119,79.83972634633062,0.2596716074397853
6878,79.83498935415189,0.2825474739074707,79.83972565761411,0.2596749333872217
6879,79.83498935415189,0.2570459842681885,79.83972496909783,0.25967455121697613
6880,79.84386089425124,0.214216947555542,79.83972557024974,0.25966794400714166
6881,79.83498935415189,0.2599608898162842,79.83972488194628,0.2596679865802864
6882,79.84386089425124,0.2448935508728027,79.83972548293615,0.25966583975731233
6883,79.83498935415189,0.3147506713867187,79.83972479484537,0.25967384278384575
6884,79.86160397444996,0.227381944656372,79.83972797311085,0.25966915192124734
6885,79.86160397444996,0.2854924201965332,79.8397311504531,0.2596729025774965
6886,79.83498935415189,0.2822582721710205,79.83973046183905,0.25967618247432966
6887,79.87047551454933,0.2568123340606689,79.83973492605465,0.25967576664037967
6888,79.84386089425124,0.3224596977233886,79.83973552506279,0.2596848816129527
6889,79.84386089425124,0.2088587284088134,79.83973612389704,0.2596775037419694
6890,79.84386089425124,0.2272827625274658,79.83973672255746,0.2596728020378744
6891,79.83498935415189,0.2131545543670654,79.83973603363447,0.25966605145774513
6892,79.83498935415189,0.2689156532287597,79.83973534491138,0.2596673935357734
6893,79.83498935415189,0.3186681270599365,79.83973465638812,0.2596759530502844
6894,79.83498935415189,0.2247943878173828,79.83973396806462,0.259670893351237
6895,79.84386089425124,0.2699358463287353,79.83973456660358,0.2596723821043882
6896,79.83498935415189,0.4118330478668213,79.83973387849272,0.25969444716612866
6897,79.83498935415189,0.2307918071746826,79.8397331905814,0.2596902565557196
6898,79.83498935415189,0.43988037109375,79.83973250286954,0.2597163786366906
6899,79.83498935415189,0.2318642139434814,79.83973181535704,0.2597123415059915
6900,79.83498935415189,0.2667210102081299,79.83973112804381,0.25971335725507877
6901,79.84386089425124,0.2164413928985595,79.83973172647393,0.2597070868646489
6902,79.84386089425124,0.2376434803009033,79.83973232473062,0.2597038901670882
6903,79.83498935415189,0.228391408920288,79.83973163764232,0.2596993540985315
6904,79.83498935415189,0.2798466682434082,79.83973095075304,0.25970227230741694
6905,79.83498935415189,0.2289540767669677,79.83973026406272,0.25969781927402946
6906,79.84386089425124,0.2429659366607666,79.83973086218467,0.25969539647029166
6907,79.83498935415189,0.2260949611663818,79.83973017570602,0.25969053177718265
6908,79.84386089425124,0.2908797264099121,79.83973077366758,0.2596950467156066
6909,79.83498935415189,0.2515766620635986,79.83973008740047,0.259693871670788
6910,79.86160397444996,0.2181289196014404,79.83973325294129,0.2596878564823554
6911,79.83498935415189,0.416668176651001,79.83973256651403,0.2597105710417778
6912,79.83498935415189,0.2942285537719726,79.83973188028538,0.2597155649628904
6913,79.83498935415189,0.223870038986206,79.83973119425526,0.25971037972840805
6914,79.83498935415189,0.2549054622650146,79.83973050842361,0.2597096847736115
6915,79.83498935415189,0.2908825874328613,79.8397298227903,0.25971419278556507
6916,79.83498935415189,0.232651948928833,79.83972913735528,0.25971027979483974
6917,79.83498935415189,0.2759284973144531,79.83972845211844,0.2597126244843756
6918,79.83498935415189,0.2557933330535888,79.8397277670797,0.259712057949043
6919,79.84386089425124,0.234825849533081,79.83972836443873,0.2597084611563828
6920,79.84386089425124,0.327402114868164,79.83972896162511,0.25971824347628336
6921,79.83498935415189,0.2706813812255859,79.8397282768097,0.2597198275158368
6922,79.84386089425124,0.2460052967071533,79.8397288738362,0.2597178462198517
6923,79.83498935415189,0.2459039688110351,79.8397281892313,0.2597158508598331
6924,79.83498935415189,0.2198796272277832,79.83972750482414,0.2597100975057557
6925,79.83498935415189,0.2527322769165039,79.83972682061466,0.25970908987823377
6926,79.84386089425124,0.2629241943359375,79.8397274175066,0.25970955408621205
6927,79.84386089425124,0.2169280052185058,79.83972801422621,0.2597033780289192
6928,79.83498935415189,0.2568185329437256,79.83972733023947,0.25970296162518286
6929,79.84386089425124,0.2326676845550537,79.83972792679943,0.2596990598677763
6930,79.84386089425124,0.3014876842498779,79.83972852318722,0.25970508997230474
6931,79.84386089425124,0.2957375049591064,79.83972911940292,0.259710288704809
6932,79.84386089425124,0.2269685268402099,79.83972971544661,0.25970556542698664
6933,79.84386089425124,0.2789216041564941,79.83973031131835,0.25970833710428787
6934,79.83498935415189,0.2499642372131347,79.83972962759219,0.2597069318403866
6935,79.84386089425124,0.2618782520294189,79.83973022330474,0.2597072449363043
6936,79.84386089425124,0.2438178062438964,79.83973081884554,0.2597049540714409
6937,79.83498935415189,0.2399361133575439,79.8397301353419,0.2597021043034268
6938,79.84386089425124,0.2739806175231933,79.83973073072369,0.25970416231916904
6939,79.83498935415189,0.3037574291229248,79.83973004742975,0.25971051096692865
6940,79.83498935415189,0.2319762706756591,79.83972936433274,0.2597065146787022
6941,79.84386089425124,0.2309808731079101,79.83972995956829,0.25970237613359765
6942,79.83498935415189,0.2108471393585205,79.83972927668073,0.25969533850225585
6943,79.84386089425124,0.2529218196868896,79.83972987175743,0.25969436291262377
6944,79.84386089425124,0.2529058456420898,79.83973046666273,0.25969338530356983
6945,79.83498935415189,0.2749264240264892,79.83972978399714,0.2596955786856754
6946,79.86160397444996,0.22550630569458,79.83973293317516,0.25969065653292683
6947,79.86160397444996,0.2506213188171386,79.83973608144653,0.2596893510287213
6948,79.84386089425124,0.2629776000976562,79.83973667511562,0.2596898242942753
6949,79.84386089425124,0.2198903560638427,79.83973726861383,0.2596840969280024
6950,79.84386089425124,0.2478716373443603,79.83973786194126,0.25968239729352993
6951,79.83498935415189,0.278792142868042,79.83973717880102,0.2596851465016402
6952,79.83498935415189,0.2839164733886719,79.83973649585731,0.25968863202046744
6953,79.83498935415189,0.2477779388427734,79.83973581311004,0.259686918991102
6954,79.83498935415189,0.2538394927978515,79.83973513055913,0.25968607811877054
6955,79.84386089425124,0.2323451042175293,79.83973572376742,0.2596821469938386
6956,79.86160397444996,0.4507956504821777,79.83973886756425,0.2597096216205621
6957,79.84386089425124,0.2961387634277344,79.83973946006485,0.2597148579496993
6958,79.83498935415189,0.2813067436218261,79.8397387773822,0.2597179611238401
6959,79.83498935415189,0.2301201820373535,79.83973809489574,0.2597137079582867
6960,79.83498935415189,0.2467663288116455,79.83973741260539,0.25971184770266215
6961,79.83498935415189,0.2843232154846191,79.83973673051108,0.25971538331073313
6962,79.86160397444996,0.2755351066589355,79.83973987145392,0.2597176556065315
6963,79.83498935415189,0.3429756164550781,79.83973918920239,0.259729612803264
6964,79.84386089425124,0.2447881698608398,79.83973978106124,0.25972746727728147
6965,79.83498935415189,0.2229304313659668,79.83973909901862,0.2597221841421901
6966,79.84386089425124,0.1975302696228027,79.83973969072048,0.2597132562187736
6967,79.83498935415189,0.2438971996307373,79.8397390088866,0.2597109860800355
6968,79.83498935415189,0.2608242034912109,79.83973832724843,0.25971114584143207
6969,79.84386089425124,0.3189089298248291,79.83973891880633,0.25971964028596983
6970,79.83498935415189,0.2429072856903076,79.83973823737668,0.25971722818344534
6971,79.83498935415189,0.2468945980072021,79.83973755614252,0.2597153887586603
6972,79.83498935415189,0.2770192623138428,79.8397368751038,0.2597178706682351
6973,79.83498935415189,0.297698974609375,79.83973619426041,0.2597233175496263
6974,79.83498935415189,0.2648499011993408,79.83973551361227,0.25972405264908854
6975,79.83498935415189,0.2527623176574707,79.8397348331593,0.2597230545508819
6976,79.83498935415189,0.2915506362915039,79.8397341529014,0.25972761699092495
6977,79.83498935415189,0.2891004085540771,79.83973347283852,0.25973182693668434
6978,79.83498935415189,0.2717342376708984,79.83973279297055,0.25973354697261647
6979,79.84386089425124,0.2492203712463379,79.8397333844738,0.2597320405711655
6980,79.83498935415189,0.2649195194244385,79.8397327048133,0.25973278376297826
6981,79.83498935415189,0.2437257766723632,79.8397320253475,0.2597304908239881
6982,79.83498935415189,0.4048953056335449,79.83973134607635,0.25975128211800264
6983,79.84386089425124,0.2802197933197021,79.83973193744798,0.2597542133096397
6984,79.83498935415189,0.1987733840942382,79.83973125838394,0.25974548180488377
6985,79.84386089425124,0.2637922763824463,79.8397318495988,0.2597460611598698
6986,79.83498935415189,0.2218708992004394,79.83973117074173,0.2597406395792859
6987,79.83498935415189,0.2899034023284912,79.83973049207898,0.25974495656264773
6988,79.84386089425124,0.2368166446685791,79.8397310831497,0.2597416754647808
6989,79.83498935415189,0.1961462497711181,79.8397304046937,0.2597325761049734
6990,79.84386089425124,0.2728993892669678,79.83973099560778,0.2597344597692312
6991,79.84386089425124,0.238795518875122,79.83973158635283,0.2597314646410816
6992,79.83498935415189,0.2468090057373047,79.83973090811595,0.25972961646332077
6993,79.83498935415189,0.2748513221740722,79.83973023007306,0.2597317788693998
6994,79.84386089425124,0.2204658985137939,79.83973082067416,0.25972616464572873
6995,79.84386089425124,0.2452633380889892,79.83973141110641,0.25972409705079563
6996,79.84386089425124,0.2438299655914306,79.83973200136985,0.2597218251623652
6997,79.83498935415189,0.2510082721710205,79.83973132355834,0.25972057983536917
6998,79.84386089425124,0.2298502922058105,79.8397319136656,0.25971631143187823
6999,79.83498935415189,0.2898435592651367,79.83973123606029,0.25972061593935547
7000,79.83498935415189,0.2279868125915527,79.83973055864858,0.25971608253887724
7001,79.84386089425124,0.4329779148101806,79.83973114861224,0.259740830693751
7002,79.83498935415189,0.3148598670959472,79.83973047140653,0.25974870259269445
7003,79.84386089425124,0.2877950668334961,79.83973106121415,0.2597527074997687
7004,79.83498935415189,0.2969362735748291,79.83973038421428,0.2597580164041198
7005,79.83498935415189,0.304196834564209,79.8397297074077,0.25976436027537747
7006,79.83498935415189,0.2187836170196533,79.83972903079433,0.2597585108972365
7007,79.87047551454933,0.2398707866668701,79.83973341876118,0.2597556726320402
7008,79.84386089425124,0.3005540370941162,79.83973400772743,0.2597614943164669
7009,79.83498935415189,0.2518594264984131,79.83973333079012,0.25976036689917226
7010,79.83498935415189,0.2767627239227295,79.83973265404595,0.2597627923423996
7011,79.84386089425124,0.2206482887268066,79.83973324286924,0.25975721332319895
7012,79.83498935415189,0.2146644592285156,79.83973256633064,0.2597507825254102
7013,79.84386089425124,0.2076911926269531,79.83973315499853,0.2597433592272641
7014,79.83498935415189,0.2418642044067382,79.83973247866535,0.25974081016042344
7015,79.83498935415189,0.2758755683898926,79.83973180252501,0.25974311019723445
7016,79.83498935415189,0.2251768112182617,79.8397311265774,0.25973818341573807
7017,79.87047551454933,0.234896183013916,79.83973550799224,0.2597346431563107
7018,79.84386089425124,0.2582993507385254,79.83973609582158,0.25973443864043466
7019,79.83498935415189,0.2330143451690673,79.8397354195512,0.2597306318170309
7020,79.84386089425124,0.2788910865783691,79.83973600722567,0.259733361226541
7021,79.83498935415189,0.257631778717041,79.83973533116055,0.2597330618984525
7022,79.84386089425124,0.2269642353057861,79.83973591868022,0.25972839530395053
7023,79.84386089425124,0.2292265892028808,79.83973650603257,0.2597240521733652
7024,79.83498935415189,0.2377548217773437,79.83973583018519,0.25972092443555256
7025,79.84386089425124,0.2296218872070312,79.83973641738292,0.25971663987509297
7026,79.84386089425124,0.2809295654296875,79.8397370044135,0.259719659078844
7027,79.84386089425124,0.2809019088745117,79.839737591277,0.25972267348752415
7028,79.83498935415189,0.2341821193695068,79.83973691565987,0.2597190393733924
7029,79.84386089425124,0.255103588104248,79.83973750236902,0.2597183827435348
7030,79.83498935415189,0.2627861499786377,79.83973682695674,0.2597188191257873
7031,79.84386089425124,0.2537524700164795,79.83973741351161,0.25971797054818674
7032,79.83498935415189,0.2648124694824219,79.83973673830407,0.2597186950218691
7033,79.83498935415189,0.2688195705413818,79.83973606328856,0.2597199890465413
7034,79.84386089425124,0.2298610210418701,79.83973664970182,0.25971574409800496
7035,79.83498935415189,0.1961808204650879,79.83973597489079,0.25970671283664987
7036,79.83498935415189,0.2246186733245849,79.83973530027158,0.2597017259066453
7037,79.86160397444996,0.2518689632415771,79.83973840794164,0.2597006128239872
7038,79.84386089425124,0.2255685329437255,79.83973899368848,0.25969576313943477
7039,79.84386089425124,0.2629854679107666,79.8397395792689,0.2596962304934298
7040,79.83498935415189,0.2886734008789062,79.83973890452101,0.25970034656876867
7041,79.83498935415189,0.2497661113739013,79.83973822996478,0.2596989356562286
7042,79.83498935415189,0.2884330749511719,79.83973755560014,0.2597030160509027
7043,79.84386089425124,0.284534215927124,79.83973814105217,0.25970654170756546
7044,79.83498935415189,0.2181918621063232,79.8397374668916,0.2597006480846806
7045,79.84386089425124,0.2690854072570801,79.83973805219001,0.2597019802009577
7046,79.83498935415189,0.2558796405792236,79.83973737823344,0.25970143771733273
7047,79.84386089425124,0.3566725254058838,79.83973796337833,0.25971519833712675
7048,79.83498935415189,0.2999463081359863,79.83973728962559,0.25972090649685986
7049,79.84386089425124,0.2846419811248779,79.83973787461701,0.2597244419025384
7050,79.83498935415189,0.2498407363891601,79.83973720106802,0.25972303995849394
7051,79.83498935415189,0.2541079521179199,79.83973652771006,0.2597222436050915
7052,79.84386089425124,0.2448055744171142,79.83973711256067,0.2597201283655583
7053,79.83498935415189,0.2828097343444824,79.83973643940621,0.2597234020938979
7054,79.83498935415189,0.2596712112426758,79.8397357664426,0.2597233946951381
7055,79.84386089425124,0.253934383392334,79.83973635115242,0.25972257414073663
7056,79.86160397444996,0.218846321105957,79.83973945030539,0.25971678102097545
7057,79.83498935415189,0.2558197975158691,79.8397387772012,0.2597162288056566
7058,79.83498935415189,0.1997616291046142,79.83973810428776,0.2597077342463337
7059,79.83498935415189,0.2918486595153808,79.83973743156498,0.25971228743025054
7060,79.83498935415189,0.2688145637512207,79.83973675903276,0.25971357670451695
7061,79.84386089425124,0.2218010425567627,79.83973734310516,0.25970820741770945
7062,79.84386089425124,0.324862003326416,79.83973792701214,0.2597174333871103
7063,79.84386089425124,0.2289323806762695,79.83973851075378,0.2597130747501698
7064,79.83498935415189,0.2407848834991455,79.83973783844961,0.259710395221397
7065,79.83498935415189,0.3037874698638916,79.83973716633577,0.25971663401469386
7066,79.83498935415189,0.2378625869750976,79.83973649441216,0.2597135411690896
7067,79.84386089425124,0.2635040283203125,79.83973707802612,0.25971407753348064
7068,79.84386089425124,0.261871337890625,79.83973766147493,0.25971438274858494
7069,79.83498935415189,0.2468304634094238,79.83973698976644,0.25971256015425204
7070,79.84386089425124,0.2428257465362548,79.83973757306268,0.2597101716374744
7071,79.83498935415189,0.2826526165008545,79.83973690155668,0.25971341622025806
7072,79.83498935415189,0.2690186500549316,79.83973623024058,0.25971473200558537
7073,79.84386089425124,0.2465908527374267,79.8397368133968,0.2597128765157977
7074,79.83498935415189,0.2347791194915771,79.83973614228296,0.2597093518116665
7075,79.83498935415189,0.244875431060791,79.83973547135885,0.25970725514442256
7076,79.83498935415189,0.2579250335693359,79.83973480062436,0.2597070032759128
7077,79.83498935415189,0.2384634017944336,79.83973413007942,0.259704001495288
7078,79.84386089425124,0.2593638896942138,79.83973471312042,0.25970395344332403
7079,79.83498935415189,0.205665111541748,79.8397340427773,0.25969631976033186
7080,79.83498935415189,0.2218408584594726,79.83973337262353,0.259690972943764
7081,79.83498935415189,0.2238276004791259,79.83973270265905,0.25968590821103343
7082,79.83498935415189,0.2438302040100097,79.83973203288376,0.2596836693372406
7083,79.84386089425124,0.2248668670654297,79.83973261580927,0.2596787537926589
7084,79.83498935415189,0.2438077926635742,79.83973194623535,0.2596765133972426
7085,79.86160397444996,0.2609989643096924,79.83973503332471,0.25967670005227617
7086,79.83498935415189,0.1958112716674804,79.83973436359861,0.259667687149597
7087,79.83498935415189,0.2417695522308349,79.83973369406151,0.2596651616613906
7088,79.84386089425124,0.2357838153839111,79.83973427634143,0.2596617923969609
7089,79.83498935415189,0.2830433845520019,79.83973360700554,0.25966509068898447
7090,79.83498935415189,0.2405624389648437,79.83973293785844,0.2596623963798555
7091,79.84386089425124,0.3288819789886474,79.83973351999867,0.2596721579907156
7092,79.83498935415189,0.2228205204010009,79.83973285105256,0.25966696176432114
7093,79.84386089425124,0.2494649887084961,79.83973343304088,0.2596655234486499
7094,79.84386089425124,0.344731330871582,79.83973401486512,0.25967751468172334
7095,79.83498935415189,0.2347595691680908,79.8397333461321,0.2596740026386629
7096,79.83498935415189,0.2668261528015136,79.83973267758758,0.25967501055159453
7097,79.83498935415189,0.2539553642272949,79.83973200923144,0.25967420462707375
7098,79.84386089425124,0.3098096847534179,79.83973259092839,0.2596812679519718
7099,79.83498935415189,0.2449421882629394,79.83973192277277,0.2596791917328298
7100,79.84386089425124,0.2618122100830078,79.83973250431804,0.25967949215794955
7101,79.83498935415189,0.2905225753784179,79.8397318363628,0.25968383564241937
7102,79.84386089425124,0.2559006214141845,79.83973241775647,0.2596833029454005
7103,79.84386089425124,0.2547931671142578,79.83973299898643,0.2596826144847738
7104,79.83498935415189,0.3385357856750488,79.83973233124362,0.2596937143117995
7105,79.84386089425124,0.335848331451416,79.83973291232216,0.25970443276600635
7106,79.83498935415189,0.2514863014221191,79.8397322447795,0.2597032762600474
7107,79.87047551454933,0.2140681743621826,79.83973657055265,0.2596968551116166
7108,79.83498935415189,0.1836867332458496,79.83973590268315,0.2596861615097784
7109,79.83498935415189,0.2348470687866211,79.83973523500154,0.2596826674750727
7110,79.84386089425124,0.2614340782165527,79.83973581526303,0.25968291380569736
7111,79.84386089425124,0.2328007221221923,79.83973639536131,0.25967913343842364
7112,79.83498935415189,0.251857042312622,79.83973572789208,0.2596780335943396
7113,79.83498935415189,0.2466852664947509,79.83973506061052,0.2596762069716628
7114,79.86160397444996,0.2439939975738525,79.83973813467769,0.25967400255650996
7115,79.84386089425124,0.230297565460205,79.83973871412387,0.2596698737529827
7116,79.83498935415189,0.2493360042572021,79.83973804670397,0.25966842155097375
7117,79.84386089425124,0.3058152198791504,79.83973862599967,0.2596749055749063
7118,79.83498935415189,0.2885389328002929,79.83973795877968,0.25967896065038054
7119,79.84386089425124,0.3056704998016357,79.83973853792499,0.25968542104357495
7120,79.86160397444996,0.3044850826263428,79.83974160891326,0.2596917131308759
7121,79.84386089425124,0.2830510139465332,79.83974218738332,0.25969499347083036
7122,79.83498935415189,0.281548261642456,79.83974152003802,0.259698061888153
7123,79.83498935415189,0.2365169525146484,79.8397408528801,0.2596948074856016
7124,79.83498935415189,0.333655834197998,79.83974018590946,0.2597051894376949
7125,79.83498935415189,0.2336876392364502,79.83973951912606,0.2597015378517017
7126,79.83498935415189,0.3678979873657226,79.83973885252979,0.2597167211873057
7127,79.83498935415189,0.2529020309448242,79.83973818612058,0.25971576500795357
7128,79.86160397444996,0.2380464076995849,79.83974125371155,0.25971272497466114
7129,79.83498935415189,0.2361152172088623,79.83974058715248,0.25970941490203303
7130,79.84386089425124,0.20168137550354,79.83974116503566,0.25970127632708234
7131,79.83498935415189,0.2129316329956054,79.83974049867598,0.25969471768967783
7132,79.84386089425124,0.2648999691009521,79.83974107640951,0.2596954475342392
7133,79.83498935415189,0.256829023361206,79.83974041024909,0.2596950456802965
7134,79.84386089425124,0.2615919113159179,79.83974098783304,0.2596953115711902
7135,79.83498935415189,0.2667617797851562,79.83974032187177,0.25969630196617466
7136,79.83498935415189,0.2728278636932373,79.83973965609714,0.25969814215139425
7137,79.83498935415189,0.2783050537109375,79.83973899050909,0.25970074925683906
7138,79.83498935415189,0.3057980537414551,79.83973832510752,0.25970720727091645
7139,79.83498935415189,0.4147751331329345,79.83973765989236,0.25972892851000623
7140,79.83498935415189,0.259171724319458,79.83973699486354,0.25972885047020366
7141,79.84386089425124,0.2278227806091308,79.83973757235961,0.25972438245874013
7142,79.83498935415189,0.2794508934020996,79.83973690752927,0.25972714450171736
7143,79.84386089425124,0.3052899837493896,79.83973748487585,0.2597335231716386
7144,79.84386089425124,0.2391486167907714,79.83973806206082,0.2597306417457734
7145,79.84386089425124,0.215818166732788,79.83973863908422,0.2597244958430424
7146,79.83498935415189,0.2812702655792236,79.83973797447675,0.2597275109241698
7147,79.84386089425124,0.3166232109069824,79.83973855135092,0.25973547170491457
7148,79.84386089425124,0.2659370899200439,79.83973912806368,0.25973633930679135
7149,79.83498935415189,0.2938017845153808,79.83973846366672,0.25974110437116515
7150,79.84386089425124,0.242518663406372,79.83973904023043,0.2597386956381631
7151,79.84386089425124,0.242427110671997,79.83973961663288,0.25973627477605066
7152,79.83498935415189,0.2754323482513428,79.8397389524463,0.2597384694171965
7153,79.84386089425124,0.2832090854644775,79.83973952869987,0.25974175064410093
7154,79.84386089425124,0.2324378490447998,79.83974010479233,0.2597379340517611
7155,79.84386089425124,0.2137913703918457,79.83974068072376,0.25973151244957243
7156,79.83498935415189,0.238887071609497,79.83974001675973,0.259728599587521
7157,79.83498935415189,0.2925553321838379,79.83973935298125,0.25973318624849573
7158,79.84386089425124,0.2745580673217773,79.83973992877634,0.2597352573411296
7159,79.83498935415189,0.2647700309753418,79.83973926519558,0.2597359606200281
7160,79.83498935415189,0.3456223011016845,79.83973860180018,0.25974795591897804
7161,79.84386089425124,0.2818925380706787,79.83973917745894,0.2597510483058167
7162,79.84386089425124,0.2583405971527099,79.83973975295696,0.25975085137044207
7163,79.87047551454933,0.225736379623413,79.83974404386322,0.2597461027355479
7164,79.84386089425124,0.2886481285095215,79.83974461852128,0.25975013707750405
7165,79.83498935415189,0.270977258682251,79.83974395484168,0.25975170401701625
7166,79.83498935415189,0.2428042888641357,79.83974329134729,0.2597493390414158
7167,79.83498935415189,0.231482982635498,79.83974262803807,0.2597453950821014
7168,79.83498935415189,0.2548222541809082,79.83974196491393,0.25974470825998913
7169,79.84386089425124,0.2308692932128906,79.83974253946118,0.25974068044369014
7170,79.84386089425124,0.2286911010742187,79.83974311384817,0.2597363499584225
7171,79.83498935415189,0.2278454303741455,79.8397424509337,0.25973190275167524
7172,79.83498935415189,0.2618038654327392,79.83974178820408,0.2597321916477546
7173,79.84386089425124,0.2236013412475586,79.83974236245558,0.2597271545851029
7174,79.84386089425124,0.2110166549682617,79.83974293654698,0.2597203647189729
7175,79.83498935415189,0.2248396873474121,79.83974227402679,0.2597155033005239
7176,79.83498935415189,0.2252154350280761,79.83974161169124,0.25971069559870225
7177,79.83498935415189,0.2468454837799072,79.83974094954026,0.25970890303749017
7178,79.87047551454933,0.2988715171813965,79.83974523131305,0.25971435896032996
7179,79.86160397444996,0.2567191123962402,79.83974827613031,0.2597139417369612
7180,79.84386089425124,0.2767896652221679,79.83974884891835,0.2597163199714299
7181,79.83498935415189,0.231313943862915,79.83974818612838,0.2597123647596059
7182,79.83498935415189,0.2848708629608154,79.83974752352297,0.2597158677529505
7183,79.83498935415189,0.2705965042114258,79.83974686110206,0.2597173825290132
7184,79.83498935415189,0.4453840255737304,79.83974619886557,0.2597432269949159
7185,79.84386089425124,0.3029875755310058,79.83974677154411,0.25974924569339
7186,79.84386089425124,0.2680561542510986,79.83974734406327,0.2597504016784383
7187,79.83498935415189,0.244835615158081,79.83974668203601,0.2597483264333402
7188,79.83498935415189,0.2418656349182129,79.83974602019295,0.2597458385797627
7189,79.86160397444996,0.2428066730499267,79.8397490606651,0.25974348231803923
7190,79.83498935415189,0.2167859077453613,79.83974839867531,0.2597375076901432
7191,79.86160397444996,0.234846830368042,79.83975143797107,0.2597340463249197
7192,79.83498935415189,0.2203149795532226,79.83975077583484,0.25972856536457883
7193,79.83498935415189,0.3787927627563476,79.8397501138827,0.2597451181516484
7194,79.83498935415189,0.2524430751800537,79.8397494521146,0.25974410313316476
7195,79.84386089425124,0.2470321655273437,79.83975002354505,0.2597423363593488
7196,79.84386089425124,0.333824872970581,79.83975059481668,0.25975263131996734
7197,79.84386089425124,0.2097282409667968,79.83975116592956,0.2597456805918371
7198,79.83498935415189,0.2858173847198486,79.83975050438305,0.2597493026679872
7199,79.83498935415189,0.216510534286499,79.83974984302033,0.2597432964492927
7200,79.83498935415189,0.2464215755462646,79.83974918184131,0.2597414462102784
7201,79.83498935415189,0.2974801063537597,79.83974852084593,0.2597466869629716
7202,79.83498935415189,0.3062353134155273,79.83974786003411,0.25975314192360094
7203,79.83498935415189,0.2098162174224853,79.83974719940578,0.25974620912830715
7204,79.83498935415189,0.266780138015747,79.83974653896085,0.25974718552043474
7205,79.84386089425124,0.2508409023284912,79.83974711000252,0.2597459493950785
7206,79.84386089425124,0.2570328712463379,79.83974768088571,0.2597455728924212
7207,79.83498935415189,0.2728650569915771,79.83974702064889,0.25974739327317586
7208,79.84386089425124,0.2987210750579834,79.83974759138606,0.2597528002767531
7209,79.83498935415189,0.2148480415344238,79.83974693134482,0.2597465712909378
7210,79.83498935415189,0.2487862110137939,79.83974627148667,0.25974505113001173
7211,79.83498935415189,0.2678453922271728,79.83974561181155,0.2597461744611859
7212,79.83498935415189,0.242931842803955,79.83974495231936,0.25974384302307485
7213,79.83498935415189,0.3098089694976806,79.83974429301003,0.2597507839805786
7214,79.84386089425124,0.2698664665222168,79.83974486365062,0.25975218620993007
7215,79.83498935415189,0.2773728370666504,79.83974420453634,0.2597546284345811
7216,79.84386089425124,0.2225949764251709,79.83974477503104,0.25974947881540017
7217,79.84386089425124,0.2370474338531494,79.83974534536762,0.25974633318079265
7218,79.83498935415189,0.2606823444366455,79.83974468646055,0.25974646285816255
7219,79.83498935415189,0.257965087890625,79.83974402773603,0.2597462160961502
7220,79.84386089425124,0.199812650680542,79.83974459793914,0.2597379150483087
7221,79.83498935415189,0.2479546070098877,79.83974393940932,0.25973628323719683
7222,79.84386089425124,0.241835355758667,79.83974450946675,0.2597338045709716
7223,79.83498935415189,0.2329521179199218,79.83974385113153,0.2597300967367405
7224,79.86160397444996,0.2388999462127685,79.83974687717297,0.25972721327182857
7225,79.84386089425124,0.227795124053955,79.8397474465871,0.2597227936055009
7226,79.83498935415189,0.2659318447113037,79.83974678811872,0.2597236528708075
7227,79.83498935415189,0.2489261627197265,79.83974612983258,0.25972215882208033
7228,79.83498935415189,0.2637679576873779,79.83974547172858,0.2597227185618238
7229,79.84386089425124,0.2739002704620361,79.83974604102204,0.2597246797669559
7230,79.83498935415189,0.4028303623199463,79.83974538311237,0.2597444730840448
7231,79.83498935415189,0.2582948207855224,79.83974472538468,0.25974427260661453
7232,79.83498935415189,0.2348296642303466,79.83974406783888,0.2597408275556775
7233,79.84386089425124,0.3034734725952148,79.8397446370116,0.2597468738221008
7234,79.84386089425124,0.2529819011688232,79.83974520602698,0.2597459386586154
7235,79.83498935415189,0.3118019104003906,79.83974454868739,0.25975313367889763
7236,79.84386089425124,0.3397514820098877,79.8397451175577,0.2597641892825918
7237,79.84386089425124,0.2475843429565429,79.83974568627079,0.2597625062860012
7238,79.83498935415189,0.2844667434692383,79.8397450291373,0.25976591941631116
7239,79.84386089425124,0.2310764789581298,79.83974559770549,0.25976195623901344
7240,79.84386089425124,0.2535767555236816,79.83974616611661,0.25976110192952234
7241,79.84386089425124,0.2433950901031494,79.83974673437073,0.2597588417428318
7242,79.83498935415189,0.228102445602417,79.83974607745549,0.25975447051994577
7243,79.84386089425124,0.2998785972595215,79.83974664556493,0.2597600102309412
7244,79.83498935415189,0.2608680725097656,79.8397459888433,0.2597601631937074
7245,79.84386089425124,0.214771032333374,79.83974655680817,0.25975395351380953
7246,79.83498935415189,0.2239658832550048,79.83974590028005,0.25974901450328525
7247,79.84386089425124,0.2209405899047851,79.83974646810039,0.25974365940122945
7248,79.84386089425124,0.2652986049652099,79.83974703576403,0.25974442581204127
7249,79.84386089425124,0.1749718189239502,79.83974760327106,0.25973273142565856
7250,79.83498935415189,0.2561635971069336,79.83974694696083,0.2597322391312698
7251,79.83498935415189,0.2828457355499267,79.83974629083163,0.2597354267600684
7252,79.83498935415189,0.230830430984497,79.83974563488339,0.2597314409636294
7253,79.86160397444996,0.2698171138763428,79.83974864857973,0.2597328315155269
7254,79.83498935415189,0.2735509872436523,79.8397479924873,0.25973473641706096
7255,79.84386089425124,0.2384042739868164,79.83974855939313,0.2597317963119707
7256,79.83498935415189,0.3327600955963135,79.83974790349383,0.2597418608515633
7257,79.83498935415189,0.3099713325500488,79.8397472477753,0.2597487823717092
7258,79.84386089425124,0.298868179321289,79.83974781454941,0.2597541722031985
7259,79.84386089425124,0.2859270572662353,79.83974838116735,0.2597577777804217
7260,79.83498935415189,0.2685680389404297,79.83974772565398,0.25975899131501673
7261,79.83498935415189,0.2939915657043457,79.83974707032118,0.2597637058962575
7262,79.84386089425124,0.2297677993774414,79.83974763680753,0.2597595753665799
7263,79.83498935415189,0.2318158149719238,79.8397469816674,0.2597557279536108
7264,79.83498935415189,0.2740106582641601,79.83974632670767,0.2597576903614179
7265,79.83498935415189,0.2808430194854736,79.83974567192824,0.25976059267788365
7266,79.83498935415189,0.2327568531036377,79.83974501732904,0.2597568762259742
7267,79.84386089425124,0.2285540103912353,79.83974558370814,0.2597525824505738
7268,79.84386089425124,0.2478535175323486,79.83974614993137,0.2597509452649769
7269,79.84386089425124,0.2357943058013916,79.83974671599881,0.25974764953799057
7270,79.83498935415189,0.3264570236206054,79.83974606161617,0.2597568255179194
7271,79.84386089425124,0.2088551521301269,79.83974662754005,0.25974982487517595
7272,79.84386089425124,0.2567052841186523,79.8397471933083,0.25974940620895526
7273,79.83498935415189,0.2558598518371582,79.83974653912995,0.2597488714152839
7274,79.87047551454933,0.2032365798950195,79.83975076362478,0.259741102334789
7275,79.83498935415189,0.2484190464019775,79.83975010913551,0.25973954603844085
7276,79.83498935415189,0.4060451984405517,79.83974945482613,0.25975965401705575
7277,79.84386089425124,0.23960542678833,79.83975001981712,0.25975688443793954
7278,79.84386089425124,0.3019495010375976,79.83975058465283,0.2597626817196927
7279,79.83498935415189,0.2341697216033935,79.83974993054781,0.2597591657202262
7280,79.84386089425124,0.2839982509613037,79.83975049524061,0.2597624952649022
7281,79.84386089425124,0.2445697784423828,79.83975105977831,0.2597604086398751
7282,79.83498935415189,0.2456612586975097,79.83975040587751,0.25975847247536776
7283,79.83498935415189,0.2983288764953613,79.83974975215628,0.2597637684253911
7284,79.84386089425124,0.320164680480957,79.83975031656348,0.25977206069777653
7285,79.83498935415189,0.2303264141082763,79.83974966303397,0.2597680187421706
7286,79.84386089425124,0.3466598987579345,79.83975022729848,0.2597799446109622
7287,79.84386089425124,0.2364671230316162,79.83975079140811,0.2597767453764927
7288,79.83498935415189,0.2235674858093261,79.83975013808247,0.25977177703681553
7289,79.83498935415189,0.2352211475372314,79.83974948493609,0.2597684088615515
7290,79.83498935415189,0.2268178462982177,79.8397488319689,0.25976388889412166
7291,79.83498935415189,0.2107925415039062,79.83974817918083,0.25975717220952554
7292,79.84386089425124,0.2396032810211181,79.83974874318453,0.2597544083736522
7293,79.83498935415189,0.2068102359771728,79.83974809058765,0.25974714878604815
7294,79.84386089425124,0.2458748817443847,79.83974865444885,0.2597452469123106
7295,79.84386089425124,0.1916337013244629,79.83974921815548,0.25973591016857
7296,79.83498935415189,0.2779624462127685,79.83974856576182,0.2597384083231813
7297,79.84386089425124,0.1937830448150634,79.8397491293261,0.2597293696273463
7298,79.83498935415189,0.2188022136688232,79.83974847712341,0.25972376163118865
7299,79.83498935415189,0.2228035926818847,79.83974782509944,0.2597187033808873
7300,79.84386089425124,0.3895528316497803,79.83974838853356,0.25973648887791045
7301,79.83498935415189,0.2967879772186279,79.83974773670033,0.2597415637290734
7302,79.83498935415189,0.2588894367218017,79.83974708504564,0.25974144703131835
7303,79.83498935415189,0.2212576866149902,79.8397464335694,0.25973617744889793
7304,79.83498935415189,0.2827515602111816,79.83974578227156,0.2597393285144459
7305,79.84386089425124,0.2788166999816894,79.83974634559969,0.2597419400642703
7306,79.83498935415189,0.2806892395019531,79.83974569449218,0.2597448072007934
7307,79.83498935415189,0.2616806030273437,79.83974504356289,0.2597450721242677
7308,79.83498935415189,0.2506425380706787,79.83974439281172,0.25974382656678907
7309,79.83498935415189,0.2827839851379394,79.83974374223864,0.25974697886649784
7310,79.83498935415189,0.2509472370147705,79.83974309184356,0.25974577507144286
7311,79.86160397444996,0.2488832473754882,79.83974608197933,0.2597442892927948
7312,79.84386089425124,0.2694516181945801,79.83974664472717,0.2597456168815396
7313,79.83498935415189,0.3229172229766845,79.83974599420199,0.2597542551430048
7314,79.83498935415189,0.2499334812164306,79.8397453438547,0.2597529124066189
7315,79.84386089425124,0.2579133510589599,79.83974590647266,0.2597526609286493
7316,79.84386089425124,0.2541978359222412,79.83974646893681,0.25975190165787204
7317,79.83498935415189,0.2245805263519287,79.83974581879129,0.25974709485517883
7318,79.84386089425124,0.2592623233795166,79.8397463811137,0.25974702861146803
7319,79.83498935415189,0.2043502330780029,79.83974573115783,0.25973945970922274
7320,79.84386089425124,0.2606184482574463,79.83974629333858,0.2597395797896255
7321,79.84386089425124,0.241772174835205,79.83974685536575,0.25973712556138423
7322,79.83498935415189,0.4053504467010498,79.83974620561142,0.2597570126579616
7323,79.84386089425124,0.2608098983764648,79.83974676749706,0.25975715643588304
7324,79.84386089425124,0.2394094467163086,79.83974732922927,0.25975437821227304
7325,79.83498935415189,0.2348353862762451,79.83974667967635,0.2597509763021111
7326,79.84386089425124,0.3188467025756836,79.8397472412672,0.259759042876814
7327,79.84386089425124,0.2500925064086914,79.83974780270475,0.25975772357335175
7328,79.83498935415189,0.2478024959564209,79.83974715335314,0.259756092128535
7329,79.83498935415189,0.3237316608428955,79.83974650417873,0.25976482122782746
7330,79.84386089425124,0.2509992122650146,79.83974706548706,0.25976362537394443
7331,79.83498935415189,0.2645676136016845,79.83974641650175,0.25976428067175206
7332,79.84386089425124,0.2246675491333007,79.83974697766892,0.25975949388348984
7333,79.83498935415189,0.3381614685058594,79.83974632887258,0.2597701855478322
7334,79.83498935415189,0.2479121685028076,79.83974568025317,0.2597685686924947
7335,79.83498935415189,0.27484130859375,79.83974503181062,0.25977062359909336
7336,79.84386089425124,0.2317872047424316,79.83974559286057,0.25976680906544336
7337,79.84386089425124,0.2628605365753174,79.83974615375757,0.25976723072654595
7338,79.84386089425124,0.2778873443603515,79.83974671450171,0.25976970007972583
7339,79.83498935415189,0.2769684791564941,79.83974606627166,0.259772043556913
7340,79.83498935415189,0.2515223026275635,79.83974541821823,0.2597709196140071
7341,79.84386089425124,0.2122371196746826,79.8397459788334,0.2597644445016329
7342,79.84386089425124,0.2449839115142822,79.83974653929586,0.2597624313535823
7343,79.83498935415189,0.2190694808959961,79.83974589144279,0.2597568896198961
7344,79.84386089425124,0.2339191436767578,79.83974645176451,0.2597533714083025
7345,79.84386089425124,0.1925041675567627,79.83974701193367,0.2597442156283364
7346,79.84386089425124,0.3174126148223877,79.83974757195031,0.2597520659413222
7347,79.83498935415189,0.2546701431274414,79.8397469243094,0.2597513742409256
7348,79.84386089425124,0.3087830543518066,79.83974748418554,0.25975804703353733
7349,79.83498935415189,0.2478089332580566,79.83974683673281,0.25975642108255415
7350,79.84386089425124,0.2297725677490234,79.83974739646852,0.25975234164672645
7351,79.83498935415189,0.250809907913208,79.8397467492039,0.25975112515458476
7352,79.83498935415189,0.3328287601470947,79.83974610211533,0.25976106498524204
7353,79.83498935415189,0.3368589878082275,79.83974545520279,0.2597715502188641
7354,79.84386089425124,0.2677781581878662,79.8397460148219,0.2597726389607691
7355,79.83498935415189,0.248514175415039,79.83974536809713,0.2597711082383291
7356,79.83498935415189,0.2679605484008789,79.8397447215482,0.25977222153905816
7357,79.83498935415189,0.2444984912872314,79.83974407517502,0.2597701454577408
7358,79.84386089425124,0.2578833103179931,79.83974463467747,0.25976988902458775
7359,79.84386089425124,0.252894639968872,79.83974519402787,0.2597689547605498
7360,79.84386089425124,0.2336981296539306,79.83974575322627,0.2597654125288777
7361,79.83498935415189,0.2357707023620605,79.83974510706418,0.2597621528209349
7362,79.84386089425124,0.245335578918457,79.83974566612247,0.25976019322111116
7363,79.83498935415189,0.207416296005249,79.83974502014773,0.25975308417626314
7364,79.84386089425124,0.2298860549926757,79.83974557906599,0.25974902836024144
7365,79.83498935415189,0.2968323230743408,79.8397449332785,0.25975406343080687
7366,79.83498935415189,0.2176132202148437,79.83974428766633,0.25974834243661515
7367,79.84386089425124,0.4474573135375976,79.83974484645643,0.259773822139493
7368,79.84386089425124,0.2428104877471923,79.83974540509482,0.2597715198411227
7369,79.83498935415189,0.2418484687805175,79.83974475968148,0.2597690876181534
7370,79.84386089425124,0.2415168285369873,79.83974531818005,0.2597666110565413
7371,79.83498935415189,0.2297773361206054,79.83974467295361,0.25976254250750647
7372,79.84386089425124,0.2698643207550049,79.83974523131245,0.25976391279755634
7373,79.83498935415189,0.2864925861358642,79.83974458627281,0.2597675380075575
7374,79.83498935415189,0.2407801151275634,79.83974394140813,0.2597649630926022
7375,79.83498935415189,0.3068628311157226,79.83974329671834,0.25977134924419854
7376,79.84386089425124,0.2876710891723633,79.83974385496094,0.2597751317469003
7377,79.83498935415189,0.2838594913482666,79.83974321045764,0.2597783965374115
7378,79.83498935415189,0.2868134975433349,79.83974256612906,0.25978206082326216
7379,79.83498935415189,0.2688474655151367,79.8397419219751,0.25978328936435063
7380,79.83498935415189,0.2606735229492187,79.83974127799573,0.25978340999220767
7381,79.83498935415189,0.2489442825317382,79.83974063419085,0.2597819414747357
7382,79.86160397444996,0.2680425643920898,79.83974359590044,0.2597830604970762
7383,79.83498935415189,0.3108179569244385,79.83974295195601,0.25978997298474077
7384,79.83498935415189,0.2598626613616943,79.83974230818599,0.2597899828287788
7385,79.83498935415189,0.2608187198638916,79.8397416645903,0.25979012212966374
7386,79.83498935415189,0.2508881092071533,79.83974102116892,0.25978891687473243
7387,79.83498935415189,0.2468659877777099,79.83974037792171,0.2597871674596658
7388,79.83498935415189,0.2571666240692138,79.83973973484865,0.25978681275698706
7389,79.83498935415189,0.2425899505615234,79.83973909194965,0.25978448539710136
7390,79.83498935415189,0.2212615013122558,79.83973844922464,0.25977927254404526
7391,79.84386089425124,0.3041913509368896,79.83973900699017,0.25978528148443125
7392,79.84386089425124,0.222794771194458,79.83973956460478,0.25978027735695697
7393,79.83498935415189,0.3188648223876953,79.83973892207665,0.2597882693148943
7394,79.83498935415189,0.2927937507629394,79.83973827972231,0.2597927331344031
7395,79.84386089425124,0.4359540939331054,79.83973883720905,0.25981655481943333
7396,79.84386089425124,0.2475957870483398,79.83973939454505,0.2598149024711679
7397,79.83498935415189,0.2954533100128174,79.83973875238736,0.25981972042541174
7398,79.83498935415189,0.2256810665130615,79.83973811040327,0.2598151058466185
7399,79.83498935415189,0.3378274440765381,79.83973746859273,0.25982564947930264
7400,79.83498935415189,0.2688541412353515,79.83973682695564,0.2598268695457562
7401,79.84386089425124,0.27010178565979,79.83973738418672,0.25982825786032365
7402,79.83498935415189,0.2468717098236084,79.8397367427344,0.2598265074485381
7403,79.83498935415189,0.3067693710327148,79.83973610145539,0.2598328485080524
7404,79.84386089425124,0.2218251228332519,79.83973665855868,0.25982771510372027
7405,79.83498935415189,0.2418248653411865,79.83973601746422,0.2598252839288705
7406,79.84386089425124,0.3408541679382324,79.8397365744284,0.2598362249069976
7407,79.83498935415189,0.3008468151092529,79.83973593351841,0.2598417616411953
7408,79.83498935415189,0.2699053287506103,79.83973529278146,0.25984312011407723
7409,79.83498935415189,0.2618014812469482,79.83973465221746,0.25984338443600097
7410,79.84386089425124,0.2646872997283935,79.83973520906522,0.2598440381357705
7411,79.84386089425124,0.2907602787017822,79.83973576576273,0.25984820980498735
7412,79.83498935415189,0.2352607250213623,79.83973512539418,0.2598448925512389
7413,79.84386089425124,0.1966009140014648,79.83973568195277,0.259836361055414
7414,79.83498935415189,0.2438676357269287,79.83973504176828,0.25983420719443096
7415,79.83498935415189,0.2142279148101806,79.83973440175646,0.2598280566492679
7416,79.83498935415189,0.4138412475585937,79.83973376191724,0.25984882433951995
7417,79.84386089425124,0.3128941059112549,79.83973431835952,0.25985597619088463
7418,79.83498935415189,0.2378478050231933,79.83973367870405,0.25985300933038746
7419,79.83498935415189,0.2927384376525879,79.83973303922102,0.25985744192619853
7420,79.84386089425124,0.2418110370635986,79.8397335955357,0.25985500979616316
7421,79.83498935415189,0.2548813819885254,79.83973295623623,0.2598543395862443
7422,79.84386089425124,0.2164883613586425,79.8397335124122,0.2598484966896898
7423,79.83498935415189,0.297328233718872,79.83973287329617,0.2598535458257573
7424,79.83498935415189,0.2194101810455322,79.83973223435231,0.25984809817425136
7425,79.86160397444996,0.2648475170135498,79.83973518004122,0.259848771496654
7426,79.83498935415189,0.2428696155548095,79.83973454095882,0.25984648504958396
7427,79.83498935415189,0.2391846179962158,79.83973390204851,0.25984370305590504
7428,79.87047551454933,0.2424564361572265,79.83973804066086,0.25984136228222454
7429,79.84386089425124,0.2625424861907959,79.83973859562836,0.25984172587408194
7430,79.83498935415189,0.2515289783477783,79.83973795643031,0.25984060706553197
7431,79.83498935415189,0.2599315643310547,79.8397373174043,0.2598406193057776
7432,79.84386089425124,0.2024707794189453,79.8397378722451,0.25983290000546994
7433,79.83498935415189,0.3135969638824463,79.83973723340235,0.2598401331635322
7434,79.83498935415189,0.2378904819488525,79.83973659473148,0.25983718056046323
7435,79.84386089425124,0.230879545211792,79.8397371494456,0.25983328578771964
7436,79.84386089425124,0.2017767429351806,79.83973770401052,0.2598254782913705
7437,79.83498935415189,0.3238260746002197,79.839737065534,0.25983408399209773
7438,79.84386089425124,0.2968678474426269,79.83973761996108,0.25983906298691495
7439,79.84386089425124,0.2978813648223877,79.83973817423912,0.25984417688687944
7440,79.83498935415189,0.2601568698883056,79.83973753595684,0.25984421891550863
7441,79.83498935415189,0.3106935024261474,79.83973689784612,0.25985105257812263
7442,79.83498935415189,0.2980406284332275,79.8397362599069,0.25985618420616013
7443,79.84386089425124,0.2375030517578125,79.83973681406978,0.25985318096385884
7444,79.84386089425124,0.2483069896697998,79.83973736808377,0.25985162989033733
7445,79.84386089425124,0.2991881370544433,79.83973792194894,0.2598569135044628
7446,79.83498935415189,0.3000905513763428,79.83973728421488,0.2598623168939165
7447,79.84386089425124,0.3067879676818847,79.83973783794255,0.2598686181764179
7448,79.84386089425124,0.2408845424652099,79.83973839152154,0.25986606929407213
7449,79.83498935415189,0.224761962890625,79.83973775398127,0.2598613567009182
7450,79.83498935415189,0.2706189155578613,79.83973711661216,0.25986280066855
7451,79.84386089425124,0.2588822841644287,79.83973767006506,0.2598626690732602
7452,79.83498935415189,0.2978827953338623,79.83973703287828,0.2598677710762474
7453,79.83498935415189,0.2578372955322265,79.83973639586249,0.25986749863890085
7454,79.83498935415189,0.3179435729980469,79.8397357590176,0.2598752899018951
7455,79.83498935415189,0.4069070816040039,79.83973512234357,0.25989501247623475
7456,79.83498935415189,0.2248635292053222,79.83973448584032,0.2598903140476845
7457,79.83498935415189,0.2379360198974609,79.8397338495078,0.2598873699288498
7458,79.83498935415189,0.2425503730773925,79.83973321334591,0.25988504531141193
7459,79.83498935415189,0.262775182723999,79.83973257735458,0.2598854327812353
7460,79.83498935415189,0.2167677879333496,79.83973194153378,0.25987965293608145
7461,79.83498935415189,0.284916877746582,79.8397313058834,0.2598830086826048
7462,79.83498935415189,0.2308876514434814,79.83973067040341,0.2598791229472471
7463,79.84386089425124,0.3188073635101318,79.83973122383016,0.2598870189998483
7464,79.84386089425124,0.2372303009033203,79.83973177710861,0.2598839835338654
7465,79.83498935415189,0.3018844127655029,79.83973114182088,0.2598896098472253
7466,79.83498935415189,0.341578722000122,79.83973050670332,0.2599005513302353
7467,79.84386089425124,0.2617919445037842,79.83973105985552,0.259900804630513
7468,79.84386089425124,0.223747968673706,79.83973161285958,0.25989596359731043
7469,79.84386089425124,0.2479093074798584,79.83973216571556,0.25989435874309735
7470,79.83498935415189,0.2449448108673095,79.83973153080103,0.2598923574649346
7471,79.84386089425124,0.2947638034820556,79.83973208352,0.25989702503902334
7472,79.84386089425124,0.2648215293884277,79.83973263609103,0.25989768410009795
7473,79.83498935415189,0.2278306484222412,79.83973200136843,0.25989339304755177
7474,79.83498935415189,0.2439179420471191,79.83973136681568,0.25989125557752224
7475,79.84386089425124,0.263772964477539,79.83973191926081,0.2598917748696828
7476,79.83498935415189,0.2441833019256591,79.8397312848888,0.2598896736828257
7477,79.83498935415189,0.2787830829620361,79.83973065068649,0.25989220055313184
7478,79.84386089425124,0.2634205818176269,79.83973120300575,0.25989267238801605
7479,79.83498935415189,0.2508909702301025,79.83973056898398,0.25989146879099
7480,79.83498935415189,0.2756497859954834,79.83972993513173,0.259893575517889
7481,79.83498935415189,0.316831111907959,79.83972930144893,0.2599011864704876
7482,79.83498935415189,0.2301321029663086,79.83972866793552,0.2598972077103293
7483,79.84386089425124,0.1930086612701416,79.83972922015072,0.25988826897634026
7484,79.87047551454933,0.2989315986633301,79.83973332842095,0.2598934858830328
7485,79.84386089425124,0.2583706378936767,79.83973387986595,0.25989328242972765
7486,79.84386089425124,0.2509238719940185,79.8397344311636,0.2598920842717747
7487,79.83498935415189,0.2347860336303711,79.83973379738812,0.2598887309859938
7488,79.84386089425124,0.2648429870605469,79.83973434854956,0.2598893926120721
7489,79.84386089425124,0.2236809730529785,79.83973489956381,0.2598845577316396
7490,79.83498935415189,0.2348940372467041,79.83973426597963,0.25988122121355084
7491,79.83498935415189,0.2369294166564941,79.83973363256462,0.2598781572962425
7492,79.84386089425124,0.2779228687286377,79.83973418345379,0.25988056582686614
7493,79.86160397444996,0.2409250736236572,79.83973710215004,0.25987803606679627
7494,79.83498935415189,0.2318165302276611,79.83973646861014,0.2598742915370606
7495,79.84386089425124,0.334977388381958,79.83973701890041,0.25988431196359096
7496,79.83498935415189,0.2284953594207763,79.83973638554065,0.2598801245366242
7497,79.83498935415189,0.3300817012786865,79.83973575234985,0.2598894884924388
7498,79.84386089425124,0.2348768711090088,79.83973630251548,0.2598861525872129
7499,79.84386089425124,0.3094668388366699,79.83973685253437,0.2598927642269315
7500,79.83498935415189,0.3966760635375976,79.83973621953459,0.2599110020001729
7501,79.83498935415189,0.234349250793457,79.83973558670358,0.25990759422104925
7502,79.83498935415189,0.2463703155517578,79.83973495404128,0.25990578973175715
7503,79.83498935415189,0.3048772811889648,79.83973432154762,0.2599117835330976
7504,79.83498935415189,0.2755146026611328,79.83973368922254,0.259913862800039
7505,79.84386089425124,0.1988565921783447,79.83973423914992,0.2599057272543199
7506,79.83498935415189,0.2231960296630859,79.8397336070043,0.2599008365405454
7507,79.83498935415189,0.2347230911254882,79.83973297502709,0.2598974826381323
7508,79.84386089425124,0.2070183753967285,79.83973352482987,0.25989043960307084
7509,79.83498935415189,0.2778718471527099,79.83973289303192,0.2598928342505006
7510,79.84386089425124,0.2580788135528564,79.8397334426992,0.25989259270313736
7511,79.83498935415189,0.2288496494293213,79.83973281108042,0.2598884597057637
7512,79.84386089425124,0.2778570652008056,79.83973336061226,0.25989085169265064
7513,79.83498935415189,0.2487154006958007,79.83973272917255,0.2598893642108196
7514,79.84386089425124,0.2748980522155761,79.83973327856903,0.25989136164068444
7515,79.84386089425124,0.2564699649810791,79.83973382781927,0.2598909063650145
7516,79.83498935415189,0.2527580261230469,79.83973319656945,0.25988995733890463
7517,79.83498935415189,0.2428810596466064,79.83973256548758,0.25988769461472044
7518,79.84386089425124,0.2517883777618408,79.83973311461351,0.25988661729138274
7519,79.83498935415189,0.2507758140563965,79.83973248371039,0.2598854055872685
7520,79.84386089425124,0.2447969913482666,79.83973303270115,0.25988339914920483
7521,79.83498935415189,0.2868022918701172,79.8397324019767,0.25988697831324165
7522,79.84386089425124,0.2727952003479004,79.83973295083236,0.25988869437572965
7523,79.84386089425124,0.2819030284881592,79.83973349954209,0.25989162064638127
7524,79.83498935415189,0.2952556610107422,79.8397328690071,0.25989632081123565
7525,79.83498935415189,0.2375295162200927,79.83973223863967,0.2598933484783996
7526,79.84386089425124,0.2109971046447754,79.8397327872253,0.2598868515020731
7527,79.84386089425124,0.2841997146606445,79.83973333566519,0.2598900815888485
7528,79.83498935415189,0.2277944087982177,79.83973270548698,0.2598858180828986
7529,79.83498935415189,0.2243046760559082,79.83973207547618,0.25988109220402666
7530,79.84386089425124,0.1943035125732422,79.83973262379207,0.2598723833621102
7531,79.84386089425124,0.3018739223480224,79.83973317196237,0.2598779605150761
7532,79.86160397444996,0.2349538803100586,79.83973607568016,0.25987465142317423
7533,79.83498935415189,0.2837321758270263,79.83973544555651,0.2598778184913282
7534,79.84386089425124,0.2339198589324951,79.83973599313397,0.25987437304939043
7535,79.87047551454933,0.2597579956054687,79.83974007269886,0.2598743576044742
7536,79.84386089425124,0.2387077808380127,79.839740619517,0.25987154887613473
7537,79.84386089425124,0.2430739402770996,79.83974116619004,0.25986932018984055
7538,79.83498935415189,0.2398726940155029,79.83974053580903,0.25986666741374953
7539,79.84386089425124,0.2384448051452636,79.83974108234816,0.2598638259411048
7540,79.84386089425124,0.2315754890441894,79.83974162874229,0.25986007417228557
7541,79.83498935415189,0.3079404830932617,79.83974099855072,0.25986645003873843
7542,79.84386089425124,0.2938516139984131,79.83974154481109,0.2598709561596559
7543,79.83498935415189,0.2459561824798584,79.83974091479774,0.25986911143293184
7544,79.83498935415189,0.3261833190917969,79.83974028495142,0.2598779017573829
7545,79.86160397444996,0.2739987373352051,79.8397431827234,0.25987977330616724
7546,79.83498935415189,0.3807146549224853,79.83974255274346,0.2598957864100125
7547,79.83498935415189,0.2339160442352295,79.83974192293047,0.25989234401672046
7548,79.83498935415189,0.2589473724365234,79.83974129328436,0.25989221882175756
7549,79.84386089425124,0.2368237972259521,79.83974183899915,0.2598891629969336
7550,79.84386089425124,0.2095069885253906,79.83974238456938,0.259882489861242
7551,79.83498935415189,0.2181484699249267,79.8397417551123,0.25987696290852896
7552,79.83498935415189,0.2737343311309814,79.8397411258219,0.2598787978354652
7553,79.84386089425124,0.28383469581604,79.83974167126986,0.2598819695418045
7554,79.84386089425124,0.2609429359436035,79.8397422165734,0.25988210999274464
7555,79.84386089425124,0.203801155090332,79.83974276173258,0.2598746869676086
7556,79.84386089425124,0.2987298965454101,79.83974330674747,0.25987982926638814
7557,79.83498935415189,0.299283504486084,79.83974267766813,0.25988504346186514
7558,79.83498935415189,0.2839112281799316,79.83974204875524,0.2598882223696076
7559,79.83498935415189,0.2438230514526367,79.83974142000876,0.25988609706587473
7560,79.83498935415189,0.2789480686187744,79.83974079142862,0.25988861849068334
7561,79.83498935415189,0.2337458133697509,79.83974016301475,0.2598851609050305
7562,79.83498935415189,0.2445201873779297,79.83973953476708,0.2598831290386556
7563,79.83498935415189,0.2393059730529785,79.83973890668555,0.25988040827229497
7564,79.83498935415189,0.237034797668457,79.83973827877008,0.25987738796417703
7565,79.83498935415189,0.2797996997833252,79.83973765102063,0.25988002144888545
7566,79.83498935415189,0.2607913017272949,79.83973702343711,0.2598801418930142
7567,79.84386089425124,0.2438006401062011,79.83973756841806,0.2598780169423354
7568,79.83498935415189,0.2546989917755127,79.83973694101131,0.2598773326102573
7569,79.84386089425124,0.249805212020874,79.83973748585913,0.259876001903349
7570,79.83498935415189,0.286431074142456,79.83973685862905,0.25987950983891556
7571,79.83498935415189,0.2934646606445312,79.83973623156466,0.2598839458646461
7572,79.83498935415189,0.2374157905578613,79.83973560466589,0.2598809785963805
7573,79.84386089425124,0.3098251819610595,79.8397361494024,0.2598875736318175
7574,79.83498935415189,0.1998331546783447,79.83973552268002,0.2598796446089824
7575,79.83498935415189,0.2398352622985839,79.83973489612312,0.2598769984859051
7576,79.83498935415189,0.3029613494873047,79.83973426973162,0.2598826854382548
7577,79.83498935415189,0.2168381214141845,79.83973364350545,0.2598770044874796
7578,79.83498935415189,0.2008929252624511,79.83973301744457,0.2598692208929658
7579,79.83498935415189,0.2329370975494384,79.8397323915489,0.2598656673735908
7580,79.83498935415189,0.258174180984497,79.83973176581837,0.25986544422235214
7581,79.87047551454933,0.2529683113098144,79.83973582118689,0.2598645344303837
7582,79.83498935415189,0.3177359104156494,79.83973519516908,0.2598721671626424
7583,79.84386089425124,0.2384347915649414,79.83973573924122,0.25986934013170504
7584,79.83498935415189,0.2309751510620117,79.8397351133993,0.2598655302439058
7585,79.84386089425124,0.2296006679534912,79.83973565733876,0.259861540149998
7586,79.84386089425124,0.2388968467712402,79.83973620113481,0.25985877654686346
7587,79.83498935415189,0.30092453956604,79.83973557547948,0.25986418919521187
7588,79.84386089425124,0.2389247417449951,79.839736119143,0.2598614296475774
7589,79.84386089425124,0.255476713180542,79.83973666266323,0.2598608518749503
7590,79.84386089425124,0.2946765422821045,79.83973720604024,0.25986543892243474
7591,79.83498935415189,0.2553365230560303,79.83973658058221,0.2598648423059328
7592,79.83498935415189,0.2341501712799072,79.83973595528896,0.2598614552312455
7593,79.83498935415189,0.3416128158569336,79.8397353301604,0.2598722219058966
7594,79.83498935415189,0.2041800022125244,79.83973470519648,0.259864888192479
7595,79.84386089425124,0.2839109897613525,79.8397352484735,0.2598680542361352
7596,79.84386089425124,0.2555317878723144,79.83973579160748,0.2598674833743179
7597,79.83498935415189,0.2556312084197998,79.83973516682961,0.25986692574960363
7598,79.84386089425124,0.272930383682251,79.83973570983137,0.25986864507810226
7599,79.83498935415189,0.2698450088500976,79.8397350852287,0.25986995793028966
7600,79.84386089425124,0.1930510997772216,79.8397356280983,0.25986116597526954
7601,79.84386089425124,0.2405714988708496,79.83973617082506,0.25985862819509525
7602,79.83498935415189,0.2578754425048828,79.83973554640824,0.2598583673182615
7603,79.84386089425124,0.2097563743591308,79.83973608900298,0.2598517775519904
7604,79.83498935415189,0.2549161911010742,79.83973546476115,0.2598511284743404
7605,79.83498935415189,0.2786910533905029,79.83973484068349,0.25985360578202166
7606,79.83498935415189,0.255885362625122,79.83973421676993,0.25985308405665264
7607,79.83498935415189,0.248931884765625,79.8397335930204,0.25985164837908054
7608,79.83498935415189,0.2514123916625976,79.83973296943485,0.2598505391182082
7609,79.87047551454933,0.2751290798187256,79.83973700972201,0.25985254707466776
7610,79.83498935415189,0.2387185096740722,79.83973638585138,0.25984976993440484
7611,79.84386089425124,0.2439336776733398,79.8397369277655,0.25984767873846987
7612,79.83498935415189,0.2678987979888916,79.83973630406953,0.2598487364262327
7613,79.83498935415189,0.2408430576324463,79.83973568053743,0.25984623994931244
7614,79.84386089425124,0.2849712371826172,79.83973622233066,0.2598495397913447
7615,79.84386089425124,0.2588217258453369,79.8397367639816,0.2598494048190602
7616,79.83498935415189,0.2210829257965088,79.83973614063471,0.2598443146826339
7617,79.84386089425124,0.2234113216400146,79.83973668215415,0.2598395315668347
7618,79.83498935415189,0.2848575115203857,79.83973605898167,0.25984281562826206
7619,79.84386089425124,0.2899045944213867,79.83973660036968,0.2598467612613889
7620,79.83498935415189,0.2507941722869873,79.83973597737148,0.25984557325758645
7621,79.84386089425124,0.2268159389495849,79.83973651862811,0.25984123922867847
7622,79.83498935415189,0.2909188270568847,79.83973589580413,0.25984531658210647
7623,79.84386089425124,0.2617826461791992,79.83973643692946,0.25984557072477954
7624,79.83498935415189,0.2598230838775635,79.83973581427956,0.259845567775298
7625,79.83498935415189,0.261052131652832,79.83973519179298,0.2598457260131836
7626,79.83498935415189,0.2788293361663818,79.83973456946966,0.259848215340505
7627,79.83498935415189,0.288964033126831,79.83973394730953,0.2598520328071087
7628,79.83498935415189,0.2407917976379394,79.83973332531252,0.2598495340872386
7629,79.83498935415189,0.2717900276184082,79.83973270347857,0.2598510992325435
7630,79.83498935415189,0.3047125339508056,79.83973208180763,0.25985697884390896
7631,79.83498935415189,0.2446146011352539,79.8397314602996,0.25985498141530083
7632,79.84386089425124,0.2699177265167236,79.83973200136799,0.2598562999091558
7633,79.84386089425124,0.2418115139007568,79.8397325422946,0.2598539358601569
7634,79.83498935415189,0.3247959613800049,79.83973192097051,0.25986244280612497
7635,79.83498935415189,0.2858157157897949,79.83973129980916,0.2598658420560246
7636,79.83498935415189,0.2650423049926758,79.83973067881051,0.2598665199584521
7637,79.83498935415189,0.2787516117095947,79.83973005797449,0.25986899280011133
7638,79.83498935415189,0.4071104526519775,79.83972943730105,0.25988827028896333
7639,79.84386089425124,0.2549424171447754,79.83972997813844,0.2598876228412419
7640,79.83498935415189,0.2500181198120117,79.83972935763792,0.2598863310214737
7641,79.83498935415189,0.2401533126831054,79.83972873729981,0.2598837485036961
7642,79.84386089425124,0.3279716968536377,79.83972927801649,0.25989265820643753
7643,79.83498935415189,0.2639467716217041,79.83972865785113,0.25989318864126876
7644,79.84386089425124,0.2508778572082519,79.83972919843673,0.25989200924155226
7645,79.83498935415189,0.2508018016815185,79.83972857844401,0.25989082020197607
7646,79.87047551454933,0.2499527931213379,79.839732599754,0.2598895204338515
7647,79.83498935415189,0.366673469543457,79.83973197947864,0.2599034845961517
7648,79.83498935415189,0.2669851779937744,79.8397313593655,0.2599044105497863
7649,79.83498935415189,0.2687990665435791,79.83973073941449,0.259905573401923
7650,79.83498935415189,0.2454349994659423,79.83973011962557,0.2599036818236307
7651,79.84386089425124,0.2317438125610351,79.83973065952553,0.2599000012760863
7652,79.83498935415189,0.2747447490692138,79.83973003990903,0.25990194125880883
7653,79.83498935415189,0.2319252490997314,79.83972942045447,0.25989828560845485
7654,79.84386089425124,0.2710487842559814,79.83972996023417,0.2598997424282416
7655,79.84386089425124,0.2329041957855224,79.83973049987283,0.2598962159035332
7656,79.83498935415189,0.267298936843872,79.83972988060091,0.2598971828211064
7657,79.84386089425124,0.2578096389770508,79.83973042010902,0.2598969101890254
7658,79.83498935415189,0.2455587387084961,79.83972980100927,0.2598950378762178
7659,79.83498935415189,0.2290821075439453,79.83972918207117,0.2598910147752474
7660,79.84386089425124,0.2487802505493164,79.83972972145918,0.25988956428383414
7661,79.83498935415189,0.3188760280609131,79.83972910269304,0.2598972638614058
7662,79.84386089425124,0.2653770446777344,79.83972964195061,0.259897979050758
7663,79.83498935415189,0.2214927673339843,79.83972902335636,0.25989296727838207
7664,79.84386089425124,0.3126940727233886,79.83972956248356,0.2598998567754391
7665,79.86160397444996,0.2688820362091064,79.83973241628811,0.2599010286188094
7666,79.83498935415189,0.3048033714294433,79.83973179757403,0.2599068859554662
7667,79.83498935415189,0.2199740409851074,79.83973117902136,0.25990167754996596
7668,79.83498935415189,0.2674384117126465,79.83973056063,0.25990266043131216
7669,79.84386089425124,0.2181296348571777,79.83973109920525,0.2598972134335844
7670,79.83498935415189,0.2688043117523193,79.83973048098555,0.25989837472410837
7671,79.83498935415189,0.2544722557067871,79.83972986292704,0.2598976673692632
7672,79.84386089425124,0.2498924732208252,79.83973040138262,0.25989636325115206
7673,79.83498935415189,0.2567453384399414,79.83972978349559,0.25989595258716003
7674,79.83498935415189,0.2788610458374023,79.83972916576958,0.2598984239310811
7675,79.84386089425124,0.2725024223327636,79.83972970410554,0.25990006614585653
7676,79.83498935415189,0.2668049335479736,79.83972908655082,0.25990096568564314
7677,79.83498935415189,0.2440097332000732,79.839728469157,0.25989889570616087
7678,79.83498935415189,0.2495739459991455,79.83972785192398,0.2598975509614738
7679,79.83498935415189,0.2312047481536865,79.83972723485174,0.2598938144329144
7680,79.83498935415189,0.2409694194793701,79.83972661794019,0.2598913503189882
7681,79.83498935415189,0.2962758541107178,79.83972600118926,0.25989608726779584
7682,79.83498935415189,0.4228529930114746,79.83972538459892,0.2599173000907252
7683,79.83498935415189,0.2577552795410156,79.83972476816908,0.25991701868755596
7684,79.83498935415189,0.2853734493255615,79.83972415189969,0.2599203316014859
7685,79.83498935415189,0.2308540344238281,79.83972353579067,0.25991654938975167
7686,79.84386089425124,0.2758553028106689,79.83972407408866,0.2599186231281619
7687,79.83498935415189,0.3170323371887207,79.83972345815008,0.2599260530376273
7688,79.84386089425124,0.2352211475372314,79.83972399631814,0.2599228396003874
7689,79.83498935415189,0.2764654159545898,79.83972338054987,0.25992499106044126
7690,79.83498935415189,0.242807388305664,79.83972276494175,0.2599227651042963
7691,79.83498935415189,0.2288603782653808,79.83972214949372,0.25991872630741175
7692,79.83498935415189,0.2955148220062256,79.83972153420571,0.25992335398495975
7693,79.83498935415189,0.237882375717163,79.83972091907766,0.2599204889156411
7694,79.83498935415189,0.2668609619140625,79.83972030410952,0.25992139097867706
7695,79.83498935415189,0.2149415016174316,79.8397196893012,0.25991554563892905
7696,79.84386089425124,0.2574481964111328,79.83972022739955,0.25991522503741815
7697,79.84386089425124,0.4608099460601806,79.83972076535808,0.25994132542991166
7698,79.84386089425124,0.2808387279510498,79.83972130317684,0.25994404008339583
7699,79.83498935415189,0.3809595108032226,79.83972068855819,0.25995975841963687
7700,79.83498935415189,0.2543058395385742,79.83972007409918,0.25995902414445754
7701,79.84386089425124,0.2658450603485107,79.83972061179819,0.2599597884654813
7702,79.83498935415189,0.2958180904388428,79.8397199975087,0.25996444417853937
7703,79.84386089425124,0.230806827545166,79.83972053507804,0.25996065894984494
7704,79.84386089425124,0.2429089546203613,79.83972107250784,0.25995844559258513
7705,79.83498935415189,0.2532942295074463,79.83972045839774,0.2599575806716137
7706,79.83498935415189,0.2259092330932617,79.839719844447,0.2599531622512168
7707,79.83498935415189,0.2468245029449463,79.8397192306556,0.25995145877913867
7708,79.83498935415189,0.2398040294647216,79.83971861702346,0.2599488449455483
7709,79.84386089425124,0.2633960247039795,79.8397191543535,0.25994929210857315
7710,79.84386089425124,0.3039226531982422,79.83971969154415,0.2599549955276509
7711,79.84386089425124,0.2538833618164062,79.83972022859545,0.259954208128648
7712,79.84386089425124,0.2313413619995117,79.8397207655075,0.25995049795669145
7713,79.83498935415189,0.2348272800445556,79.83972015207415,0.25994724070038233
7714,79.83498935415189,0.2264692783355713,79.83971953879984,0.2599429008037833
7715,79.84386089425124,0.2463026046752929,79.83972007559251,0.259941132780954
7716,79.83498935415189,0.2408151626586914,79.83971946248708,0.25993865403936217
7717,79.84386089425124,0.2538352012634277,79.83971999915052,0.25993786312932254
7718,79.84386089425124,0.2455854415893554,79.83972053567489,0.25993600352559876
7719,79.84386089425124,0.2349181175231933,79.83972107206024,0.25993276244696134
7720,79.83498935415189,0.2306792736053466,79.83972045914341,0.25992897313493524
7721,79.83498935415189,0.2515966892242431,79.83971984638535,0.2599278939633369
7722,79.84386089425124,0.2557766437530517,79.83972038265158,0.2599273563758971
7723,79.83498935415189,0.2286586761474609,79.8397197700621,0.25992330760207494
7724,79.84386089425124,0.2538056373596191,79.83972030619935,0.2599225155681233
7725,79.83498935415189,0.2319245338439941,79.83971969377838,0.2599188912339195
7726,79.84386089425124,0.245326280593872,79.8397202297867,0.25991700246733396
7727,79.84386089425124,0.4668776988983154,79.83972076565631,0.25994378656160483
7728,79.84386089425124,0.23276948928833,79.83972130138723,0.25994027021878996
7729,79.83498935415189,0.2315773963928222,79.83972068915445,0.259936600549515
7730,79.83498935415189,0.2426104545593261,79.83972007708006,0.2599343591334749
7731,79.83498935415189,0.2903847694396972,79.83971946516401,0.2599382978749451
7732,79.83498935415189,0.2947986125946045,79.83971885340624,0.2599428064516031
7733,79.84386089425124,0.2524120807647705,79.83971938903805,0.25994183260889175
7734,79.83498935415189,0.2580664157867431,79.83971877744834,0.2599415901190001
7735,79.83498935415189,0.2358307838439941,79.83971816601675,0.25993847301411643
7736,79.83498935415189,0.2428736686706543,79.83971755474323,0.25993626711903584
7737,79.84386089425124,0.220923900604248,79.83971809026598,0.2599312248072206
7738,79.84386089425124,0.2498314380645752,79.8397186256503,0.25992991958794653
7739,79.84386089425124,0.2382264137268066,79.83971916089628,0.259927115155092
7740,79.84386089425124,0.1989417076110839,79.83971969600394,0.2599192359034713
7741,79.83498935415189,0.1946568489074707,79.83971908492761,0.2599108051597695
7742,79.83498935415189,0.2242922782897949,79.83971847400915,0.2599062044717212
7743,79.84386089425124,0.2478327751159668,79.83971900899819,0.2599046452014957
7744,79.83498935415189,0.1947376728057861,79.8397183982473,0.25989623004493634
7745,79.83498935415189,0.1924331188201904,79.83971778765414,0.2598875195076575
7746,79.83498935415189,0.2522883415222168,79.83971717721862,0.25988653846221654
7747,79.83498935415189,0.2498524188995361,79.83971656694068,0.2598852432357337
7748,79.83498935415189,0.2480876445770263,79.8397159568203,0.25988372057199355
7749,79.83498935415189,0.2492575645446777,79.83971534685737,0.2598823492781457
7750,79.84386089425124,0.2357716560363769,79.83971588176671,0.25987923822095316
7751,79.83498935415189,0.2654290199279785,79.83971527197086,0.2598799542294304
7752,79.83498935415189,0.242805004119873,79.83971466233233,0.25987775157848747
7753,79.84386089425124,0.2247254848480224,79.83971519712298,0.25987321755724013
7754,79.84386089425124,0.2725484371185303,79.83971573177568,0.25987485222574175
7755,79.83498935415189,0.2628755569458008,79.8397151223137,0.2598752391638101
7756,79.83498935415189,0.229947805404663,79.83971451300889,0.2598713805467705
7757,79.83498935415189,0.30108642578125,79.83971390386117,0.25987669381803963
7758,79.84386089425124,0.2176535129547119,79.83971443840491,0.25987125128377003
7759,79.84386089425124,0.3117423057556152,79.83971497281085,0.2598779365595107
7760,79.87047551454933,0.241161823272705,79.83971893679819,0.2598755246892418
7761,79.84386089425124,0.2898015975952148,79.83971947048683,0.25987938064503435
7762,79.83498935415189,0.221869945526123,79.8397188610928,0.25987448378402955
7763,79.83498935415189,0.2508876323699951,79.83971825185579,0.25987332613216635
7764,79.83498935415189,0.2414648532867431,79.83971764277571,0.2598709551284511
7765,79.84386089425124,0.2402317523956298,79.83971817635606,0.2598684259329929
7766,79.83498935415189,0.2609386444091797,79.83971756744256,0.25986856374119227
7767,79.84386089425124,0.2198076248168945,79.83971810089523,0.25986340590175305
7768,79.83498935415189,0.2178003787994384,79.83971749214821,0.259857990990952
7769,79.83498935415189,0.221057653427124,79.83971688355791,0.2598529967397532
7770,79.83498935415189,0.2194795608520507,79.83971627512427,0.2598478006733584
7771,79.84386089425124,0.228860855102539,79.83971680846864,0.2598438131626685
7772,79.83498935415189,0.3952538967132568,79.83971620020122,0.25986123597321287
7773,79.83498935415189,0.2397420406341552,79.83971559209031,0.25985864762954386
7774,79.83498935415189,0.2508139610290527,79.83971498413585,0.2598574841761607
7775,79.84386089425124,0.2446277141571045,79.83971551737189,0.25985552536329654
7776,79.83498935415189,0.3880617618560791,79.83971490958339,0.25987201279082905
7777,79.83498935415189,0.2703495025634765,79.83971430195122,0.259873360031381
7778,79.83498935415189,0.2804024219512939,79.83971369447528,0.25987599940678857
7779,79.83498935415189,0.232764720916748,79.83971308715553,0.25987251421865515
7780,79.83498935415189,0.2201929092407226,79.8397124799919,0.2598674140123598
7781,79.83498935415189,0.252845287322998,79.83971187298434,0.2598665115413806
7782,79.83498935415189,0.2898404598236084,79.83971126613278,0.25987036324380697
7783,79.86160397444996,0.2754755020141601,79.83971407902091,0.2598723682725581
7784,79.83498935415189,0.2769711017608642,79.83971347204186,0.25987456492382843
7785,79.83498935415189,0.3755033016204834,79.83971286521876,0.2598894176838409
7786,79.83498935415189,0.222806692123413,79.83971225855153,0.25988465493974117
7787,79.83498935415189,0.2958748340606689,79.83971165204011,0.2598892767683171
7788,79.83498935415189,0.2169046401977539,79.83971104568444,0.25988375742617914
7789,79.84386089425124,0.228811502456665,79.83971157846766,0.25987976817788416
7790,79.84386089425124,0.2018036842346191,79.8397121111141,0.25987231296813534
7791,79.84386089425124,0.2638411521911621,79.8397126436238,0.25987282238146137
7792,79.83498935415189,0.2548451423645019,79.83971203745216,0.25987217714531957
7793,79.83498935415189,0.3355734348297119,79.83971143143607,0.259881891152465
7794,79.83498935415189,0.2361185550689697,79.8397108255755,0.25987884222558744
7795,79.83498935415189,0.2255976200103759,79.83971021987037,0.25987444437796525
7796,79.84386089425124,0.2197630405426025,79.83971075228114,0.25986929925176777
7797,79.83498935415189,0.2720856666564941,79.83971014674079,0.2598708660553339
7798,79.83498935415189,0.2880704402923584,79.83970954135573,0.2598744823126097
7799,79.83498935415189,0.2607688903808594,79.83970893612593,0.25987459699501364
7800,79.84386089425124,0.2341432571411132,79.83970946842825,0.25987129810528875
7801,79.83498935415189,0.3382165431976318,79.83970886336297,0.2598813410799192
7802,79.84386089425124,0.2408537864685058,79.83970939553816,0.2598789022751754
7803,79.83498935415189,0.2669112682342529,79.8397087906373,0.2598798035139245
7804,79.83498935415189,0.2928402423858642,79.83970818589147,0.2598840270453022
7805,79.84386089425124,0.286893367767334,79.83970871794891,0.25988748756301167
7806,79.83498935415189,0.2404146194458007,79.83970811336732,0.25988499296038325
7807,79.83498935415189,0.2433152198791504,79.83970750894062,0.25988287053524156
7808,79.83498935415189,0.2719354629516601,79.83970690466874,0.25988441415619656
7809,79.84386089425124,0.2308187484741211,79.83970743661773,0.2598806920835007
7810,79.83498935415189,0.2768468856811523,79.83970683250985,0.25988286445143893
7811,79.83498935415189,0.2368273735046386,79.83970622855666,0.25987991278187716
7812,79.84386089425124,0.2887749671936035,79.8397067603879,0.2598836115855653
7813,79.83498935415189,0.2748658657073974,79.83970615659854,0.25988552919136615
7814,79.84386089425124,0.2059216499328613,79.83970668830287,0.25987862314078275
7815,79.84386089425124,0.2397735118865966,79.83970721987112,0.25987605050978413
7816,79.83498935415189,0.2433903217315673,79.83970661625473,0.2598739412814348
7817,79.83498935415189,0.2870559692382812,79.83970601279277,0.25987741857809044
7818,79.83498935415189,0.2349460124969482,79.83970540948519,0.2598742296031504
7819,79.83498935415189,0.284879207611084,79.83970480633192,0.259877427579619
7820,79.84386089425124,0.5400028228759766,79.83970533780096,0.2599132492414216
7821,79.83498935415189,0.261387825012207,79.83970473481111,0.2599134377819881
7822,79.83498935415189,0.2307171821594238,79.83970413197542,0.25990970520008805
7823,79.83498935415189,0.3354957103729248,79.83970352929387,0.25991936722299136
7824,79.83498935415189,0.2573730945587158,79.83970292676636,0.25991904177914366
7825,79.83498935415189,0.2599177360534668,79.83970232439287,0.2599190416122778
7826,79.83498935415189,0.2288129329681396,79.83970172217332,0.25991506689867644
7827,79.84386089425124,0.2875514030456543,79.83970225356107,0.2599185977963572
7828,79.83498935415189,0.2588264942169189,79.83970165150443,0.2599184582838917
7829,79.84386089425124,0.2318098545074463,79.83970218276548,0.25991486796536106
7830,79.84386089425124,0.2949607372283935,79.83970271389082,0.2599193438107331
7831,79.83498935415189,0.2678933143615722,79.83970211200602,0.25992036206773106
7832,79.84386089425124,0.3187658786773681,79.83970264300478,0.2599278755402297
7833,79.83498935415189,0.2890882492065429,79.83970204128272,0.25993159829953855
7834,79.83498935415189,0.2733919620513916,79.83970143971429,0.2599333164976177
7835,79.83498935415189,0.2198314666748047,79.83970083829941,0.2599281982015331
7836,79.83498935415189,0.2396907806396484,79.83970023703802,0.2599256155806089
7837,79.83498935415189,0.2324397563934326,79.83969963593009,0.2599221083891853
7838,79.84386089425124,0.2428922653198242,79.83970016683826,0.259919935661057
7839,79.83498935415189,0.2371892929077148,79.83969956589264,0.2599170359745213
7840,79.84386089425124,0.2458560466766357,79.83970009667432,0.2599152424809884
7841,79.83498935415189,0.3247108459472656,79.83969949589093,0.2599235061722862
7842,79.83498935415189,0.3136346340179443,79.83969889526077,0.25993035533421505
7843,79.83498935415189,0.3058478832244873,79.83969829478376,0.2599362099214763
7844,79.83498935415189,0.2412610054016113,79.83969769445986,0.25993382909479096
7845,79.87047551454933,0.2538132667541504,79.83970161770016,0.2599330489083868
7846,79.84386089425124,0.2198188304901123,79.83970214781442,0.25992793621167276
7847,79.83498935415189,0.22796630859375,79.83970154722901,0.259923863110154
7848,79.84386089425124,0.2336633205413818,79.83970207721715,0.2599205169655861
7849,79.84386089425124,0.2880887985229492,79.83970260707027,0.25992410573887664
7850,79.83498935415189,0.2477295398712158,79.83970200665587,0.2599225522909954
7851,79.84386089425124,0.2568457126617431,79.83970253638299,0.2599221603868266
7852,79.83498935415189,0.3207318782806396,79.83970193613054,0.2599299048745869
7853,79.84386089425124,0.2367372512817382,79.83970246573172,0.2599269515250908
7854,79.83498935415189,0.2297959327697754,79.8397018656411,0.2599231151336017
7855,79.86160397444996,0.2578179836273193,79.83970465394268,0.25992284713468305
7856,79.84386089425124,0.2728447914123535,79.83970518299567,0.2599244919850239
7857,79.83498935415189,0.3211238384246826,79.83970458278836,0.25993228113437344
7858,79.84386089425124,0.2615501880645752,79.83970511171574,0.2599324870273399
7859,79.83498935415189,0.21551513671875,79.83970451167025,0.2599268352459035
7860,79.83498935415189,0.2725307941436767,79.83970391177742,0.2599284388030152
7861,79.84386089425124,0.2303290367126464,79.83970444058832,0.2599246734548291
7862,79.83498935415189,0.2318990230560302,79.83970384085715,0.25992110875750035
7863,79.83498935415189,0.2968907356262207,79.83970324127853,0.25992581047781943
7864,79.83498935415189,0.2246985435485839,79.83970264185238,0.25992133091691794
7865,79.83498935415189,0.3548436164855957,79.83970204257868,0.259933399866132
7866,79.87047551454933,0.2748103141784668,79.83970595479225,0.2599352911595864
7867,79.83498935415189,0.2921836376190185,79.83970535524978,0.25993939035196717
7868,79.83498935415189,0.2349302768707275,79.8397047558597,0.2599362117661155
7869,79.83498935415189,0.2991175651550293,79.83970415662196,0.25994119096974855
7870,79.84386089425124,0.3003909587860107,79.83970468479701,0.25994633071152956
7871,79.84386089425124,0.2400422096252441,79.83970521283784,0.2599438019196243
7872,79.83498935415189,0.2725255489349365,79.83970461377042,0.25994540021065776
7873,79.83498935415189,0.2889230251312256,79.83970401485519,0.25994908084382434
7874,79.83498935415189,0.2379126548767089,79.83970341609208,0.25994628221212923
7875,79.84386089425124,0.2558081150054931,79.83970394402581,0.2599457567305792
7876,79.84386089425124,0.2808516025543213,79.83970447182548,0.25994841110409667
7877,79.83498935415189,0.2209529876708984,79.8397038732324,0.2599434605615763
7878,79.84386089425124,0.2833395004272461,79.83970440090707,0.2599464303559233
7879,79.84386089425124,0.2390847206115722,79.83970492844777,0.25994378259481854
7880,79.84386089425124,0.2090187072753906,79.8397054558546,0.25993732002180847
7881,79.84386089425124,0.2364668846130371,79.83970598312757,0.25993434191808956
7882,79.83498935415189,0.278998851776123,79.83970538472248,0.259936760658239
7883,79.83498935415189,0.2027091979980468,79.8397047864692,0.25992950104100443
7884,79.83498935415189,0.261735200881958,79.83970418836769,0.2599297300744698
7885,79.83498935415189,0.2579364776611328,79.83970359041788,0.2599294772840559
7886,79.84386089425124,0.247624397277832,79.8397041175931,0.2599279169137787
7887,79.83498935415189,0.3079216480255127,79.83970351980389,0.2599340020831855
7888,79.83498935415189,0.2657842636108398,79.83970292216625,0.25993474374920067
7889,79.84386089425124,0.2338230609893798,79.83970344922571,0.25993143386420137
7890,79.84386089425124,0.2369146347045898,79.83970397615157,0.25992851665264755
7891,79.84386089425124,0.2179286479949951,79.83970450294387,0.2599231941499663
7892,79.84386089425124,0.2668917179107666,79.83970502960267,0.2599240771357444
7893,79.83498935415189,0.2824881076812744,79.83970443215235,0.2599269358752028
7894,79.84386089425124,0.2817575931549072,79.83970495868668,0.25992970134990256
7895,79.84386089425124,0.2351174354553222,79.83970548508763,0.2599265585676487
7896,79.84386089425124,0.3114950656890869,79.83970601135525,0.2599330895335962
7897,79.83498935415189,0.2338395118713379,79.83970541408321,0.25992978529430755
7898,79.84386089425124,0.2138340473175048,79.83970594022657,0.25992394891320136
7899,79.83498935415189,0.2248408794403076,79.83970534311476,0.2599195074561216
7900,79.83498935415189,0.244931936264038,79.83970474615413,0.2599176102952112
7901,79.83498935415189,0.2675714492797851,79.83970414934461,0.2599185790129665
7902,79.83498935415189,0.2764050960540771,79.83970355268615,0.25992066538566216
7903,79.84386089425124,0.2293834686279297,79.83970407873214,0.2599168013850601
7904,79.84386089425124,0.2287380695343017,79.83970460464504,0.25991285670744746
7905,79.84386089425124,0.2413434982299804,79.83970513042486,0.2599105076424914
7906,79.83498935415189,0.2228052616119384,79.83970453394417,0.25990581434043847
7907,79.84386089425124,0.2173569202423095,79.83970505959996,0.2599004331726001
7908,79.83498935415189,0.2489600181579589,79.83970446327908,0.2598990497109139
7909,79.84386089425124,0.2388765811920166,79.83970498881088,0.25989639166710066
7910,79.84386089425124,0.2931702136993408,79.83970551420978,0.25990059821855854
7911,79.84386089425124,0.3969509601593017,79.83970603947587,0.2599179222435795
7912,79.83498935415189,0.2533192634582519,79.83970544333263,0.25991708823716075
7913,79.83498935415189,0.2728304862976074,79.83970484734006,0.259918720159069
7914,79.86160397444996,0.2378733158111572,79.83970761447767,0.25991593453810014
7915,79.84386089425124,0.2277987003326416,79.83970813921296,0.2599118767700388
7916,79.87047551454933,0.2978317737579345,79.83971202594557,0.25991666705515604
7917,79.84386089425124,0.2446815967559814,79.83971254999108,0.2599147427062487
7918,79.84386089425124,0.2607653141021728,79.8397130739042,0.25991485012875387
7919,79.84386089425124,0.3768200874328613,79.83971359768503,0.2599296127550077
7920,79.84386089425124,0.2748136520385742,79.83971412133359,0.25993149205289706
7921,79.83498935415189,0.2174727916717529,79.83971352484738,0.25992613178268104
7922,79.86160397444996,0.2598123550415039,79.83971628809525,0.25992611742055766
7923,79.86160397444996,0.3038163185119629,79.8397190506456,0.2599316570142837
7924,79.83498935415189,0.2854547500610351,79.83971845376315,0.25993487800028153
7925,79.83498935415189,0.274848461151123,79.83971785703133,0.25993675984042675
7926,79.83498935415189,0.2627041339874267,79.8397172604501,0.25993710899184574
7927,79.83498935415189,0.2631852626800537,79.83971666401938,0.25993751875010085
7928,79.84386089425124,0.242769718170166,79.83971718675275,0.2599353532858501
7929,79.84386089425124,0.2277112007141113,79.83971770935428,0.25993128919799896
7930,79.84386089425124,0.2229201793670654,79.83971823182398,0.25992662197103417
7931,79.84386089425124,0.2719779014587402,79.83971875416195,0.25992814148679355
7932,79.84386089425124,0.265657901763916,79.83971927636821,0.259928863846889
7933,79.84386089425124,0.2559542655944824,79.83971979844281,0.25992836282605797
7934,79.84386089425124,0.2107629776000976,79.83972032038581,0.25992216602933177
7935,79.84386089425124,0.2478241920471191,79.83972084219725,0.2599206413949295
7936,79.83498935415189,0.2389171123504638,79.8397202459916,0.25991799478088656
7937,79.83498935415189,0.3205366134643554,79.83971964993619,0.2599256322533174
7938,79.84386089425124,0.23447847366333,79.83972017163488,0.25992242651401404
7939,79.83498935415189,0.3119580745697021,79.839719575739,0.25992898094757694
7940,79.84386089425124,0.2568399906158447,79.83972009731562,0.2599285919059734
7941,79.83498935415189,0.2500312328338623,79.83971950157917,0.25992734554417113
7942,79.84386089425124,0.2788112163543701,79.83972002303379,0.2599297232665093
7943,79.84386089425124,0.2548046112060547,79.83972054435712,0.25992907803019305
7944,79.84386089425124,0.2908391952514648,79.8397210655492,0.25993296903185736
7945,79.84386089425124,0.2248950004577636,79.83972158661007,0.25992855896658684
7946,79.83498935415189,0.2577967643737793,79.83972099106106,0.2599282906813373
7947,79.84386089425124,0.2624726295471191,79.83972151200017,0.2599286108447783
7948,79.83498935415189,0.2884125709533691,79.8397209166104,0.25993219463442463
7949,79.86160397444996,0.2347166538238525,79.83972366954258,0.2599290224692704
7950,79.84386089425124,0.2223060131072998,79.8397241899482,0.2599242900152626
7951,79.84386089425124,0.2104692459106445,79.83972471022291,0.25991807003738504
7952,79.83498935415189,0.2518670558929443,79.83972411473044,0.2599170575859081
7953,79.84386089425124,0.2729721069335937,79.83972463488378,0.2599186991110367
7954,79.83498935415189,0.2055726051330566,79.83972403955052,0.2599118665621333
7955,79.84386089425124,0.3199279308319092,79.83972455958254,0.2599194110076732
7956,79.83498935415189,0.2198247909545898,79.83972396440839,0.259914371462669
7957,79.83498935415189,0.3006036281585693,79.83972336938386,0.25991948510558666
7958,79.83498935415189,0.1987428665161132,79.83972277450886,0.25991179766922207
7959,79.83498935415189,0.2541391849517822,79.83972217978334,0.2599110723755021
7960,79.83498935415189,0.2859337329864502,79.83972158520726,0.2599143415539708
7961,79.84386089425124,0.2474184036254882,79.83972210515563,0.25991277190971396
7962,79.84386089425124,0.237675666809082,79.83972262497339,0.25990997900528034
7963,79.84386089425124,0.2609272003173828,79.8397231446606,0.2599101067487579
7964,79.83498935415189,0.2524759769439697,79.839722550262,0.25990917328193164
7965,79.83498935415189,0.2416749000549316,79.83972195601264,0.25990688398209144
7966,79.84386089425124,0.2952783107757568,79.8397224755881,0.25991132428171404
7967,79.84386089425124,0.2641406059265136,79.83972299503314,0.25991185513167575
7968,79.84386089425124,0.2849485874176025,79.8397235143478,0.2599149972918522
7969,79.84386089425124,0.2548012733459472,79.83972403353212,0.25991435558976334
7970,79.83498935415189,0.271855354309082,79.83972343946945,0.25991585383301546
7971,79.83498935415189,0.2279577255249023,79.83972284555585,0.2599118445332654
7972,79.84386089425124,0.2274000644683838,79.8397233646287,0.25990776628689494
7973,79.83498935415189,0.2383441925048828,79.83972277087345,0.2599050617122327
7974,79.83498935415189,0.2218759059906005,79.83972217726713,0.2599002925680489
7975,79.83498935415189,0.2646145820617676,79.83972158380969,0.25990088370152775
7976,79.83498935415189,0.2479536533355713,79.83972099050106,0.25989938580403954
7977,79.84386089425124,0.2509615421295166,79.8397215094811,0.25989826535228144
7978,79.84386089425124,0.2400567531585693,79.83972202833102,0.25989577832392924
7979,79.84386089425124,0.2214598655700683,79.8397225470509,0.25989096118985805
7980,79.83498935415189,0.1898996829986572,79.83972195391895,0.259882190352992
7981,79.83498935415189,0.3378369808197021,79.83972136093564,0.25989195789972386
7982,79.83498935415189,0.2078409194946289,79.8397207681009,0.25988543684755583
7983,79.86160397444996,0.2374854087829589,79.83972350932682,0.2598826308813696
7984,79.84386089425124,0.2669801712036133,79.83972402753635,0.2598835198518508
7985,79.84386089425124,0.3219592571258545,79.83972454561608,0.25989129389534166
7986,79.83498935415189,0.2789206504821777,79.8397239526795,0.25989367673488417
7987,79.84386089425124,0.2881577014923095,79.83972447063887,0.2598972154884534
7988,79.84386089425124,0.2494256496429443,79.83972498846856,0.2598959045763546
7989,79.83498935415189,0.2207326889038086,79.83972439569922,0.2598910024339497
7990,79.84386089425124,0.2728250026702881,79.83972491340867,0.2598926212074461
7991,79.83498935415189,0.2688028812408447,79.83972432079707,0.25989373624436685
7992,79.83498935415189,0.248659610748291,79.83972372833377,0.2598923305730085
7993,79.83498935415189,0.2529635429382324,79.83972313601872,0.25989146371605426
7994,79.83498935415189,0.2727611064910888,79.83972254385186,0.25989307362883574
7995,79.84386089425124,0.2507321834564209,79.83972306146917,0.25989192780142206
7996,79.83498935415189,0.2738478183746338,79.83972246945974,0.2598936731604232
7997,79.83498935415189,0.2578930854797363,79.83972187759838,0.2598934229931504
7998,79.84386089425124,0.270977258682251,79.83972239510483,0.259894808819068
7999,79.83498935415189,0.2787885665893554,79.83972180340075,0.2598971708340412
8000,79.86160397444996,0.2416436672210693,79.83972453867213,0.25989488914608955
8001,79.84386089425124,0.3059275150299072,79.83972505565195,0.25990064250515515
8002,79.83498935415189,0.2847890853881836,79.83972446383721,0.2599037527829461
8003,79.84386089425124,0.3580048084259033,79.83972498069718,0.25991601081813825
8004,79.83498935415189,0.192991018295288,79.8397243890397,0.25990764937479455
8005,79.83498935415189,0.2438361644744873,79.83972379753003,0.25990564169398256
8006,79.84386089425124,0.2138750553131103,79.83972431427955,0.2598998921828183
8007,79.84386089425124,0.2398285865783691,79.8397248309,0.25989738546299757
8008,79.84386089425124,0.2389435768127441,79.83972534739142,0.2598947688535258
8009,79.83498935415189,0.2737729549407959,79.83972475605752,0.2598965016773599
8010,79.84386089425124,0.244974136352539,79.83972527242932,0.25989463871040297
8011,79.83498935415189,0.3172729015350342,79.8397246812524,0.2599018011449086
8012,79.84386089425124,0.2208106517791748,79.83972519750463,0.2598969220698505
8013,79.83498935415189,0.2834846973419189,79.83972460648462,0.2598998657582658
8014,79.84386089425124,0.2830305099487304,79.83972512261737,0.25990275203780044
8015,79.83498935415189,0.3448231220245361,79.83972453175417,0.25991334721808573
8016,79.84386089425124,0.3118236064910888,79.83972504776744,0.2599198230488334
8017,79.84386089425124,0.2319045066833496,79.839725563652,0.2599163285600763
8018,79.83498935415189,0.2657999992370605,79.83972497295488,0.25991706236784345
8019,79.84386089425124,0.2538578510284424,79.83972548872009,0.25991630676099226
8020,79.84386089425124,0.2773263454437256,79.83972600435669,0.2599184775887582
8021,79.84386089425124,0.2199196815490722,79.83972651986471,0.25991349082949633
8022,79.83498935415189,0.2447526454925537,79.83972592934293,0.25991160092107735
8023,79.83498935415189,0.2648382186889648,79.83972533896835,0.25991221498287065
8024,79.83498935415189,0.3052024841308594,79.83972474874093,0.2599178593334624
8025,79.83498935415189,0.2373616695404052,79.8397241586606,0.2599150485933013
8026,79.83498935415189,0.221869945526123,79.83972356872732,0.2599103083611723
8027,79.84386089425124,0.2077927589416504,79.83972408415345,0.2599038155806292
8028,79.84386089425124,0.2038559913635254,79.83972459945116,0.25989683403800123
8029,79.84386089425124,0.3019154071807861,79.83972511462052,0.25990206738874766
8030,79.84386089425124,0.3169798851013183,79.83972562966156,0.2599091754606919
8031,79.84386089425124,0.2586367130279541,79.83972614457434,0.2599090170168577
8032,79.83498935415189,0.2865414619445801,79.83972555483449,0.25991233280930387
8033,79.83498935415189,0.2288417816162109,79.83972496524147,0.2599084649453436
8034,79.87047551454933,0.3304929733276367,79.83972879279305,0.2599172506695634
8035,79.84386089425124,0.2657935619354248,79.83972930705582,0.25991798200886224
8036,79.84386089425124,0.2418627738952636,79.83972982119062,0.25991573521840505
8037,79.84386089425124,0.3079109191894531,79.83973033519746,0.2599217069969258
8038,79.83498935415189,0.2489867210388183,79.83972974537647,0.2599203465856347
8039,79.83498935415189,0.2808372974395752,79.83972915570223,0.2599229485200611
8040,79.83498935415189,0.2927651405334472,79.83972856617467,0.259927033369814
8041,79.83498935415189,0.2658247947692871,79.83972797679374,0.25992776683100033
8042,79.83498935415189,0.2422688007354736,79.83972738755939,0.259925570988412
8043,79.83498935415189,0.3438212871551513,79.83972679847156,0.25993600188685373
8044,79.83498935415189,0.2856943607330322,79.8397262095302,0.2599392040697038
8045,79.84386089425124,0.2357888221740722,79.83972672347484,0.25993620215772173
8046,79.83498935415189,0.3141632080078125,79.83972613468919,0.25994294178062133
8047,79.83498935415189,0.2103579044342041,79.83972554604988,0.25993677985228203
8048,79.87047551454933,0.3385157585144043,79.83972936687101,0.25994654364187725
8049,79.84386089425124,0.2110545635223388,79.839729880168,0.2599404693494037
8050,79.83498935415189,0.293734073638916,79.83972929128277,0.25994466731266946
8051,79.83498935415189,0.3231165409088135,79.83972870254384,0.25995251377566736
8052,79.83498935415189,0.2573809623718261,79.83972811395114,0.2599521944076341
8053,79.84386089425124,0.2997984886169433,79.83972862714873,0.25995714241386897
8054,79.83498935415189,0.2686965465545654,79.83972803871156,0.25995822751495423
8055,79.84386089425124,0.2778146266937256,79.83972855179107,0.2599604443242874
8056,79.84386089425124,0.2630953788757324,79.83972906474321,0.2599608334671066
8057,79.84386089425124,0.320418119430542,79.83972957756801,0.2599683371640116
8058,79.83498935415189,0.2884078025817871,79.83972898930499,0.2599718665094345
8059,79.84386089425124,0.2212405204772949,79.83972950201189,0.25996706053524016
8060,79.84386089425124,0.3048489093780517,79.83973001459157,0.2599726290028385
8061,79.83498935415189,0.2467901706695556,79.83972942649326,0.2599709936649979
8062,79.84386089425124,0.2545895576477051,79.83972993895514,0.2599703261586698
8063,79.84386089425124,0.2175657749176025,79.83973045128991,0.2599650670055951
8064,79.83498935415189,0.2516863346099853,79.83972986335624,0.2599640403770738
8065,79.83498935415189,0.2710025310516357,79.83972927556836,0.259965409067796
8066,79.84386089425124,0.2789204120635986,79.83972978779482,0.2599677590557697
8067,79.83498935415189,0.2797660827636719,79.83972920016204,0.25997021329200476
8068,79.83498935415189,0.2689235210418701,79.83972861267493,0.25997132302276205
8069,79.83498935415189,0.2314479351043701,79.83972802533343,0.25996778808808385
8070,79.84386089425124,0.3023748397827148,79.83972853746093,0.25997304298916124
8071,79.83498935415189,0.2033565044403076,79.8397279502743,0.2599660281782891
8072,79.83498935415189,0.2298376560211181,79.83972736323314,0.2599622957238593
8073,79.84386089425124,0.2270576953887939,79.83972787525234,0.2599582198412463
8074,79.83498935415189,0.2120919227600097,79.83972728836589,0.2599522913922642
8075,79.84386089425124,0.2036218643188476,79.83972780026755,0.25994531548798266
8076,79.83498935415189,0.1908893585205078,79.83972721353574,0.25993676472560434
8077,79.84386089425124,0.2185831069946289,79.83972772531989,0.2599316447976941
8078,79.83498935415189,0.2161400318145752,79.83972713874263,0.2599262237017566
8079,79.83498935415189,0.2570979595184326,79.83972655231057,0.25992587362573444
8080,79.86160397444996,0.2659471035003662,79.83972925991232,0.25992661882745155
8081,79.83498935415189,0.2448086738586425,79.83972867336291,0.2599247480261932
8082,79.83498935415189,0.3395118713378906,79.83972808695864,0.2599345954802036
8083,79.83498935415189,0.2223391532897949,79.83972750069948,0.2599299443058635
8084,79.84386089425124,0.2321572303771972,79.83972801200497,0.2599265087895438
8085,79.83498935415189,0.2264826297760009,79.8397274259001,0.25992237225534304
8086,79.84386089425124,0.2999894618988037,79.83972793708836,0.25992732737402263
8087,79.84386089425124,0.3119950294494629,79.8397284481502,0.25993376581869626
8088,79.87047551454933,0.2668209075927734,79.83973224971628,0.2599346173446327
8089,79.83498935415189,0.2848389148712158,79.83973166337735,0.25993769613033263
8090,79.84386089425124,0.3008661270141601,79.83973217378907,0.2599427552688844
8091,79.83498935415189,0.2668452262878418,79.83973158760446,0.2599436083736945
8092,79.84386089425124,0.2622265815734863,79.8397320978994,0.25994389050088185
8093,79.84386089425124,0.2424981594085693,79.83973260806822,0.2599417348440065
8094,79.83498935415189,0.3470540046691894,79.83973202204723,0.25995249741749615
8095,79.83498935415189,0.2337324619293213,79.83973143617102,0.25994925837666993
8096,79.87047551454933,0.2849934101104736,79.83973523361153,0.25995235177485837
8097,79.84386089425124,0.2526748180389404,79.83973574314106,0.25995145298101674
8098,79.83498935415189,0.2348988056182861,79.83973515702239,0.2599483592977168
8099,79.84386089425124,0.2158041000366211,79.83973566643554,0.25994290871625475
8100,79.83498935415189,0.2658483982086181,79.83973508047107,0.2599436377890316
8101,79.83498935415189,0.2569658756256103,79.83973449465125,0.25994327020945335
8102,79.83498935415189,0.2618749141693115,79.83973390897604,0.2599435086251482
8103,79.86160397444996,0.2437648773193359,79.83973660798449,0.2599415120027484
8104,79.83498935415189,0.2616801261901855,79.83973602219305,0.25994172654053066
8105,79.83498935415189,0.2233860492706298,79.83973543654616,0.25993721627806676
8106,79.83498935415189,0.2240798473358154,79.83973485104377,0.25993279271910524
8107,79.84386089425124,0.3017559051513672,79.83973535999198,0.25993795160802
8108,79.84386089425124,0.2421643733978271,79.83973586881466,0.25993575950414605
8109,79.83498935415189,0.2812533378601074,79.83973528347556,0.2599383883829666
8110,79.83498935415189,0.2597694396972656,79.83973469828082,0.2599383675508229
8111,79.84386089425124,0.2402398586273193,79.83973520699688,0.2599359389342622
8112,79.83498935415189,0.2347545623779297,79.83973462195584,0.2599328347211759
8113,79.84386089425124,0.2553601264953613,79.8397351305559,0.25993227109388317
8114,79.83498935415189,0.290804386138916,79.83973454566849,0.25993607588992024
8115,79.84386089425124,0.3008666038513183,79.8397350541526,0.2599411197011293
8116,79.83498935415189,0.2954354286193847,79.83973446941874,0.2599454930758112
8117,79.83498935415189,0.2468795776367187,79.83973388482896,0.25994388337820873
8118,79.83498935415189,0.3092429637908935,79.83973330038319,0.2599499561892968
8119,79.84386089425124,0.2408442497253418,79.83973380877016,0.25994760297997743
8120,79.83498935415189,0.23614501953125,79.83973322447771,0.2599446716273359
8121,79.83498935415189,0.243800401687622,79.83973264032917,0.25994268366157564
8122,79.83498935415189,0.2268562316894531,79.83973205632446,0.2599386099787423
8123,79.84386089425124,0.2178225517272949,79.83973256461425,0.2599334251876243
8124,79.83498935415189,0.21787691116333,79.83973198076264,0.25992824836413536
8125,79.87047551454933,0.2628655433654785,79.83973576458219,0.25992860987736627
8126,79.84386089425124,0.2218811511993408,79.83973627222797,0.2599239276894906
8127,79.83498935415189,0.2918570041656494,79.83973568813566,0.25992785694708576
8128,79.84386089425124,0.2297925949096679,79.83973619566595,0.25992414936071306
8129,79.83498935415189,0.2738499641418457,79.83973561172677,0.25992586246377386
8130,79.86160397444996,0.2541680335998535,79.83973830156229,0.2599251542437414
8131,79.83498935415189,0.2450289726257324,79.83973771750775,0.259923322220421
8132,79.83498935415189,0.2305960655212402,79.83973713359686,0.25991971581895773
8133,79.83498935415189,0.2207963466644287,79.83973654982955,0.25991490537150236
8134,79.84386089425124,0.2475361824035644,79.83973705687951,0.25991338352210874
8135,79.83498935415189,0.2749207019805908,79.83973647326516,0.25991522830618474
8136,79.83498935415189,0.2746148109436035,79.83973588979428,0.2599170350395473
8137,79.83498935415189,0.22764253616333,79.8397353064668,0.25991306865158165
8138,79.84386089425124,0.316375732421875,79.83973581342032,0.25992000680146743
8139,79.84386089425124,0.2295880317687988,79.83973632024927,0.2599162800567773
8140,79.83498935415189,0.2698864936828613,79.8397357370839,0.2599175048987461
8141,79.84386089425124,0.3412482738494873,79.8397362437977,0.2599274951663976
8142,79.83498935415189,0.2687990665435791,79.83973566078498,0.25992858477231473
8143,79.83498935415189,0.2345771789550781,79.83973507791544,0.25992547149639467
8144,79.83498935415189,0.2089977264404297,79.83973449518903,0.25991921808958524
8145,79.86160397444996,0.1889994144439697,79.83973718020798,0.25991051093137213
8146,79.84386089425124,0.3016538619995117,79.83973768643361,0.259915635329981
8147,79.84386089425124,0.3156776428222656,79.83973819253498,0.25992247981353234
8148,79.84386089425124,0.2427916526794433,79.83973869851211,0.2599203773556121
8149,79.83498935415189,0.2304294109344482,79.83973811569895,0.2599167583880797
8150,79.84386089425124,0.2220640182495117,79.83973862156135,0.2599121138800873
8151,79.83498935415189,0.2483425140380859,79.83973803890063,0.25991069447144516
8152,79.87047551454933,0.3249120712280273,79.83974180944476,0.25991866814376563
8153,79.83498935415189,0.2747983932495117,79.83974122653598,0.2599204932051057
8154,79.83498935415189,0.2778463363647461,79.83974064377017,0.2599226916160892
8155,79.83498935415189,0.2968313694000244,79.83974006114728,0.2599272175115869
8156,79.83498935415189,0.3274600505828857,79.83973947866727,0.25993549765296403
8157,79.83498935415189,0.2222921848297119,79.83973889633006,0.25993088280524757
8158,79.83498935415189,0.2431018352508545,79.83973831413563,0.2599288199163588
8159,79.84386089425124,0.3086013793945312,79.8397388194157,0.2599347854218715
8160,79.84386089425124,0.2505421638488769,79.83973932457192,0.2599336343653062
8161,79.83498935415189,0.2665457725524902,79.83973874253903,0.2599344445770679
8162,79.84386089425124,0.2464261054992675,79.8397392475809,0.2599327895490015
8163,79.86160397444996,0.3057141304016113,79.83974192609699,0.2599383979455288
8164,79.83498935415189,0.2218410968780517,79.83974134395932,0.259933731446133
8165,79.83498935415189,0.2397408485412597,79.83974076196424,0.25993125834351144
8166,79.84386089425124,0.2817003726959228,79.83974126651141,0.25993392416696876
8167,79.84386089425124,0.2729012966156006,79.83974177093503,0.25993551194368586
8168,79.83498935415189,0.3089876174926758,79.83974118910143,0.25994151734348375
8169,79.84386089425124,0.2502238750457763,79.83974169341103,0.2599403277679791
8170,79.84386089425124,0.2284729480743408,79.83974219759718,0.25993647619151716
8171,79.84386089425124,0.2687046527862549,79.83974270165992,0.2599375492764021
8172,79.84386089425124,0.2618031501770019,79.83974320559928,0.25993777756824016
8173,79.83498935415189,0.3298652172088623,79.8397426239461,0.25994633347667534
8174,79.86160397444996,0.2753050327301025,79.83974529844457,0.2599482124464886
8175,79.83498935415189,0.2492697238922119,79.83974471667769,0.25994690620935657
8176,79.83498935415189,0.2734472751617431,79.83974413505311,0.25994855742865114
8177,79.83498935415189,0.2352306842803955,79.83974355357078,0.25994553457514147
8178,79.83498935415189,0.259753942489624,79.83974297223068,0.2599455111473981
8179,79.84386089425124,0.3117575645446777,79.83974347570567,0.25995184591367726
8180,79.84386089425124,0.3207838535308838,79.83974397905757,0.2599592825894251
8181,79.83498935415189,0.2620744705200195,79.83974339787862,0.25995954113824926
8182,79.84386089425124,0.2602524757385254,79.83974390111699,0.2599595769405715
8183,79.83498935415189,0.2512352466583252,79.83974332008962,0.25995851078753685
8184,79.84386089425124,0.2937946319580078,79.83974382321452,0.25996264521094475
8185,79.84386089425124,0.4458131790161133,79.83974432621646,0.2599853514459851
8186,79.83498935415189,0.23081636428833,79.8397437453501,0.2599817881687853
8187,79.83498935415189,0.260840892791748,79.83974316462563,0.2599818931040025
8188,79.84386089425124,0.2648549079895019,79.83974366752372,0.2599824882450486
8189,79.83498935415189,0.2418217658996582,79.83974308695059,0.25998027054785167
8190,79.83498935415189,0.2314002513885498,79.83974250651923,0.2599767809240227
8191,79.84386089425124,0.1938459873199463,79.83974300931348,0.25996870733183564
8192,79.83498935415189,0.1953473091125488,79.83974242903331,0.25996081897756085
8193,79.83498935415189,0.2122211456298828,79.83974184889479,0.2599549920920064
8194,79.84386089425124,0.2203960418701172,79.83974235158522,0.2599501642972515
8195,79.83498935415189,0.2778213024139404,79.83974177159772,0.2599523450340564
8196,79.83498935415189,0.3209784030914306,79.83974119175177,0.25995979086837284
8197,79.83498935415189,0.3056058883666992,79.83974061204728,0.2599653595029341
8198,79.87047551454933,0.2220618724822998,79.83974436112054,0.2599607359987842
8199,79.84386089425124,0.2670955657958984,79.83974486319799,0.2599616062061018
8200,79.83498935415189,0.2183284759521484,79.83974428325786,0.25995652899509525
8201,79.84386089425124,0.2929160594940185,79.83974478522238,0.25996054795991647
8202,79.84386089425124,0.2785882949829101,79.83974528706449,0.25996281908245034
8203,79.83498935415189,0.225527286529541,79.83974470728478,0.25995862116308516
8204,79.83498935415189,0.2347886562347412,79.83974412764641,0.25995555315175795
8205,79.83498935415189,0.2587380409240722,79.83974354814933,0.2599554047651366
8206,79.84386089425124,0.2206189632415771,79.83974404989758,0.25995061114564805
8207,79.83498935415189,0.2322731018066406,79.8397434705512,0.25994723871853226
8208,79.86160397444996,0.2488610744476318,79.83974613386795,0.2599458880649905
8209,79.83498935415189,0.2799534797668457,79.83974555440885,0.25994832534013995
8210,79.83498935415189,0.3158423900604248,79.83974497509091,0.25995513338699994
8211,79.84386089425124,0.2078533172607422,79.83974547635984,0.25994878801906346
8212,79.83498935415189,0.2985789775848388,79.83974489719249,0.25995349213372076
8213,79.83498935415189,0.2378251552581787,79.83974431816618,0.25995079782751407
8214,79.84386089425124,0.2788009643554687,79.839744819332,0.2599530927102177
8215,79.84386089425124,0.2487952709197998,79.83974532037581,0.25995173448480197
8216,79.84386089425124,0.2489829063415527,79.83974582129765,0.2599503994278225
8217,79.84386089425124,0.2708384990692138,79.83974632209757,0.2599517244977558
8218,79.84386089425124,0.2742524147033691,79.8397468227756,0.259953464664488
8219,79.84386089425124,0.2218856811523437,79.8397473233318,0.2599488329838076
8220,79.83498935415189,0.2459328174591064,79.83974674450343,0.2599471278724299
8221,79.86160397444996,0.2897934913635254,79.8397494032104,0.2599507583752265
8222,79.83498935415189,0.2833788394927978,79.83974882426986,0.2599536078134554
8223,79.84386089425124,0.2447328567504882,79.83974932433918,0.25995175681612315
8224,79.83498935415189,0.2768552303314209,79.83974874554903,0.2599538121995759
8225,79.84386089425124,0.3507704734802246,79.83974924550631,0.2599648537389413
8226,79.84386089425124,0.2548971176147461,79.83974974534203,0.25996423767571203
8227,79.84386089425124,0.2703816890716553,79.83975024505625,0.25996550392724915
8228,79.83498935415189,0.2573831081390381,79.83974966643558,0.2599651900726322
8229,79.84386089425124,0.2567768096923828,79.83975016603793,0.2599648026160299
8230,79.84386089425124,0.2468678951263427,79.83975066551888,0.25996321125424504
8231,79.84386089425124,0.5099177360534668,79.83975116487845,0.25999357870957235
8232,79.83498935415189,0.3397860527038574,79.8397505864272,0.26000327167288556
8233,79.84386089425124,0.2678029537200928,79.83975108567508,0.2600042190410438
8234,79.83498935415189,0.1958560943603515,79.83975050737394,0.2599964284016607
8235,79.83498935415189,0.2131528854370117,79.83974992921326,0.2599907400540026
8236,79.83498935415189,0.242924690246582,79.83974935119296,0.2599886679255656
8237,79.84386089425124,0.2419688701629638,79.83974985034837,0.25998648026042503
8238,79.83498935415189,0.2295093536376953,79.83974927247799,0.2599827806820537
8239,79.83498935415189,0.2538607120513916,79.83974869474788,0.2599820376223826
8240,79.83498935415189,0.2248682975769043,79.839748117158,0.2599777762461635
8241,79.83498935415189,0.274827241897583,79.8397475397083,0.25997957814710404
8242,79.83498935415189,0.2895431518554687,79.8397469623987,0.25998316508883035
8243,79.83498935415189,0.2158102989196777,79.8397463852292,0.2599778062551328
8244,79.84386089425124,0.2253918647766113,79.83974688432053,0.25997361096868465
8245,79.83498935415189,0.2547469139099121,79.8397463073005,0.2599729770454513
8246,79.83498935415189,0.259678840637207,79.83974573042042,0.2599729413752587
8247,79.83498935415189,0.2962079048156738,79.83974515368024,0.25997733508975374
8248,79.84386089425124,0.2413356304168701,79.83974565267884,0.25997507494127253
8249,79.83498935415189,0.2515861988067627,79.83974507608792,0.2599740579845342
8250,79.83498935415189,0.2499823570251464,79.83974449963677,0.2599728468692664
8251,79.84386089425124,0.2385685443878173,79.83974499853322,0.25997025272280155
8252,79.84386089425124,0.3025362491607666,79.83974549730874,0.25997541098703303
8253,79.83498935415189,0.2661845684051513,79.8397449210161,0.2599761633385922
8254,79.83498935415189,0.2868027687072754,79.8397443448631,0.25997941347251136
8255,79.83498935415189,0.3116919994354248,79.83974376884969,0.25998567786814586
8256,79.83498935415189,0.2328977584838867,79.83974319297582,0.25998239687015845
8257,79.84386089425124,0.2343406677246093,79.83974369166798,0.25997929141670734
8258,79.83498935415189,0.2400643825531005,79.83974311594292,0.2599768798268716
8259,79.84386089425124,0.3567628860473633,79.83974361452366,0.2599885986797861
8260,79.83498935415189,0.1989777088165283,79.83974303894733,0.25998121237350724
8261,79.83498935415189,0.2778778076171875,79.83974246351036,0.25998337876925154
8262,79.84386089425124,0.2267999649047851,79.83974296198903,0.2599793623792897
8263,79.84386089425124,0.2707953453063965,79.83974346034704,0.2599806713449108
8264,79.84386089425124,0.2588667869567871,79.83974395858444,0.25998053655735176
8265,79.84386089425124,0.2829697132110595,79.83974445670127,0.2599833180669287
8266,79.84386089425124,0.24790620803833,79.83974495469758,0.2599818570083722
8267,79.84386089425124,0.2486929893493652,79.83974545257341,0.2599804914746043
8268,79.84386089425124,0.3068273067474365,79.8397459503288,0.25998615751418735
8269,79.83498935415189,0.2800271511077881,79.83974537509647,0.2599885811438395
8270,79.83498935415189,0.2662394046783447,79.83974480000325,0.2599893369870722
8271,79.84386089425124,0.2314095497131347,79.839745297657,0.25998588156605007
8272,79.84386089425124,0.2468364238739013,79.83974579519044,0.25998429193141614
8273,79.83498935415189,0.2335891723632812,79.83974522025497,0.259981101417749
8274,79.83498935415189,0.2368743419647216,79.83974464545848,0.25997830872262534
8275,79.84386089425124,0.2649726867675781,79.83974514289037,0.25997891227284226
8276,79.83498935415189,0.3867013454437256,79.83974456824212,0.25999422431164976
8277,79.84386089425124,0.278855562210083,79.83974506556314,0.25999650307664895
8278,79.84386089425124,0.2890019416809082,79.83974556276398,0.26000000699530135
8279,79.83498935415189,0.3538188934326172,79.83974498827327,0.2600113391473049
8280,79.84386089425124,0.257657527923584,79.83974548536337,0.26001105487058707
8281,79.86160397444996,0.3766031265258789,79.83974812495872,0.26002513433824254
8282,79.83498935415189,0.2549428939819336,79.83974755036672,0.26002452068932247
8283,79.84386089425124,0.232837438583374,79.83974804696746,0.26002123841453
8284,79.83498935415189,0.2438399791717529,79.83974747252361,0.26001928509979766
8285,79.84386089425124,0.2110059261322021,79.83974796901386,0.2600133691844123
8286,79.83498935415189,0.1994314193725586,79.83974739471807,0.2600060578218958
8287,79.86160397444996,0.2142984867095947,79.83975003217188,0.26000054224676455
8288,79.84386089425124,0.2581796646118164,79.83975052817358,0.26000032254627775
8289,79.83498935415189,0.2306885719299316,79.8397499537769,0.2599967863234986
8290,79.84386089425124,0.2629733085632324,79.83975044966839,0.25999714537322594
8291,79.84386089425124,0.3094661235809326,79.83975094544026,0.2600031119608761
8292,79.84386089425124,0.2170081138610839,79.83975144109255,0.25999792684291906
8293,79.83498935415189,0.2105374336242675,79.83975086686283,0.25999196271736513
8294,79.84386089425124,0.3519430160522461,79.83975136240508,0.2600030491718304
8295,79.84386089425124,0.2649838924407959,79.83975185782784,0.260003649635154
8296,79.83498935415189,0.3179237842559814,79.83975128375555,0.26001063132929825
8297,79.84386089425124,0.2789058685302734,79.83975177906837,0.26001290868704213
8298,79.84386089425124,0.2528181076049804,79.8397522742618,0.26001204163460995
8299,79.83498935415189,0.250002384185791,79.83975170034685,0.26001083550646814
8300,79.84386089425124,0.2828762531280517,79.83975219543046,0.26001359037606114
8301,79.86160397444996,0.2477762699127197,79.83975482785776,0.26001211617771597
8302,79.84386089425124,0.2714424133300781,79.83975532244537,0.2600134929901891
8303,79.83498935415189,0.3006103038787842,79.83975474843979,0.26001838240496555
8304,79.84386089425124,0.2598860263824463,79.83975524291785,0.2600183664661382
8305,79.84386089425124,0.2459402084350586,79.83975573727682,0.2600166713236901
8306,79.83498935415189,0.2390041351318359,79.83975516342862,0.26001414152159624
8307,79.83498935415189,0.2346985340118408,79.83975458971858,0.2600110940185855
8308,79.83498935415189,0.2813317775726318,79.83975401614666,0.260013660302114
8309,79.86160397444996,0.2739243507385254,79.8397566458203,0.2600153344735469
8310,79.83498935415189,0.2834157943725586,79.839756072139,0.2600181504133663
8311,79.83498935415189,0.2040245532989502,79.83975549859574,0.26001141312578185
8312,79.83498935415189,0.2910428047180176,79.83975492519048,0.2600151464500831
8313,79.84386089425124,0.2196104526519775,79.83975541911194,0.260010286027396
8314,79.83498935415189,0.2388226985931396,79.83975484585417,0.2600077376045629
8315,79.86160397444996,0.2433345317840576,79.8397574735305,0.26000573240843294
8316,79.87047551454933,0.3666961193084717,79.83976116737863,0.2600185619402872
8317,79.83498935415189,0.2911496162414551,79.8397605936365,0.26002230500320667
8318,79.83498935415189,0.2706227302551269,79.83976002003233,0.2600235793991254
8319,79.83498935415189,0.218841552734375,79.83975944656606,0.2600186290413102
8320,79.83498935415189,0.4427852630615234,79.83975887323764,0.2600405961848222
8321,79.83498935415189,0.3683452606201172,79.83975830004702,0.2600536120079727
8322,79.83498935415189,0.2920055389404297,79.83975772699416,0.26005745146086057
8323,79.83498935415189,0.2391531467437744,79.83975715407901,0.2600549398298721
8324,79.84386089425124,0.2677228450775146,79.83975764707999,0.26005586101022377
8325,79.84386089425124,0.22395920753479,79.83975813996253,0.26005152507587237
8326,79.84386089425124,0.2612826824188232,79.83975863272667,0.26005167294487824
8327,79.83498935415189,0.2635340690612793,79.83975805997794,0.2600520911502483
8328,79.83498935415189,0.2477984428405761,79.83975748736677,0.26005061977076827
8329,79.83498935415189,0.2119491100311279,79.8397569148931,0.26004484458650373
8330,79.83498935415189,0.2089667320251464,79.83975634255687,0.26003871276026586
8331,79.83498935415189,0.241873025894165,79.83975577035804,0.2600365322673039
8332,79.84386089425124,0.2117018699645996,79.83975626305174,0.26003073117965353
8333,79.84386089425124,0.3093869686126709,79.83975675562718,0.26003665416506494
8334,79.83498935415189,0.2297368049621582,79.83975618358477,0.26003301847401583
8335,79.83498935415189,0.2406425476074218,79.8397556116796,0.2600306920827901
8336,79.84386089425124,0.2236669063568115,79.83975610415592,0.26002632982442564
8337,79.83498935415189,0.2509162425994873,79.83975553239749,0.2600252370947597
8338,79.83498935415189,0.266287088394165,79.8397549607762,0.26002598809635474
8339,79.83498935415189,0.2322685718536377,79.83975438929203,0.26002265946987163
8340,79.84386089425124,0.3030424118041992,79.8397548816787,0.2600278177135568
8341,79.84386089425124,0.2145848274230957,79.83975537394731,0.2600223695670168
8342,79.84386089425124,0.241966962814331,79.83975586609792,0.26002020516918023
8343,79.83498935415189,0.2593886852264404,79.83975529477921,0.2600201294745928
8344,79.84386089425124,0.2392845153808593,79.83975578682133,0.2600176443818203
8345,79.83498935415189,0.2599847316741943,79.83975521564903,0.260017640437817
8346,79.83498935415189,0.255713939666748,79.83975464461363,0.2600171247775281
8347,79.84386089425124,0.2509241104125976,79.8397551365568,0.26001603540237955
8348,79.84386089425124,0.2320978641510009,79.83975562838211,0.26001269110778785
8349,79.83498935415189,0.2638742923736572,79.83975505750244,0.2600131536303973
8350,79.83498935415189,0.3094172477722168,79.83975448675953,0.26001907028837834
8351,79.83498935415189,0.2236096858978271,79.8397539161533,0.2600147104052038
8352,79.83498935415189,0.2559447288513183,79.8397533456837,0.26001422309898325
8353,79.84386089425124,0.2468409538269043,79.83975383742901,0.26001264602855684
8354,79.83498935415189,0.2629303932189941,79.83975326710542,0.2600129952920462
8355,79.83498935415189,0.2997896671295166,79.83975269691835,0.26001775611452826
8356,79.83498935415189,0.1875295639038086,79.83975212686775,0.2600090811274279
8357,79.87047551454933,0.2208120822906494,79.83975580323339,0.2600043908080744
8358,79.83498935415189,0.2904748916625976,79.83975523294755,0.26000803647699694
8359,79.84386089425124,0.2389516830444336,79.83975572411411,0.260005517473117
8360,79.83498935415189,0.2508277893066406,79.83975515397415,0.26000441965874305
8361,79.83498935415189,0.2225496768951416,79.83975458397059,0.2599999399622039
8362,79.83498935415189,0.2704498767852783,79.83975401410335,0.26000118965567715
8363,79.84386089425124,0.2289280891418457,79.83975450518072,0.2599974741109547
8364,79.84386089425124,0.2706081867218017,79.83975499614068,0.2599987427279574
8365,79.84386089425124,0.3119773864746094,79.83975548698325,0.2600049565526731
8366,79.84386089425124,0.2746567726135254,79.83975597770846,0.2600067079052981
8367,79.84386089425124,0.4039206504821777,79.8397564683164,0.26002390808966247
8368,79.83498935415189,0.2224459648132324,79.83975589863257,0.2600194174176648
8369,79.83498935415189,0.3528854846954345,79.8397553290849,0.26003051385299497
8370,79.83498935415189,0.2550046443939209,79.83975475967331,0.260029913390694
8371,79.84386089425124,0.3059990406036377,79.83975525019231,0.26003540486449794
8372,79.83498935415189,0.3869764804840088,79.83975468092618,0.26005056743922556
8373,79.84386089425124,0.2469885349273681,79.83975517133742,0.26004900742101084
8374,79.83498935415189,0.3217990398406982,79.83975460221666,0.26005638143969
8375,79.83498935415189,0.258629560470581,79.83975403323181,0.26005621107300714
8376,79.84386089425124,0.2107996940612793,79.83975452354473,0.26005033040001146
8377,79.84386089425124,0.2002739906311035,79.83975501374059,0.26004319463067055
8378,79.83498935415189,0.217897891998291,79.83975444491035,0.2600381641576899
8379,79.84386089425124,0.2100615501403808,79.8397549349986,0.2600321996495126
8380,79.83498935415189,0.2563910484313965,79.83975436631353,0.260031765144594
8381,79.83498935415189,0.19844651222229,79.83975379776416,0.2600244169459396
8382,79.84386089425124,0.2145216464996338,79.8397542877542,0.2600189883166809
8383,79.84386089425124,0.2909119129180908,79.83975477762733,0.26002267350391717
8384,79.84386089425124,0.2399795055389404,79.8397552673836,0.2600202828588832
8385,79.84386089425124,0.2634985446929931,79.83975575702306,0.2600206976784221
8386,79.84386089425124,0.2484247684478759,79.83975624654573,0.2600193149060359
8387,79.84386089425124,0.2247936725616455,79.83975673595168,0.2600151148771407
8388,79.84386089425124,0.2727017402648926,79.83975722524093,0.26001662735036285
8389,79.83498935415189,0.43853759765625,79.83975665689296,0.2600379077139707
8390,79.84386089425124,0.2358083724975586,79.839757146075,0.26003501980750865
8391,79.83498935415189,0.2538275718688965,79.83975657787194,0.26003428003299567
8392,79.84386089425124,0.274468183517456,79.8397570669468,0.26003599999289606
8393,79.84386089425124,0.2972030639648437,79.83975755590514,0.2600404283336529
8394,79.84386089425124,0.3233966827392578,79.83975804474697,0.2600479761361792
8395,79.83498935415189,0.2562446594238281,79.83975747670759,0.26004752309071016
8396,79.84386089425124,0.2325880527496338,79.8397579654424,0.2600442525487448
8397,79.83498935415189,0.2834296226501465,79.83975739754776,0.2600470375160071
8398,79.83498935415189,0.2381627559661865,79.83975682978836,0.26004443162394353
8399,79.83498935415189,0.2567963600158691,79.83975626216416,0.2600440449027139
8400,79.84386089425124,0.196937084197998,79.83975675081084,0.2600365321692966
8401,79.83498935415189,0.2764172554016113,79.83975618333116,0.26003848202327023
8402,79.84386089425124,0.2523026466369629,79.8397566718709,0.2600375613097037
8403,79.84386089425124,0.3056550025939941,79.83975716029437,0.260042990018651
8404,79.86160397444996,0.280949592590332,79.83975975986769,0.2600454777152921
8405,79.84386089425124,0.2089111804962158,79.83976024780752,0.26003939392026304
8406,79.83498935415189,0.2408146858215332,79.83975968024939,0.26003710689812426
8407,79.83498935415189,0.2435450553894043,79.83975911282627,0.26003514519341286
8408,79.84386089425124,0.266796350479126,79.83975960066897,0.2600359493329568
8409,79.84386089425124,0.2748534679412842,79.83976008839564,0.2600377114353005
8410,79.83498935415189,0.2754485607147217,79.8397595211264,0.26003954387873446
8411,79.84386089425124,0.4779043197631836,79.83976000874655,0.26006544624181666
8412,79.83498935415189,0.2532505989074707,79.83975944162165,0.26006463610780167
8413,79.83498935415189,0.3368430137634277,79.83975887463158,0.26007376226703804
8414,79.83498935415189,0.2453022003173828,79.83975830777628,0.26007200667374714
8415,79.83498935415189,0.2489018440246582,79.8397577410557,0.260070679262856
8416,79.84386089425124,0.2895421981811523,79.83975822859767,0.2600741811068339
8417,79.83498935415189,0.2161540985107422,79.83975766202116,0.26006896308585303
8418,79.83498935415189,0.3940849304199219,79.83975709557926,0.2600848832530345
8419,79.83498935415189,0.2316648960113525,79.83975652927192,0.2600815075567236
8420,79.83498935415189,0.2455253601074218,79.83975596309911,0.26007977879811917
8421,79.83498935415189,0.2378997802734375,79.83975539706076,0.26007714490683254
8422,79.83498935415189,0.2955455780029297,79.83975483115682,0.2600813563094799
8423,79.83498935415189,0.222477912902832,79.83975426538726,0.26007689193296246
8424,79.83498935415189,0.2824504375457763,79.83975369975202,0.26007954786192883
8425,79.83498935415189,0.3337659835815429,79.83975313425105,0.26008829402640593
8426,79.83498935415189,0.227025032043457,79.83975256888432,0.26008437006937024
8427,79.83498935415189,0.2545242309570312,79.83975200365177,0.26008371026883476
8428,79.84386089425124,0.3209266662597656,79.8397524911803,0.26009092941406387
8429,79.83498935415189,0.2943100929260254,79.83975192609108,0.2600949891083944
8430,79.84386089425124,0.2714474201202392,79.83975241351317,0.2600963357787398
8431,79.83498935415189,0.2648475170135498,79.8397518485672,0.26009689931583324
8432,79.86160397444996,0.299368143081665,79.83975444013811,0.2601015567214032
8433,79.84386089425124,0.2348170280456543,79.83975492708868,0.26009855843743834
8434,79.83498935415189,0.2413859367370605,79.83975436204564,0.260096339724882
8435,79.83498935415189,0.2458384037017822,79.83975379713658,0.26009464939458876
8436,79.84386089425124,0.2954561710357666,79.83975428399019,0.2600988411349445
8437,79.84386089425124,0.3027656078338623,79.83975477072839,0.26010389823660374
8438,79.84386089425124,0.246835708618164,79.83975525735123,0.260102325803608
8439,79.84386089425124,0.294846773147583,79.83975574385873,0.2601064429321
8440,79.86160397444996,0.2424075603485107,79.83975833251165,0.26010434590809717
8441,79.84386089425124,0.2807960510253906,79.83975881853958,0.2601067972414839
8442,79.84386089425124,0.2624449729919433,79.83975930445236,0.26010707421089285
8443,79.83498935415189,0.2747659683227539,79.83975873949318,0.26010881042954875
8444,79.83498935415189,0.2206230163574218,79.83975817466782,0.2601041342341352
8445,79.83498935415189,0.2855386734008789,79.83975760997622,0.2601071460208927
8446,79.84386089425124,0.1999146938323974,79.83975809580197,0.2601000192801647
8447,79.83498935415189,0.2190062999725341,79.8397575312534,0.26009515439093683
8448,79.84386089425124,0.3069136142730713,79.83975801697345,0.26010069634878275
8449,79.83498935415189,0.2109086513519287,79.83975745256785,0.2600948741159745
8450,79.83498935415189,0.2136964797973632,79.83975688829585,0.26008938318173563
8451,79.83498935415189,0.4303197860717773,79.83975632415739,0.26010952640773133
8452,79.84386089425124,0.2643110752105713,79.83975680979039,0.2601100235147833
8453,79.83498935415189,0.3652734756469726,79.83975624579467,0.26012246447682424
8454,79.83498935415189,0.2758436203002929,79.8397556819324,0.2601243240883482
8455,79.83498935415189,0.4765386581420898,79.83975511820351,0.2601499201065686
8456,79.83498935415189,0.2475576400756836,79.83975455460795,0.260148430953301
8457,79.83498935415189,0.3338093757629394,79.83975399114567,0.260157141009445
8458,79.84386089425124,0.329500675201416,79.83975447671,0.2601653395828893
8459,79.83498935415189,0.2888097763061523,79.83975391339015,0.2601687258503823
8460,79.84386089425124,0.3043525218963623,79.83975439884888,0.2601739485213097
8461,79.83498935415189,0.2510716915130615,79.83975383567139,0.2601728727315676
8462,79.84386089425124,0.2406830787658691,79.83975432102456,0.26017056951791057
8463,79.83498935415189,0.2489223480224609,79.83975375798936,0.26016924041221573
8464,79.83498935415189,0.2697961330413818,79.83975319508721,0.2601703778050122
8465,79.84386089425124,0.2218351364135742,79.83975368034405,0.2601658491291242
8466,79.83498935415189,0.22747802734375,79.83975311758404,0.26016198805875035
8467,79.83498935415189,0.2830348014831543,79.83975255495696,0.2601646894657923
8468,79.83498935415189,0.2047014236450195,79.83975199246277,0.26015813971782104
8469,79.84386089425124,0.2588410377502441,79.83975247763242,0.26015798419745645
8470,79.83498935415189,0.2007739543914795,79.83975191528017,0.26015097309594454
8471,79.83498935415189,0.2334039211273193,79.8397513530607,0.26014781561135375
8472,79.84386089425124,0.2526328563690185,79.83975183813402,0.26014692857650457
8473,79.83498935415189,0.2720749378204345,79.83975127605636,0.26014833634344
8474,79.83498935415189,0.2239141464233398,79.83975071411136,0.2601440604182665
8475,79.84386089425124,0.2767877578735351,79.83975119908837,0.2601460242763733
8476,79.83498935415189,0.2558991909027099,79.83975063728504,0.2601455232342103
8477,79.83498935415189,0.2259039878845214,79.83975007561426,0.26014148388829195
8478,79.83498935415189,0.2614405155181885,79.83974951407599,0.26014163711212185
8479,79.83498935415189,0.268787145614624,79.83974895267018,0.26014265674987425
8480,79.86160397444996,0.2878875732421875,79.83975152991331,0.2601459285560644
8481,79.84386089425124,0.2529065608978271,79.83975201445102,0.2601450749577083
8482,79.83498935415189,0.2268331050872802,79.83975145294897,0.2601411475856415
8483,79.84386089425124,0.2986257076263428,79.83975193738152,0.26014568425427764
8484,79.84386089425124,0.2530570030212402,79.83975242169986,0.2601448487190074
8485,79.84386089425124,0.2415730953216552,79.83975290590405,0.2601426599442994
8486,79.84386089425124,0.2732234001159668,79.83975338999412,0.26014420139376576
8487,79.83498935415189,0.2308368682861328,79.83975282866079,0.26014074819085453
8488,79.84386089425124,0.3054056167602539,79.8397533126459,0.26014608099817893
8489,79.83498935415189,0.2218523025512695,79.83975275145394,0.260141570010024
8490,79.84386089425124,0.2222390174865722,79.83975323533413,0.2601371056339906
8491,79.86160397444996,0.2868213653564453,79.8397558087341,0.26014024828617793
8492,79.83498935415189,0.2290010452270507,79.83975524744646,0.2601365813993363
8493,79.83498935415189,0.2257423400878906,79.839754686291,0.26013253168294503
8494,79.83498935415189,0.2188570499420166,79.83975412526767,0.2601276723137737
8495,79.83498935415189,0.2589614391326904,79.83975356437642,0.2601275350291144
8496,79.84386089425124,0.2188405990600586,79.8397540478192,0.2601226754556717
8497,79.83498935415189,0.2519330978393554,79.83975348706909,0.2601217116357804
8498,79.83498935415189,0.2055182456970214,79.83975292645096,0.2601152861867408
8499,79.84386089425124,0.2378559112548828,79.83975340979813,0.2601126671286243
8500,79.84386089425124,0.260399580001831,79.8397538930316,0.26011270088308
8501,79.83498935415189,0.4718899726867676,79.83975333256355,0.2601376129254048
8502,79.84386089425124,0.2477543354034423,79.83975381569242,0.2601361564119348
8503,79.83498935415189,0.2632577419281006,79.8397532553653,0.26013652352771943
8504,79.83498935415189,0.2609915733337402,79.83975269516995,0.2601366240744981
8505,79.83498935415189,0.2207574844360351,79.83975213510634,0.2601319939581385
8506,79.83498935415189,0.2218067646026611,79.8397515751744,0.26012748828809906
8507,79.84386089425124,0.2541260719299316,79.8397520582259,0.2601267828200894
8508,79.83498935415189,0.2807991504669189,79.83975149843462,0.2601292125765124
8509,79.83498935415189,0.3138551712036133,79.83975093877494,0.2601355265920991
8510,79.83498935415189,0.2357311248779297,79.83975037924678,0.26013265885981773
8511,79.83498935415189,0.2744855880737304,79.8397498198501,0.2601343452573285
8512,79.83498935415189,0.2461385726928711,79.83974926058487,0.2601327010171306
8513,79.84386089425124,0.2458522319793701,79.83974974356778,0.26013102352752204
8514,79.84386089425124,0.2148594856262207,79.83975022643725,0.26012570622215425
8515,79.83498935415189,0.2614927291870117,79.8397496673213,0.2601258667650744
8516,79.84386089425124,0.2858228683471679,79.83975015008632,0.26012888426173736
8517,79.83498935415189,0.217003583908081,79.83974959111063,0.2601238208238656
8518,79.83498935415189,0.2079033851623535,79.83974903226618,0.26011769022564285
8519,79.84386089425124,0.2368218898773193,79.83974951493575,0.26011495565581677
8520,79.87047551454933,0.2419025897979736,79.83975312127373,0.2601128180541903
8521,79.83498935415189,0.242729902267456,79.83975256221174,0.26011077804529614
8522,79.84386089425124,0.3326356410980224,79.83975304429717,0.2601192883554408
8523,79.83498935415189,0.2632248401641845,79.83975248537541,0.26011965272852644
8524,79.84386089425124,0.2517256736755371,79.83975296735673,0.2601186679820397
8525,79.83498935415189,0.2289531230926513,79.83975240857512,0.26011501219964794
8526,79.83498935415189,0.2237584590911865,79.8397518499246,0.26011074800153533
8527,79.83498935415189,0.2718913555145263,79.8397512914051,0.26011212956685875
8528,79.83498935415189,0.2955446243286133,79.83975073301657,0.26011628440911505
8529,79.83498935415189,0.2358660697937011,79.83975017475899,0.26011344114324386
8530,79.83498935415189,0.2195420265197754,79.8397496166323,0.2601086848226549
8531,79.83498935415189,0.3137679100036621,79.83974905863647,0.2601149747330032
8532,79.83498935415189,0.2523915767669678,79.83974850077144,0.2601140695058623
8533,79.83498935415189,0.2864539623260498,79.83974794303715,0.2601171563326314
8534,79.83498935415189,0.2677466869354248,79.83974738543357,0.2601180503484039
8535,79.83498935415189,0.2208209037780761,79.83974682796067,0.26011344611330484
8536,79.84386089425124,0.2337572574615478,79.83974730992719,0.26011035846233815
8537,79.84386089425124,0.2277741432189941,79.8397477917808,0.2601065706896729
8538,79.83498935415189,0.3324770927429199,79.83974723445617,0.26011504697475757
8539,79.83498935415189,0.24383544921875,79.83974667726208,0.26011314047543027
8540,79.84386089425124,0.2758665084838867,79.8397471590205,0.26011498513210574
8541,79.83498935415189,0.2396900653839111,79.83974660196573,0.2601125937353433
8542,79.84386089425124,0.2245044708251953,79.83974708362017,0.2601084251421672
8543,79.84386089425124,0.2276492118835449,79.83974756516184,0.2601046256322458
8544,79.83498935415189,0.2178161144256591,79.83974700825513,0.2600996761342113
8545,79.84386089425124,0.1947689056396484,79.83974748969293,0.2600920306373717
8546,79.83498935415189,0.2117671966552734,79.83974693292537,0.26008637596454437
8547,79.86160397444996,0.5221667289733887,79.83974949020178,0.2601170393965098
8548,79.84386089425124,0.2432167530059814,79.83974997118025,0.2601150622923462
8549,79.84386089425124,0.2636919021606445,79.8397504520462,0.2601154806851253
8550,79.83498935415189,0.2738301753997803,79.83974989519265,0.26011708474298667
8551,79.83498935415189,0.2678799629211426,79.83974933846933,0.2601179925757756
8552,79.83498935415189,0.2204601764678955,79.83974878187622,0.2601133553194487
8553,79.84386089425124,0.2198240756988525,79.83974926265634,0.2601086447758241
8554,79.83498935415189,0.3135011196136474,79.83974870620222,0.26011488658957654
8555,79.84386089425124,0.2740709781646728,79.83974918687878,0.2601165179269903
8556,79.83498935415189,0.2329194545745849,79.83974863056359,0.26011333921458357
8557,79.83498935415189,0.27596116065979,79.83974807437843,0.2601151912446695
8558,79.83498935415189,0.2285864353179931,79.83974751832325,0.2601115071180129
8559,79.83498935415189,0.2449016571044922,79.83974696239801,0.26010973005877547
8560,79.83498935415189,0.246741771697998,79.83974640660264,0.26010816838139683
8561,79.84386089425124,0.2540309429168701,79.83974688721094,0.26010745850808015
8562,79.83498935415189,0.2338166236877441,79.8397463315542,0.2601043878663118
8563,79.83498935415189,0.2427821159362793,79.83974577602723,0.2601023649453811
8564,79.84386089425124,0.2541842460632324,79.83974625654079,0.2601016738992715
8565,79.83498935415189,0.2468969821929931,79.8397457011523,0.26010013219562805
8566,79.83498935415189,0.1977155208587646,79.83974514589349,0.26009284937852123
8567,79.83498935415189,0.2558116912841797,79.8397445907643,0.2600923496518848
8568,79.83498935415189,0.223909854888916,79.83974403576468,0.26008812667163705
8569,79.84386089425124,0.203852891921997,79.83974451620097,0.2600815640348358
8570,79.84386089425124,0.2218532562255859,79.83974499652511,0.2600771033221393
8571,79.83498935415189,0.23193359375,79.83974444167244,0.2600738197485105
8572,79.83498935415189,0.2314991950988769,79.8397438869492,0.26007048626453366
8573,79.83498935415189,0.2288813591003418,79.83974333235538,0.2600668482000097
8574,79.86160397444996,0.4141240119934082,79.83974588199874,0.26008481614540196
8575,79.83498935415189,0.2524318695068359,79.8397453273016,0.26008392367349076
8576,79.84386089425124,0.3148903846740722,79.83974580719513,0.2600903143522455
8577,79.83498935415189,0.3196275234222412,79.83974525263608,0.2600972558479981
8578,79.83498935415189,0.2466163635253906,79.83974469820632,0.2600956842820943
8579,79.84386089425124,0.2358078956604004,79.83974517800536,0.2600928532075376
8580,79.84386089425124,0.2379093170166015,79.83974565769256,0.26009026771380905
8581,79.83498935415189,0.2235329151153564,79.83974510340943,0.26008600744663757
8582,79.84386089425124,0.3158268928527832,79.83974558299353,0.26009250253932065
8583,79.83498935415189,0.2427020072937011,79.83974502884826,0.260090476383519
8584,79.83498935415189,0.23089599609375,79.8397444748321,0.2600870753490025
8585,79.84386089425124,0.2628078460693359,79.83974495432183,0.2600873922704609
8586,79.83498935415189,0.2224936485290527,79.83974440044341,0.2600830137771297
8587,79.84386089425124,0.287818431854248,79.83974487983012,0.2600862437081973
8588,79.84386089425124,0.2468092441558838,79.83974535910521,0.26008469771383863
8589,79.84386089425124,0.2471179962158203,79.83974583826868,0.2600831880268555
8590,79.84386089425124,0.2318718433380127,79.8397463173206,0.26007990381909196
8591,79.86160397444996,0.228783369064331,79.83974886157122,0.2600762608747601
8592,79.83498935415189,0.2868330478668213,79.83974830762483,0.26007937502594636
8593,79.83498935415189,0.2146444320678711,79.83974775380736,0.26007408758931677
8594,79.83498935415189,0.2847838401794433,79.83974720011878,0.2600769628223386
8595,79.84386089425124,0.2738521099090576,79.83974767873357,0.2600785655154261
8596,79.86160397444996,0.2549581527709961,79.83975022134592,0.26007796984153775
8597,79.84386089425124,0.2859127521514892,79.83975069949793,0.26008097493428056
8598,79.83498935415189,0.2517626285552978,79.83975014572434,0.2600800074597075
8599,79.84386089425124,0.2277891635894775,79.83975062377394,0.26007625227377074
8600,79.84386089425124,0.2715702056884765,79.83975110171235,0.26007758877998177
8601,79.84386089425124,0.2148299217224121,79.83975157953964,0.2600723280350617
8602,79.84386089425124,0.2518594264984131,79.83975205725584,0.2600713732685496
8603,79.83498935415189,0.2200245857238769,79.83975150364627,0.26006671828917677
8604,79.84386089425124,0.2453842163085937,79.83975198126024,0.2600650118152134
8605,79.84386089425124,0.2617974281311035,79.83975245876319,0.26006521314192066
8606,79.83498935415189,0.2598326206207275,79.83975190529995,0.2600651861151346
8607,79.83498935415189,0.2257537841796875,79.83975135196532,0.2600611996620225
8608,79.84386089425124,0.253056526184082,79.83975182937496,0.26006038592207387
8609,79.84386089425124,0.2330274581909179,79.8397523066737,0.2600572458445119
8610,79.83498935415189,0.2268226146697998,79.83975175348526,0.2600533858408911
8611,79.84386089425124,0.2648160457611084,79.83975223068195,0.2600539389311153
8612,79.83498935415189,0.2398030757904052,79.83975167763079,0.2600515874607088
8613,79.83498935415189,0.2037920951843261,79.83975112470806,0.26004505553312535
8614,79.83498935415189,0.2351040840148925,79.8397505719137,0.2600421601335992
8615,79.83498935415189,0.2083368301391601,79.83975001924767,0.2600361583541454
8616,79.83498935415189,0.2349107265472412,79.83974946670995,0.26003324221767754
8617,79.84386089425124,0.2119181156158447,79.83974994383975,0.26002765847314907
8618,79.84386089425124,0.2466931343078613,79.83975042085882,0.2600261111855922
8619,79.83498935415189,0.2434568405151367,79.83974986846681,0.2600241887734016
8620,79.84386089425124,0.2557430267333984,79.83975034538395,0.2600236921188726
8621,79.83498935415189,0.29488205909729,79.83974979312885,0.2600277355438788
8622,79.84386089425124,0.2225863933563232,79.83975026994409,0.2600233930082505
8623,79.83498935415189,0.2858247756958008,79.83974971782582,0.26002638516674376
8624,79.84386089425124,0.3179092407226562,79.83975019453923,0.26003309700064403
8625,79.83498935415189,0.2647676467895508,79.83974964255773,0.2600336459339529
8626,79.83498935415189,0.2334880828857422,79.83974909070422,0.26003056854431134
8627,79.83498935415189,0.2728519439697265,79.83974853897864,0.26003205473596835
8628,79.84386089425124,0.2664103507995605,79.83974901560767,0.2600327939914231
8629,79.84386089425124,0.2204415798187255,79.83974949212622,0.2600282058335633
8630,79.84386089425124,0.2772266864776611,79.83974996853433,0.2600301987050168
8631,79.84386089425124,0.263254165649414,79.83975044483206,0.2600305722384364
8632,79.83498935415189,0.2641506195068359,79.8397498932692,0.2600310495377029
8633,79.83498935415189,0.2193825244903564,79.8397493418341,0.26002634103254274
8634,79.83498935415189,0.2798757553100586,79.83974879052676,0.26002864001497006
8635,79.83498935415189,0.2800006866455078,79.83974823934709,0.2600309529329354
8636,79.84386089425124,0.2157015800476074,79.83974871556927,0.26002581984205014
8637,79.83498935415189,0.2649130821228027,79.83974816452593,0.26002638569388303
8638,79.83498935415189,0.3048782348632812,79.83974761361016,0.26003157808207117
8639,79.84386089425124,0.2498543262481689,79.83974808973942,0.26003040002305583
8640,79.83498935415189,0.3458027839660644,79.83974753895983,0.2600403273823085
8641,79.83498935415189,0.2568955421447754,79.83974698830772,0.260039963444658
8642,79.84386089425124,0.2385897636413574,79.83974746434404,0.260037481357201
8643,79.83498935415189,0.3041090965270996,79.839746913828,0.26004258046806183
8644,79.83498935415189,0.2888803482055664,79.83974636343932,0.2600459166281425
8645,79.83498935415189,0.3057928085327148,79.83974581317798,0.26005120834496204
8646,79.83498935415189,0.2767877578735351,79.83974526304392,0.2600531441013266
8647,79.86160397444996,0.2478351593017578,79.83974779093931,0.2600517311274861
8648,79.84386089425124,0.2577488422393799,79.83974826655255,0.2600514648359865
8649,79.84386089425124,0.3137998580932617,79.8397487420558,0.26005767924149664
8650,79.84386089425124,0.2549710273742676,79.83974921744911,0.2600570911892577
8651,79.83498935415189,0.272010326385498,79.8397486672395,0.26005847290642287
8652,79.83498935415189,0.240088939666748,79.83974811715709,0.26005616482352417
8653,79.84386089425124,0.2308690547943115,79.8397485924578,0.2600527917609991
8654,79.83498935415189,0.3178699016571045,79.83974804251115,0.26005947273048097
8655,79.84386089425124,0.3185222148895263,79.83974851771065,0.26006622752449127
8656,79.83498935415189,0.23248291015625,79.8397479678997,0.2600630409120412
8657,79.84386089425124,0.2543866634368896,79.83974844299804,0.26006238521405395
8658,79.83498935415189,0.2818603515625,79.83974789332272,0.2600649028816849
8659,79.84386089425124,0.2767884731292724,79.83974836831995,0.2600668342329088
8660,79.84386089425124,0.2365424633026123,79.83974884320746,0.26006411779284755
8661,79.84386089425124,0.2188420295715332,79.83974931798531,0.2600593582860676
8662,79.84386089425124,0.288909912109375,79.83974979265354,0.26006268898957985
8663,79.84386089425124,0.2069153785705566,79.83975026721218,0.260056554012041
8664,79.86160397444996,0.2574856281280517,79.8397527895699,0.2600562572754431
8665,79.83498935415189,0.232861042022705,79.83975223983703,0.2600531187624307
8666,79.83498935415189,0.2329590320587158,79.83975169023101,0.2600499922811586
8667,79.83498935415189,0.2825689315795898,79.83975114075183,0.26005259052037616
8668,79.84386089425124,0.2745327949523926,79.83975161488121,0.26005426105618973
8669,79.84386089425124,0.2278139591217041,79.8397520889012,0.2600505420226294
8670,79.83498935415189,0.2704734802246094,79.83975153956617,0.2600517442069664
8671,79.86160397444996,0.2527878284454345,79.83975405974087,0.2600509064817027
8672,79.83498935415189,0.2309036254882812,79.83975351030526,0.2600475454022524
8673,79.84386089425124,0.2497756481170654,79.83975398388809,0.2600463610488239
8674,79.83498935415189,0.2498331069946289,79.83975343458792,0.26004518359274204
8675,79.84386089425124,0.2247989177703857,79.83975390807029,0.2600411206226184
8676,79.83498935415189,0.2458052635192871,79.83975335890547,0.2600394797907715
8677,79.83498935415189,0.2320356369018554,79.83975280986724,0.2600362524261422
8678,79.83498935415189,0.2405636310577392,79.83975226095554,0.26003400851955444
8679,79.83498935415189,0.2433788776397705,79.83975171217033,0.2600320895045896
8680,79.84386089425124,0.2907769680023193,79.8397521855784,0.2600356315412829
8681,79.83498935415189,0.2707843780517578,79.83975163692831,0.26003686973348544
8682,79.83498935415189,0.2237927913665771,79.8397510884046,0.2600326951103149
8683,79.83498935415189,0.2408921718597412,79.83975054000724,0.26003049074278634
8684,79.84386089425124,0.2135167121887207,79.83975101333223,0.2600251344808616
8685,79.83498935415189,0.2099180221557617,79.8397504650698,0.2600193650954471
8686,79.84386089425124,0.4584412574768066,79.83975093829443,0.2600422089697715
8687,79.83498935415189,0.1866703033447265,79.83975039016687,0.26003376279668233
8688,79.84386089425124,0.2049882411956787,79.83975086329119,0.26002742698618503
8689,79.83498935415189,0.2094464302062988,79.83975031529842,0.26002160571828536
8690,79.83498935415189,0.2624225616455078,79.83974976743177,0.2600218820078052
8691,79.83498935415189,0.2438797950744629,79.8397492196912,0.2600200246741343
8692,79.83498935415189,0.2681713104248047,79.83974867207665,0.2600209624658682
8693,79.84386089425124,0.2389638423919677,79.83974914512648,0.2600185401582559
8694,79.84386089425124,0.2996764183044433,79.83974961806749,0.260023101680932
8695,79.83498935415189,0.313267707824707,79.83974907059607,0.2600292252699077
8696,79.84386089425124,0.2687938213348388,79.83974954343688,0.26003023315813967
8697,79.83498935415189,0.2855076789855957,79.83974899609994,0.2600331626103447
8698,79.84386089425124,0.2175095081329345,79.83974946884058,0.26002827371008286
8699,79.83498935415189,0.2533636093139648,79.83974892163806,0.2600275075686418
8700,79.84386089425124,0.2508630752563476,79.83974939427858,0.2600264541856174
8701,79.83498935415189,0.2849667072296142,79.83974884721042,0.2600293205519022
8702,79.83498935415189,0.2481396198272705,79.83974830026798,0.2600279542337311
8703,79.84386089425124,0.2440955638885498,79.83974877281699,0.2600261235557643
8704,79.83498935415189,0.2520074844360351,79.83974822600877,0.26002520229667425
8705,79.83498935415189,0.230562686920166,79.8397476793262,0.26002181774579813
8706,79.84386089425124,0.2468552589416504,79.83974815178368,0.2600203053912376
8707,79.83498935415189,0.2487943172454834,79.83974760523519,0.26001901608514527
8708,79.83498935415189,0.2281117439270019,79.83974705881224,0.2600153519519163
8709,79.84386089425124,0.2198183536529541,79.83974753117822,0.2600107363820117
8710,79.83498935415189,0.2208437919616699,79.83974698488925,0.2600062396030886
8711,79.83498935415189,0.2575111389160156,79.83974643872568,0.2600059531720603
8712,79.83498935415189,0.2585594654083252,79.8397458926875,0.26000578713811134
8713,79.83498935415189,0.2123150825500488,79.83974534677466,0.2600003136267389
8714,79.83498935415189,0.2668042182922363,79.83974480098712,0.2600010944282842
8715,79.83498935415189,0.2138810157775879,79.83974425532483,0.2599958023940156
8716,79.83498935415189,0.2919831275939941,79.83974370978775,0.25999947234871956
8717,79.83498935415189,0.2197000980377197,79.83974316437585,0.25999484927033123
8718,79.83498935415189,0.2348418235778808,79.83974261908905,0.259991964087297
8719,79.84386089425124,0.2287957668304443,79.83974309142248,0.259988386131424
8720,79.83498935415189,0.2424318790435791,79.83974254626911,0.25998637277051945
8721,79.86160397444996,0.3437626361846924,79.83974505302616,0.25999597903854077
8722,79.83498935415189,0.2430975437164306,79.8397445077729,0.259994041588951
8723,79.83498935415189,0.2440400123596191,79.83974396264466,0.25999221262767286
8724,79.83498935415189,0.2316703796386718,79.8397434176414,0.25998896620023254
8725,79.83498935415189,0.2398762702941894,79.83974287276305,0.259986661020186
8726,79.83498935415189,0.2248351573944091,79.8397423280096,0.25998263265625915
8727,79.86160397444996,0.2709634304046631,79.83974483306821,0.2599838909119883
8728,79.84386089425124,0.2397539615631103,79.83974530466092,0.25998157309240205
8729,79.83498935415189,0.2156317234039306,79.83974475981609,0.25997649234435666
8730,79.84386089425124,0.2179198265075683,79.83974523130914,0.259971674856861
8731,79.83498935415189,0.2065227031707763,79.83974468659753,0.25996555311001807
8732,79.84386089425124,0.2790687084197998,79.83974515799098,0.2599677408282166
8733,79.83498935415189,0.218508243560791,79.83974461341249,0.25996299337633666
8734,79.83498935415189,0.5579581260681152,79.83974406895872,0.2599971123519139
8735,79.83498935415189,0.2477774620056152,79.8397435246296,0.25999571342228067
8736,79.83498935415189,0.2518417835235595,79.8397429804251,0.2599947800511842
8737,79.86160397444996,0.1867823600769043,79.83974548254186,0.25998640046780613
8738,79.83498935415189,0.2938623428344726,79.83974493823784,0.25999027732090374
8739,79.83498935415189,0.2929623126983642,79.83974439405841,0.2599940502966879
8740,79.83498935415189,0.2223963737487793,79.8397438500035,0.25998974850303247
8741,79.84386089425124,0.2360210418701172,79.8397443210073,0.2599870064018275
8742,79.83498935415189,0.2091305255889892,79.8397437770852,0.2599811889137455
8743,79.83498935415189,0.2915878295898437,79.83974323328755,0.259984803993315
8744,79.84386089425124,0.276822566986084,79.83974370420027,0.25998672962952185
8745,79.84386089425124,0.2652256488800049,79.83974417500531,0.2599873287054796
8746,79.83498935415189,0.2561268806457519,79.83974363134868,0.25998688730963465
8747,79.83498935415189,0.2641746997833252,79.83974308781636,0.25998736608092465
8748,79.84386089425124,0.3658227920532226,79.8397435585304,0.25999946432349125
8749,79.83498935415189,0.2028753757476806,79.83974301513065,0.2599929351100296
8750,79.84386089425124,0.237882375717163,79.8397434857454,0.25999040818895613
8751,79.84386089425124,0.2269737720489502,79.83974395625259,0.25998663529029997
8752,79.84386089425124,0.2868044376373291,79.83974442665227,0.2599896994816102
8753,79.83498935415189,0.2111234664916992,79.83974388340167,0.25998411668337074
8754,79.84386089425124,0.2235066890716552,79.8397443537022,0.2599799497393895
8755,79.83498935415189,0.241981029510498,79.83974381058403,0.25997789389470316
8756,79.84386089425124,0.2534434795379638,79.83974428078544,0.25997714761622476
8757,79.84386089425124,0.322843074798584,79.83974475087948,0.25998432655046966
8758,79.84386089425124,0.2036113739013672,79.83974522086615,0.2599778898123275
8759,79.83498935415189,0.2421762943267822,79.83974467789702,0.2599758574347175
8760,79.84386089425124,0.2467808723449707,79.83974514778471,0.2599743511578808
8761,79.84386089425124,0.2622203826904297,79.83974561756516,0.25997460752490886
8762,79.84386089425124,0.2385358810424804,79.83974608723837,0.2599721607403297
8763,79.83498935415189,0.2468471527099609,79.8397455444182,0.25997066296467863
8764,79.83498935415189,0.2595810890197754,79.83974500172191,0.25997061851306463
8765,79.83498935415189,0.2489254474639892,79.83974445914944,0.25996935836805046
8766,79.84386089425124,0.2346119880676269,79.83974492874049,0.25996646567237397
8767,79.84386089425124,0.2559471130371094,79.83974539822441,0.25996600720851687
8768,79.83498935415189,0.2739245891571045,79.83974485579236,0.25996759920007123
8769,79.83498935415189,0.3187448978424072,79.83974431348405,0.2599743020508686
8770,79.83498935415189,0.3519215583801269,79.8397437712994,0.2599847863446348
8771,79.84386089425124,0.2509222030639648,79.83974424070117,0.2599837531006169
8772,79.84386089425124,0.2228434085845947,79.83974470999591,0.2599795191352138
8773,79.84386089425124,0.2776176929473877,79.83974517918368,0.2599815296417466
8774,79.83498935415189,0.3228397369384765,79.83974463714753,0.25998869378664025
8775,79.84386089425124,0.265817642211914,79.83974510623666,0.25998935805426704
8776,79.83498935415189,0.2333211898803711,79.83974456433236,0.2599863192930804
8777,79.83498935415189,0.2234432697296142,79.83974402255156,0.25998215579193384
8778,79.84386089425124,0.2719051837921142,79.83974449155038,0.25998351407719245
8779,79.83498935415189,0.279829740524292,79.83974394990128,0.25998577472492534
8780,79.84386089425124,0.36470627784729,79.83974441880154,0.25999770188929006
8781,79.86160397444996,0.244586706161499,79.83974690821682,0.2599959468504872
8782,79.86160397444996,0.209754467010498,79.83974939706519,0.25999022588944876
8783,79.83498935415189,0.310788631439209,79.83974885510425,0.25999600960862784
8784,79.84386089425124,0.1959295272827148,79.83974932323257,0.2599887160655579
8785,79.84386089425124,0.2459349632263183,79.8397497912543,0.25998711632135313
8786,79.83498935415189,0.2087955474853515,79.83974924943355,0.25998128982820085
8787,79.83498935415189,0.3559706211090088,79.83974870773612,0.2599922138445068
8788,79.86160397444996,0.2326862812042236,79.83975119468045,0.25998910666054686
8789,79.83498935415189,0.2909471988677978,79.83975065288496,0.2599926290285304
8790,79.84386089425124,0.2373614311218261,79.83975112048921,0.25999005437575373
8791,79.84386089425124,0.2518250942230224,79.83975158798707,0.2599891255894777
8792,79.84386089425124,0.3387796878814697,79.83975205537858,0.2599980872093926
8793,79.84386089425124,0.2806589603424072,79.83975252266379,0.260000436904961
8794,79.84386089425124,0.2097461223602295,79.83975298984272,0.25999472229107146
8795,79.83498935415189,0.3029186725616455,79.83975244821275,0.25999960278570144
8796,79.83498935415189,0.2238321304321289,79.83975190670591,0.25999549097665714
8797,79.84386089425124,0.2435524463653564,79.83975237379555,0.25999362181164504
8798,79.83498935415189,0.2721569538116455,79.83975183242028,0.2599950043226703
8799,79.83498935415189,0.2475078105926513,79.83975129116806,0.25999358516211457
8800,79.86160397444996,0.2931008338928222,79.83975377442752,0.25999734734947033
8801,79.84386089425124,0.2198338508605957,79.83975424109265,0.25999278383435964
8802,79.84386089425124,0.3249082565307617,79.83975470765174,0.2600001589164656
8803,79.84386089425124,0.2013006210327148,79.83975517410482,0.2599934907876591
8804,79.84386089425124,0.2192401885986328,79.83975564045195,0.2599888618346617
8805,79.83498935415189,0.2305970191955566,79.83975509913607,0.2599855237491831
8806,79.83498935415189,0.3356430530548095,79.83975455794314,0.25999411533779376
8807,79.84386089425124,0.2069282531738281,79.83975502420137,0.25998808991913086
8808,79.84386089425124,0.2456450462341308,79.83975549035374,0.2599864615081766
8809,79.84386089425124,0.192173957824707,79.83975595640025,0.2599787634148989
8810,79.84386089425124,0.1999061107635498,79.83975642234098,0.2599719447256082
8811,79.84386089425124,0.231835126876831,79.83975688817596,0.259968751351661
8812,79.83498935415189,0.275076150894165,79.83975634714848,0.2599704657637743
8813,79.83498935415189,0.205604076385498,79.8397558062438,0.25996429687810785
8814,79.83498935415189,0.2111423015594482,79.83975526546185,0.25995875773636534
8815,79.83498935415189,0.2688915729522705,79.83975472480259,0.2599597711016763
8816,79.84386089425124,0.2310385704040527,79.83975519056591,0.25995649056620695
8817,79.83498935415189,0.2225024700164795,79.83975465003779,0.2599522426337413
8818,79.83498935415189,0.2728347778320312,79.83975410963227,0.2599537035699171
8819,79.83498935415189,0.2518808841705322,79.8397535693493,0.25995278818048523
8820,79.83498935415189,0.225865364074707,79.83975302918884,0.25994892339317166
8821,79.84386089425124,0.2637860774993896,79.83975349488037,0.25994935839533767
8822,79.84386089425124,0.2268197536468505,79.83975396046633,0.259945603055874
8823,79.83498935415189,0.2309293746948242,79.8397534204452,0.2599423143526709
8824,79.83498935415189,0.2488729953765869,79.83975288054648,0.2599410598967579
8825,79.83498935415189,0.2578182220458984,79.83975234077013,0.2599408193485595
8826,79.83498935415189,0.2073376178741455,79.83975180111608,0.2599348593212001
8827,79.83498935415189,0.4220626354217529,79.8397512615843,0.2599532265780371
8828,79.83498935415189,0.229276418685913,79.83975072217476,0.2599497516337811
8829,79.83498935415189,0.2058968544006347,79.8397501828874,0.25994362943452487
8830,79.83498935415189,0.2219552993774414,79.8397496437222,0.25993932724539043
8831,79.83498935415189,0.2258989810943603,79.8397491046791,0.25993547260309047
8832,79.83498935415189,0.280897855758667,79.83974856575807,0.2599378460613282
8833,79.83498935415189,0.2337543964385986,79.83974802695906,0.2599348817853605
8834,79.83498935415189,0.2534229755401611,79.83974748828204,0.25993414464406034
8835,79.87047551454933,0.2147688865661621,79.8397509662703,0.25992903256052013
8836,79.84386089425124,0.2719175815582275,79.83975143140475,0.25993038934515095
8837,79.84386089425124,0.2328557968139648,79.83975189643391,0.25992732556869613
8838,79.83498935415189,0.2386271953582763,79.83975135756288,0.25992491550644103
8839,79.83498935415189,0.2638025283813476,79.83975081881376,0.2599253542000574
8840,79.84386089425124,0.3278417587280273,79.83975128375441,0.2599330370512483
8841,79.84386089425124,0.2313370704650879,79.83975174858989,0.2599298025792897
8842,79.83498935415189,0.2419953346252441,79.83975120997934,0.2599277742522196
8843,79.83498935415189,0.2146110534667968,79.8397506714906,0.25992264966545203
8844,79.83498935415189,0.2877795696258545,79.83975013312366,0.2599257994754883
8845,79.84386089425124,0.2297847270965576,79.839750597879,0.25992239177934595
8846,79.83498935415189,0.2387490272521972,79.83975005964209,0.2599199982269463
8847,79.83498935415189,0.2576010227203369,79.83974952152685,0.2599197361069614
8848,79.83498935415189,0.2168426513671875,79.83974898353326,0.2599148675395179
8849,79.83498935415189,0.2239062786102295,79.83974844566124,0.2599107983126076
8850,79.83498935415189,0.2588725090026855,79.83974790791079,0.2599106809917816
8851,79.83498935415189,0.2188761234283447,79.83974737028184,0.2599060448424693
8852,79.83498935415189,0.2308681011199951,79.83974683277437,0.25990276446021415
8853,79.83498935415189,0.2200314998626709,79.83974629538832,0.2598982607592543
8854,79.84386089425124,0.3028256893157959,79.8397467601047,0.2599031091248017
8855,79.84386089425124,0.2569062709808349,79.83974722471612,0.2599027706902287
8856,79.83498935415189,0.2500035762786865,79.83974668746787,0.2599016528950151
8857,79.83498935415189,0.2538752555847168,79.83974615034091,0.2599009724843444
8858,79.83498935415189,0.3878600597381592,79.83974561333525,0.25991541808010576
8859,79.84386089425124,0.2581441402435303,79.83974607786634,0.25991521813904733
8860,79.83498935415189,0.2127513885498047,79.83974554099007,0.2599098949077167
8861,79.84386089425124,0.2706038951873779,79.83974600542447,0.2599111017692763
8862,79.83498935415189,0.247483491897583,79.83974546867753,0.2599096994210624
8863,79.83498935415189,0.2448096275329589,79.83974493205173,0.25990799570088996
8864,79.83498935415189,0.2187006473541259,79.839744395547,0.2599033468574393
8865,79.84386089425124,0.2858767509460449,79.83974485990105,0.2599062767394572
8866,79.83498935415189,0.3227269649505615,79.83974432352548,0.25991336231223083
8867,79.84386089425124,0.244983434677124,79.83974478778292,0.2599116785491052
8868,79.83498935415189,0.2420620918273925,79.83974425153646,0.2599096657404988
8869,79.84386089425124,0.3188526630401611,79.83974471569732,0.259916311698025
8870,79.83498935415189,0.2187762260437011,79.8397441795799,0.25991167358239314
8871,79.84386089425124,0.2421624660491943,79.83974464364421,0.2599096727699105
8872,79.83498935415189,0.2097780704498291,79.83974410765576,0.2599040222286211
8873,79.84386089425124,0.2845802307128906,79.8397445716236,0.2599068032731927
8874,79.83498935415189,0.4108057022094726,79.83974403576406,0.2599238078820429
8875,79.84386089425124,0.2611067295074463,79.83974449963544,0.2599239411689866
8876,79.83498935415189,0.2638256549835205,79.83974396390475,0.259924380749182
8877,79.84386089425124,0.2568478584289551,79.83974442767972,0.25992403417688054
8878,79.83498935415189,0.2482054233551025,79.83974389207783,0.25992271421621127
8879,79.86160397444996,0.2366600036621093,79.83974635407607,0.25992009424655765
8880,79.83498935415189,0.330801248550415,79.83974581837788,0.2599280763585288
8881,79.84386089425124,0.3097996711730957,79.83974628173515,0.2599336918967356
8882,79.84386089425124,0.2257783412933349,79.83974674498806,0.2599298464395634
8883,79.83498935415189,0.2448287010192871,79.83974620942678,0.2599281464344503
8884,79.84386089425124,0.2731544971466064,79.83974667258356,0.2599296352177362
8885,79.83498935415189,0.2263906002044677,79.83974613715098,0.2599258604248253
8886,79.84386089425124,0.2323160171508789,79.83974660021164,0.2599227533076439
8887,79.83498935415189,0.205378770828247,79.83974606490771,0.2599166158053957
8888,79.83498935415189,0.2344152927398681,79.83974552972423,0.2599137466196323
8889,79.83498935415189,0.2658538818359375,79.83974499466116,0.2599144148764909
8890,79.83498935415189,0.211235761642456,79.83974445971847,0.2599089392124601
8891,79.84386089425124,0.2429568767547607,79.8397449227074,0.259907032558264
8892,79.83498935415189,0.2205095291137695,79.8397443878931,0.2599026018898604
8893,79.83498935415189,0.2386777400970459,79.83974385319911,0.25990021519675427
8894,79.83498935415189,0.2949638366699219,79.83974331862534,0.25990415758729546
8895,79.84386089425124,0.2310671806335449,79.83974378153435,0.25990091565621576
8896,79.83498935415189,0.2417910099029541,79.83974324708882,0.25989887992040717
8897,79.83498935415189,0.2327165603637695,79.83974271276344,0.25989582469734807
8898,79.83498935415189,0.2609815597534179,79.83974217855815,0.2598959467174713
8899,79.86160397444996,0.3028490543365478,79.83974463521574,0.2599007734516683
8900,79.84386089425124,0.2489116191864013,79.83974509771676,0.25989953871523397
8901,79.83498935415189,0.2960972785949707,79.83974456342358,0.25990360542008506
8902,79.84386089425124,0.231804609298706,79.83974502582873,0.25990044893883124
8903,79.84386089425124,0.283841609954834,79.83974548813003,0.2599031380504808
8904,79.83498935415189,0.2230589389801025,79.83974495397302,0.2598990001125798
8905,79.83498935415189,0.2257912158966064,79.83974441993598,0.25989516992906314
8906,79.86160397444996,0.227288007736206,79.839746874411,0.2598915086712378
8907,79.83498935415189,0.1789186000823974,79.83974634027827,0.2598824177417903
8908,79.84386089425124,0.2522048950195312,79.83974680217251,0.25988155587350087
8909,79.83498935415189,0.1963627338409423,79.83974626816779,0.2598744261370509
8910,79.83498935415189,0.2188255786895752,79.83974573428294,0.25986981908346535
8911,79.84386089425124,0.2269048690795898,79.83974619608969,0.2598661197287348
8912,79.83498935415189,0.2572083473205566,79.83974566233273,0.2598658215047213
8913,79.84386089425124,0.2225642204284668,79.83974612404393,0.2598616364266246
8914,79.83498935415189,0.2456743717193603,79.83974559041482,0.2598600448555333
8915,79.84386089425124,0.2398133277893066,79.83974605203049,0.2598577962052735
8916,79.83498935415189,0.2740786075592041,79.83974551852916,0.25985939118187223
8917,79.83498935415189,0.2309980392456054,79.83974498514749,0.259856154515736
8918,79.84386089425124,0.2208521366119384,79.83974544667575,0.25985178088735483
8919,79.83498935415189,0.2743282318115234,79.83974491342174,0.25985340398982415
8920,79.84386089425124,0.3109822273254394,79.83974537485456,0.2598591359206914
8921,79.84386089425124,0.2676742076873779,79.83974583618394,0.25986001195160346
8922,79.83498935415189,0.3766167163848877,79.83974530306557,0.2598730983340775
8923,79.84386089425124,0.273160457611084,79.8397457642996,0.2598745874475233
8924,79.83498935415189,0.2273509502410888,79.83974523130875,0.25987094293416535
8925,79.83498935415189,0.2540762424468994,79.83974469843737,0.2598702936680043
8926,79.83498935415189,0.2338294982910156,79.83974416568537,0.2598673762587082
8927,79.84386089425124,0.2452044486999511,79.83974462684013,0.2598657337217351
8928,79.83498935415189,0.2627778053283691,79.8397440942155,0.25986605989463013
8929,79.83498935415189,0.2523379325866699,79.83974356171016,0.2598652167848409
8930,79.83498935415189,0.2033753395080566,79.8397430293241,0.25985889093072256
8931,79.83498935415189,0.2599401473999023,79.83974249705726,0.2598589000289724
8932,79.84386089425124,0.274843692779541,79.83974295814068,0.25986057768154186
8933,79.83498935415189,0.2137057781219482,79.83974242600097,0.2598554109067115
8934,79.83498935415189,0.2538316249847412,79.83974189398039,0.25985473665263475
8935,79.83498935415189,0.2554659843444824,79.8397413620789,0.2598542454660306
8936,79.83498935415189,0.2770729064941406,79.83974083029645,0.2598561723528958
8937,79.84386089425124,0.2432808876037597,79.83974129130841,0.2598543176718229
8938,79.84386089425124,0.2425801753997802,79.83974175221722,0.2598523850087806
8939,79.84386089425124,0.2809634208679199,79.8397422130229,0.2598547466863574
8940,79.83498935415189,0.2604103088378906,79.8397416813832,0.2598548088297748
8941,79.83498935415189,0.2416143417358398,79.83974114986243,0.25985276873726904
8942,79.83498935415189,0.2655572891235351,79.83974061846054,0.2598534066840803
8943,79.84386089425124,0.2465677261352539,79.83974107918688,0.25985192108858113
8944,79.83498935415189,0.213881254196167,79.83974054791172,0.25984678125552074
8945,79.83498935415189,0.3177437782287597,79.83974001675534,0.2598532538096821
8946,79.83498935415189,0.2478601932525634,79.83973948571771,0.25985191320376244
8947,79.83498935415189,0.2387785911560058,79.8397389547988,0.2598495578531368
8948,79.84386089425124,0.254948616027832,79.83973941545362,0.25984901013947725
8949,79.84386089425124,0.2344660758972168,79.83973987600551,0.25984617374052293
8950,79.83498935415189,0.2302548885345459,79.83973934522093,0.2598428674516731
8951,79.84386089425124,0.2698020935058594,79.83973980567775,0.2598439800900436
8952,79.84386089425124,0.2470984458923339,79.8397402660317,0.25984255632616987
8953,79.84386089425124,0.2071547508239746,79.83974072628281,0.2598366713931304
8954,79.84386089425124,0.2284574508666992,79.83974118643111,0.2598331669012244
8955,79.83498935415189,0.2180414199829101,79.83974065579658,0.2598285000394803
8956,79.87047551454933,0.224858283996582,79.83974408755839,0.25982459537042685
8957,79.83498935415189,0.2197721004486084,79.83974355671843,0.25982012372870283
8958,79.83498935415189,0.2086725234985351,79.83974302599701,0.25981441401668787
8959,79.83498935415189,0.2185802459716797,79.83974249539405,0.2598098114753278
8960,79.83498935415189,0.2161023616790771,79.83974196490954,0.25980493341173444
8961,79.83498935415189,0.2654414176940918,79.83974143454341,0.2598055624134399
8962,79.83498935415189,0.2318751811981201,79.83974090429565,0.2598024458790485
8963,79.83498935415189,0.2396392822265625,79.83974037416623,0.25980019627917655
8964,79.84386089425124,0.2529935836791992,79.83974083384048,0.25979943695157726
8965,79.83498935415189,0.2314112186431884,79.83974030383716,0.25979627039069514
8966,79.84386089425124,0.2398486137390136,79.83974076341673,0.25979404557955843
8967,79.84386089425124,0.2329189777374267,79.83974122289379,0.25979104847151313
8968,79.83498935415189,0.286553144454956,79.83974069302438,0.2597940326481393
8969,79.83498935415189,0.3237960338592529,79.83974016327315,0.2598011685608621
8970,79.84386089425124,0.3353574275970459,79.83974062266344,0.259809591778146
8971,79.83498935415189,0.3402063846588135,79.83974009303815,0.25981855363221806
8972,79.83498935415189,0.3038961887359619,79.83973956353091,0.259823466431494
8973,79.83498935415189,0.2257773876190185,79.8397390341417,0.2598196721510067
8974,79.84386089425124,0.2747554779052734,79.83973949345305,0.25982133649307876
8975,79.83498935415189,0.3108983039855957,79.83973896418962,0.2598270275200974
8976,79.84386089425124,0.2598466873168945,79.83973942340641,0.25982702971036
8977,79.83498935415189,0.2789416313171386,79.8397388942687,0.25982915899649195
8978,79.83498935415189,0.2246432304382324,79.83973836524886,0.2598252398687844
8979,79.84386089425124,0.2149262428283691,79.83973882437894,0.25982023942363014
8980,79.84386089425124,0.2118506431579589,79.83973928340676,0.2598148975977653
8981,79.83498935415189,0.2199213504791259,79.8397387545203,0.25981045560387617
8982,79.83498935415189,0.2589423656463623,79.8397382257516,0.25981035895614096
8983,79.83498935415189,0.2129662036895752,79.83973769710065,0.25980514419990514
8984,79.84386089425124,0.2779178619384765,79.83973815604956,0.259807160308291
8985,79.83498935415189,0.2427923679351806,79.83973762752403,0.25980526661965736
8986,79.83498935415189,0.2527670860290527,79.83973709911614,0.25980448338122086
8987,79.84386089425124,0.2430911064147949,79.83973755797838,0.25980262365306167
8988,79.83498935415189,0.2134828567504882,79.8397370296958,0.25979747014094523
8989,79.84386089425124,0.2308173179626464,79.83973748846368,0.2597942461836443
8990,79.83498935415189,0.2827746868133545,79.83973696030637,0.25979680240618375
8991,79.83498935415189,0.2918305397033691,79.83973643226653,0.2598003652731949
8992,79.83498935415189,0.2538397312164306,79.83973590434414,0.2597997023912936
8993,79.83498935415189,0.2997674942016601,79.83973537653915,0.2598041467137455
8994,79.84386089425124,0.2459287643432617,79.8397358352358,0.25980260397610144
8995,79.84386089425124,0.2529056072235107,79.83973629383047,0.2598018372171518
8996,79.83498935415189,0.2434847354888916,79.8397357661582,0.25980002339970754
8997,79.83498935415189,0.3159558773040771,79.83973523860324,0.2598062650195702
8998,79.83498935415189,0.246185302734375,79.83973471116553,0.25980475124292146
8999,79.83498935415189,0.2264058589935302,79.83973418384504,0.25980103984251596
9000,79.84386089425124,0.22784423828125,79.83973464236841,0.2597974890867869
9001,79.83498935415189,0.2730312347412109,79.83973411517275,0.2597989593396093
9002,79.84386089425124,0.255828857421875,79.83973457360187,0.2597985183151794
9003,79.84386089425124,0.2449293136596679,79.83973503192917,0.2597968667318566
9004,79.84386089425124,0.2283802032470703,79.83973549015465,0.25979337754222037
9005,79.86160397444996,0.2031724452972412,79.83973791863708,0.2597870898207051
9006,79.84386089425124,0.2216987609863281,79.83973837644028,0.25978286060364597
9007,79.84386089425124,0.2283306121826172,79.83973883414183,0.25977936862536005
9008,79.84386089425124,0.2259304523468017,79.83973929174175,0.2597756109747963
9009,79.83498935415189,0.2895569801330566,79.83973876449814,0.2597789167100786
9010,79.83498935415189,0.299917459487915,79.83973823737158,0.25978337159828924
9011,79.83498935415189,0.2457220554351806,79.839737710362,0.25978181113705706
9012,79.84386089425124,0.2527775764465332,79.83973816788351,0.2597810339250408
9013,79.83498935415189,0.2386682033538818,79.83973764099859,0.2597786914385689
9014,79.84386089425124,0.2748196125030517,79.8397380984263,0.25978036005639277
9015,79.83498935415189,0.221102237701416,79.83973757166596,0.25977606963793964
9016,79.84386089425124,0.348872423171997,79.83973802899988,0.2597859516647292
9017,79.84386089425124,0.229133129119873,79.83973848623235,0.259782552216737
9018,79.83498935415189,0.2213189601898193,79.83973795960426,0.2597782870146937
9019,79.84386089425124,0.2779343128204345,79.83973841674303,0.25978030010104536
9020,79.83498935415189,0.2399816513061523,79.83973789023942,0.25977810512889515
9021,79.83498935415189,0.2217350006103515,79.83973736385254,0.2597738879573489
9022,79.83498935415189,0.2358293533325195,79.83973683758234,0.259771233941097
9023,79.83498935415189,0.2420039176940918,79.8397363114288,0.2597692648270277
9024,79.84386089425124,0.279714822769165,79.83973676849692,0.259771475106055
9025,79.84386089425124,0.2305002212524414,79.83973722546375,0.25976823175382746
9026,79.83498935415189,0.2976925373077392,79.83973669944211,0.2597724334273876
9027,79.83498935415189,0.2764501571655273,79.83973617353702,0.25977428096518956
9028,79.83498935415189,0.2244794368743896,79.83973564774843,0.25977037147869303
9029,79.83498935415189,0.1928460597991943,79.8397351220763,0.25976295932765975
9030,79.83498935415189,0.2769143581390381,79.8397345965206,0.25976485870737304
9031,79.84386089425124,0.2388379573822021,79.83973505342435,0.25976254147768363
9032,79.84386089425124,0.2438077926635742,79.83973551022692,0.2597607750085944
9033,79.83498935415189,0.2706594467163086,79.83973498480279,0.2597619815481391
9034,79.84386089425124,0.2330150604248047,79.83973544151182,0.2597590208528631
9035,79.84386089425124,0.221830129623413,79.83973589811976,0.2597548228571543
9036,79.84386089425124,0.2778422832489013,79.83973635462662,0.2597568245681317
9037,79.84386089425124,0.2800111770629883,79.83973681103247,0.25975906583763425
9038,79.84386089425124,0.2907774448394775,79.83973726733731,0.25976249783354066
9039,79.84386089425124,0.273850679397583,79.83973772354119,0.2597640564331163
9040,79.84386089425124,0.3087561130523681,79.83973817964414,0.259769475908406
9041,79.83498935415189,0.3285882472991943,79.8397376543897,0.2597770877623371
9042,79.83498935415189,0.2834913730621338,79.83973712925142,0.25977971044374604
9043,79.84386089425124,0.2657690048217773,79.83973758526878,0.25978037275651594
9044,79.84386089425124,0.239959716796875,79.83973804118529,0.25977818117580387
9045,79.84386089425124,0.2345361709594726,79.839738497001,0.2597753904615732
9046,79.84386089425124,0.2547707557678222,79.83973895271592,0.2597748372187373
9047,79.83498935415189,0.2516727447509765,79.83973842772436,0.2597739416630318
9048,79.83498935415189,0.2529988288879394,79.83973790284885,0.25977319286630596
9049,79.83498935415189,0.2948262691497803,79.83973737808935,0.2597770665624363
9050,79.84386089425124,0.2256062030792236,79.83973783372649,0.2597732907764161
9051,79.83498935415189,0.285987377166748,79.83973730909058,0.2597761870405184
9052,79.83498935415189,0.2399697303771972,79.83973678457059,0.2597739989653236
9053,79.86160397444996,0.2508392333984375,79.83973920003396,0.2597730120255725
9054,79.83498935415189,0.3705899715423584,79.83973867542099,0.25978525158372545
9055,79.83498935415189,0.2155103683471679,79.83973815092388,0.25978036203284344
9056,79.84386089425124,0.2220537662506103,79.83973860617381,0.25977619611016434
9057,79.83498935415189,0.246448278427124,79.83973808180016,0.2597747245503009
9058,79.83498935415189,0.2917940616607666,79.8397375575423,0.2597782594738061
9059,79.83498935415189,0.2225573062896728,79.8397370334002,0.25977415074732596
9060,79.84386089425124,0.2529520988464355,79.83973748857247,0.2597733977614649
9061,79.84386089425124,0.2504429817199707,79.83973794364428,0.25977236802787684
9062,79.83498935415189,0.3458502292633056,79.83973741963307,0.25978186679870396
9063,79.84386089425124,0.2362511157989502,79.83973787461206,0.25977927044528903
9064,79.84386089425124,0.2807865142822265,79.83973832949066,0.25978158810237606
9065,79.83498935415189,0.302821397781372,79.83973780561031,0.25978633601298595
9066,79.83498935415189,0.2976548671722412,79.83973728184553,0.2597905129963479
9067,79.83498935415189,0.2387275695800781,79.83973675819628,0.2597881899629944
9068,79.84386089425124,0.2758862972259521,79.83973721299735,0.2597899652284623
9069,79.83498935415189,0.2425494194030761,79.83973668947117,0.25978806418691136
9070,79.84386089425124,0.2486326694488525,79.83973714417952,0.25978683426466903
9071,79.83498935415189,0.2408890724182129,79.83973662077636,0.2597847509484033
9072,79.84386089425124,0.2228641510009765,79.83973707539204,0.2597806812173685
9073,79.83498935415189,0.2448012828826904,79.83973655211184,0.25977903023110877
9074,79.83498935415189,0.2695040702819824,79.83973602894697,0.2597801019789654
9075,79.83498935415189,0.2814915180206299,79.83973550589741,0.2597824944215044
9076,79.86160397444996,0.2180955410003662,79.83973791538051,0.2597779013239481
9077,79.86160397444996,0.2725367546081543,79.83974032433271,0.2597793069484148
9078,79.83498935415189,0.2668459415435791,79.83973980098283,0.2597800853835982
9079,79.83498935415189,0.229682445526123,79.83973927774824,0.259776770300455
9080,79.83498935415189,0.2998323440551758,79.8397387546289,0.25978118170725617
9081,79.83498935415189,0.2419030666351318,79.83973823162476,0.2597792129686732
9082,79.84386089425124,0.2449476718902588,79.83973868556251,0.259777579898746
9083,79.83498935415189,0.2859809398651123,79.83973816268114,0.25978046477818745
9084,79.84386089425124,0.2513089179992676,79.83973861652653,0.2597795321992818
9085,79.84386089425124,0.2416269779205322,79.83973907027202,0.2597775341195593
9086,79.84386089425124,0.2697758674621582,79.83973952391761,0.25977863453044886
9087,79.84386089425124,0.2640423774719238,79.83973997746337,0.25977910374393426
9088,79.87047551454933,0.2218837738037109,79.83974335945469,0.2597749339232982
9089,79.83498935415189,0.2613623142242431,79.83974283640427,0.2597751085718075
9090,79.83498935415189,0.2079696655273437,79.83974231346892,0.25976940940315574
9091,79.83498935415189,0.2194263935089111,79.83974179064862,0.2597649717157842
9092,79.83498935415189,0.2599010467529297,79.83974126794332,0.25976498668224235
9093,79.83498935415189,0.2729353904724121,79.83974074535301,0.2597664350935247
9094,79.83498935415189,0.2688448429107666,79.83974022287761,0.2597674333789675
9095,79.83498935415189,0.2381298542022705,79.83973970051711,0.2597650543158365
9096,79.86160397444996,0.2697906494140625,79.83974210424117,0.2597661565140663
9097,79.84386089425124,0.2238860130310058,79.83974255700471,0.2597622123408792
9098,79.84386089425124,0.2258265018463134,79.83974300966872,0.2597584823221394
9099,79.83498935415189,0.2048428058624267,79.83974248723158,0.259752446969193
9100,79.84386089425124,0.2078497409820556,79.83974293980378,0.25974674337512843
9101,79.83498935415189,0.201533555984497,79.83974241748912,0.2597403470244647
9102,79.83498935415189,0.2330014705657959,79.83974189528924,0.25973740933203904
9103,79.84386089425124,0.2859437465667724,79.8397423477773,0.25974028820024014
9104,79.83498935415189,0.2930254936218261,79.8397418256998,0.25974394430804126
9105,79.84386089425124,0.2899110317230224,79.83974227809613,0.2597472575521286
9106,79.83498935415189,0.3160881996154785,79.83974175614092,0.25975344478494905
9107,79.83498935415189,0.2520310878753662,79.83974123430036,0.2597525968265753
9108,79.84386089425124,0.4748783111572265,79.83974168661261,0.25977621625063446
9109,79.83498935415189,0.2462332248687744,79.83974116489426,0.25977472948025554
9110,79.83498935415189,0.254744291305542,79.83974064329044,0.25977417729165236
9111,79.83498935415189,0.283414363861084,79.83974012180113,0.2597767719779184
9112,79.83498935415189,0.242762804031372,79.83973960042627,0.2597749047733588
9113,79.83498935415189,0.3128345012664795,79.83973907916584,0.25978072718052364
9114,79.84386089425124,0.3640077114105224,79.83973953141678,0.25979216310154957
9115,79.83498935415189,0.2668659687042236,79.8397390102783,0.2597929391636014
9116,79.83498935415189,0.2688910961151123,79.83973848925415,0.2597939372062683
9117,79.83498935415189,0.2969167232513428,79.8397379683443,0.2597980090266089
9118,79.84386089425124,0.2809491157531738,79.83973842051866,0.259800328735616
9119,79.84386089425124,0.2769563198089599,79.83973887259386,0.25980221008127596
9120,79.83498935415189,0.2058455944061279,79.83973835181332,0.2597962937856975
9121,79.84386089425124,0.3118464946746826,79.83973880379692,0.2598020004188396
9122,79.83498935415189,0.2351105213165283,79.8397382831381,0.2597992936134129
9123,79.84386089425124,0.2433478832244873,79.83973873503014,0.25979749032388216
9124,79.84386089425124,0.1909437179565429,79.83973918682312,0.2597899438779849
9125,79.83498935415189,0.2429301738739013,79.83973866629351,0.259788096231957
9126,79.84386089425124,0.2751190662384033,79.83973911799502,0.259789776154158
9127,79.84386089425124,0.2961874008178711,79.83973956959754,0.25979376406088134
9128,79.83498935415189,0.2150993347167968,79.83973904919708,0.2597888676510058
9129,79.84386089425124,0.2688689231872558,79.83973950070819,0.2597898622895791
9130,79.83498935415189,0.3018732070922851,79.83973898042927,0.2597944716373122
9131,79.84386089425124,0.3013076782226562,79.83973943184903,0.25979901804039895
9132,79.84386089425124,0.244063138961792,79.83973988316991,0.2597972948823746
9133,79.83498935415189,0.2687296867370605,79.83973936302002,0.25979827291717744
9134,79.83498935415189,0.2958471775054931,79.839738842984,0.2598022195894556
9135,79.84386089425124,0.2264754772186279,79.83973929422115,0.25979857134179596
9136,79.84386089425124,0.2307202816009521,79.8397397453595,0.2597953885167367
9137,79.84386089425124,0.3085541725158691,79.83974019639909,0.2598007249273747
9138,79.84386089425124,0.2398185729980468,79.83974064733998,0.259798538217818
9139,79.84386089425124,0.2964286804199219,79.83974109818219,0.2598025463305439
9140,79.83498935415189,0.2717761993408203,79.83974057829771,0.25980385635822556
9141,79.84386089425124,0.2763538360595703,79.83974102904882,0.2598056668800176
9142,79.84386089425124,0.2748100757598877,79.83974147970133,0.2598073081411071
9143,79.83498935415189,0.2921674251556396,79.83974095994571,0.2598108474736035
9144,79.83498935415189,0.2178308963775634,79.83974044030379,0.25980625649032524
9145,79.83498935415189,0.3118469715118408,79.8397399207755,0.2598119471097918
9146,79.83498935415189,0.2096829414367675,79.83973940136082,0.2598064661338818
9147,79.84386089425124,0.2195291519165039,79.83973985194493,0.25980206279790086
9148,79.86160397444996,0.25527024269104,79.83974224198893,0.2598015674087331
9149,79.83498935415189,0.2460627555847168,79.83974172249086,0.2598000657351268
9150,79.83498935415189,0.3210275173187256,79.83974120310634,0.25980675725989005
9151,79.84386089425124,0.2431232929229736,79.8397416532966,0.2598049341297035
9152,79.83498935415189,0.2696702480316162,79.83974113403315,0.25980601207047077
9153,79.84386089425124,0.3676340579986572,79.83974158413258,0.25981779269386507
9154,79.84386089425124,0.248521089553833,79.83974203413368,0.25981655862098546
9155,79.83498935415189,0.2997004985809326,79.83974151499878,0.25982091514091554
9156,79.83498935415189,0.3085510730743408,79.83974099597728,0.25982623735126215
9157,79.83498935415189,0.2829833030700683,79.83974047706914,0.25982876624344503
9158,79.83498935415189,0.2526602745056152,79.83973995827432,0.25982798348610303
9159,79.83498935415189,0.2163915634155273,79.83973943959279,0.25982324100110793
9160,79.84386089425124,0.2490003108978271,79.83973988953325,0.2598220594585202
9161,79.83498935415189,0.2111878395080566,79.83973937097247,0.2598167506254288
9162,79.84386089425124,0.2927134037017822,79.83973982082219,0.2598203411791372
9163,79.86160397444996,0.242659330368042,79.83974220695704,0.2598184683197231
9164,79.83498935415189,0.2418935298919677,79.83974168831314,0.25981651230287156
9165,79.83498935415189,0.2167036533355713,79.8397411697824,0.2598118082266067
9166,79.83498935415189,0.2827630043029785,79.8397406513648,0.2598143121755568
9167,79.83498935415189,0.2328052520751953,79.83974013306032,0.2598113658397762
9168,79.83498935415189,0.2409501075744629,79.8397396148689,0.259809308547208
9169,79.83498935415189,0.2637948989868164,79.83973909679051,0.2598097432282463
9170,79.83498935415189,0.2596573829650879,79.83973857882512,0.2598097266131685
9171,79.84386089425124,0.2867486476898193,79.83973902831977,0.25981266401596825
9172,79.84386089425124,0.2307989597320556,79.83973947771639,0.259809500725052
9173,79.84386089425124,0.2496635913848877,79.83973992701505,0.259808394662767
9174,79.83498935415189,0.2580375671386719,79.83973940918499,0.259808201636004
9175,79.83498935415189,0.2972989082336426,79.83973889146782,0.2598122878165596
9176,79.84386089425124,0.2263469696044922,79.83973934068347,0.2598086407679314
9177,79.84386089425124,0.2905659675598144,79.8397397898012,0.2598119923345427
9178,79.83498935415189,0.2297852039337158,79.83973927221179,0.2598087207297921
9179,79.84386089425124,0.2538998126983642,79.83973972123913,0.25980807698776887
9180,79.83498935415189,0.246497631072998,79.83973920376995,0.25980662704812674
9181,79.83498935415189,0.2708511352539062,79.83973868641348,0.2598078300225528
9182,79.83498935415189,0.2378361225128173,79.83973816916972,0.25980543711169357
9183,79.83498935415189,0.2091751098632812,79.83973765203861,0.2597999236272932
9184,79.84386089425124,0.219043493270874,79.8397381009979,0.2597954858626638
9185,79.84386089425124,0.2510364055633545,79.83973854985943,0.2597945322338887
9186,79.83498935415189,0.2646479606628418,79.83973803285576,0.25979506058446883
9187,79.84386089425124,0.2263996601104736,79.839738481627,0.25979142551312084
9188,79.83498935415189,0.2373921871185302,79.83973796474329,0.2597889876334523
9189,79.83498935415189,0.2388031482696533,79.83973744797208,0.25978670383332564
9190,79.84386089425124,0.2479951381683349,79.83973789666047,0.2597854207467462
9191,79.84386089425124,0.2766246795654297,79.83973834525122,0.2597872528932829
9192,79.83498935415189,0.2538776397705078,79.83973782860727,0.2597866099849797
9193,79.84386089425124,0.2354316711425781,79.83973827710783,0.25978396069325316
9194,79.84386089425124,0.2075729370117187,79.83973872551083,0.2597782818784085
9195,79.83498935415189,0.2246191501617431,79.83973820899409,0.25977445815554645
9196,79.83498935415189,0.2489092350006103,79.83973769258968,0.2597732766393269
9197,79.83498935415189,0.2087213993072509,79.83973717629759,0.25976772571214063
9198,79.84386089425124,0.2609119415283203,79.83973762462526,0.2597678501104681
9199,79.83498935415189,0.262857437133789,79.8397371084528,0.25976818597165124
9200,79.83498935415189,0.2685773372650146,79.83973659239254,0.25976914348809615
9201,79.84386089425124,0.3659741878509521,79.83973704063749,0.2597806862600082
9202,79.83498935415189,0.270810604095459,79.83973652469678,0.2597818849035461
9203,79.84386089425124,0.2442550659179687,79.83973697285167,0.2597801977559871
9204,79.83498935415189,0.2393896579742431,79.83973645703043,0.2597779823561846
9205,79.84386089425124,0.2965703010559082,79.83973690509531,0.259781979348982
9206,79.83498935415189,0.2282674312591552,79.83973638939348,0.2597785560871864
9207,79.83498935415189,0.2478926181793213,79.83973587380368,0.25977726511967175
9208,79.86160397444996,0.2449250221252441,79.83973824870601,0.25977565214801723
9209,79.84386089425124,0.2415792942047119,79.83973869638172,0.2597736762160004
9210,79.83498935415189,0.2277870178222656,79.83973818070938,0.25977020318034416
9211,79.83498935415189,0.2946107387542724,79.839737665149,0.25977398567253546
9212,79.83498935415189,0.2754385471343994,79.83973714970057,0.25977568612427904
9213,79.83498935415189,0.2436025142669677,79.83973663436402,0.25977393065137583
9214,79.84386089425124,0.2098314762115478,79.83973708197199,0.2597685103719706
9215,79.83498935415189,0.3009867668151855,79.83973656675464,0.259772983324379
9216,79.83498935415189,0.5049088001251221,79.83973605164911,0.2597995822628339
9217,79.84386089425124,0.2668828964233398,79.8397364991746,0.25980035076822183
9218,79.84386089425124,0.2747802734375,79.83973694660301,0.2598019758411953
9219,79.86160397444996,0.2457742691040039,79.83973931855527,0.25980045423291487
9220,79.83498935415189,0.2698509693145752,79.83973880337476,0.25980154431047253
9221,79.84386089425124,0.2718570232391357,79.8397392504077,0.2598028517043483
9222,79.84386089425124,0.287858247756958,79.8397396973437,0.25980589392903414
9223,79.83498935415189,0.2288095951080322,79.83973918228969,0.2598025331680213
9224,79.84386089425124,0.2514333724975586,79.83973962913616,0.25980162584357747
9225,79.83498935415189,0.2694554328918457,79.83973911420121,0.2598026723267263
9226,79.83498935415189,0.2518343925476074,79.83973859937787,0.25980180865018404
9227,79.83498935415189,0.2529282569885254,79.83973808466612,0.2598010637112373
9228,79.84386089425124,0.2338435649871826,79.83973853143786,0.2597982508050036
9229,79.83498935415189,0.321843147277832,79.83973801684502,0.2598049736239952
9230,79.83498935415189,0.2243373394012451,79.83973750236369,0.2598011309767338
9231,79.83498935415189,0.3089566230773926,79.83973698799382,0.25980645602191854
9232,79.83498935415189,0.2506303787231445,79.83973647373539,0.2598054620794035
9233,79.83498935415189,0.2310287952423095,79.83973595958835,0.25980234536036995
9234,79.83498935415189,0.2554538249969482,79.83973544555268,0.2598018744354876
9235,79.84386089425124,0.2426190376281738,79.83973589227153,0.25980001381428486
9236,79.83498935415189,0.2985379695892334,79.83973537835445,0.2598042080494272
9237,79.83498935415189,0.3029348850250244,79.83973486454865,0.25980887738762964
9238,79.83498935415189,0.2079050540924072,79.83973435085407,0.25980325887460787
9239,79.84386089425124,0.2186439037322998,79.83973479749801,0.2597988039168048
9240,79.83498935415189,0.2269048690795898,79.8397342839219,0.2597952439671471
9241,79.83498935415189,0.208836555480957,79.83973377045692,0.2597897295543686
9242,79.83498935415189,0.2868320941925049,79.83973325710306,0.2597926555838685
9243,79.83498935415189,0.2348477840423584,79.8397327438603,0.2597899567986752
9244,79.83498935415189,0.235903263092041,79.83973223072856,0.25978737277728764
9245,79.84386089425124,0.5209155082702637,79.83973267731196,0.25981561811373904
9246,79.84386089425124,0.2591216564178467,79.83973312379875,0.2598155430583966
9247,79.84386089425124,0.2651722431182861,79.83973357018897,0.2598161223489838
9248,79.83498935415189,0.2848227024078369,79.83973305718983,0.2598188263476926
9249,79.84386089425124,0.2577364444732666,79.83973350349073,0.25981860120098765
9250,79.83498935415189,0.317908763885498,79.83973299060972,0.25982488121857517
9251,79.83498935415189,0.250870943069458,79.83973247783959,0.25982391332989835
9252,79.84386089425124,0.2717275619506836,79.8397329240584,0.2598251999326459
9253,79.83498935415189,0.2754940986633301,79.83973241140629,0.25982689331843767
9254,79.83498935415189,0.2237052917480468,79.83973189886498,0.2598229899683652
9255,79.84386089425124,0.2658224105834961,79.83973234500169,0.25982363820398
9256,79.83498935415189,0.2579221725463867,79.83973183257831,0.25982343277337744
9257,79.83498935415189,0.216841459274292,79.83973132026564,0.25981878958730215
9258,79.84386089425124,0.2298550605773925,79.83973176632028,0.25981555306440196
9259,79.83498935415189,0.2669734954833984,79.83973125412543,0.25981632614382943
9260,79.83498935415189,0.2438411712646484,79.8397307420412,0.25981460096511677
9261,79.84386089425124,0.3666141033172607,79.83973118801379,0.2598261331433213
9262,79.84386089425124,0.2210795879364013,79.83973163389008,0.25982194975472195
9263,79.83498935415189,0.2628021240234375,79.8397311219307,0.2598222714835645
9264,79.83498935415189,0.2461092472076416,79.83973061008184,0.2598207912348301
9265,79.84386089425124,0.2078604698181152,79.83973105587613,0.2598151829972244
9266,79.84386089425124,0.2031078338623047,79.8397315015742,0.259809063058833
9267,79.84386089425124,0.3158133029937744,79.83973194717608,0.2598151064644588
9268,79.83498935415189,0.2498493194580078,79.8397314354591,0.25981403117453583
9269,79.84386089425124,0.2358779907226562,79.83973188097197,0.2598114487988263
9270,79.84386089425124,0.2657790184020996,79.83973232638871,0.25981209254959253
9271,79.84386089425124,0.2986397743225097,79.83973277170936,0.2598162806287397
9272,79.84386089425124,0.2716901302337646,79.83973321693396,0.25981756124237265
9273,79.83498935415189,0.2388472557067871,79.83973270535597,0.25981529980534734
9274,79.83498935415189,0.2526063919067383,79.8397321938883,0.259814522480795
9275,79.83498935415189,0.2447931766510009,79.8397316825309,0.259812902928684
9276,79.83498935415189,0.3217949867248535,79.83973117128377,0.25981958491270685
9277,79.83498935415189,0.2789468765258789,79.83973066014686,0.25982164670979785
9278,79.84386089425124,0.2870581150054931,79.83973110531112,0.25982458230672556
9279,79.83498935415189,0.3019895553588867,79.8397305942915,0.2598291264357322
9280,79.84386089425124,0.2680099010467529,79.83973103936691,0.25983000798472045
9281,79.83498935415189,0.2689883708953857,79.8397305284645,0.25983099477094074
9282,79.84386089425124,0.2498278617858886,79.83973097345111,0.2598299170793888
9283,79.83498935415189,0.236506700515747,79.83973046266588,0.2598274046139613
9284,79.83498935415189,0.2179100513458252,79.83972995199069,0.25982288960391514
9285,79.83498935415189,0.2838330268859863,79.83972944142549,0.2598254755099229
9286,79.83498935415189,0.2507748603820801,79.83972893097025,0.25982450085828307
9287,79.83498935415189,0.2458436489105224,79.83972842062495,0.2598229954365163
9288,79.83498935415189,0.18585205078125,79.83972791038954,0.25981503129518824
9289,79.84386089425124,0.2278966903686523,79.83972835532266,0.25981159515126245
9290,79.84386089425124,0.3998558521270752,79.83972880016,0.25982666988290676
9291,79.83498935415189,0.2913055419921875,79.8397282900485,0.25983005798667486
9292,79.83498935415189,0.2310876846313476,79.83972778004679,0.2598269647480443
9293,79.83498935415189,0.2951724529266357,79.83972727015484,0.25983076820098505
9294,79.83498935415189,0.245438814163208,79.8397267603726,0.2598292196799997
9295,79.83498935415189,0.2457892894744873,79.83972625070007,0.259827709197998
9296,79.83498935415189,0.2427592277526855,79.83972574113719,0.2598258730876877
9297,79.83498935415189,0.2255392074584961,79.83972523168391,0.25982218515979383
9298,79.83498935415189,0.2900259494781494,79.83972472234024,0.25982543357497107
9299,79.84386089425124,0.3337850570678711,79.83972516713773,0.25983338707787385
9300,79.83498935415189,0.2211902141571045,79.83972465791052,0.2598292318979899
9301,79.84386089425124,0.2483663558959961,79.8397251026193,0.25982799946319773
9302,79.83498935415189,0.3081538677215576,79.83972459350852,0.25983319467586796
9303,79.83498935415189,0.2557885646820068,79.83972408450718,0.25983275990966415
9304,79.84386089425124,0.2438409328460693,79.83972452913419,0.259831041097641
9305,79.83498935415189,0.2535173892974853,79.83972402024918,0.2598303625751477
9306,79.83498935415189,0.2744452953338623,79.83972351147355,0.2598319330600777
9307,79.84386089425124,0.2885315418243408,79.8397239560188,0.2598350167184815
9308,79.83498935415189,0.2055552005767822,79.83972344735939,0.2598291851954753
9309,79.84386089425124,0.2328464984893798,79.83972389181602,0.2598262866363706
9310,79.83498935415189,0.2424163818359375,79.83972338327277,0.25982441661437267
9311,79.84386089425124,0.2300083637237548,79.83972382764082,0.25982121437477534
9312,79.83498935415189,0.1948385238647461,79.83972331921369,0.2598142359930625
9313,79.84386089425124,0.2579355239868164,79.83972376349318,0.2598140342630071
9314,79.84386089425124,0.1867372989654541,79.83972420767729,0.2598061883605701
9315,79.83498935415189,0.2726058959960937,79.8397236993731,0.25980756245693465
9316,79.83498935415189,0.2528085708618164,79.83972319117802,0.25980681116973037
9317,79.83498935415189,0.2778530120849609,79.83972268309205,0.25980874808085147
9318,79.84386089425124,0.2399418354034423,79.83972312720142,0.25980661598032806
9319,79.83498935415189,0.229851484298706,79.83972261923135,0.25980340156551085
9320,79.83498935415189,0.2174263000488281,79.83972211137029,0.25979885466620645
9321,79.83498935415189,0.2840793132781982,79.8397216036182,0.2598014595861305
9322,79.83498935415189,0.285886287689209,79.83972109597505,0.2598042577869568
9323,79.83498935415189,0.2225940227508545,79.8397205884408,0.25980026655719857
9324,79.83498935415189,0.2537779808044433,79.8397200810154,0.2597996206664057
9325,79.84386089425124,0.230931282043457,79.83972052507043,0.2597965248660172
9326,79.83498935415189,0.2167861461639404,79.83972001776067,0.25979191298753745
9327,79.83498935415189,0.2568755149841308,79.83971951055968,0.2597916003041448
9328,79.83498935415189,0.2378981113433838,79.83971900346744,0.25978925323200064
9329,79.83498935415189,0.2637820243835449,79.83971849648391,0.25978968122762197
9330,79.84386089425124,0.2667999267578125,79.8397189404708,0.2597904325937024
9331,79.84386089425124,0.2313323020935058,79.83971938436252,0.2597873827458297
9332,79.84386089425124,0.2296557426452636,79.83971982815913,0.25978415389455445
9333,79.83498935415189,0.2897927761077881,79.83971932130453,0.25978736921891027
9334,79.84386089425124,0.2462081909179687,79.83971976501279,0.25978591441086435
9335,79.84386089425124,0.2405316829681396,79.83972020862598,0.2597838518258142
9336,79.86160397444996,0.253824234008789,79.83972255264545,0.259783213477719
9337,79.87047551454933,0.3769235610961914,79.83972584631172,0.25979575930053345
9338,79.84386089425124,0.2497859001159668,79.83972628913116,0.2597946873515953
9339,79.87047551454933,0.2728292942047119,79.83972958169197,0.25979608306921526
9340,79.83498935415189,0.3069472312927246,79.83972907417296,0.25980113137202293
9341,79.83498935415189,0.2164053916931152,79.83972856676262,0.25979648564461916
9342,79.83498935415189,0.2488157749176025,79.8397280594609,0.25979531023135355
9343,79.83498935415189,0.2681589126586914,79.83972755226777,0.25979620540447007
9344,79.83498935415189,0.2502102851867676,79.83972704518322,0.2597951795140358
9345,79.83498935415189,0.2368171215057373,79.83972653820719,0.2597927206528257
9346,79.86160397444996,0.2787761688232422,79.83972887904136,0.2597947518370939
9347,79.84386089425124,0.2328524589538574,79.83972932110996,0.2597918693835919
9348,79.83498935415189,0.3114862442016601,79.83972881405316,0.25979739937661905
9349,79.83498935415189,0.2309293746948242,79.83972830710483,0.2597943115571002
9350,79.84386089425124,0.2789473533630371,79.83972874909276,0.2597963600107693
9351,79.83498935415189,0.2628750801086426,79.83972824225981,0.25979668925043325
9352,79.84386089425124,0.3029892444610595,79.83972868416014,0.25980130778713245
9353,79.83498935415189,0.2330725193023681,79.83972817744251,0.25979845001011065
9354,79.83498935415189,0.242805004119873,79.83972767083321,0.2597966333064662
9355,79.83498935415189,0.3067605495452881,79.83972716433223,0.2598016535006125
9356,79.83498935415189,0.2148537635803222,79.83972665793952,0.2597968493225535
9357,79.83498935415189,0.263897180557251,79.83972615165504,0.25979728753258174
9358,79.84386089425124,0.3317954540252685,79.83972659349546,0.25980498128835144
9359,79.84386089425124,0.2793328762054443,79.83972703524145,0.25980706782483154
9360,79.83498935415189,0.2163639068603515,79.83972652907893,0.2598024264614806
9361,79.86160397444996,0.267374038696289,79.83972886616316,0.2598032353079965
9362,79.84386089425124,0.2889366149902344,79.83972930752483,0.2598063471836301
9363,79.84386089425124,0.201061725616455,79.83972974879224,0.2598000730597844
9364,79.84386089425124,0.2948009967803955,79.8397301899654,0.2598038108773539
9365,79.83498935415189,0.2725138664245605,79.83972968373627,0.25980516806427834
9366,79.84386089425124,0.2368149757385254,79.83973012482215,0.25980271342063904
9367,79.83498935415189,0.223785400390625,79.83972961870806,0.25979886829274
9368,79.84386089425124,0.2659621238708496,79.83973005970672,0.2597995261979042
9369,79.83498935415189,0.2708184719085693,79.83972955370763,0.2598007023048218
9370,79.83498935415189,0.2575984001159668,79.83972904781653,0.25980046726723494
9371,79.83498935415189,0.2788715362548828,79.8397285420334,0.25980250238290964
9372,79.84386089425124,0.3157956600189209,79.83972898295873,0.25980847689823566
9373,79.84386089425124,0.2782695293426513,79.83972942378998,0.25981044649734425
9374,79.84386089425124,0.288062572479248,79.83972986452716,0.25981346037892966
9375,79.84386089425124,0.228823184967041,79.83973030517033,0.25981015474955244
9376,79.84386089425124,0.294560432434082,79.8397307457195,0.2598138610505
9377,79.84386089425124,0.2977991104125976,79.83973118617472,0.2598179119462409
9378,79.83498935415189,0.2679333686828613,79.8397306805411,0.25981877731804043
9379,79.83498935415189,0.2519209384918213,79.8397301750153,0.2598179352411851
9380,79.84386089425124,0.207923412322998,79.83973061539048,0.2598124027760552
9381,79.84386089425124,0.2714931964874267,79.83973105567178,0.2598136479304856
9382,79.83498935415189,0.3855016231536865,79.83973055026765,0.25982704464496265
9383,79.84386089425124,0.2315914630889892,79.83973099046203,0.2598240354174708
9384,79.83498935415189,0.2479956150054931,79.83973048517257,0.25982277492936207
9385,79.84386089425124,0.2227358818054199,79.8397309252801,0.25981882320926364
9386,79.83498935415189,0.2277975082397461,79.83973042010524,0.2598154116052822
9387,79.84386089425124,0.2401204109191894,79.83973086012591,0.25981331349079556
9388,79.83498935415189,0.2177424430847168,79.83973035506563,0.25980883214541783
9389,79.84386089425124,0.2721502780914306,79.8397307949995,0.25981014660339485
9390,79.83498935415189,0.2348043918609619,79.83973029005372,0.25980748358372047
9391,79.83498935415189,0.312838077545166,79.83972978521548,0.25981313054293265
9392,79.84386089425124,0.3573136329650879,79.8397302250695,0.25982351177189583
9393,79.84386089425124,0.2318751811981201,79.83973066482987,0.25982053632948404
9394,79.83498935415189,0.2573859691619873,79.83973016011295,0.25982027716755435
9395,79.84386089425124,0.2708480358123779,79.83973059978662,0.25982145095772413
9396,79.83498935415189,0.2539336681365967,79.83973009518407,0.25982082433119996
9397,79.86160397444996,0.2437100410461425,79.8397324229354,0.25981910987091633
9398,79.83498935415189,0.2538590431213379,79.83973191824623,0.2598184756863292
9399,79.84386089425124,0.2649638652801513,79.83973235754573,0.25981902312643923
9400,79.84386089425124,0.2294473648071289,79.83973279675175,0.25981579209895844
9401,79.83498935415189,0.2998244762420654,79.83973229218387,0.25982004788920876
9402,79.84386089425124,0.2699136734008789,79.83973273130343,0.25982112145073943
9403,79.83498935415189,0.2826001644134521,79.83973222684983,0.25982354398003465
9404,79.84386089425124,0.2518408298492431,79.83973266588293,0.2598226951163457
9405,79.83498935415189,0.2548069953918457,79.83973216154357,0.2598221618149396
9406,79.83498935415189,0.2419843673706054,79.83973165731145,0.2598202653877182
9407,79.84386089425124,0.2649073600769043,79.83973209626508,0.25982080616529757
9408,79.83498935415189,0.2185802459716797,79.83973159214709,0.2598164226023518
9409,79.83498935415189,0.2653036117553711,79.83973108813625,0.25981700578751
9410,79.83498935415189,0.2498612403869629,79.83973058423253,0.2598159477890615
9411,79.84386089425124,0.3479707241058349,79.83973102311361,0.2598253149951306
9412,79.84386089425124,0.2550849914550781,79.83973146190145,0.2598248113483457
9413,79.84386089425124,0.241945743560791,79.83973190059605,0.2598229119466897
9414,79.83498935415189,0.2709228992462158,79.83973139682014,0.2598240910403055
9415,79.83498935415189,0.2424407005310058,79.83973089315124,0.2598222446897469
9416,79.83498935415189,0.2974450588226318,79.83973038958932,0.2598262403157169
9417,79.83498935415189,0.2328939437866211,79.83972988613435,0.2598233803500665
9418,79.84386089425124,0.2534835338592529,79.83973032476337,0.2598227071873472
9419,79.83498935415189,0.2396552562713623,79.83972982142218,0.25982056604169307
9420,79.83498935415189,0.2327356338500976,79.83972931818786,0.25981769078349864
9421,79.83498935415189,0.2500567436218261,79.83972881506037,0.25981665469952014
9422,79.83498935415189,0.2466087341308593,79.83972831203968,0.2598152528824358
9423,79.84386089425124,0.2767636775970459,79.839728750603,0.2598170515054555
9424,79.84386089425124,0.2597150802612304,79.83972918907325,0.25981704068507727
9425,79.83498935415189,0.2446529865264892,79.83972868617299,0.25981543176686417
9426,79.83498935415189,0.2730145454406738,79.83972818337944,0.2598168320547566
9427,79.83498935415189,0.2083196640014648,79.83972768069255,0.2598113693234472
9428,79.83498935415189,0.4717833995819092,79.83972717811231,0.2598338525680652
9429,79.83498935415189,0.3040680885314941,79.83972667563866,0.25983854386469935
9430,79.83498935415189,0.2749583721160888,79.83972617327159,0.2598401472399116
9431,79.83498935415189,0.2478270530700683,79.83972567101105,0.25983887345196016
9432,79.84386089425124,0.282541275024414,79.8397261094359,0.2598412804071735
9433,79.83498935415189,0.2460346221923828,79.83972560728863,0.25983981675210993
9434,79.84386089425124,0.2888622283935547,79.83972604562729,0.2598428931154385
9435,79.83498935415189,0.2258901596069336,79.8397255435932,0.2598392945215319
9436,79.83498935415189,0.216520071029663,79.83972504166555,0.2598347036754645
9437,79.84386089425124,0.2568745613098144,79.8397254799248,0.2598343900013768
9438,79.83498935415189,0.2309441566467285,79.83972497811024,0.25983132894677263
9439,79.83498935415189,0.2494299411773681,79.839724476402,0.259830226988115
9440,79.83498935415189,0.3045291900634765,79.83972397480007,0.2598349620477628
9441,79.84386089425124,0.2200541496276855,79.83972441298664,0.25983074842500886
9442,79.83498935415189,0.218937873840332,79.83972391149767,0.2598264174702763
9443,79.84386089425124,0.2667734622955322,79.83972434959813,0.2598271531522444
9444,79.84386089425124,0.252704381942749,79.83972478760582,0.25982639894097703
9445,79.83498935415189,0.2606914043426513,79.83972428623647,0.259826490524397
9446,79.84386089425124,0.2419745922088623,79.83972472415813,0.25982460063467483
9447,79.83498935415189,0.2648732662200928,79.83972422290165,0.2598251350546585
9448,79.83498935415189,0.2841575145721435,79.83972372175127,0.2598277104546921
9449,79.83498935415189,0.254807710647583,79.83972322070697,0.2598271791815619
9450,79.83498935415189,0.2389807701110839,79.8397227197687,0.2598249732123481
9451,79.83498935415189,0.2602288722991943,79.83972221893644,0.25982501594846985
9452,79.84386089425124,0.2729506492614746,79.83972265679884,0.2598264046104793
9453,79.84386089425124,0.2484359741210937,79.83972309456858,0.2598251996564446
9454,79.83498935415189,0.2247223854064941,79.83972259385561,0.2598214866445714
9455,79.83498935415189,0.2747430801391601,79.83972209324855,0.2598230648141636
9456,79.83498935415189,0.3008232116699219,79.83972159274738,0.25982740070109844
9457,79.83498935415189,0.2159473896026611,79.83972109235205,0.2598227607506809
9458,79.84386089425124,0.2489075660705566,79.83972153005578,0.2598216066806154
9459,79.84386089425124,0.2485678195953369,79.83972196766696,0.2598204169367645
9460,79.84386089425124,0.2350132465362548,79.83972240518563,0.259817794614312
9461,79.84386089425124,0.2354664802551269,79.83972284261179,0.25981522075168023
9462,79.84386089425124,0.2156379222869873,79.8397232799455,0.25981055183406615
9463,79.83498935415189,0.3409643173217773,79.83972277968915,0.2598191277365799
9464,79.83498935415189,0.3822474479675293,79.83972227953853,0.25983206394962205
9465,79.84386089425124,0.2699501514434814,79.83972271679312,0.2598331329498855
9466,79.84386089425124,0.2338595390319824,79.83972315395532,0.259830389067156
9467,79.83498935415189,0.261784553527832,79.83972265392364,0.259830595485711
9468,79.83498935415189,0.2877125740051269,79.8397221539976,0.25983354035036244
9469,79.84386089425124,0.2768785953521728,79.83972259108074,0.25983534044065726
9470,79.83498935415189,0.2368803024291992,79.8397220912669,0.25983291646621043
9471,79.83498935415189,0.2237133979797363,79.83972159155863,0.2598291027698229
9472,79.83498935415189,0.2208220958709716,79.83972109195587,0.2598249846314256
9473,79.83498935415189,0.2567842006683349,79.83972059245858,0.2598246636366021
9474,79.83498935415189,0.3753004074096679,79.83972009306673,0.25983685233659926
9475,79.86160397444996,0.2194454669952392,79.8397224027112,0.25983258939355536
9476,79.83498935415189,0.2682323455810547,79.83972190323372,0.25983347581780475
9477,79.84386089425124,0.2611749172210693,79.83972233997436,0.25983361736485583
9478,79.84386089425124,0.2539076805114746,79.83972277662284,0.2598329921341264
9479,79.83498935415189,0.2394337654113769,79.83972227726399,0.2598308400899527
9480,79.84386089425124,0.2179539203643798,79.83972271382696,0.2598264226933572
9481,79.84386089425124,0.2889180183410644,79.83972315029783,0.25982949110340336
9482,79.84386089425124,0.2846941947937011,79.83972358667664,0.25983211340921336
9483,79.83498935415189,0.2998058795928955,79.83972308744302,0.2598363287172576
9484,79.83498935415189,0.2408692836761474,79.83972258831466,0.25983432881794916
9485,79.83498935415189,0.2326529026031494,79.83972208929156,0.25983146309035665
9486,79.83498935415189,0.2785978317260742,79.83972159037366,0.25983344141300435
9487,79.84386089425124,0.2426047325134277,79.83972202668691,0.2598316253796008
9488,79.83498935415189,0.2968478202819824,79.83972152788078,0.2598355267492153
9489,79.83498935415189,0.2893834114074707,79.83972102917978,0.25983864065844264
9490,79.83498935415189,0.2677869796752929,79.83972053058389,0.259839478207338
9491,79.84386089425124,0.2440524101257324,79.83972096682491,0.25983781483487123
9492,79.84386089425124,0.3207802772521972,79.83972140297404,0.2598442352375701
9493,79.84386089425124,0.2290337085723877,79.83972183903126,0.2598409896327386
9494,79.84386089425124,0.242321491241455,79.83972227499662,0.2598391443095459
9495,79.86160397444996,0.2779655456542969,79.83972457954633,0.25984105335655433
9496,79.83498935415189,0.2744011878967285,79.83972408089159,0.2598425866478918
9497,79.84386089425124,0.249868631362915,79.83972451648317,0.2598415364262128
9498,79.83498935415189,0.2102382183074951,79.83972401794009,0.2598363139248316
9499,79.83498935415189,0.2584953308105469,79.83972351950194,0.2598361727538542
9500,79.83498935415189,0.3006985187530517,79.83972302116875,0.2598404740534331
9501,79.84386089425124,0.2188682556152343,79.83972345668849,0.2598361616422723
9502,79.84386089425124,0.348947525024414,79.83972389211657,0.2598455398114348
9503,79.86160397444996,0.185948371887207,79.83972619455604,0.25983776361781974
9504,79.84386089425124,0.2548730373382568,79.8397266296044,0.2598372412350041
9505,79.83498935415189,0.2187979221343994,79.83972613120615,0.25983292357912824
9506,79.84386089425124,0.2625482082366943,79.83972656616965,0.2598332092181623
9507,79.83498935415189,0.2492306232452392,79.83972606788289,0.25983209397823664
9508,79.83498935415189,0.3534669876098633,79.83972556970097,0.25984194198976707
9509,79.83498935415189,0.2452809810638427,79.83972507162383,0.2598404107077263
9510,79.84386089425124,0.2397916316986084,79.83972550651579,0.2598383025290713
9511,79.83498935415189,0.3168079853057861,79.83972500855003,0.25984429240214213
9512,79.83498935415189,0.2997262477874756,79.83972451068897,0.25984848520653503
9513,79.83498935415189,0.2458221912384033,79.83972401293258,0.25984701077218536
9514,79.83498935415189,0.2727515697479248,79.83972351528082,0.25984836714794485
9515,79.83498935415189,0.2673230171203613,79.83972301773366,0.2598491527128395
9516,79.83498935415189,0.2346079349517822,79.83972252029109,0.25984650020992217
9517,79.84386089425124,0.2801728248596191,79.83972295513126,0.2598486360011011
9518,79.84386089425124,0.2648501396179199,79.83972338988006,0.2598491614795227
9519,79.83498935415189,0.2589864730834961,79.83972289255516,0.25984907085147396
9520,79.83498935415189,0.3124265670776367,79.83972239533473,0.2598545936977162
9521,79.83498935415189,0.2879683971405029,79.83972189821876,0.25985754651815973
9522,79.83498935415189,0.2169218063354492,79.8397214012072,0.25985303740870974
9523,79.83498935415189,0.270545482635498,79.83972090430001,0.25985416021089675
9524,79.83498935415189,0.2174522876739502,79.83972040749718,0.25984970810332253
9525,79.84386089425124,0.2109932899475097,79.83972084219396,0.2598445788205765
9526,79.83498935415189,0.2100129127502441,79.83972034550195,0.25983934769879713
9527,79.83498935415189,0.2555410861968994,79.8397198489142,0.25983889653248016
9528,79.84386089425124,0.2457208633422851,79.83972028353273,0.25983741479096145
9529,79.84386089425124,0.2480695247650146,79.83972071806004,0.2598361798355594
9530,79.83498935415189,0.2258985042572021,79.83972022158953,0.25983261869436547
9531,79.83498935415189,0.2692892551422119,79.8397197252232,0.25983361089208323
9532,79.84386089425124,0.3107318878173828,79.83972015967232,0.2598389506189952
9533,79.83498935415189,0.2206356525421142,79.83971966341662,0.2598348382411418
9534,79.84386089425124,0.2656967639923095,79.83972009778108,0.25983545308546224
9535,79.83498935415189,0.2756288051605224,79.83971960163598,0.2598371094412121
9536,79.83498935415189,0.2907695770263672,79.83971910559492,0.25984035319829946
9537,79.83498935415189,0.2412786483764648,79.8397186096579,0.2598384069148957
9538,79.83498935415189,0.2616643905639648,79.83971811382484,0.2598385983579287
9539,79.84386089425124,0.2389609813690185,79.83971854812408,0.2598364096990558
9540,79.84386089425124,0.2527368068695068,79.83971898233227,0.2598356655058871
9541,79.87047551454933,0.311819314956665,79.83972220594953,0.25984111395462944
9542,79.83498935415189,0.3065247535705566,79.83972170994744,0.25984600639223326
9543,79.83498935415189,0.2337818145751953,79.83972121404932,0.25984327515553446
9544,79.83498935415189,0.2304418087005615,79.83972071825511,0.25984019453247753
9545,79.84386089425124,0.2460348606109619,79.83972115200848,0.2598387481905266
9546,79.83498935415189,0.3033628463745117,79.83972065632464,0.2598433075974179
9547,79.83498935415189,0.2828073501586914,79.83972016074466,0.25984571296481723
9548,79.84386089425124,0.2666051387786865,79.83972059442013,0.2598464209063562
9549,79.83498935415189,0.2301101684570312,79.83972009895042,0.2598433068365636
9550,79.84386089425124,0.21458101272583,79.83972053254155,0.25983856732932686
9551,79.83498935415189,0.1938767433166504,79.83972003718206,0.2598316610552181
9552,79.84386089425124,0.1976613998413086,79.83972047068887,0.25982515244328197
9553,79.84386089425124,0.2550661563873291,79.83972090410492,0.2598246542755801
9554,79.83498935415189,0.3054859638214111,79.83972040886209,0.25982943356274213
9555,79.84386089425124,0.2249250411987304,79.8397208421939,0.25982578056511113
9556,79.83498935415189,0.2268276214599609,79.8397203470612,0.2598223274300018
9557,79.84386089425124,0.2508821487426758,79.83972078030878,0.2598213919713131
9558,79.83498935415189,0.2358152866363525,79.83972028528616,0.2598188803469843
9559,79.83498935415189,0.3029086589813232,79.83971979036711,0.25982338811752875
9560,79.84386089425124,0.2210481166839599,79.83972022353697,0.259819332126793
9561,79.84386089425124,0.3036386966705322,79.83972065661622,0.25982391526292353
9562,79.84386089425124,0.2493882179260254,79.83972108960488,0.2598228238911041
9563,79.83498935415189,0.2309401035308838,79.83972059480874,0.259819803633825
9564,79.84386089425124,0.317753791809082,79.83972102771332,0.25982586113990774
9565,79.83498935415189,0.2232618331909179,79.83972053302712,0.2598220384501065
9566,79.84386089425124,0.2462120056152343,79.83972096584765,0.25982061569944426
9567,79.84386089425124,0.4718356132507324,79.8397213985777,0.2598427767737153
9568,79.83498935415189,0.2665364742279053,79.83972090400783,0.25984347636584054
9569,79.83498935415189,0.2058546543121338,79.83972040954134,0.25983783431107477
9570,79.83498935415189,0.251725435256958,79.83971991517818,0.2598369866204735
9571,79.84386089425124,0.2997274398803711,79.83972034783716,0.2598411544663893
9572,79.84386089425124,0.3071286678314209,79.83972078040573,0.25984609465792347
9573,79.83498935415189,0.191709280014038,79.83972028615875,0.25983897705480596
9574,79.83498935415189,0.2458844184875488,79.83971979201503,0.25983751950743106
9575,79.83498935415189,0.2759902477264404,79.83971929797451,0.25983920647643566
9576,79.83498935415189,0.2466309070587158,79.83971880403719,0.25983782716363096
9577,79.84386089425124,0.2541193962097168,79.83971923654113,0.25983723006318676
9578,79.84386089425124,0.3088331222534179,79.83971966895474,0.25984234552488966
9579,79.83498935415189,0.2789595127105713,79.83971917513338,0.2598443412621467
9580,79.84386089425124,0.278825044631958,79.83971960746314,0.25984632254642337
9581,79.83498935415189,0.2517702579498291,79.83971911375129,0.2598454796214054
9582,79.83498935415189,0.2258772850036621,79.83971862014246,0.25984193462092353
9583,79.87047551454933,0.2448010444641113,79.83972182966917,0.2598403650821406
9584,79.83498935415189,0.2765641212463379,79.83972133587999,0.2598421100483514
9585,79.83498935415189,0.2459516525268554,79.83972084219384,0.25984066086133817
9586,79.83498935415189,0.2718827724456787,79.8397203486107,0.259841917079947
9587,79.84386089425124,0.2768778800964355,79.83972078050238,0.25984369406576285
9588,79.87047551454933,0.2396140098571777,79.83972398813005,0.25984158416962094
9589,79.84386089425124,0.2247426509857177,79.8397244195521,0.2598379238366161
9590,79.87047551454933,0.2506537437438965,79.83972762613135,0.2598369661536033
9591,79.83498935415189,0.2368977069854736,79.83972713209819,0.25983457440517577
9592,79.84386089425124,0.234792947769165,79.83972756305755,0.2598319637268359
9593,79.83498935415189,0.2848207950592041,79.83972706913396,0.2598345686295079
9594,79.83498935415189,0.219775915145874,79.83972657531335,0.2598303932434871
9595,79.83498935415189,0.2928321361541748,79.83972608159566,0.25983383271643246
9596,79.83498935415189,0.2139256000518798,79.83972558798088,0.25982904861548783
9597,79.84386089425124,0.2039394378662109,79.8397260188766,0.2598232249611428
9598,79.83498935415189,0.1998403072357177,79.83972552537121,0.2598169754385625
9599,79.83498935415189,0.2948460578918457,79.83972503196864,0.25982062468144757
9600,79.84386089425124,0.2349276542663574,79.83972546278763,0.259818031663696
9601,79.83498935415189,0.2588856220245361,79.83972496949436,0.2598179345478081
9602,79.84386089425124,0.2416357994079589,79.83972540023011,0.25981604096989314
9603,79.84386089425124,0.2960779666900635,79.83972583087616,0.25981981707378987
9604,79.83498935415189,0.3258712291717529,79.83972533769865,0.259826694563596
9605,79.83498935415189,0.2687864303588867,79.83972484462385,0.25982762738356424
9606,79.84386089425124,0.2775278091430664,79.83972527519323,0.2598294700008617
9607,79.83498935415189,0.2351965904235839,79.83972478222758,0.25982690594552943
9608,79.83498935415189,0.2778098583221435,79.83972428936454,0.25982877761001494
9609,79.83498935415189,0.2418155670166015,79.83972379660408,0.2598269029913664
9610,79.84386089425124,0.2987957000732422,79.8397242271033,0.25983095801707734
9611,79.83498935415189,0.2978224754333496,79.83972373445187,0.2598349109374203
9612,79.84386089425124,0.3618588447570801,79.83972416486799,0.25984552516274484
9613,79.84386089425124,0.2317790985107422,79.83972459519457,0.2598426055303042
9614,79.84386089425124,0.2489235401153564,79.83972502543162,0.25984146978395356
9615,79.83498935415189,0.298586368560791,79.8397245329021,0.2598454994146116
9616,79.83498935415189,0.2517750263214111,79.83972404047502,0.25984466013912355
9617,79.87047551454933,0.2216086387634277,79.83972723809113,0.259840684260848
9618,79.84386089425124,0.2427759170532226,79.83972766787446,0.2598389100076553
9619,79.84386089425124,0.2455027103424072,79.83972809756844,0.25983741960328216
9620,79.83498935415189,0.2418181896209716,79.83972760497556,0.2598355465024524
9621,79.84386089425124,0.2698559761047363,79.83972803458676,0.25983658801888543
9622,79.84386089425124,0.2745394706726074,79.83972846410865,0.25983811606738405
9623,79.83498935415189,0.233978271484375,79.83972797163125,0.2598354287718854
9624,79.84386089425124,0.3380091190338135,79.83972840107042,0.25984355155765665
9625,79.86160397444996,0.2731292247772217,79.83973067385726,0.25984493188734176
9626,79.83498935415189,0.2347822189331054,79.83973018130379,0.2598423282396216
9627,79.83498935415189,0.2187592983245849,79.83972968885264,0.2598380607596263
9628,79.84386089425124,0.2448456287384033,79.83973011793505,0.259836503589703
9629,79.83498935415189,0.2510995864868164,79.83972962559277,0.2598355962351384
9630,79.83498935415189,0.2335147857666015,79.83972913335273,0.2598328630253286
9631,79.83498935415189,0.3098471164703369,79.83972864121493,0.25983805607417554
9632,79.83498935415189,0.2238161563873291,79.83972814917931,0.2598343162590087
9633,79.84386089425124,0.3156089782714844,79.83972857819883,0.2598401062166556
9634,79.84386089425124,0.2509965896606445,79.83972900712929,0.2598391882680822
9635,79.83498935415189,0.2446651458740234,79.83972851520889,0.25983761338044403
9636,79.87047551454933,0.3103442192077636,79.83973170605564,0.25984285482978264
9637,79.83498935415189,0.3201332092285156,79.8397312139573,0.259849110962853
9638,79.84386089425124,0.3058598041534424,79.83973164243625,0.25985388484676986
9639,79.83498935415189,0.3542206287384033,79.8397311504466,0.25986367494365664
9640,79.83498935415189,0.2918064594268799,79.839730658559,0.2598669885105117
9641,79.83498935415189,0.2266435623168945,79.83973016677346,0.25986354245448084
9642,79.83498935415189,0.2358655929565429,79.83972967508993,0.2598610535570013
9643,79.84386089425124,0.2466120719909668,79.83973010350631,0.2598596796088974
9644,79.84386089425124,0.2897291183471679,79.83973053183384,0.25986277681324604
9645,79.83498935415189,0.1958975791931152,79.8397300402654,0.25985614485911224
9646,79.84386089425124,0.2248511314392089,79.83973046851067,0.25985251589234676
9647,79.83498935415189,0.2898252010345459,79.8397299770507,0.2598556228359709
9648,79.83498935415189,0.2518162727355957,79.83972948569259,0.25985478956999863
9649,79.83498935415189,0.2623238563537597,79.83972899443634,0.25985504545835847
9650,79.83498935415189,0.2654509544372558,79.8397285032819,0.25985562534529927
9651,79.83498935415189,0.2345657348632812,79.83972801222926,0.25985300490280816
9652,79.84386089425124,0.230057954788208,79.83972844041844,0.25984991797262635
9653,79.84386089425124,0.2548503875732422,79.8397288685189,0.25984940004758755
9654,79.83498935415189,0.2469360828399658,79.83972837758101,0.25984806243445235
9655,79.83498935415189,0.326962947845459,79.83972788674481,0.25985501374314324
9656,79.83498935415189,0.293856143951416,79.83972739601029,0.2598585349869511
9657,79.83498935415189,0.4689226150512695,79.83972690537739,0.25988018395454604
9658,79.84386089425124,0.2235538959503173,79.83972733341517,0.25987642269051575
9659,79.83498935415189,0.2765159606933594,79.83972684289034,0.25987814538831083
9660,79.84386089425124,0.2531678676605224,79.83972727084597,0.25987745074258334
9661,79.83498935415189,0.275911808013916,79.83972678042916,0.2598791104421249
9662,79.84386089425124,0.2658250331878662,79.83972720830266,0.25987972583466745
9663,79.84386089425124,0.2808246612548828,79.83972763608762,0.2598818933742949
9664,79.84386089425124,0.2279708385467529,79.83972806378402,0.25987859131978047
9665,79.84386089425124,0.2345390319824218,79.83972849139192,0.2598759695340239
9666,79.84386089425124,0.2145719528198242,79.83972891891136,0.25987128258836756
9667,79.83498935415189,0.223780870437622,79.83972842862846,0.25986754922619204
9668,79.84386089425124,0.242887258529663,79.83972885606595,0.25986579288664957
9669,79.84386089425124,0.3618311882019043,79.83972928341501,0.2598763384855031
9670,79.83498935415189,0.2487249374389648,79.83972879324652,0.2598751852899451
9671,79.83498935415189,0.2688279151916504,79.8397283031794,0.2598761110194355
9672,79.84386089425124,0.2827012538909912,79.83972873045309,0.2598784709390872
9673,79.84386089425124,0.2426378726959228,79.83972915763842,0.25987668859666574
9674,79.83498935415189,0.2215547561645507,79.8397286676856,0.25987272726397687
9675,79.84386089425124,0.2797706127166748,79.83972909478912,0.2598747838929642
9676,79.83498935415189,0.2629058361053467,79.83972860494407,0.25987509714763685
9677,79.83498935415189,0.2347991466522216,79.83972811520027,0.25987250585379623
9678,79.83498935415189,0.2509777545928955,79.83972762555767,0.25987158678464345
9679,79.83498935415189,0.260277509689331,79.83972713601625,0.2598716287231603
9680,79.84386089425124,0.3709492683410644,79.83972756305738,0.25988310368593076
9681,79.87047551454933,0.240774393081665,79.83973073917055,0.2598811298494878
9682,79.84386089425124,0.2936570644378662,79.83973116575132,0.25988461837815835
9683,79.83498935415189,0.3628196716308594,79.83973067604651,0.2598952488700775
9684,79.83498935415189,0.2710881233215332,79.83973018644285,0.25989640468115255
9685,79.83498935415189,0.2189168930053711,79.83972969694028,0.25989217344608023
9686,79.84829666430092,0.2388498783111572,79.83973058140936,0.25989000100181686
9687,79.83498935415189,0.1988558769226074,79.83973009196708,0.2598837003799443
9688,79.84386089425124,0.2246143817901611,79.83973051835046,0.2598800598639875
9689,79.84386089425124,0.2208502292633056,79.83973094464584,0.259876031601979
9690,79.84386089425124,0.2234828472137451,79.83973137085322,0.2598722758553961
9691,79.83498935415189,0.2688789367675781,79.83973088153151,0.2598732052394547
9692,79.83498935415189,0.2298421859741211,79.83973039231077,0.2598701067025928
9693,79.83498935415189,0.2638833522796631,79.83972990319097,0.25987052073803873
9694,79.83498935415189,0.2518272399902344,79.83972941417208,0.25986969102061064
9695,79.83498935415189,0.2946317195892334,79.8397289252541,0.25987327658312415
9696,79.83498935415189,0.2597861289978027,79.83972843643693,0.25987326759513063
9697,79.83498935415189,0.2258970737457275,79.8397279477206,0.2598697638110892
9698,79.84386089425124,0.3018085956573486,79.83972837388542,0.2598740882936471
9699,79.84386089425124,0.290773868560791,79.83972879996237,0.259877274166445
9700,79.84386089425124,0.2363111972808838,79.83972922595147,0.2598748446739826
9701,79.83498935415189,0.2093195915222168,79.83972873735526,0.2598696333294664
9702,79.84386089425124,0.2258830070495605,79.839729163263,0.2598661302758403
9703,79.87047551454933,0.4448890686035156,79.83973233200992,0.25988519890804973
9704,79.84386089425124,0.2311954498291015,79.83973275745943,0.259882242421129
9705,79.83498935415189,0.2769603729248047,79.83973226870071,0.25988400214606494
9706,79.84386089425124,0.2698686122894287,79.8397326940691,0.2598850308510045
9707,79.84386089425124,0.276712417602539,79.83973311934984,0.259886764382142
9708,79.83498935415189,0.2689623832702636,79.83973263070489,0.25988769924193683
9709,79.84386089425124,0.2382917404174804,79.83973305590455,0.25988547491823466
9710,79.84386089425124,0.2275450229644775,79.83973348101662,0.2598821442846658
9711,79.84386089425124,0.2987763881683349,79.83973390604116,0.25988614945858024
9712,79.86160397444996,0.210921049118042,79.83973615790158,0.2598811077472602
9713,79.83498935415189,0.2329480648040771,79.83973566919533,0.25987833486113404
9714,79.87047551454933,0.2238316535949707,79.83973883368425,0.2598746240642156
9715,79.83498935415189,0.2960519790649414,79.8397383448032,0.2598783479298873
9716,79.84386089425124,0.1827185153961181,79.8397387691084,0.2598704064073951
9717,79.83498935415189,0.3624165058135986,79.8397382803346,0.2598809596748034
9718,79.83498935415189,0.259526252746582,79.83973779166139,0.2598809231748108
9719,79.84386089425124,0.2588088512420654,79.83973821589255,0.259880812867996
9720,79.83498935415189,0.2810409069061279,79.83973772732652,0.2598829898324032
9721,79.86160397444996,0.3726813793182373,79.83973997670901,0.25989459341120025
9722,79.83498935415189,0.2637429237365722,79.83973948806238,0.25989498924851
9723,79.84386089425124,0.222703218460083,79.83973991194452,0.25989116411523955
9724,79.84386089425124,0.2621982097625732,79.83974033573949,0.25989140136797995
9725,79.84386089425124,0.2444100379943847,79.83974075944731,0.25988980945400836
9726,79.84386089425124,0.2218294143676757,79.83974118306799,0.2598858961910959
9727,79.84386089425124,0.2243003845214843,79.83974160660156,0.25988223776489366
9728,79.83498935415189,0.2495937347412109,79.83974111808877,0.2598811801473953
9729,79.84386089425124,0.3198170661926269,79.83974154154197,0.2598873406866126
9730,79.84386089425124,0.2708373069763183,79.83974196490811,0.25988846606855404
9731,79.83498935415189,0.2797887325286865,79.8397414765091,0.2598905111067269
9732,79.83498935415189,0.3178465366363525,79.83974098821047,0.2598964663086925
9733,79.83498935415189,0.1986076831817627,79.83974050001217,0.25989016930025455
9734,79.83498935415189,0.240938663482666,79.83974001191417,0.25988822236109105
9735,79.83498935415189,0.2489280700683593,79.83973952391645,0.25988709651082986
9736,79.84386089425124,0.3090162277221679,79.83973994722894,0.2598921426418088
9737,79.83498935415189,0.2398407459259033,79.83973945933809,0.2598900833425672
9738,79.84386089425124,0.2171535491943359,79.83973988257026,0.2598856947068978
9739,79.83498935415189,0.2299320697784423,79.83973939478625,0.2598826190702895
9740,79.83498935415189,0.2648239135742187,79.8397389071024,0.25988312639005373
9741,79.83498935415189,0.2269136905670166,79.8397384195187,0.2598797417852059
9742,79.84386089425124,0.2656013965606689,79.83973884268381,0.2598803291034953
9743,79.84386089425124,0.2355992794036865,79.83973926576209,0.25987783695018524
9744,79.83498935415189,0.2367899417877197,79.83973877829168,0.25987546750281637
9745,79.84386089425124,0.2276656627655029,79.83973920128972,0.2598721622380922
9746,79.83498935415189,0.2308123111724853,79.83973871392597,0.2598691805172769
9747,79.83498935415189,0.2968103885650635,79.83973822666222,0.25987297052528424
9748,79.84386089425124,0.4390718936920166,79.83973864958666,0.2598913536729214
9749,79.83498935415189,0.2835237979888916,79.83973816242947,0.2598937777619886
9750,79.87047551454933,0.2214863300323486,79.83974131497841,0.25988983853658043
9751,79.84386089425124,0.256223201751709,79.83974173745602,0.25988946250983597
9752,79.86160397444996,0.2170338630676269,79.83974397927689,0.2598850679651844
9753,79.83498935415189,0.2176363468170166,79.83974349177302,0.25988073609589823
9754,79.84386089425124,0.3098561763763428,79.83974391389754,0.2598858596800976
9755,79.83498935415189,0.2999212741851806,79.83974342650032,0.25988996377179463
9756,79.84386089425124,0.2348978519439697,79.83974384854498,0.2598874020547151
9757,79.84386089425124,0.2564880847930908,79.83974427050313,0.2598870536569226
9758,79.83498935415189,0.2400431632995605,79.83974378321922,0.2598850200547134
9759,79.84386089425124,0.2948403358459472,79.83974420509759,0.2598886019089804
9760,79.84386089425124,0.2190501689910888,79.83974462688951,0.25988441764331255
9761,79.84386089425124,0.2978577613830566,79.839745048595,0.2598883079561637
9762,79.84386089425124,0.1875669956207275,79.8397454702141,0.259880899503763
9763,79.84386089425124,0.2349283695220947,79.83974589174683,0.2598783436776868
9764,79.83498935415189,0.2179415225982666,79.83974540459631,0.2598740486325128
9765,79.83498935415189,0.2159326076507568,79.83974491754557,0.2598695487409632
9766,79.84386089425124,0.3485267162322998,79.8397453390054,0.2598786268863135
9767,79.84386089425124,0.2458744049072265,79.83974576037892,0.25987719305586615
9768,79.83498935415189,0.2403039932250976,79.83974527344135,0.25987518924752967
9769,79.83498935415189,0.2582943439483642,79.83974478660346,0.25987502742489693
9770,79.84386089425124,0.2838191986083984,79.83974520790413,0.2598774782100744
9771,79.83498935415189,0.2505483627319336,79.83974472117261,0.25987652343415807
9772,79.83498935415189,0.253211498260498,79.83974423454069,0.2598758413808247
9773,79.84386089425124,0.2644731998443603,79.83974465576853,0.25987631179507453
9774,79.84386089425124,0.2658696174621582,79.83974507691018,0.2598769249837043
9775,79.84386089425124,0.239872932434082,79.83974549796565,0.2598748785394537
9776,79.83498935415189,0.2289674282073974,79.8397450114534,0.25987171697538536
9777,79.83498935415189,0.2457733154296875,79.83974452504066,0.2598702749787048
9778,79.84386089425124,0.2639520168304443,79.8397449460234,0.2598706924200887
9779,79.83498935415189,0.2516014575958252,79.83974445971683,0.2598698468085922
9780,79.84386089425124,0.2439613342285156,79.83974488062016,0.25986822017131406
9781,79.83498935415189,0.2597513198852539,79.83974439441971,0.25986820821954165
9782,79.86160397444996,0.2969701290130615,79.83974662909361,0.2598720010963351
9783,79.83498935415189,0.2519550323486328,79.83974614281385,0.2598711918385668
9784,79.83498935415189,0.2387869358062744,79.83974565663348,0.2598690368655463
9785,79.84386089425124,0.2208039760589599,79.83974607719941,0.25986504452412507
9786,79.83498935415189,0.198474645614624,79.83974559112511,0.25985877123586537
9787,79.83498935415189,0.2126271724700927,79.83974510515014,0.25985394528319694
9788,79.84386089425124,0.2589516639709472,79.83974552564351,0.2598538531007989
9789,79.83498935415189,0.3136296272277832,79.83974503977453,0.2598593465908517
9790,79.83498935415189,0.2483088970184326,79.8397445540048,0.2598581667696492
9791,79.84386089425124,0.2484011650085449,79.83974497442561,0.2598569966132034
9792,79.84386089425124,0.2410244941711425,79.83974539476056,0.2598550733592775
9793,79.83498935415189,0.2478797435760498,79.83974490910339,0.25985385051338933
9794,79.83498935415189,0.2978858947753906,79.8397444235454,0.25985773371170073
9795,79.87047551454933,0.3494689464569092,79.83974756097173,0.2598668823806895
9796,79.83498935415189,0.2493319511413574,79.83974707524217,0.2598658069487541
9797,79.83498935415189,0.2423467636108398,79.83974658961176,0.25986401874386095
9798,79.83498935415189,0.2377150058746338,79.83974610408048,0.25986175817916723
9799,79.84386089425124,0.2342357635498047,79.83974652399988,0.2598591430149026
9800,79.83498935415189,0.2538018226623535,79.83974603857438,0.25985852492098904
9801,79.83498935415189,0.230745792388916,79.83974555324794,0.2598555545370964
9802,79.83498935415189,0.2979507446289062,79.83974506802052,0.2598594410082341
9803,79.84386089425124,0.2202939987182617,79.83974548787425,0.2598554049537314
9804,79.83498935415189,0.3575518131256103,79.8397450027525,0.2598653699076453
9805,79.84386089425124,0.2906892299652099,79.83974542252724,0.2598685135955655
9806,79.83498935415189,0.2167582511901855,79.8397449375111,0.2598641172808189
9807,79.84386089425124,0.3130700588226318,79.8397453572069,0.25986954258331113
9808,79.83498935415189,0.292832612991333,79.83974487229631,0.25987290341838537
9809,79.84386089425124,0.2517883777618408,79.83974529191318,0.25987207922370126
9810,79.83498935415189,0.2305951118469238,79.8397448071081,0.259869094823357
9811,79.83498935415189,0.2688531875610351,79.83974432240186,0.2598700105396691
9812,79.84386089425124,0.3134708404541015,79.83974474194648,0.25987547332298694
9813,79.84386089425124,0.2612111568450928,79.83974516140559,0.25987560943666493
9814,79.83498935415189,0.2568600177764892,79.8397446768114,0.25987530216219373
9815,79.84386089425124,0.274728775024414,79.83974509619169,0.2598768155063468
9816,79.83498935415189,0.2567894458770752,79.83974461170288,0.25987650098213844
9817,79.84386089425124,0.2998905181884765,79.83974503100436,0.25988057697451966
9818,79.83498935415189,0.2579114437103271,79.83974454662089,0.259880376410936
9819,79.87047551454933,0.3129582405090332,79.83974767636607,0.2598857820392177
9820,79.84386089425124,0.2606320381164551,79.83974809522735,0.25988585803270825
9821,79.87047551454933,0.2287497520446777,79.83975122397385,0.25988268767266465
9822,79.83498935415189,0.2337167263031005,79.83975073915713,0.25988002365704976
9823,79.84386089425124,0.2879166603088379,79.83975115757869,0.2598828778397487
9824,79.83498935415189,0.2548108100891113,79.83975067286744,0.2598823615462073
9825,79.87047551454933,0.2458276748657226,79.83975380007779,0.2598809310437462
9826,79.86160397444996,0.3328876495361328,79.83975602378777,0.2598883609967782
9827,79.83498935415189,0.2330243587493896,79.8397555387293,0.25988562730366255
9828,79.84386089425124,0.2844154834747314,79.83975595644964,0.2598881232190239
9829,79.83498935415189,0.199796438217163,79.83975547149672,0.2598820095060315
9830,79.83498935415189,0.2589883804321289,79.83975498664245,0.2598819185976822
9831,79.84386089425124,0.3156735897064209,79.83975540429148,0.25988759367357567
9832,79.83498935415189,0.2490801811218261,79.83975491954268,0.25988649446562695
9833,79.84386089425124,0.2649626731872558,79.83975533711359,0.2598870107046915
9834,79.84386089425124,0.1999540328979492,79.83975575459957,0.2598809162387766
9835,79.83498935415189,0.2328238487243652,79.839755269963,0.25987816513887685
9836,79.86160397444996,0.261624813079834,79.83975749126277,0.2598783427159347
9837,79.84386089425124,0.2849345207214355,79.83975790840245,0.259880889852054
9838,79.83498935415189,0.4646165370941162,79.83975742369475,0.2599017005500863
9839,79.83498935415189,0.3731379508972168,79.83975693908559,0.2599132094687109
9840,79.83498935415189,0.234839916229248,79.83975645457492,0.25991066136980445
9841,79.84386089425124,0.7836730480194092,79.8397568716504,0.25996388384583835
9842,79.83498935415189,0.3019895553588867,79.83975638724503,0.2599681538795218
9843,79.83498935415189,0.2311792373657226,79.83975590293811,0.25996522906833486
9844,79.83498935415189,0.2136847972869873,79.83975541872957,0.2599605276835541
9845,79.83498935415189,0.3449146747589111,79.8397549346194,0.25996915685034694
9846,79.83498935415189,0.2334973812103271,79.83975445060757,0.2599664682686244
9847,79.84386089425124,0.259488582611084,79.83975486763241,0.259966419737533
9848,79.83498935415189,0.246000051498413,79.83975438372568,0.2599650015441699
9849,79.84386089425124,0.2849712371826172,79.83975480067262,0.2599675405060583
9850,79.83498935415189,0.3127946853637695,79.83975431687095,0.25997290366797277
9851,79.83498935415189,0.2799997329711914,79.83975383316749,0.2599749366422194
9852,79.83498935415189,0.2679443359375,79.83975334956223,0.2599757455540439
9853,79.83498935415189,0.2177009582519531,79.83975286605514,0.25997145500423147
9854,79.84386089425124,0.2338061332702636,79.83975328294453,0.25996879970468467
9855,79.84386089425124,0.237440824508667,79.83975369974932,0.2599665137609814
9856,79.83498935415189,0.3009102344512939,79.83975321635387,0.25997066795342155
9857,79.84386089425124,0.2938742637634277,79.83975363308085,0.25997410749849714
9858,79.86160397444996,0.2177710533142089,79.83975584958941,0.25996982640150135
9859,79.83498935415189,0.2808375358581543,79.83975536612299,0.2599719430167216
9860,79.83498935415189,0.291003942489624,79.83975488275463,0.25997509027833143
9861,79.84386089425124,0.3244714736938476,79.83975529914359,0.25998163083034603
9862,79.83498935415189,0.230654239654541,79.83975481588006,0.25997865705310247
9863,79.84386089425124,0.263408899307251,79.83975523219135,0.2599790048420363
9864,79.83498935415189,0.2654991149902344,79.83975474903258,0.2599795644639086
9865,79.84386089425124,0.3012528419494629,79.83975516526625,0.25998374827308096
9866,79.84386089425124,0.2716279029846191,79.83975558141555,0.25998492850364163
9867,79.83498935415189,0.2689731121063232,79.83975509836829,0.25998583943742115
9868,79.83498935415189,0.2982692718505859,79.83975461541894,0.2599897189907666
9869,79.84386089425124,0.2216968536376953,79.83975503149745,0.259985838874711
9870,79.86160397444996,0.2901279926300049,79.83975724516948,0.25998889279099824
9871,79.84386089425124,0.2418220043182373,79.83975766089728,0.2599870523605988
9872,79.83498935415189,0.2618036270141601,79.83975717788402,0.2599872363734284
9873,79.83498935415189,0.2395799160003662,79.83975669496863,0.2599851693907106
9874,79.84386089425124,0.2491605281829834,79.83975711062583,0.2599840731134969
9875,79.83498935415189,0.2758283615112304,79.83975662781505,0.25998567759839797
9876,79.83498935415189,0.2149939537048339,79.83975614510203,0.25998112193579226
9877,79.83498935415189,0.1895771026611328,79.83975566248677,0.2599739938585143
9878,79.83498935415189,0.2479324340820312,79.83975517996922,0.25997277483039355
9879,79.84386089425124,0.2906384468078613,79.8397555955694,0.25997587895752966
9880,79.86160397444996,0.3734676837921142,79.8397578069438,0.2599873659823105
9881,79.84386089425124,0.2338278293609619,79.83975822219399,0.2599847185238932
9882,79.83498935415189,0.3778862953186035,79.83975773961274,0.25999664946669776
9883,79.84386089425124,0.2358043193817138,79.83975815478571,0.2599942015935737
9884,79.84386089425124,0.2568161487579345,79.83975856987469,0.2599938800584831
9885,79.83498935415189,0.2369277477264404,79.8397580874047,0.2599915466105992
9886,79.84386089425124,0.3050236701965332,79.83975850241653,0.25999610175156485
9887,79.84386089425124,0.2963781356811523,79.83975891734438,0.25999978153652786
9888,79.84386089425124,0.2377839088439941,79.83975933218832,0.25999753478564874
9889,79.84386089425124,0.2565698623657226,79.83975974694836,0.259997188170984
9890,79.84386089425124,0.2719323635101318,79.83976016162453,0.2599983949632326
9891,79.86160397444996,0.2948718070983886,79.83976237007795,0.2600019207353624
9892,79.84386089425124,0.2259631156921386,79.8397627844051,0.25999847969158524
9893,79.84386089425124,0.2494781017303466,79.83976319864848,0.2599974162752342
9894,79.84386089425124,0.2823574542999267,79.83976361280814,0.259999676234606
9895,79.83498935415189,0.2337405681610107,79.8397631303161,0.2599970224591564
9896,79.83498935415189,0.2199950218200683,79.83976264792157,0.2599929802198032
9897,79.83498935415189,0.2476680278778076,79.83976216562453,0.2599917348977519
9898,79.83498935415189,0.2567131519317627,79.83976168342495,0.2599914036608388
9899,79.83498935415189,0.3100054264068603,79.8397612013228,0.2599964560926749
9900,79.84386089425124,0.2899773120880127,79.83976161543319,0.2599994844619674
9901,79.83498935415189,0.3505434989929199,79.83976113343527,0.26000862939829006
9902,79.84386089425124,0.2729427814483642,79.83976154746888,0.2600099356144131
9903,79.83498935415189,0.2350540161132812,79.83976106557517,0.26000741557811086
9904,79.84386089425124,0.2251274585723877,79.83976147953203,0.260003893773082
9905,79.83498935415189,0.2372543811798095,79.83976099774249,0.26000159700250214
9906,79.84386089425124,0.2568869590759277,79.8397614116226,0.26000128258316774
9907,79.84386089425124,0.2387335300445556,79.83976182541917,0.25999913584323253
9908,79.83498935415189,0.2276089191436767,79.8397613437406,0.2599958667458668
9909,79.83498935415189,0.3369507789611816,79.83976086215925,0.26000363290917444
9910,79.83498935415189,0.2350471019744873,79.83976038067509,0.26000111459121933
9911,79.83498935415189,0.2429094314575195,79.8397598992881,0.259999390074709
9912,79.84386089425124,0.2795276641845703,79.8397603130285,0.2600013602395708
9913,79.84386089425124,0.2412953376770019,79.83976072668544,0.2599994732202464
9914,79.84386089425124,0.2379448413848877,79.83976114025891,0.2599972486255485
9915,79.84386089425124,0.2493913173675537,79.83976155374899,0.25999617894009636
9916,79.84386089425124,0.2363224029541015,79.83976196715564,0.25999379150806873
9917,79.83498935415189,0.2725186347961426,79.83976148589991,0.25999505447502325
9918,79.84386089425124,0.2909462451934814,79.83976189923006,0.25999817518390794
9919,79.83498935415189,0.2327306270599365,79.83976141807821,0.25999542616201826
9920,79.83498935415189,0.2431228160858154,79.83976093702339,0.259993725294067
9921,79.84386089425124,0.2048158645629882,79.83976135028385,0.25998816357037674
9922,79.84386089425124,0.2391700744628906,79.83976176346103,0.25998606539570357
9923,79.84386089425124,0.2116141319274902,79.83976217655493,0.2599811906669453
9924,79.83498935415189,0.2108218669891357,79.83976169561757,0.2599762370873728
9925,79.83498935415189,0.2294955253601074,79.83976121477711,0.2599731659829166
9926,79.84386089425124,0.2269947528839111,79.83976162780144,0.2599698435556449
9927,79.83498935415189,0.2099862098693847,79.83976114706469,0.25996480843590214
9928,79.83498935415189,0.3807268142700195,79.8397606664248,0.2599769722157001
9929,79.83498935415189,0.2301027774810791,79.8397601858817,0.2599739634338757
9930,79.84386089425124,0.2327854633331298,79.83976059884327,0.25997122541775275
9931,79.84386089425124,0.2818243503570556,79.83976101172166,0.2599734259136685
9932,79.83498935415189,0.26778244972229,79.83976053128896,0.2599742121625417
9933,79.84386089425124,0.3134324550628662,79.83976094409103,0.2599795940454472
9934,79.84386089425124,0.2312879562377929,79.83976135680999,0.2599767058193744
9935,79.83498935415189,0.2819607257843017,79.83976087648762,0.25997891860447403
9936,79.84386089425124,0.2508797645568847,79.83976128913031,0.25997800282810046
9937,79.84386089425124,0.2512826919555664,79.83976170168994,0.25997712778423687
9938,79.84386089425124,0.2398543357849121,79.83976211416655,0.2599751029510713
9939,79.84386089425124,0.2246034145355224,79.83976252656015,0.25997154407307393
9940,79.83498935415189,0.2302539348602295,79.83976204636171,0.259968554373958
9941,79.83498935415189,0.2388772964477539,79.8397615662599,0.25996643273046877
9942,79.84386089425124,0.2360177040100097,79.83976197858418,0.2599640238863006
9943,79.83498935415189,0.238476276397705,79.83976149858573,0.25996186279332173
9944,79.84386089425124,0.2482359409332275,79.83976191083389,0.2599606835976399
9945,79.83498935415189,0.2245166301727295,79.8397614309388,0.2599571195902568
9946,79.83498935415189,0.2921569347381592,79.8397609511402,0.2599603570540762
9947,79.83498935415189,0.2403500080108642,79.83976047143808,0.2599583855703079
9948,79.84386089425124,0.2489824295043945,79.83976088362373,0.25995728223737
9949,79.84386089425124,0.240889310836792,79.8397612957265,0.25995536566571453
9950,79.84386089425124,0.2928395271301269,79.83976170774645,0.25995867060656525
9951,79.83498935415189,0.2538115978240967,79.83976122816112,0.25995805287238954
9952,79.83498935415189,0.3201665878295898,79.83976074867218,0.2599641027653716
9953,79.83498935415189,0.2204806804656982,79.83976026927957,0.25996013577830235
9954,79.84386089425124,0.2549962997436523,79.83976068123707,0.2599596371007823
9955,79.83498935415189,0.2409811019897461,79.83976020194756,0.25995773066832517
9956,79.83498935415189,0.235952615737915,79.83975972275432,0.25995531954790224
9957,79.83498935415189,0.2377166748046875,79.83975924365734,0.25995308607951384
9958,79.83498935415189,0.2274162769317627,79.8397587646566,0.2599498186755022
9959,79.83498935415189,0.258066177368164,79.83975828575203,0.2599496295358991
9960,79.84386089425124,0.2561635971069336,79.83975869766051,0.2599492494121613
9961,79.83498935415189,0.2564218044281006,79.83975821885883,0.25994889528657306
9962,79.84386089425124,0.2479140758514404,79.83975863069132,0.2599476872139536
9963,79.83498935415189,0.2717316150665283,79.83975815199248,0.2599488699829843
9964,79.84386089425124,0.2606573104858398,79.83975856374903,0.2599489410829946
9965,79.84386089425124,0.2548472881317138,79.83975897542294,0.2599484291258495
9966,79.83498935415189,0.2498748302459716,79.8397584968336,0.25994741832925305
9967,79.84386089425124,0.2279052734375,79.83975890843162,0.2599442035058466
9968,79.83498935415189,0.2227728366851806,79.83975842994502,0.2599404744361415
9969,79.83498935415189,0.2096059322357177,79.83975795155443,0.2599354253296915
9970,79.83498935415189,0.2034878730773925,79.83975747325981,0.2599297635892449
9971,79.83498935415189,0.2599234580993652,79.83975699506112,0.259929762956862
9972,79.83498935415189,0.2588751316070556,79.83975651695833,0.2599296571976011
9973,79.84386089425124,0.2637693881988525,79.83975692850724,0.25993004221023536
9974,79.84386089425124,0.2663512229919433,79.83975733997363,0.25993068600217256
9975,79.83498935415189,0.3975260257720947,79.83975686198006,0.2599444800211971
9976,79.84386089425124,0.234828233718872,79.83975727337062,0.259941962354166
9977,79.84386089425124,0.2325899600982666,79.83975768467872,0.2599392208484773
9978,79.86160397444996,0.2506067752838135,79.83975987412447,0.259938285546256
9979,79.84386089425124,0.2407970428466797,79.83976028508951,0.259936367393866
9980,79.83498935415189,0.236454963684082,79.83975980704031,0.2599340145478029
9981,79.83498935415189,0.2291667461395263,79.83975932908692,0.2599309319640529
9982,79.86160397444996,0.2378644943237304,79.83976151749057,0.2599287213411677
9983,79.83498935415189,0.3048925399780273,79.83976103946159,0.2599332253798972
9984,79.86160397444996,0.2643628120422363,79.83976322725556,0.2599336690484331
9985,79.84386089425124,0.2607176303863525,79.83976363763783,0.2599337475623378
9986,79.83498935415189,0.2678227424621582,79.83976315954014,0.25993453756783547
9987,79.84386089425124,0.2278370857238769,79.83976356984701,0.2599313236445508
9988,79.83498935415189,0.2457571029663086,79.83976309185185,0.25992990451953296
9989,79.83498935415189,0.2987995147705078,79.83976261395239,0.25993379576092357
9990,79.86160397444996,0.2468652725219726,79.83976480027476,0.2599324876004392
9991,79.83498935415189,0.2615816593170166,79.83976432229997,0.25993265266617
9992,79.84386089425124,0.2077245712280273,79.83976473228515,0.25992742767803567
9993,79.83498935415189,0.2242212295532226,79.83976425441283,0.2599238545570385
9994,79.83498935415189,0.2809090614318847,79.83976377663613,0.2599259543375943
9995,79.84386089425124,0.2935116291046142,79.83976418655284,0.2599293145851948
9996,79.83498935415189,0.2070577144622802,79.83976370887854,0.25992402530947223
9997,79.83498935415189,0.1929187774658203,79.83976323129978,0.2599173227739272
9998,79.84386089425124,0.2789807319641113,79.83976364114804,0.2599192294961907
9999,79.83498935415189,0.2565467357635498,79.83976316367159,0.2599188922130891
10000,79.83498935415189,0.1997668743133545,79.83976268629064,0.2599128770112991
